id,original_text,rating,helpful,text,decision,confidence,suspicion_score,key_features,llm_contribution
1,barang pesanan datang sesuai jadwal barang pesanan datang tanpa minus barang pesanan datang sesuai pesanan barang pesanan sangat bagus dan berkualitas barang pesanan...,5,0,barang pesanan datang sesuai jadwal barang pesanan datang tanpa minus barang pesanan datang sesuai p...,Real,1.0,0.0,"{'contradiction': 0, 'template_language': 0, 'excessive_emotion': 0, 'gibberish_spam': 0, 'word_count': 23}",0.0
2,bahan: bagus manfaat produk: sangat baik jenis kulit: all skin,5,0,bahan: bagus manfaat produk: sangat baik jenis kulit: all skin,Real,1.0,0.0,"{'contradiction': 0, 'template_language': 0, 'excessive_emotion': 0, 'gibberish_spam': 0, 'word_count': 10}",0.0
3,bahan: bagus manfaat produk: mencerahkan jenis kulit: normal bismillahirohmanirohim semoga cocok dimuka aku yang pemula pakai scancare ini... pengiriman cepat dan rapih.....,5,1,bahan: bagus manfaat produk: mencerahkan jenis kulit: normal bismillahirohmanirohim semoga cocok dim...,Fake,0.95,9.21,"{'contradiction': 1, 'template_language': 0, 'excessive_emotion': 0, 'gibberish_spam': 1, 'word_count': 22}",0.403
4,bahan: sesuai pemesanan manfaat produk: mencerahkan kulit. semoga cocok dikulit. dan menghasilkan dengan memuaskan. jenis kulit: sawo,5,0,bahan: sesuai pemesanan manfaat produk: mencerahkan kulit. semoga cocok dikulit. dan menghasilkan de...,Fake,0.822,4.45,"{'contradiction': 1, 'template_language': 0, 'excessive_emotion': 0, 'gibberish_spam': 0, 'word_count': 17}",0.482
5,bahan: bagus sdah berlangganan manfaat produk: mencerahkan kulit&wajah jenis kulit: kuning langsat,5,0,bahan: bagus sdah berlangganan manfaat produk: mencerahkan kulit&wajah jenis kulit: kuning langsat,Real,1.0,0.0,"{'contradiction': 0, 'template_language': 0, 'excessive_emotion': 0, 'gibberish_spam': 0, 'word_count': 12}",0.0
6,"barang sampai dgn mulus, udah pakai ini 2mingguan wajah keliatan sedikit cerah. semoga cocok terus diaku, trmksh🤍",5,0,"barang sampai dgn mulus, udah pakai ini 2mingguan wajah keliatan sedikit cerah. semoga cocok terus d...",Fake,0.802,4.03,"{'contradiction': 1, 'template_language': 0, 'excessive_emotion': 0, 'gibberish_spam': 0, 'word_count': 17}",0.345
7,rekomendasi 🥰 packing ok.. bubble wrap tebal paket aman sampai ditujuan.. makasih seller 🙏,5,0,rekomendasi 🥰 packing ok.. bubble wrap tebal paket aman sampai ditujuan.. makasih seller 🙏,Real,1.0,0.0,"{'contradiction': 0, 'template_language': 0, 'excessive_emotion': 0, 'gibberish_spam': 0, 'word_count': 14}",0.0
8,mantap😍 bahan: lembut wangiiii banget manfaat produk: melembabkan sekaligus mencerahkan,5,0,mantap😍 bahan: lembut wangiiii banget manfaat produk: melembabkan sekaligus mencerahkan,Fake,0.909,6.19,"{'contradiction': 0, 'template_language': 0, 'excessive_emotion': 0, 'gibberish_spam': 1, 'word_count': 10}",0.396
9,"alhamdulilah paketnya sudah sampai produk sesuai pesanan, mudah""an cocok ya buat pemula.. amiiin.. 🤲 klo cocok dan hasilnya bagus insya allah bakalan beli lgi d toko...",5,0,"alhamdulilah paketnya sudah sampai produk sesuai pesanan, mudah""an cocok ya buat pemula.. amiiin.. 🤲...",Real,1.0,0.0,"{'contradiction': 0, 'template_language': 0, 'excessive_emotion': 0, 'gibberish_spam': 0, 'word_count': 26}",0.0
10,"jenis kulit: kusam berminyak packing rapih, bubble wrap nya tebel jadi barangnya aman gada yg pecah semua terkirim dengan baik, semoga cocok di kulit muka aku dan juga co...",5,0,"jenis kulit: kusam berminyak packing rapih, bubble wrap nya tebel jadi barangnya aman gada yg pecah ...",Fake,0.812,4.24,"{'contradiction': 1, 'template_language': 0, 'excessive_emotion': 0, 'gibberish_spam': 0, 'word_count': 29}",0.413
11,"makasih kak paket nyah dah dateng dengan cepat,barang nyah sesuai dengan di gambar😍😍😍😍",5,0,"makasih kak paket nyah dah dateng dengan cepat,barang nyah sesuai dengan di gambar😍😍😍😍",Real,1.0,0.0,"{'contradiction': 0, 'template_language': 0, 'excessive_emotion': 1, 'gibberish_spam': 0, 'word_count': 13}",0.0
12,"bagus, sampai dengan keadaan baik, pengiriman juga cepat, respon nya juga cepat. baru mau coba semoga ada perubahan",5,0,"bagus, sampai dengan keadaan baik, pengiriman juga cepat, respon nya juga cepat. baru mau coba semog...",Real,1.0,0.0,"{'contradiction': 0, 'template_language': 0, 'excessive_emotion': 0, 'gibberish_spam': 0, 'word_count': 18}",0.0
13,untuk facial wash emg isinya setengah yaa ? tak kirain penuh ampe atas trnyata setengah botol,4,0,untuk facial wash emg isinya setengah yaa ? tak kirain penuh ampe atas trnyata setengah botol,Real,1.0,0.0,"{'contradiction': 0, 'template_language': 0, 'excessive_emotion': 0, 'gibberish_spam': 0, 'word_count': 16}",0.0
14,"bagus wangi, tapi cuman facial wash nya dikit isinya:v tapi enak keseluruhan",4,0,"bagus wangi, tapi cuman facial wash nya dikit isinya:v tapi enak keseluruhan",Real,1.0,0.0,"{'contradiction': 0, 'template_language': 0, 'excessive_emotion': 0, 'gibberish_spam': 0, 'word_count': 12}",0.0
15,"pengiriman cpt,,udh langganan belanja dsni",5,0,"pengiriman cpt,,udh langganan belanja dsni",Real,0.9,1.0,"{'contradiction': 0, 'template_language': 0, 'excessive_emotion': 0, 'gibberish_spam': 0, 'word_count': 5}",0.0
16,"pengiriman nya cepat, produk juga aman sampai ke lokasi, next belanja disini lagi",5,0,"pengiriman nya cepat, produk juga aman sampai ke lokasi, next belanja disini lagi",Real,1.0,0.0,"{'contradiction': 0, 'template_language': 0, 'excessive_emotion': 0, 'gibberish_spam': 0, 'word_count': 13}",0.0
17,barang sudah saya terima.. produk sesuai pesanan dan wajah istri saya makin cantik + glowing... pemakean 3 hari hasilnya langsung kelihatan... pokoknya bagi yang ingin is...,5,0,barang sudah saya terima.. produk sesuai pesanan dan wajah istri saya makin cantik + glowing... pema...,Real,1.0,0.0,"{'contradiction': 0, 'template_language': 0, 'excessive_emotion': 0, 'gibberish_spam': 0, 'word_count': 26}",0.0
18,sudah datanggg. baru juga smlm di cekoutin eh udah sampai aja ni paketnya. smga cocok pake ini🥰,5,0,sudah datanggg. baru juga smlm di cekoutin eh udah sampai aja ni paketnya. smga cocok pake ini🥰,Real,1.0,0.0,"{'contradiction': 0, 'template_language': 0, 'excessive_emotion': 0, 'gibberish_spam': 0, 'word_count': 17}",0.0
19,"paket sdah saya terima,baru pertama memakai yaaa,semoga cocok di kulitku",5,0,"paket sdah saya terima,baru pertama memakai yaaa,semoga cocok di kulitku",Fake,0.798,3.95,"{'contradiction': 1, 'template_language': 0, 'excessive_emotion': 0, 'gibberish_spam': 0, 'word_count': 10}",0.317
20,"baru kali ini aku beli di online biasa nya aku beli langsung ke toko skincare, dan semoga ini tidak kw ya..",4,0,"baru kali ini aku beli di online biasa nya aku beli langsung ke toko skincare, dan semoga ini tidak ...",Real,1.0,0.0,"{'contradiction': 0, 'template_language': 0, 'excessive_emotion': 0, 'gibberish_spam': 0, 'word_count': 21}",0.0
21,"barang sudah sampai sesuai dengan pesanan,,terima kasih",5,0,"barang sudah sampai sesuai dengan pesanan,,terima kasih",Real,1.0,0.0,"{'contradiction': 0, 'template_language': 0, 'excessive_emotion': 0, 'gibberish_spam': 0, 'word_count': 7}",0.0
22,manfaat produk: smoga bsa ada perubahan setelah d pakai. mohon info cara pakainya ya kak,4,0,manfaat produk: smoga bsa ada perubahan setelah d pakai. mohon info cara pakainya ya kak,Real,1.0,0.0,"{'contradiction': 0, 'template_language': 0, 'excessive_emotion': 0, 'gibberish_spam': 0, 'word_count': 15}",0.0
23,"barang yg diterima lengkap, dan sesuai sama pesanan",5,0,"barang yg diterima lengkap, dan sesuai sama pesanan",Real,1.0,0.0,"{'contradiction': 0, 'template_language': 0, 'excessive_emotion': 0, 'gibberish_spam': 0, 'word_count': 8}",0.0
24,"manfaat produk: menyamarkan warna kulit yg belang ,dan aman untuk busui",5,0,"manfaat produk: menyamarkan warna kulit yg belang ,dan aman untuk busui",Real,1.0,0.0,"{'contradiction': 0, 'template_language': 0, 'excessive_emotion': 0, 'gibberish_spam': 0, 'word_count': 11}",0.0
25,"akhirnya paket mendarat dengan selamat🥰🥰. alhamdulillah muka aku cocok pake skincare g2g,ini udh kesekian kalinya aku pesen thank youuu🫶🫶🫶🫶🫶🫶🫶🫶🫶🫶🫶🫶",5,0,"akhirnya paket mendarat dengan selamat🥰🥰. alhamdulillah muka aku cocok pake skincare g2g,ini udh kes...",Fake,0.905,6.1,"{'contradiction': 0, 'template_language': 0, 'excessive_emotion': 1, 'gibberish_spam': 1, 'word_count': 19}",0.365
26,"moisturizer sama serum nya tidak ada tolong dong kalo jualan yang bener yg amanah, saya sangat kecewa dengan harga 139. 500 byr ke kurir cuma di kasih toner+brightening c...",1,0,"moisturizer sama serum nya tidak ada tolong dong kalo jualan yang bener yg amanah, saya sangat kecew...",Real,1.0,0.0,"{'contradiction': 0, 'template_language': 0, 'excessive_emotion': 0, 'gibberish_spam': 0, 'word_count': 29}",0.0
27,barangnya alhamdulillah bagus tapi kecewa banget sama serum ny pesah 🥲😭,2,0,barangnya alhamdulillah bagus tapi kecewa banget sama serum ny pesah 🥲😭,Real,1.0,0.0,"{'contradiction': 0, 'template_language': 0, 'excessive_emotion': 0, 'gibberish_spam': 0, 'word_count': 11}",0.0
28,bahan: bahan bagus manfaat produk: bagus sekali,5,0,bahan: bahan bagus manfaat produk: bagus sekali,Real,1.0,0.0,"{'contradiction': 0, 'template_language': 0, 'excessive_emotion': 0, 'gibberish_spam': 0, 'word_count': 7}",0.0
29,"di aku cocok yang kulit sensitif, tapi ya sesuai. ngilangin bekas jerawat emg lama, aku ga sesuaian ini buat muka yg sedikit gradakan/jerawatan krn mungkin ini fokus nya...",5,0,"di aku cocok yang kulit sensitif, tapi ya sesuai. ngilangin bekas jerawat emg lama, aku ga sesuaian ...",Real,1.0,0.0,"{'contradiction': 0, 'template_language': 0, 'excessive_emotion': 0, 'gibberish_spam': 0, 'word_count': 28}",0.0
30,bagus sesuai dan ori g palsu saya sudah cek tdk ada kerusakan pada barang cepet datengnya kurirnya juga baik kok ramah bgt,5,0,bagus sesuai dan ori g palsu saya sudah cek tdk ada kerusakan pada barang cepet datengnya kurirnya j...,Real,1.0,0.0,"{'contradiction': 0, 'template_language': 0, 'excessive_emotion': 0, 'gibberish_spam': 0, 'word_count': 22}",0.0
31,bahan: sangat baik manfaat produk: bagus untuk wajah jenis kulit: cocok di kulit saya,5,0,bahan: sangat baik manfaat produk: bagus untuk wajah jenis kulit: cocok di kulit saya,Real,1.0,0.0,"{'contradiction': 0, 'template_language': 0, 'excessive_emotion': 0, 'gibberish_spam': 0, 'word_count': 14}",0.0
32,bahan: berkualitas manfaat produk: kecantikan jenis kulit: normal sudah banyak stok mantap,5,0,bahan: berkualitas manfaat produk: kecantikan jenis kulit: normal sudah banyak stok mantap,Real,1.0,0.0,"{'contradiction': 0, 'template_language': 0, 'excessive_emotion': 0, 'gibberish_spam': 0, 'word_count': 12}",0.0
33,packing aman barang lengkap kualitas oke harga bersahabat semoga cocok di aku terimakasih seller,5,0,packing aman barang lengkap kualitas oke harga bersahabat semoga cocok di aku terimakasih seller,Fake,0.903,6.07,"{'contradiction': 1, 'template_language': 1, 'excessive_emotion': 0, 'gibberish_spam': 0, 'word_count': 14}",0.355
34,"bagus banget, wangi, dapet banyak, dan paling cantik ini bener"" ori/ bpom, semoga cocok di aku",5,0,"bagus banget, wangi, dapet banyak, dan paling cantik ini bener"" ori/ bpom, semoga cocok di aku",Fake,0.81,4.19,"{'contradiction': 1, 'template_language': 0, 'excessive_emotion': 0, 'gibberish_spam': 0, 'word_count': 16}",0.398
35,manfaat produk: halus bagus dan cocok dikulit,4,0,manfaat produk: halus bagus dan cocok dikulit,Real,1.0,0.0,"{'contradiction': 0, 'template_language': 0, 'excessive_emotion': 0, 'gibberish_spam': 0, 'word_count': 7}",0.0
36,"barangnya datang cepat, paketannya bagus dan rapih. baru pertama kali pesan mudah2an cocok di akunya, biar bisa di order lagi. kurirnya juga ramah.🥰",5,0,"barangnya datang cepat, paketannya bagus dan rapih. baru pertama kali pesan mudah2an cocok di akunya...",Real,1.0,0.0,"{'contradiction': 0, 'template_language': 0, 'excessive_emotion': 0, 'gibberish_spam': 0, 'word_count': 23}",0.0
37,pengiriman cepat .barang sampai dg selamat baru mau coba..semoga ccok,5,0,pengiriman cepat .barang sampai dg selamat baru mau coba..semoga ccok,Real,1.0,0.0,"{'contradiction': 0, 'template_language': 0, 'excessive_emotion': 0, 'gibberish_spam': 0, 'word_count': 10}",0.0
38,sudah sampai barangnya aman packing aman juga bubble warpe nya di dobel dan belum di coba karena baru datang mudahan cocok,5,0,sudah sampai barangnya aman packing aman juga bubble warpe nya di dobel dan belum di coba karena bar...,Real,1.0,0.0,"{'contradiction': 0, 'template_language': 0, 'excessive_emotion': 0, 'gibberish_spam': 0, 'word_count': 21}",0.0
39,manfaat produk: mencerahkan wajah jenis kulit: berminyak tidak dapat bonus nya padahal pas live kata nya beli 4 gratis 1 tapi gak dapat bonus nya,4,0,manfaat produk: mencerahkan wajah jenis kulit: berminyak tidak dapat bonus nya padahal pas live kata...,Real,1.0,0.0,"{'contradiction': 0, 'template_language': 0, 'excessive_emotion': 0, 'gibberish_spam': 0, 'word_count': 25}",0.0
40,bahan: bagus bgtt manfaat produk: mencerahkan kulit jenis kulit: kusam,5,0,bahan: bagus bgtt manfaat produk: mencerahkan kulit jenis kulit: kusam,Real,1.0,0.0,"{'contradiction': 0, 'template_language': 0, 'excessive_emotion': 0, 'gibberish_spam': 0, 'word_count': 10}",0.0
41,"sesuai, terimakasih seller n kurir🙏🏻",5,0,"sesuai, terimakasih seller n kurir🙏🏻",Real,0.9,1.0,"{'contradiction': 0, 'template_language': 0, 'excessive_emotion': 0, 'gibberish_spam': 0, 'word_count': 5}",0.0
42,cocok pake moizturizernya sama tonernya semoga yg lain cocok,5,0,cocok pake moizturizernya sama tonernya semoga yg lain cocok,Real,1.0,0.0,"{'contradiction': 0, 'template_language': 0, 'excessive_emotion': 0, 'gibberish_spam': 0, 'word_count': 9}",0.0
43,jenis kulit: kusam baru pertama kali pakai semoga cocok dikulitku,4,0,jenis kulit: kusam baru pertama kali pakai semoga cocok dikulitku,Fake,0.805,4.11,"{'contradiction': 1, 'template_language': 0, 'excessive_emotion': 0, 'gibberish_spam': 0, 'word_count': 10}",0.369
44,"seperti biasa,bagussss dapet diskon pokoknya mantap,pengiriman cepat pol, packing aman,luv pokoknya, makasih",5,0,"seperti biasa,bagussss dapet diskon pokoknya mantap,pengiriman cepat pol, packing aman,luv pokoknya,...",Fake,0.91,6.19,"{'contradiction': 0, 'template_language': 0, 'excessive_emotion': 0, 'gibberish_spam': 1, 'word_count': 12}",0.397
45,"paket cepat sampai tapi ada yg bikin kecewa,bungkusnya ga pake kotak,cuma bubble wrp aja trs kemasan moisturizer nya kok lecet bgt ya kak 😮‍💨😮‍💨",3,0,"paket cepat sampai tapi ada yg bikin kecewa,bungkusnya ga pake kotak,cuma bubble wrp aja trs kemasan...",Real,1.0,0.0,"{'contradiction': 0, 'template_language': 0, 'excessive_emotion': 0, 'gibberish_spam': 0, 'word_count': 24}",0.0
46,sudah cocok sama produk ini emang mantul ...harganya juga murah,5,0,sudah cocok sama produk ini emang mantul ...harganya juga murah,Real,1.0,0.0,"{'contradiction': 0, 'template_language': 0, 'excessive_emotion': 0, 'gibberish_spam': 0, 'word_count': 10}",0.0
47,mantap gan lanjutkan dengan baik dan benar serta selalu jaga produknya,2,0,mantap gan lanjutkan dengan baik dan benar serta selalu jaga produknya,Real,1.0,0.0,"{'contradiction': 0, 'template_language': 0, 'excessive_emotion': 0, 'gibberish_spam': 0, 'word_count': 11}",0.0
48,"manfaat produk: mengerahkan, menutrisi kulit, ini orderan aku kedua kalinya, dan suka bgt sama produk nya 🥰",5,0,"manfaat produk: mengerahkan, menutrisi kulit, ini orderan aku kedua kalinya, dan suka bgt sama produ...",Real,1.0,0.0,"{'contradiction': 0, 'template_language': 0, 'excessive_emotion': 0, 'gibberish_spam': 0, 'word_count': 17}",0.0
49,"manfaat produk: melembabkan kulit, mencerahkan kulit",5,0,"manfaat produk: melembabkan kulit, mencerahkan kulit",Real,1.0,0.0,"{'contradiction': 0, 'template_language': 0, 'excessive_emotion': 0, 'gibberish_spam': 0, 'word_count': 6}",0.0
50,"mantaaab,original,mudah²an cocok,biar bisa langganan terus.",5,0,"mantaaab,original,mudah²an cocok,biar bisa langganan terus.",Real,0.9,1.0,"{'contradiction': 0, 'template_language': 0, 'excessive_emotion': 0, 'gibberish_spam': 0, 'word_count': 5}",0.0
51,"telah mendarat😌moga cocok aja, krna baru prtama x pemakaian ky agak gatel... pengiriman cepet, kurir 👍",5,0,"telah mendarat😌moga cocok aja, krna baru prtama x pemakaian ky agak gatel... pengiriman cepet, kurir...",Real,1.0,0.0,"{'contradiction': 0, 'template_language': 0, 'excessive_emotion': 0, 'gibberish_spam': 0, 'word_count': 16}",0.0
52,manfaat produk: bgs bgt anakku sdh habis berpaket2 eajah anakku kinyis2 cocok dg prodak ini,5,0,manfaat produk: bgs bgt anakku sdh habis berpaket2 eajah anakku kinyis2 cocok dg prodak ini,Real,1.0,0.0,"{'contradiction': 0, 'template_language': 0, 'excessive_emotion': 0, 'gibberish_spam': 0, 'word_count': 15}",0.0
53,ori pengiriman cepat nice,5,0,ori pengiriman cepat nice,Real,0.9,1.0,"{'contradiction': 0, 'template_language': 0, 'excessive_emotion': 0, 'gibberish_spam': 0, 'word_count': 4}",0.0
54,alhamdulillah sudah dateng untuk barangnya aman sampai tujuan mksih kk,5,0,alhamdulillah sudah dateng untuk barangnya aman sampai tujuan mksih kk,Real,1.0,0.0,"{'contradiction': 0, 'template_language': 0, 'excessive_emotion': 0, 'gibberish_spam': 0, 'word_count': 10}",0.0
55,jenis kulit: normal bahan: alami manfaat produk: bagus sekali alhamdulillah cocok dikulit ku semoga bisa jd glowing ya,5,0,jenis kulit: normal bahan: alami manfaat produk: bagus sekali alhamdulillah cocok dikulit ku semoga ...,Real,1.0,0.0,"{'contradiction': 0, 'template_language': 0, 'excessive_emotion': 0, 'gibberish_spam': 0, 'word_count': 18}",0.0
56,"bahan: in sya alloh aman manfaat produk: mencerahkan jenis kulit: normal, kering sensitif",5,0,"bahan: in sya alloh aman manfaat produk: mencerahkan jenis kulit: normal, kering sensitif",Real,1.0,0.0,"{'contradiction': 0, 'template_language': 0, 'excessive_emotion': 0, 'gibberish_spam': 0, 'word_count': 13}",0.0
57,barang sampai dengan kondisi baik semoga cocok,5,0,barang sampai dengan kondisi baik semoga cocok,Fake,0.81,4.2,"{'contradiction': 1, 'template_language': 0, 'excessive_emotion': 0, 'gibberish_spam': 0, 'word_count': 7}",0.4
58,produk ori dan dikemas dg aman. 1 lagi nyampenya cepat. kemarin order hari ini udh sampe,5,0,produk ori dan dikemas dg aman. 1 lagi nyampenya cepat. kemarin order hari ini udh sampe,Real,1.0,0.0,"{'contradiction': 0, 'template_language': 0, 'excessive_emotion': 0, 'gibberish_spam': 0, 'word_count': 16}",0.0
59,bagus cuma sabun nya keluar ga tau bocor atau apa mudah mudahan aja ga banyak keluarnya,5,0,bagus cuma sabun nya keluar ga tau bocor atau apa mudah mudahan aja ga banyak keluarnya,Real,1.0,0.0,"{'contradiction': 0, 'template_language': 0, 'excessive_emotion': 0, 'gibberish_spam': 0, 'word_count': 16}",0.0
60,alhamdulillah paketku sudah datang...cepat bgt pengirimannya.,5,0,alhamdulillah paketku sudah datang...cepat bgt pengirimannya.,Real,1.0,0.0,"{'contradiction': 0, 'template_language': 0, 'excessive_emotion': 0, 'gibberish_spam': 0, 'word_count': 6}",0.0
61,"serum sudah pecah dri tokonya ini tetapi di biarkan saja, dan ini kondisi tumpah” ka tolong dong ini solusi nya gmn ya kak.",1,0,"serum sudah pecah dri tokonya ini tetapi di biarkan saja, dan ini kondisi tumpah” ka tolong dong ini...",Real,1.0,0.0,"{'contradiction': 0, 'template_language': 0, 'excessive_emotion': 0, 'gibberish_spam': 0, 'word_count': 23}",0.0
62,alhamdullah puas banget pekejingnya bgus dan cpat bnget nyampenya mksi ya😍,5,0,alhamdullah puas banget pekejingnya bgus dan cpat bnget nyampenya mksi ya😍,Real,1.0,0.0,"{'contradiction': 0, 'template_language': 0, 'excessive_emotion': 0, 'gibberish_spam': 0, 'word_count': 11}",0.0
63,"gimana sih kok pecah kaya gini ganti rugi dong, kirim produk yang rusak tersebut",1,0,"gimana sih kok pecah kaya gini ganti rugi dong, kirim produk yang rusak tersebut",Real,1.0,0.0,"{'contradiction': 0, 'template_language': 0, 'excessive_emotion': 0, 'gibberish_spam': 0, 'word_count': 14}",0.0
64,"pesanan sampai, kalo soal bagus atau ngga nya, jelas ini bangus banget, aku mulai pakai produk g2g pas mereka pertama kali launching sampai sekarang, dan memang cocok di...",5,0,"pesanan sampai, kalo soal bagus atau ngga nya, jelas ini bangus banget, aku mulai pakai produk g2g p...",Real,1.0,0.0,"{'contradiction': 0, 'template_language': 0, 'excessive_emotion': 0, 'gibberish_spam': 0, 'word_count': 28}",0.0
65,"paket sampainya cpt bgt, packing nya aman bgt, barang mulus tanpa cacat sampai dengan selamat, terimakasih kk, sukses selalu lancar usahanya, dan semoga produknya cocok d...",5,0,"paket sampainya cpt bgt, packing nya aman bgt, barang mulus tanpa cacat sampai dengan selamat, terim...",Real,1.0,0.0,"{'contradiction': 0, 'template_language': 0, 'excessive_emotion': 0, 'gibberish_spam': 0, 'word_count': 26}",0.0
66,bahan: aman manfaat produk: mencerahkan kulit jenis kulit: normal,5,0,bahan: aman manfaat produk: mencerahkan kulit jenis kulit: normal,Real,1.0,0.0,"{'contradiction': 0, 'template_language': 0, 'excessive_emotion': 0, 'gibberish_spam': 0, 'word_count': 9}",0.0
67,jenis kulit: normal bahan: lembut manfaat produk: melembabkan dan mencerahkan,5,0,jenis kulit: normal bahan: lembut manfaat produk: melembabkan dan mencerahkan,Real,1.0,0.0,"{'contradiction': 0, 'template_language': 0, 'excessive_emotion': 0, 'gibberish_spam': 0, 'word_count': 10}",0.0
68,bahan: bagus manfaat produk: baik jenis kulit: cocok,5,0,bahan: bagus manfaat produk: baik jenis kulit: cocok,Real,1.0,0.0,"{'contradiction': 0, 'template_language': 0, 'excessive_emotion': 0, 'gibberish_spam': 0, 'word_count': 8}",0.0
69,manfaat produk: mencerahkan kulit wajah bahan: lembutt jenis kulit: cocok untuk kulit kusam,5,0,manfaat produk: mencerahkan kulit wajah bahan: lembutt jenis kulit: cocok untuk kulit kusam,Real,1.0,0.0,"{'contradiction': 0, 'template_language': 0, 'excessive_emotion': 0, 'gibberish_spam': 0, 'word_count': 13}",0.0
70,manfaat produk: bagus bangett bahan: ademmm jenis kulit: cocok untuk semua jenis kulittt,5,0,manfaat produk: bagus bangett bahan: ademmm jenis kulit: cocok untuk semua jenis kulittt,Real,1.0,0.0,"{'contradiction': 0, 'template_language': 0, 'excessive_emotion': 0, 'gibberish_spam': 0, 'word_count': 13}",0.0
71,sesuai dengan pesanan.. lain kali order lgy. . untuk pengiriman cepet juga,5,0,sesuai dengan pesanan.. lain kali order lgy. . untuk pengiriman cepet juga,Real,1.0,0.0,"{'contradiction': 0, 'template_language': 0, 'excessive_emotion': 0, 'gibberish_spam': 0, 'word_count': 12}",0.0
72,bahan: bagus manfaat produk: untuk semua jenis kulit,5,0,bahan: bagus manfaat produk: untuk semua jenis kulit,Real,1.0,0.0,"{'contradiction': 0, 'template_language': 0, 'excessive_emotion': 0, 'gibberish_spam': 0, 'word_count': 8}",0.0
73,"slalu pakai produk g2g, gak pernah bosen pilih smua produk nya krna se cocok dan semantu itu🥰🤗🥰",5,0,"slalu pakai produk g2g, gak pernah bosen pilih smua produk nya krna se cocok dan semantu itu🥰🤗🥰",Real,1.0,0.0,"{'contradiction': 0, 'template_language': 0, 'excessive_emotion': 1, 'gibberish_spam': 0, 'word_count': 17}",0.0
74,bahan: cair manfaat produk: mencerahkan jenis kulit: cocok untuk semua jenis kulit,5,0,bahan: cair manfaat produk: mencerahkan jenis kulit: cocok untuk semua jenis kulit,Real,1.0,0.0,"{'contradiction': 0, 'template_language': 0, 'excessive_emotion': 0, 'gibberish_spam': 0, 'word_count': 12}",0.0
75,pengiriman aman lancar dan ini pembelian paket kedua.semoga cocok seterusnya.,5,0,pengiriman aman lancar dan ini pembelian paket kedua.semoga cocok seterusnya.,Fake,0.806,4.12,"{'contradiction': 1, 'template_language': 0, 'excessive_emotion': 0, 'gibberish_spam': 0, 'word_count': 10}",0.372
76,manfaat produk: untuk mencerahkan bahan: bagus mantap jenis kulit: kering&flek hitam semogaaaa cocok dengan kulitku,5,0,manfaat produk: untuk mencerahkan bahan: bagus mantap jenis kulit: kering&flek hitam semogaaaa cocok...,Fake,0.905,6.11,"{'contradiction': 0, 'template_language': 0, 'excessive_emotion': 0, 'gibberish_spam': 1, 'word_count': 15}",0.37
77,"jenis kulit: kering dan normal paket ku udh sampe, pengiriman cepat packing aman,semoga cocok di aku😊 terimakasih 🙏🏻",5,0,"jenis kulit: kering dan normal paket ku udh sampe, pengiriman cepat packing aman,semoga cocok di aku...",Fake,0.814,4.28,"{'contradiction': 1, 'template_language': 0, 'excessive_emotion': 0, 'gibberish_spam': 0, 'word_count': 18}",0.426
78,mantap sesuai harapan,5,0,mantap sesuai harapan,Real,0.9,1.0,"{'contradiction': 0, 'template_language': 0, 'excessive_emotion': 0, 'gibberish_spam': 0, 'word_count': 3}",0.0
79,sesuai pesanan jenis kulit: cocok digunakan,5,0,sesuai pesanan jenis kulit: cocok digunakan,Real,1.0,0.0,"{'contradiction': 0, 'template_language': 0, 'excessive_emotion': 0, 'gibberish_spam': 0, 'word_count': 6}",0.0
80,"alhamdulillah barangx sudah sampai makassar aman, dpt hrg 142😍",5,0,"alhamdulillah barangx sudah sampai makassar aman, dpt hrg 142😍",Real,1.0,0.0,"{'contradiction': 0, 'template_language': 0, 'excessive_emotion': 0, 'gibberish_spam': 0, 'word_count': 9}",0.0
81,"aku beli paket isi 4 tapi yg dateng cuma 2, aku udh kirim vid unboxing udh ikutin saran untuk pengembalian tapi tetep di tolak dengan alasan vid tidak valid. lain kali ka...",1,0,"aku beli paket isi 4 tapi yg dateng cuma 2, aku udh kirim vid unboxing udh ikutin saran untuk pengem...",Real,1.0,0.0,"{'contradiction': 0, 'template_language': 0, 'excessive_emotion': 0, 'gibberish_spam': 0, 'word_count': 32}",0.0
82,wahh sangat memuaskan barang nya baguss sesuai pesanan pengiriman cepet baru kmrn pesen skrng nyampe packaging nya rapi bubble wrap nya tebel mantab deh pokonya👍,5,0,wahh sangat memuaskan barang nya baguss sesuai pesanan pengiriman cepet baru kmrn pesen skrng nyampe...,Real,1.0,0.0,"{'contradiction': 0, 'template_language': 0, 'excessive_emotion': 0, 'gibberish_spam': 0, 'word_count': 25}",0.0
83,pengiriman cepet produk nya bener² bagus semoga cocok terus di muka aku bakalan jadi langganan terus .nyerap di muka bikin cerah juga,5,0,pengiriman cepet produk nya bener² bagus semoga cocok terus di muka aku bakalan jadi langganan terus...,Fake,0.786,3.73,"{'contradiction': 1, 'template_language': 0, 'excessive_emotion': 0, 'gibberish_spam': 0, 'word_count': 22}",0.243
84,manfaat produk: untuk mencerah kan kulit jenis kulit: sawo matang bahan: lembut,5,0,manfaat produk: untuk mencerah kan kulit jenis kulit: sawo matang bahan: lembut,Real,1.0,0.0,"{'contradiction': 0, 'template_language': 0, 'excessive_emotion': 0, 'gibberish_spam': 0, 'word_count': 12}",0.0
85,bahan: lembut manfaat produk: mencerahkan jenis kulit: bikin glowing dan bersih,5,0,bahan: lembut manfaat produk: mencerahkan jenis kulit: bikin glowing dan bersih,Real,1.0,0.0,"{'contradiction': 0, 'template_language': 0, 'excessive_emotion': 0, 'gibberish_spam': 0, 'word_count': 11}",0.0
86,semua produk aku suka wangi kembut engga lengket,5,0,semua produk aku suka wangi kembut engga lengket,Real,1.0,0.0,"{'contradiction': 0, 'template_language': 0, 'excessive_emotion': 0, 'gibberish_spam': 0, 'word_count': 8}",0.0
87,"ini gmna ko gada tutup nya, cumn bgini doang. syaa liat"" video ada tutup annya.",1,0,"ini gmna ko gada tutup nya, cumn bgini doang. syaa liat"" video ada tutup annya.",Real,1.0,0.0,"{'contradiction': 0, 'template_language': 0, 'excessive_emotion': 0, 'gibberish_spam': 0, 'word_count': 15}",0.0
88,pecah kek gini kok masih di kirim udah 2 kali pesan kek gini terus lebih ber hati-hati lagi dong pengirimannya😑😡,1,0,pecah kek gini kok masih di kirim udah 2 kali pesan kek gini terus lebih ber hati-hati lagi dong pen...,Real,1.0,0.0,"{'contradiction': 0, 'template_language': 0, 'excessive_emotion': 0, 'gibberish_spam': 0, 'word_count': 20}",0.0
89,bahan: sesuai dengan pesanan manfaat produk: melembabkan kulit jenis kulit: semua jenis kulit bisa terimakasih seller sudah amanah semoga makin sukses trimakasih jga buat...,5,0,bahan: sesuai dengan pesanan manfaat produk: melembabkan kulit jenis kulit: semua jenis kulit bisa t...,Real,1.0,0.0,"{'contradiction': 0, 'template_language': 0, 'excessive_emotion': 0, 'gibberish_spam': 0, 'word_count': 24}",0.0
90,"sesuai sam harga, cepat sampai, pecking ny rapi, ga ada yg produk yg rusak, thanks seller",5,0,"sesuai sam harga, cepat sampai, pecking ny rapi, ga ada yg produk yg rusak, thanks seller",Real,1.0,0.0,"{'contradiction': 0, 'template_language': 0, 'excessive_emotion': 0, 'gibberish_spam': 0, 'word_count': 16}",0.0
91,bahan: lembut manfaat produk: menghaluskan & menyamakan noda hitam jenis kulit: normal,5,0,bahan: lembut manfaat produk: menghaluskan & menyamakan noda hitam jenis kulit: normal,Real,1.0,0.0,"{'contradiction': 0, 'template_language': 0, 'excessive_emotion': 0, 'gibberish_spam': 0, 'word_count': 12}",0.0
92,terimaksih paketnya sudah mndarat dengan baik tidak ada lecet sedikit pun peking bagus mksh semoga cocok 😁🥰,5,0,terimaksih paketnya sudah mndarat dengan baik tidak ada lecet sedikit pun peking bagus mksh semoga c...,Fake,0.813,4.25,"{'contradiction': 1, 'template_language': 0, 'excessive_emotion': 0, 'gibberish_spam': 0, 'word_count': 17}",0.418
93,bahan: lembut manfaat produk: mecerahkan jenis kulit: normal semoga cocok,5,0,bahan: lembut manfaat produk: mecerahkan jenis kulit: normal semoga cocok,Fake,0.806,4.11,"{'contradiction': 1, 'template_language': 0, 'excessive_emotion': 0, 'gibberish_spam': 0, 'word_count': 10}",0.371
94,"barang sesuai pesanan,pengemasan produk bagus",5,0,"barang sesuai pesanan,pengemasan produk bagus",Real,0.9,1.0,"{'contradiction': 0, 'template_language': 0, 'excessive_emotion': 0, 'gibberish_spam': 0, 'word_count': 5}",0.0
95,"produk sampai dengan baik, pokoknya puas pake g2g, hasilnya memuaskan",5,0,"produk sampai dengan baik, pokoknya puas pake g2g, hasilnya memuaskan",Real,1.0,0.0,"{'contradiction': 0, 'template_language': 0, 'excessive_emotion': 0, 'gibberish_spam': 0, 'word_count': 10}",0.0
96,jenis kulit: berminyak manfaat produk: mencerahkan dan memutihkan kulit bahan: alami,5,0,jenis kulit: berminyak manfaat produk: mencerahkan dan memutihkan kulit bahan: alami,Real,1.0,0.0,"{'contradiction': 0, 'template_language': 0, 'excessive_emotion': 0, 'gibberish_spam': 0, 'word_count': 11}",0.0
97,"pengiriman cepat penjualnya ramah ,di inbox langsung di respon 🙏🏻🥰terimakasih semoga lancar terus 🤲🏻😍",5,0,"pengiriman cepat penjualnya ramah ,di inbox langsung di respon 🙏🏻🥰terimakasih semoga lancar terus 🤲🏻...",Real,1.0,0.0,"{'contradiction': 0, 'template_language': 0, 'excessive_emotion': 1, 'gibberish_spam': 0, 'word_count': 14}",0.0
98,tokohnya amanah barang sampai dengan cepat dan kemasan nya rapi,5,0,tokohnya amanah barang sampai dengan cepat dan kemasan nya rapi,Real,1.0,0.0,"{'contradiction': 0, 'template_language': 0, 'excessive_emotion': 0, 'gibberish_spam': 0, 'word_count': 10}",0.0
99,"sengaja baru kasi ulasan sekarang soalnya mau tau hasilnya bagus apa nggak, tapi masyaallah bagus banget yang tadi muka aku kering sekarang jadi lembut dan lembab",5,0,"sengaja baru kasi ulasan sekarang soalnya mau tau hasilnya bagus apa nggak, tapi masyaallah bagus ba...",Real,1.0,0.0,"{'contradiction': 0, 'template_language': 0, 'excessive_emotion': 0, 'gibberish_spam': 0, 'word_count': 26}",0.0
100,bahan: ok manfaat produk: ok jenis kulit: ok,5,0,bahan: ok manfaat produk: ok jenis kulit: ok,Real,1.0,0.0,"{'contradiction': 0, 'template_language': 0, 'excessive_emotion': 0, 'gibberish_spam': 0, 'word_count': 8}",0.0
101,"sumpah ini produknya bagus banget,baru aja aku make nya 2 hari udah langsung ada perubahannya bagus banget ini pengiriman nya cepat lagi ngak ada pakai nyangkut2 di perja...",5,0,"sumpah ini produknya bagus banget,baru aja aku make nya 2 hari udah langsung ada perubahannya bagus ...",Real,1.0,0.0,"{'contradiction': 0, 'template_language': 0, 'excessive_emotion': 0, 'gibberish_spam': 0, 'word_count': 28}",0.0
102,baru beli semoga cocok kalo cocok auto langganan🫶🫶,5,0,baru beli semoga cocok kalo cocok auto langganan🫶🫶,Fake,0.809,4.17,"{'contradiction': 1, 'template_language': 0, 'excessive_emotion': 0, 'gibberish_spam': 0, 'word_count': 8}",0.39
103,udh cocok pake g2g ga mau pindah k lain lg heheh,5,0,udh cocok pake g2g ga mau pindah k lain lg heheh,Real,1.0,0.0,"{'contradiction': 0, 'template_language': 0, 'excessive_emotion': 0, 'gibberish_spam': 0, 'word_count': 11}",0.0
104,"dh setahun pke g2g alhamdulillah msh baik2 saja,, dh cocok gk mau ganti2 skincare",5,0,"dh setahun pke g2g alhamdulillah msh baik2 saja,, dh cocok gk mau ganti2 skincare",Real,1.0,0.0,"{'contradiction': 0, 'template_language': 0, 'excessive_emotion': 0, 'gibberish_spam': 0, 'word_count': 14}",0.0
105,sdh.lengkap bagus...belum d coba semoga cocok,5,0,sdh.lengkap bagus...belum d coba semoga cocok,Fake,0.818,4.35,"{'contradiction': 1, 'template_language': 0, 'excessive_emotion': 0, 'gibberish_spam': 0, 'word_count': 6}",0.451
106,"sudah sampai dengan selamat gk ada goresan, pengemasan rapi",5,0,"sudah sampai dengan selamat gk ada goresan, pengemasan rapi",Real,1.0,0.0,"{'contradiction': 0, 'template_language': 0, 'excessive_emotion': 0, 'gibberish_spam': 0, 'word_count': 9}",0.0
107,"barang datang sesuai pesanan, toko amanah pengiriman sangat cepat peking juga rapih, gx nyesel suka beli di toko ini terus.",5,0,"barang datang sesuai pesanan, toko amanah pengiriman sangat cepat peking juga rapih, gx nyesel suka ...",Fake,0.761,3.22,"{'contradiction': 0, 'template_language': 1, 'excessive_emotion': 0, 'gibberish_spam': 0, 'word_count': 20}",0.408
108,"produk nya bagus sesuai dengan pesenan, pengiriman barang nya cepat",5,0,"produk nya bagus sesuai dengan pesenan, pengiriman barang nya cepat",Real,1.0,0.0,"{'contradiction': 0, 'template_language': 0, 'excessive_emotion': 0, 'gibberish_spam': 0, 'word_count': 10}",0.0
109,semuanya baik dan cepet juga pengantaran nya,5,0,semuanya baik dan cepet juga pengantaran nya,Real,1.0,0.0,"{'contradiction': 0, 'template_language': 0, 'excessive_emotion': 0, 'gibberish_spam': 0, 'word_count': 7}",0.0
110,"wangi bnget, lembut dan hargany terjangkau,,, semoga cocok d aku 😘",5,0,"wangi bnget, lembut dan hargany terjangkau,,, semoga cocok d aku 😘",Fake,0.808,4.15,"{'contradiction': 1, 'template_language': 0, 'excessive_emotion': 0, 'gibberish_spam': 0, 'word_count': 11}",0.384
111,bahan: adalah pokoknya manfaat produk: adalah pokoknya jenis kulit: sawo matang,5,0,bahan: adalah pokoknya manfaat produk: adalah pokoknya jenis kulit: sawo matang,Real,1.0,0.0,"{'contradiction': 0, 'template_language': 0, 'excessive_emotion': 0, 'gibberish_spam': 0, 'word_count': 11}",0.0
112,bahan: bagus manfaat produk: jerawat dan flek hitam saya hilang.,5,0,bahan: bagus manfaat produk: jerawat dan flek hitam saya hilang.,Real,1.0,0.0,"{'contradiction': 0, 'template_language': 0, 'excessive_emotion': 0, 'gibberish_spam': 0, 'word_count': 10}",0.0
113,skincare nya sesuai pesanan saya dan di pakai nyaman banget di kulit dan tidak mengecewakan .,5,0,skincare nya sesuai pesanan saya dan di pakai nyaman banget di kulit dan tidak mengecewakan .,Real,0.8,2.0,"{'contradiction': 0, 'template_language': 0, 'excessive_emotion': 0, 'gibberish_spam': 0, 'word_count': 16}",0.0
114,paket datanh sesuai pesanan dan cepat pertama coba semoga cocok thanks seller and tiktok 🤗,5,0,paket datanh sesuai pesanan dan cepat pertama coba semoga cocok thanks seller and tiktok 🤗,Fake,0.811,4.23,"{'contradiction': 1, 'template_language': 0, 'excessive_emotion': 0, 'gibberish_spam': 0, 'word_count': 15}",0.41
115,manfaat produk: mencerahkan jenis kulit: segala jenis kulit,5,0,manfaat produk: mencerahkan jenis kulit: segala jenis kulit,Real,1.0,0.0,"{'contradiction': 0, 'template_language': 0, 'excessive_emotion': 0, 'gibberish_spam': 0, 'word_count': 8}",0.0
116,"pengiriman cepat packing aman,, baru pertama kali coba semoga cocok👍🏻👍🏻",4,0,"pengiriman cepat packing aman,, baru pertama kali coba semoga cocok👍🏻👍🏻",Fake,0.811,4.23,"{'contradiction': 1, 'template_language': 0, 'excessive_emotion': 1, 'gibberish_spam': 0, 'word_count': 10}",0.41
117,pengiriman agak lambat tapi barang nya sesuai dengan pesanan terimakasih.🙏,5,0,pengiriman agak lambat tapi barang nya sesuai dengan pesanan terimakasih.🙏,Real,1.0,0.0,"{'contradiction': 0, 'template_language': 0, 'excessive_emotion': 0, 'gibberish_spam': 0, 'word_count': 10}",0.0
118,"orderan yang kesekian kalinya 😍, aku 32 tahun pake ini cocok loh suka banget",5,0,"orderan yang kesekian kalinya 😍, aku 32 tahun pake ini cocok loh suka banget",Real,1.0,0.0,"{'contradiction': 0, 'template_language': 0, 'excessive_emotion': 0, 'gibberish_spam': 0, 'word_count': 14}",0.0
119,bahan: bagus manfaat produk: mecerahkan wajah,5,0,bahan: bagus manfaat produk: mecerahkan wajah,Real,1.0,0.0,"{'contradiction': 0, 'template_language': 0, 'excessive_emotion': 0, 'gibberish_spam': 0, 'word_count': 6}",0.0
120,"sudah pembelian k2, barang sesuai, pengiriman cepat, terimakasih seller dan pak kurir",5,0,"sudah pembelian k2, barang sesuai, pengiriman cepat, terimakasih seller dan pak kurir",Real,1.0,0.0,"{'contradiction': 0, 'template_language': 0, 'excessive_emotion': 0, 'gibberish_spam': 0, 'word_count': 12}",0.0
121,"alhamdulillah barang sudah sampe dan sesuai dengan yg dipesanan, pemgiriman juga cepat, terimakaih seller dan bang kurir smoga sukses selalu",5,0,"alhamdulillah barang sudah sampe dan sesuai dengan yg dipesanan, pemgiriman juga cepat, terimakaih s...",Real,1.0,0.0,"{'contradiction': 0, 'template_language': 0, 'excessive_emotion': 0, 'gibberish_spam': 0, 'word_count': 20}",0.0
122,manfaat produk: kulit menjadi lembab dan terlihat glowing.,5,0,manfaat produk: kulit menjadi lembab dan terlihat glowing.,Real,1.0,0.0,"{'contradiction': 0, 'template_language': 0, 'excessive_emotion': 0, 'gibberish_spam': 0, 'word_count': 8}",0.0
123,paketnya udah nyampe tapi baru kali dapat sabunnya tumpah dan kebuka plastikya,4,0,paketnya udah nyampe tapi baru kali dapat sabunnya tumpah dan kebuka plastikya,Real,1.0,0.0,"{'contradiction': 0, 'template_language': 0, 'excessive_emotion': 0, 'gibberish_spam': 0, 'word_count': 12}",0.0
124,"pengiriman relatif cepat, dan barang seperti yg digambar",5,0,"pengiriman relatif cepat, dan barang seperti yg digambar",Real,1.0,0.0,"{'contradiction': 0, 'template_language': 0, 'excessive_emotion': 0, 'gibberish_spam': 0, 'word_count': 8}",0.0
125,manfaat produk: mrncerahkan kulit pokok nya dari dulu aku selalu pakek glad 2glow gk pernah ganti jenis kulit: normal,5,0,manfaat produk: mrncerahkan kulit pokok nya dari dulu aku selalu pakek glad 2glow gk pernah ganti je...,Real,1.0,0.0,"{'contradiction': 0, 'template_language': 0, 'excessive_emotion': 0, 'gibberish_spam': 0, 'word_count': 19}",0.0
126,"pengiriman cepat, produk sesuai dgn yg dipesan, kurirnya juga ramah & amanah",5,0,"pengiriman cepat, produk sesuai dgn yg dipesan, kurirnya juga ramah & amanah",Real,1.0,0.0,"{'contradiction': 0, 'template_language': 0, 'excessive_emotion': 0, 'gibberish_spam': 0, 'word_count': 12}",0.0
127,creamnya lembut di kulit. pengiriman jg cepat,5,0,creamnya lembut di kulit. pengiriman jg cepat,Real,1.0,0.0,"{'contradiction': 0, 'template_language': 0, 'excessive_emotion': 0, 'gibberish_spam': 0, 'word_count': 7}",0.0
128,kalu di aku produk g2g cocok di aku dan ini juga udah ke 3× nya aku order yang pertama khusus itu acne (hijau) dan untuk order 2 &3 order yang mencerahkan (pink) dan...,5,0,kalu di aku produk g2g cocok di aku dan ini juga udah ke 3× nya aku order yang pertama khusus itu ac...,Real,1.0,0.0,"{'contradiction': 0, 'template_language': 0, 'excessive_emotion': 0, 'gibberish_spam': 0, 'word_count': 33}",0.0
129,assalamualaikum maaf bru kasi ulasan pketnya g2g alhamdulillah bini gua suka sangat trimakasih tokonya dan amanah selalu thanks jg un kurir nya,4,0,assalamualaikum maaf bru kasi ulasan pketnya g2g alhamdulillah bini gua suka sangat trimakasih tokon...,Real,1.0,0.0,"{'contradiction': 0, 'template_language': 0, 'excessive_emotion': 0, 'gibberish_spam': 0, 'word_count': 22}",0.0
130,ini pesanan yg ke dua kali..walaupun belum ada perubahan masih pengen nyoba.klw yg ini juga gak ada perubahan yaah terpaksa berhenti .btw sabun nya udah di pake,5,0,ini pesanan yg ke dua kali..walaupun belum ada perubahan masih pengen nyoba.klw yg ini juga gak ada ...,Real,1.0,0.0,"{'contradiction': 0, 'template_language': 0, 'excessive_emotion': 0, 'gibberish_spam': 0, 'word_count': 27}",0.0
131,"skincare yang super nyaman di wajah,setelah bangun tidur auto glowing badaia",5,0,"skincare yang super nyaman di wajah,setelah bangun tidur auto glowing badaia",Real,1.0,0.0,"{'contradiction': 0, 'template_language': 0, 'excessive_emotion': 0, 'gibberish_spam': 0, 'word_count': 11}",0.0
132,"jenis kulit: normal,semoga cocok biar terus langganan 🙏🏻",5,0,"jenis kulit: normal,semoga cocok biar terus langganan 🙏🏻",Fake,0.811,4.22,"{'contradiction': 1, 'template_language': 0, 'excessive_emotion': 0, 'gibberish_spam': 0, 'word_count': 8}",0.408
133,"pengiriman cepat, packing juga aman, semoga cocok",5,0,"pengiriman cepat, packing juga aman, semoga cocok",Fake,0.815,4.31,"{'contradiction': 1, 'template_language': 0, 'excessive_emotion': 0, 'gibberish_spam': 0, 'word_count': 7}",0.436
134,"lagi dan lagi tidak mengecewakan,,alhamdulilah di saya juga cocok flek hitam saya mulai memudar,,tokonya keren kualitah barang nya juga kern puas pokok nya 👍👍",5,0,"lagi dan lagi tidak mengecewakan,,alhamdulilah di saya juga cocok flek hitam saya mulai memudar,,tok...",Real,0.8,2.0,"{'contradiction': 0, 'template_language': 0, 'excessive_emotion': 0, 'gibberish_spam': 0, 'word_count': 24}",0.0
135,manfaat produk: baik u kulitku jenis kulit: cocok,5,0,manfaat produk: baik u kulitku jenis kulit: cocok,Real,1.0,0.0,"{'contradiction': 0, 'template_language': 0, 'excessive_emotion': 0, 'gibberish_spam': 0, 'word_count': 8}",0.0
136,maaf baru kasih ulasan. sudah habis 3paket alhamdulillah cocok jenis kulit: normal,5,0,maaf baru kasih ulasan. sudah habis 3paket alhamdulillah cocok jenis kulit: normal,Real,1.0,0.0,"{'contradiction': 0, 'template_language': 0, 'excessive_emotion': 0, 'gibberish_spam': 0, 'word_count': 12}",0.0
137,"baru mau nyoba produk yg kata nya best, semoga cocok dikulit aku",5,0,"baru mau nyoba produk yg kata nya best, semoga cocok dikulit aku",Fake,0.807,4.13,"{'contradiction': 1, 'template_language': 0, 'excessive_emotion': 0, 'gibberish_spam': 0, 'word_count': 12}",0.378
138,maaf baru review ..🙏🙏100%baik dan ok,5,0,maaf baru review ..🙏🙏100%baik dan ok,Real,1.0,0.0,"{'contradiction': 0, 'template_language': 0, 'excessive_emotion': 0, 'gibberish_spam': 0, 'word_count': 6}",0.0
139,"bahan: lembut dikulit manfaat produk: utk mencerahkan wajah jenis kulit: berminyak ,",5,0,"bahan: lembut dikulit manfaat produk: utk mencerahkan wajah jenis kulit: berminyak ,",Real,1.0,0.0,"{'contradiction': 0, 'template_language': 0, 'excessive_emotion': 0, 'gibberish_spam': 0, 'word_count': 12}",0.0
140,"semoga cocok, barangnya aman pengiriman nya cepet tengku seller 🫶🏻",5,0,"semoga cocok, barangnya aman pengiriman nya cepet tengku seller 🫶🏻",Fake,0.816,4.31,"{'contradiction': 1, 'template_language': 0, 'excessive_emotion': 0, 'gibberish_spam': 0, 'word_count': 10}",0.437
141,"pengiriman cepat, bagus untuk mencerahkan wajah, semoga tokonya selalu amanah",5,0,"pengiriman cepat, bagus untuk mencerahkan wajah, semoga tokonya selalu amanah",Real,1.0,0.0,"{'contradiction': 0, 'template_language': 0, 'excessive_emotion': 0, 'gibberish_spam': 0, 'word_count': 10}",0.0
142,jenis kulit: sensitif smoga cocok ini pmkaian pket k dua,4,0,jenis kulit: sensitif smoga cocok ini pmkaian pket k dua,Real,1.0,0.0,"{'contradiction': 0, 'template_language': 0, 'excessive_emotion': 0, 'gibberish_spam': 0, 'word_count': 10}",0.0
143,thank ya g2g kmrin 12.12 dpt di hrga 100rban 😘,5,0,thank ya g2g kmrin 12.12 dpt di hrga 100rban 😘,Real,1.0,0.0,"{'contradiction': 0, 'template_language': 0, 'excessive_emotion': 0, 'gibberish_spam': 0, 'word_count': 10}",0.0
144,"lucu ,gak ada kertas cara pke ""a ya",4,0,"lucu ,gak ada kertas cara pke ""a ya",Real,1.0,0.0,"{'contradiction': 0, 'template_language': 0, 'excessive_emotion': 0, 'gibberish_spam': 0, 'word_count': 8}",0.0
145,"aman aman, lengkap juga seperti di foto, makasih",5,0,"aman aman, lengkap juga seperti di foto, makasih",Real,1.0,0.0,"{'contradiction': 0, 'template_language': 0, 'excessive_emotion': 0, 'gibberish_spam': 0, 'word_count': 8}",0.0
146,"suka bgt sampe udh pesen berkali-kali jenis kulit: kusam manfaat produk: mencerahkan, meratakan kulit belang. bahan: baguss bgt",5,0,"suka bgt sampe udh pesen berkali-kali jenis kulit: kusam manfaat produk: mencerahkan, meratakan kuli...",Real,1.0,0.0,"{'contradiction': 0, 'template_language': 0, 'excessive_emotion': 0, 'gibberish_spam': 0, 'word_count': 18}",0.0
147,maaf saya padahal beli karena liat di video sama di etalase ada tas produknya. ini tapi dikirim tanpa tas. untuk produk sesuai deskripsi tp ga sesuai aja antara video yg...,3,0,maaf saya padahal beli karena liat di video sama di etalase ada tas produknya. ini tapi dikirim tanp...,Real,1.0,0.0,"{'contradiction': 0, 'template_language': 0, 'excessive_emotion': 0, 'gibberish_spam': 0, 'word_count': 30}",0.0
148,awalnya mau beli ragu tapi banyak testimoni bilang bagus alhasil langsung beli,5,0,awalnya mau beli ragu tapi banyak testimoni bilang bagus alhasil langsung beli,Real,1.0,0.0,"{'contradiction': 0, 'template_language': 0, 'excessive_emotion': 0, 'gibberish_spam': 0, 'word_count': 12}",0.0
149,"murah banget selalu dapet promo, berkali kali beli ditoko ini, sudah kadi langganan",5,0,"murah banget selalu dapet promo, berkali kali beli ditoko ini, sudah kadi langganan",Real,1.0,0.0,"{'contradiction': 0, 'template_language': 0, 'excessive_emotion': 0, 'gibberish_spam': 0, 'word_count': 13}",0.0
150,"alhmdllh pket nya udah sampe,,baru kmren pesen ,cepet banget sampe nya,,trimaksih sudah amanah,,kemasan nya rapi,,kurir baik udah langganan",5,0,"alhmdllh pket nya udah sampe,,baru kmren pesen ,cepet banget sampe nya,,trimaksih sudah amanah,,kema...",Real,1.0,0.0,"{'contradiction': 0, 'template_language': 0, 'excessive_emotion': 0, 'gibberish_spam': 0, 'word_count': 18}",0.0
151,pengieiman cepat pesen kemarin hari ini udh sampai,5,0,pengieiman cepat pesen kemarin hari ini udh sampai,Real,1.0,0.0,"{'contradiction': 0, 'template_language': 0, 'excessive_emotion': 0, 'gibberish_spam': 0, 'word_count': 8}",0.0
152,luv banget sama brand ini karena udah ngerubah aku yang tadinya kusam buluk sekarang jadi cerah dan glowing 🥹💗 dan dianter sama mas kurir biasanya yang udah langganan👍...,5,0,luv banget sama brand ini karena udah ngerubah aku yang tadinya kusam buluk sekarang jadi cerah dan ...,Real,1.0,0.0,"{'contradiction': 0, 'template_language': 0, 'excessive_emotion': 0, 'gibberish_spam': 0, 'word_count': 28}",0.0
153,"udah ke 5x nya mesan di toko ini amanah, toko nya",5,0,"udah ke 5x nya mesan di toko ini amanah, toko nya",Real,1.0,0.0,"{'contradiction': 0, 'template_language': 0, 'excessive_emotion': 0, 'gibberish_spam': 0, 'word_count': 11}",0.0
154,"produk datang dalam kondisi aman, bagus",5,0,"produk datang dalam kondisi aman, bagus",Real,1.0,0.0,"{'contradiction': 0, 'template_language': 0, 'excessive_emotion': 0, 'gibberish_spam': 0, 'word_count': 6}",0.0
155,"untuk kesekian kalinya😍 pengiriman cepat, packing juga rapih. terimakasih banyak❤🥰",5,0,"untuk kesekian kalinya😍 pengiriman cepat, packing juga rapih. terimakasih banyak❤🥰",Real,1.0,0.0,"{'contradiction': 0, 'template_language': 0, 'excessive_emotion': 0, 'gibberish_spam': 0, 'word_count': 10}",0.0
156,"alhamdulillah barang udh dateng kemasan rapi dan abang kurir yg ramah,tapi blum dicoba produknya,semoga cocok",5,0,"alhamdulillah barang udh dateng kemasan rapi dan abang kurir yg ramah,tapi blum dicoba produknya,sem...",Fake,0.814,4.28,"{'contradiction': 1, 'template_language': 0, 'excessive_emotion': 0, 'gibberish_spam': 0, 'word_count': 15}",0.428
157,sangat bagus hasil nya bakalan order lgi di toko ini,5,0,sangat bagus hasil nya bakalan order lgi di toko ini,Real,1.0,0.0,"{'contradiction': 0, 'template_language': 0, 'excessive_emotion': 0, 'gibberish_spam': 0, 'word_count': 10}",0.0
158,"alhamdulillah paket nya sudah sampai,,ini pembelian ke2 walaupun nggk paket lengkap,gpp😊 alhamdulillah masaya allah beli lagi karna ada perubahan,bagus,agak cerahan",5,0,"alhamdulillah paket nya sudah sampai,,ini pembelian ke2 walaupun nggk paket lengkap,gpp😊 alhamdulill...",Real,1.0,0.0,"{'contradiction': 0, 'template_language': 0, 'excessive_emotion': 0, 'gibberish_spam': 0, 'word_count': 20}",0.0
159,"udh.. sampai dengan selamat, paket ny, produk oxe banget, cepat meresap.. wangi lembut di wajah, sesuai pesanan,oxe banget pokoknya, terimakasih tiktok shop nex order lag...",5,0,"udh.. sampai dengan selamat, paket ny, produk oxe banget, cepat meresap.. wangi lembut di wajah, ses...",Real,1.0,0.0,"{'contradiction': 0, 'template_language': 0, 'excessive_emotion': 0, 'gibberish_spam': 0, 'word_count': 25}",0.0
160,"terimakasih, paketan nya sudah tiba. masih segel.",5,0,"terimakasih, paketan nya sudah tiba. masih segel.",Real,1.0,0.0,"{'contradiction': 0, 'template_language': 0, 'excessive_emotion': 0, 'gibberish_spam': 0, 'word_count': 7}",0.0
161,"udah gaperlu ditanya lagi deh berapa kali beli g2g ini🥹💕 karena udah secocok dan senyaman ini pake g2g, udaah cintaa bgt sm produk ini dan gapernah coba"" yang lain...",5,0,udah gaperlu ditanya lagi deh berapa kali beli g2g ini🥹💕 karena udah secocok dan senyaman ini pake g...,Real,1.0,0.0,"{'contradiction': 0, 'template_language': 0, 'excessive_emotion': 0, 'gibberish_spam': 0, 'word_count': 29}",0.0
162,"pesanan sudah sampai,,,kalau yg pencuci muka sebelumnya sudah memakai,,,tetapi untuk yg lain baru mau coba ,,,semoga cocok",5,0,"pesanan sudah sampai,,,kalau yg pencuci muka sebelumnya sudah memakai,,,tetapi untuk yg lain baru ma...",Fake,0.809,4.18,"{'contradiction': 1, 'template_language': 0, 'excessive_emotion': 0, 'gibberish_spam': 0, 'word_count': 17}",0.394
163,pertama kali pake g2g semoga cocok di kulit aku,5,0,pertama kali pake g2g semoga cocok di kulit aku,Fake,0.8,4.0,"{'contradiction': 1, 'template_language': 0, 'excessive_emotion': 0, 'gibberish_spam': 0, 'word_count': 9}",0.334
164,"terimakasih barang nya sesuai sekali, pengiriman cepat",5,0,"terimakasih barang nya sesuai sekali, pengiriman cepat",Real,1.0,0.0,"{'contradiction': 0, 'template_language': 0, 'excessive_emotion': 0, 'gibberish_spam': 0, 'word_count': 7}",0.0
165,"bagussssssss, cocok diaku, pemakaian udah tiga minggu dan muka lebih cerah",5,0,"bagussssssss, cocok diaku, pemakaian udah tiga minggu dan muka lebih cerah",Fake,0.9,6.01,"{'contradiction': 0, 'template_language': 0, 'excessive_emotion': 0, 'gibberish_spam': 1, 'word_count': 11}",0.335
166,"barang bagus, sesuai di gambar sagat bagus",5,0,"barang bagus, sesuai di gambar sagat bagus",Real,1.0,0.0,"{'contradiction': 0, 'template_language': 0, 'excessive_emotion': 0, 'gibberish_spam': 0, 'word_count': 7}",0.0
167,terimakasih paketnya sudah datang dengan baik. semoga cocok diaku karna baru pertama pake,5,0,terimakasih paketnya sudah datang dengan baik. semoga cocok diaku karna baru pertama pake,Fake,0.803,4.07,"{'contradiction': 1, 'template_language': 0, 'excessive_emotion': 0, 'gibberish_spam': 0, 'word_count': 13}",0.356
168,"setelah sekian lama menanti akhirnya dtng juga,, semoga cocok di akuh, kurirnya ramah",5,0,"setelah sekian lama menanti akhirnya dtng juga,, semoga cocok di akuh, kurirnya ramah",Fake,0.807,4.13,"{'contradiction': 1, 'template_language': 0, 'excessive_emotion': 0, 'gibberish_spam': 0, 'word_count': 13}",0.378
169,barang sesuai..pengirimannya cepat..kurirnya ramah... mudah2an cocok dimuka aq..,5,0,barang sesuai..pengirimannya cepat..kurirnya ramah... mudah2an cocok dimuka aq..,Real,1.0,0.0,"{'contradiction': 0, 'template_language': 0, 'excessive_emotion': 0, 'gibberish_spam': 0, 'word_count': 8}",0.0
170,mendarat dengan selamat mantul cocok banget pake ini jadi bersih dan glowing,5,0,mendarat dengan selamat mantul cocok banget pake ini jadi bersih dan glowing,Real,1.0,0.0,"{'contradiction': 0, 'template_language': 0, 'excessive_emotion': 0, 'gibberish_spam': 0, 'word_count': 12}",0.0
171,bahan: baguss manfaat produk: bagusss jenis kulit: normall emangg yang facial wash nyaa separuh gtu ya isinya,3,0,bahan: baguss manfaat produk: bagusss jenis kulit: normall emangg yang facial wash nyaa separuh gtu ...,Real,1.0,0.0,"{'contradiction': 0, 'template_language': 0, 'excessive_emotion': 0, 'gibberish_spam': 0, 'word_count': 17}",0.0
172,"barang sesuai yg di pesan dan cepat nyampe nya, pokoknya debest pokoknya 🔥",5,0,"barang sesuai yg di pesan dan cepat nyampe nya, pokoknya debest pokoknya 🔥",Real,1.0,0.0,"{'contradiction': 0, 'template_language': 0, 'excessive_emotion': 0, 'gibberish_spam': 0, 'word_count': 13}",0.0
173,"kak kok ga dapet tas nya ya, di iklan nya ada🙏🏻",3,0,"kak kok ga dapet tas nya ya, di iklan nya ada🙏🏻",Real,1.0,0.0,"{'contradiction': 0, 'template_language': 0, 'excessive_emotion': 0, 'gibberish_spam': 0, 'word_count': 11}",0.0
174,perdana nyobain wangiiiiiii bangettt... hasilnya mmg belum kliatan tpi berasa beda kok..,4,0,perdana nyobain wangiiiiiii bangettt... hasilnya mmg belum kliatan tpi berasa beda kok..,Fake,0.895,5.9,"{'contradiction': 0, 'template_language': 0, 'excessive_emotion': 0, 'gibberish_spam': 1, 'word_count': 12}",0.301
175,"alhamdulillah cocok, bekas jerawat memudar, makasih",5,0,"alhamdulillah cocok, bekas jerawat memudar, makasih",Real,1.0,0.0,"{'contradiction': 0, 'template_language': 0, 'excessive_emotion': 0, 'gibberish_spam': 0, 'word_count': 6}",0.0
176,paket sudah datang aman makasih seller🙏🙏,5,0,paket sudah datang aman makasih seller🙏🙏,Real,1.0,0.0,"{'contradiction': 0, 'template_language': 0, 'excessive_emotion': 0, 'gibberish_spam': 0, 'word_count': 6}",0.0
177,"barang sdh di terima, baru mulai pakai semoga cocok",4,0,"barang sdh di terima, baru mulai pakai semoga cocok",Fake,0.803,4.06,"{'contradiction': 1, 'template_language': 0, 'excessive_emotion': 0, 'gibberish_spam': 0, 'word_count': 9}",0.355
178,"alhmdulillah barang nya udah sampai,semoga cocok💗",5,0,"alhmdulillah barang nya udah sampai,semoga cocok💗",Fake,0.803,4.07,"{'contradiction': 1, 'template_language': 0, 'excessive_emotion': 0, 'gibberish_spam': 0, 'word_count': 6}",0.356
179,aq udah order ke sekian x nya.. pokonya alhamdulillah sekarang muka aq cerah..,5,0,aq udah order ke sekian x nya.. pokonya alhamdulillah sekarang muka aq cerah..,Real,1.0,0.0,"{'contradiction': 0, 'template_language': 0, 'excessive_emotion': 0, 'gibberish_spam': 0, 'word_count': 13}",0.0
180,sesuai deskripsi semoga cocok di kulit ku,5,0,sesuai deskripsi semoga cocok di kulit ku,Fake,0.805,4.09,"{'contradiction': 1, 'template_language': 0, 'excessive_emotion': 0, 'gibberish_spam': 0, 'word_count': 7}",0.365
181,"pengiriman sangat cepat, packing amann, promonya ga kaleng² 😍😍 90 rb dapet 4 pcs dong 😍😍",5,0,"pengiriman sangat cepat, packing amann, promonya ga kaleng² 😍😍 90 rb dapet 4 pcs dong 😍😍",Fake,0.756,3.12,"{'contradiction': 0, 'template_language': 1, 'excessive_emotion': 0, 'gibberish_spam': 0, 'word_count': 16}",0.374
182,"alhamdulillah paket ku datang, packing aman jadi tidak rusak, thanks🥰",5,0,"alhamdulillah paket ku datang, packing aman jadi tidak rusak, thanks🥰",Real,1.0,0.0,"{'contradiction': 0, 'template_language': 0, 'excessive_emotion': 0, 'gibberish_spam': 0, 'word_count': 10}",0.0
183,ga asik banget g2g dikirkm cuman 3 item harusnya 4. ga sesuai ga bisa kirim vidio unboxing sblm2 nya ga prnh kekurangan item nya sepercaya itu sama paket bundling g2g mak...,1,0,ga asik banget g2g dikirkm cuman 3 item harusnya 4. ga sesuai ga bisa kirim vidio unboxing sblm2 nya...,Real,1.0,0.0,"{'contradiction': 0, 'template_language': 0, 'excessive_emotion': 0, 'gibberish_spam': 0, 'word_count': 31}",0.0
184,"barang dtng sesuai,cma yg buat cuci muka,isi nya cma setengh,kecewa sih",3,0,"barang dtng sesuai,cma yg buat cuci muka,isi nya cma setengh,kecewa sih",Real,1.0,0.0,"{'contradiction': 0, 'template_language': 0, 'excessive_emotion': 0, 'gibberish_spam': 0, 'word_count': 11}",0.0
185,alhamdulillah barang sudah sampai dengan aman dan cocok di aku udah 2 kali pesanan wajah aku jadi lebih cerah suka banget sama produknya soalnya wangi banget sukses selal...,5,0,alhamdulillah barang sudah sampai dengan aman dan cocok di aku udah 2 kali pesanan wajah aku jadi le...,Real,1.0,0.0,"{'contradiction': 0, 'template_language': 0, 'excessive_emotion': 0, 'gibberish_spam': 0, 'word_count': 28}",0.0
186,"cepet bgt pesen baru sehari sampe, mantul pokoknya",4,0,"cepet bgt pesen baru sehari sampe, mantul pokoknya",Real,1.0,0.0,"{'contradiction': 0, 'template_language': 0, 'excessive_emotion': 0, 'gibberish_spam': 0, 'word_count': 8}",0.0
187,maaf kak produk yg di kirimkan kurang lengkap.,1,0,maaf kak produk yg di kirimkan kurang lengkap.,Real,1.0,0.0,"{'contradiction': 0, 'template_language': 0, 'excessive_emotion': 0, 'gibberish_spam': 0, 'word_count': 8}",0.0
188,alhmdllh pktnya sudah dtng cpt skli brng2nya jg ocey semua trimakasih,5,0,alhmdllh pktnya sudah dtng cpt skli brng2nya jg ocey semua trimakasih,Real,1.0,0.0,"{'contradiction': 0, 'template_language': 0, 'excessive_emotion': 0, 'gibberish_spam': 0, 'word_count': 11}",0.0
189,kesekian kalinya beli.. emg semantul itu produk g2g. bisa hilangin komedo muka gradakan 🥰 lov lov buat g2g ❤️,5,0,kesekian kalinya beli.. emg semantul itu produk g2g. bisa hilangin komedo muka gradakan 🥰 lov lov bu...,Real,1.0,0.0,"{'contradiction': 0, 'template_language': 0, 'excessive_emotion': 0, 'gibberish_spam': 0, 'word_count': 19}",0.0
190,"terimakasih seller,,, produk nya sesuai smga cocok di muka aku,,, untuk kurir juga ramah baik",3,0,"terimakasih seller,,, produk nya sesuai smga cocok di muka aku,,, untuk kurir juga ramah baik",Real,1.0,0.0,"{'contradiction': 0, 'template_language': 0, 'excessive_emotion': 0, 'gibberish_spam': 0, 'word_count': 15}",0.0
191,"barang sudah datang sesuai dengan pesanan,, blm di pakai semoga barang cocok dn bisa pesan kembali.",5,0,"barang sudah datang sesuai dengan pesanan,, blm di pakai semoga barang cocok dn bisa pesan kembali.",Real,1.0,0.0,"{'contradiction': 0, 'template_language': 0, 'excessive_emotion': 0, 'gibberish_spam': 0, 'word_count': 16}",0.0
192,barangdatang sesuai pesanan cepat sampainya,5,0,barangdatang sesuai pesanan cepat sampainya,Real,0.9,1.0,"{'contradiction': 0, 'template_language': 0, 'excessive_emotion': 0, 'gibberish_spam': 0, 'word_count': 5}",0.0
193,baru pertama makez semoga rangkaiannya cocok,5,0,baru pertama makez semoga rangkaiannya cocok,Real,1.0,0.0,"{'contradiction': 0, 'template_language': 0, 'excessive_emotion': 0, 'gibberish_spam': 0, 'word_count': 6}",0.0
194,terima kasih paket nya sudah datang semoga lancar terus g2g dan toko nya aku sangat suka banget produk nya 🥰,5,0,terima kasih paket nya sudah datang semoga lancar terus g2g dan toko nya aku sangat suka banget prod...,Real,1.0,0.0,"{'contradiction': 0, 'template_language': 0, 'excessive_emotion': 0, 'gibberish_spam': 0, 'word_count': 20}",0.0
195,"bagus bangett sesuii,,tapii facial wash nyaa setengahh pdhll belum d pkee,,tapi gapapa lahh sukakk bangett 🥰🥰",5,0,"bagus bangett sesuii,,tapii facial wash nyaa setengahh pdhll belum d pkee,,tapi gapapa lahh sukakk b...",Real,1.0,0.0,"{'contradiction': 0, 'template_language': 0, 'excessive_emotion': 0, 'gibberish_spam': 0, 'word_count': 16}",0.0
196,baguss. smga ccok tapi sayang facial wash nya cuma isi setangah gak ful,3,0,baguss. smga ccok tapi sayang facial wash nya cuma isi setangah gak ful,Real,1.0,0.0,"{'contradiction': 0, 'template_language': 0, 'excessive_emotion': 0, 'gibberish_spam': 0, 'word_count': 13}",0.0
197,paket nya sudah sampai dengan baik produknya sesuai alhamdulillah cocok di aku muka aq sekarang lebih cerah dan glowing,5,0,paket nya sudah sampai dengan baik produknya sesuai alhamdulillah cocok di aku muka aq sekarang lebi...,Real,1.0,0.0,"{'contradiction': 0, 'template_language': 0, 'excessive_emotion': 0, 'gibberish_spam': 0, 'word_count': 19}",0.0
198,bagus bngt produknya cocok dimuka akuhhh hehheeh,5,0,bagus bngt produknya cocok dimuka akuhhh hehheeh,Real,1.0,0.0,"{'contradiction': 0, 'template_language': 0, 'excessive_emotion': 0, 'gibberish_spam': 0, 'word_count': 7}",0.0
199,baru mau nyoba semoga suaka sama hasilnya dan cocok di muka aku,5,0,baru mau nyoba semoga suaka sama hasilnya dan cocok di muka aku,Real,1.0,0.0,"{'contradiction': 0, 'template_language': 0, 'excessive_emotion': 0, 'gibberish_spam': 0, 'word_count': 12}",0.0
200,"brang smpai dengan selamat,packing rapih,kurir dah lngganan,eh maaf facial wash nya tk ke phto,,lmbut di wajah dan wangi jga,,",4,0,"brang smpai dengan selamat,packing rapih,kurir dah lngganan,eh maaf facial wash nya tk ke phto,,lmbu...",Real,1.0,0.0,"{'contradiction': 0, 'template_language': 0, 'excessive_emotion': 0, 'gibberish_spam': 0, 'word_count': 19}",0.0
201,"produk sesuai pesanan,smoga cocok di wajahku",5,0,"produk sesuai pesanan,smoga cocok di wajahku",Real,1.0,0.0,"{'contradiction': 0, 'template_language': 0, 'excessive_emotion': 0, 'gibberish_spam': 0, 'word_count': 6}",0.0
202,semoga aja cocok baru pertama pamakainan soalnya,5,0,semoga aja cocok baru pertama pamakainan soalnya,Real,1.0,0.0,"{'contradiction': 0, 'template_language': 0, 'excessive_emotion': 0, 'gibberish_spam': 0, 'word_count': 7}",0.0
203,packingan ny bagus mudah mudahan cocok sma kulit ku,5,0,packingan ny bagus mudah mudahan cocok sma kulit ku,Real,1.0,0.0,"{'contradiction': 0, 'template_language': 0, 'excessive_emotion': 0, 'gibberish_spam': 0, 'word_count': 9}",0.0
204,"alhamdulillah paketnya dah sampai, lngsung di aplikasikan dong di wajah, so kebetulan stock yg drumh uda pad habis,",5,0,"alhamdulillah paketnya dah sampai, lngsung di aplikasikan dong di wajah, so kebetulan stock yg drumh...",Real,1.0,0.0,"{'contradiction': 0, 'template_language': 0, 'excessive_emotion': 0, 'gibberish_spam': 0, 'word_count': 18}",0.0
205,suka bget produk ini... uda order yg ke 4 cocok di wajah aq..,5,0,suka bget produk ini... uda order yg ke 4 cocok di wajah aq..,Real,1.0,0.0,"{'contradiction': 0, 'template_language': 0, 'excessive_emotion': 0, 'gibberish_spam': 0, 'word_count': 13}",0.0
206,"paket dh nyampek dngn slmat,baru prtma kali pake smoga ccok",4,0,"paket dh nyampek dngn slmat,baru prtma kali pake smoga ccok",Real,1.0,0.0,"{'contradiction': 0, 'template_language': 0, 'excessive_emotion': 0, 'gibberish_spam': 0, 'word_count': 10}",0.0
207,"akhirnya yg di tunggu nyampe ,mendarat dgn selamat pokonya co yg kesekian kalinya produk nya memang seoke itu",5,0,"akhirnya yg di tunggu nyampe ,mendarat dgn selamat pokonya co yg kesekian kalinya produk nya memang ...",Real,1.0,0.0,"{'contradiction': 0, 'template_language': 0, 'excessive_emotion': 0, 'gibberish_spam': 0, 'word_count': 18}",0.0
208,"paketnya udah d terima,,, takirain ada krim mlmnya ternyata gk ada tpi gpp lh,,",5,0,"paketnya udah d terima,,, takirain ada krim mlmnya ternyata gk ada tpi gpp lh,,",Real,1.0,0.0,"{'contradiction': 0, 'template_language': 0, 'excessive_emotion': 0, 'gibberish_spam': 0, 'word_count': 14}",0.0
209,"paket g2g nya dach nyampe, pengiriman cepet bgt.",5,0,"paket g2g nya dach nyampe, pengiriman cepet bgt.",Real,1.0,0.0,"{'contradiction': 0, 'template_language': 0, 'excessive_emotion': 0, 'gibberish_spam': 0, 'word_count': 8}",0.0
210,baru smpe kk paket nya maksih semoga cocok kk d muka ku baru mau pake,5,0,baru smpe kk paket nya maksih semoga cocok kk d muka ku baru mau pake,Fake,0.803,4.06,"{'contradiction': 1, 'template_language': 0, 'excessive_emotion': 0, 'gibberish_spam': 0, 'word_count': 15}",0.352
211,"terimakasih paketnya sudah ada,pertamakali paket semoga cocok🙏😇😇",4,0,"terimakasih paketnya sudah ada,pertamakali paket semoga cocok🙏😇😇",Fake,0.815,4.29,"{'contradiction': 1, 'template_language': 0, 'excessive_emotion': 1, 'gibberish_spam': 0, 'word_count': 7}",0.432
212,trimakaaih barang sudah sampai dg cepat... cocok sama di kulit saya...,5,0,trimakaaih barang sudah sampai dg cepat... cocok sama di kulit saya...,Real,1.0,0.0,"{'contradiction': 0, 'template_language': 0, 'excessive_emotion': 0, 'gibberish_spam': 0, 'word_count': 11}",0.0
213,"baru pertama pakai skincare , semoga cocok",4,0,"baru pertama pakai skincare , semoga cocok",Fake,0.803,4.05,"{'contradiction': 1, 'template_language': 0, 'excessive_emotion': 0, 'gibberish_spam': 0, 'word_count': 7}",0.35
214,barang sudah sampai sesuai pesanan. baru nyoba dan mudah²an cocok,5,0,barang sudah sampai sesuai pesanan. baru nyoba dan mudah²an cocok,Real,1.0,0.0,"{'contradiction': 0, 'template_language': 0, 'excessive_emotion': 0, 'gibberish_spam': 0, 'word_count': 10}",0.0
215,"alhamdulillah kak paketnya sudah dateng, dan sesuai dengan pesanan, terimakasih banyak kak🙏🙏🙏",5,0,"alhamdulillah kak paketnya sudah dateng, dan sesuai dengan pesanan, terimakasih banyak kak🙏🙏🙏",Real,1.0,0.0,"{'contradiction': 0, 'template_language': 0, 'excessive_emotion': 1, 'gibberish_spam': 0, 'word_count': 12}",0.0
216,"barang sampai dgn selamat,,mudah mudahan cocok yaa pemakaian g2g..",5,0,"barang sampai dgn selamat,,mudah mudahan cocok yaa pemakaian g2g..",Real,1.0,0.0,"{'contradiction': 0, 'template_language': 0, 'excessive_emotion': 0, 'gibberish_spam': 0, 'word_count': 9}",0.0
217,"terimakasih,alhamdulillah pengiriman ny cepat,,mantap..👍👍",5,0,"terimakasih,alhamdulillah pengiriman ny cepat,,mantap..👍👍",Real,0.9,1.0,"{'contradiction': 0, 'template_language': 0, 'excessive_emotion': 0, 'gibberish_spam': 0, 'word_count': 4}",0.0
218,ini gmn ko bru buka plastiik prtma..plastik dlem nya udh di robek² kaya bekas buka kcewa..,1,0,ini gmn ko bru buka plastiik prtma..plastik dlem nya udh di robek² kaya bekas buka kcewa..,Real,1.0,0.0,"{'contradiction': 0, 'template_language': 0, 'excessive_emotion': 0, 'gibberish_spam': 0, 'word_count': 16}",0.0
219,pengiriman aman dan cepat sukaaa bgt sama glad2glow terimakasih,5,0,pengiriman aman dan cepat sukaaa bgt sama glad2glow terimakasih,Real,1.0,0.0,"{'contradiction': 0, 'template_language': 0, 'excessive_emotion': 0, 'gibberish_spam': 0, 'word_count': 9}",0.0
220,karna bumil aku balik lagi kesini emang mantul sih🤭🤩,5,0,karna bumil aku balik lagi kesini emang mantul sih🤭🤩,Real,1.0,0.0,"{'contradiction': 0, 'template_language': 0, 'excessive_emotion': 0, 'gibberish_spam': 0, 'word_count': 9}",0.0
221,barang y bagus pokoknya mantap dah,5,0,barang y bagus pokoknya mantap dah,Real,1.0,0.0,"{'contradiction': 0, 'template_language': 0, 'excessive_emotion': 0, 'gibberish_spam': 0, 'word_count': 6}",0.0
222,"paketnya udah sampee,tp yg 2 gak kepoto,karna udah dibawa sama anakk,mudah2n cocok untuk anak ku",5,0,"paketnya udah sampee,tp yg 2 gak kepoto,karna udah dibawa sama anakk,mudah2n cocok untuk anak ku",Real,1.0,0.0,"{'contradiction': 0, 'template_language': 0, 'excessive_emotion': 0, 'gibberish_spam': 0, 'word_count': 15}",0.0
223,barang nya udah mendarat dengan baik baru pertama nyoba semoga cocok dengan kulit ku,5,0,barang nya udah mendarat dengan baik baru pertama nyoba semoga cocok dengan kulit ku,Fake,0.805,4.09,"{'contradiction': 1, 'template_language': 0, 'excessive_emotion': 0, 'gibberish_spam': 0, 'word_count': 14}",0.363
224,thx barang sesuai postingan goodjob...best seller...,5,0,thx barang sesuai postingan goodjob...best seller...,Real,0.85,1.5,"{'contradiction': 0, 'template_language': 0, 'excessive_emotion': 0, 'gibberish_spam': 0, 'word_count': 6}",0.0
225,bagus produk origional semoga cocok 🤲🥰,5,0,bagus produk origional semoga cocok 🤲🥰,Fake,0.809,4.19,"{'contradiction': 1, 'template_language': 0, 'excessive_emotion': 0, 'gibberish_spam': 0, 'word_count': 6}",0.397
226,barang sih bgus tapi sabun nya aroma nya nyengat betul,3,0,barang sih bgus tapi sabun nya aroma nya nyengat betul,Real,1.0,0.0,"{'contradiction': 0, 'template_language': 0, 'excessive_emotion': 0, 'gibberish_spam': 0, 'word_count': 10}",0.0
227,"pesen yang 4in datangnya 2,udah chat admin tpi nunggu valid truss",1,0,"pesen yang 4in datangnya 2,udah chat admin tpi nunggu valid truss",Real,1.0,0.0,"{'contradiction': 0, 'template_language': 0, 'excessive_emotion': 0, 'gibberish_spam': 0, 'word_count': 11}",0.0
228,"mantap barang sesuai mkasih seller , mkasih juga buat bang kurirnya",5,0,"mantap barang sesuai mkasih seller , mkasih juga buat bang kurirnya",Real,1.0,0.0,"{'contradiction': 0, 'template_language': 0, 'excessive_emotion': 0, 'gibberish_spam': 0, 'word_count': 11}",0.0
229,2 paket pertama barter ini yg ke 3 👍👍👍,5,0,2 paket pertama barter ini yg ke 3 👍👍👍,Real,1.0,0.0,"{'contradiction': 0, 'template_language': 0, 'excessive_emotion': 1, 'gibberish_spam': 0, 'word_count': 9}",0.0
230,produknya mantepp polll manfaat produk: mencerahkan,5,0,produknya mantepp polll manfaat produk: mencerahkan,Real,1.0,0.0,"{'contradiction': 0, 'template_language': 0, 'excessive_emotion': 0, 'gibberish_spam': 0, 'word_count': 6}",0.0
231,"udah cocok, gk mau ganti ke lain lagi",5,0,"udah cocok, gk mau ganti ke lain lagi",Real,1.0,0.0,"{'contradiction': 0, 'template_language': 0, 'excessive_emotion': 0, 'gibberish_spam': 0, 'word_count': 8}",0.0
232,"manfaat produk: mencerahkan jenis kulit: kombinasi inieh baguss sekaliii cock dimulai aku, makasiii hhiiii 😍😍😍",5,0,"manfaat produk: mencerahkan jenis kulit: kombinasi inieh baguss sekaliii cock dimulai aku, makasiii ...",Fake,0.95,10.18,"{'contradiction': 0, 'template_language': 0, 'excessive_emotion': 1, 'gibberish_spam': 1, 'word_count': 15}",0.393
233,"lovvvv bangettttt, uda seringg co disini...",5,0,"lovvvv bangettttt, uda seringg co disini...",Fake,0.905,6.1,"{'contradiction': 0, 'template_language': 0, 'excessive_emotion': 0, 'gibberish_spam': 1, 'word_count': 6}",0.367
234,gak sesuai banget kecewa toner nya gak ada malah di ganti sama serum merah,2,0,gak sesuai banget kecewa toner nya gak ada malah di ganti sama serum merah,Real,1.0,0.0,"{'contradiction': 0, 'template_language': 0, 'excessive_emotion': 0, 'gibberish_spam': 0, 'word_count': 14}",0.0
235,pokoknya nyerahin kulit aku biar lebih glowing lagi.mudah mudahan cocok di aku. packingan yg rapih.,5,0,pokoknya nyerahin kulit aku biar lebih glowing lagi.mudah mudahan cocok di aku. packingan yg rapih.,Real,1.0,0.0,"{'contradiction': 0, 'template_language': 0, 'excessive_emotion': 0, 'gibberish_spam': 0, 'word_count': 15}",0.0
236,"alhamdulillah.. barang sampai dgn selamat thank seler fast respon,thank babang kurir",5,0,"alhamdulillah.. barang sampai dgn selamat thank seler fast respon,thank babang kurir",Real,0.85,1.5,"{'contradiction': 0, 'template_language': 0, 'excessive_emotion': 0, 'gibberish_spam': 0, 'word_count': 11}",0.0
237,"yang dateng cumah 3 , moisnya gak ada",3,0,"yang dateng cumah 3 , moisnya gak ada",Real,1.0,0.0,"{'contradiction': 0, 'template_language': 0, 'excessive_emotion': 0, 'gibberish_spam': 0, 'word_count': 8}",0.0
238,"barang sudah d treima dengan aman,,puas belnja d toko ini",5,0,"barang sudah d treima dengan aman,,puas belnja d toko ini",Real,1.0,0.0,"{'contradiction': 0, 'template_language': 0, 'excessive_emotion': 0, 'gibberish_spam': 0, 'word_count': 10}",0.0
239,alhamdulillah sampe amanah semoga cocok cepet sampai nya,4,0,alhamdulillah sampe amanah semoga cocok cepet sampai nya,Fake,0.814,4.27,"{'contradiction': 1, 'template_language': 0, 'excessive_emotion': 0, 'gibberish_spam': 0, 'word_count': 8}",0.423
240,alhamdulillah paketnyah udh dateng cepat bngt 😊 mudah mudahan cocok di aku yh saya pemula,5,0,alhamdulillah paketnyah udh dateng cepat bngt 😊 mudah mudahan cocok di aku yh saya pemula,Real,1.0,0.0,"{'contradiction': 0, 'template_language': 0, 'excessive_emotion': 0, 'gibberish_spam': 0, 'word_count': 15}",0.0
241,"sudah datang paket nya aku baru mau nyoba semoga cocok, kalo cocok di aku order balik thanks [drool]",5,0,"sudah datang paket nya aku baru mau nyoba semoga cocok, kalo cocok di aku order balik thanks [drool]",Fake,0.806,4.11,"{'contradiction': 1, 'template_language': 0, 'excessive_emotion': 0, 'gibberish_spam': 0, 'word_count': 18}",0.372
242,dapet free peling🫶🏻 makasih ya g2g🫶🏻,5,0,dapet free peling🫶🏻 makasih ya g2g🫶🏻,Real,1.0,0.0,"{'contradiction': 0, 'template_language': 0, 'excessive_emotion': 0, 'gibberish_spam': 0, 'word_count': 6}",0.0
243,alhamdulillah paketnya samapinya tidak lama semoga cocok dimuka aku,5,0,alhamdulillah paketnya samapinya tidak lama semoga cocok dimuka aku,Fake,0.799,3.98,"{'contradiction': 1, 'template_language': 0, 'excessive_emotion': 0, 'gibberish_spam': 0, 'word_count': 9}",0.328
244,"pket y dah smpe , semoga cocok dengn produk glad2glow, sesuai degan yg d pesen",4,0,"pket y dah smpe , semoga cocok dengn produk glad2glow, sesuai degan yg d pesen",Fake,0.803,4.06,"{'contradiction': 1, 'template_language': 0, 'excessive_emotion': 0, 'gibberish_spam': 0, 'word_count': 15}",0.354
245,pembelian ke 4 👍(2 paket pertama hanya moist skin barier+serum aja) 2 paket berikutnya yang ini 😍,5,0,pembelian ke 4 👍(2 paket pertama hanya moist skin barier+serum aja) 2 paket berikutnya yang ini 😍,Real,1.0,0.0,"{'contradiction': 0, 'template_language': 0, 'excessive_emotion': 0, 'gibberish_spam': 0, 'word_count': 17}",0.0
246,baru dicoba semoga cocok diwajah anak gadis qu. trimakasih barang lengkap. cepat datang nya. kurir ramaj,5,0,baru dicoba semoga cocok diwajah anak gadis qu. trimakasih barang lengkap. cepat datang nya. kurir r...,Fake,0.802,4.04,"{'contradiction': 1, 'template_language': 0, 'excessive_emotion': 0, 'gibberish_spam': 0, 'word_count': 16}",0.346
247,brang tertulis dpt 4 pcs tp yg dtg cuma 3 pcs,2,0,brang tertulis dpt 4 pcs tp yg dtg cuma 3 pcs,Real,1.0,0.0,"{'contradiction': 0, 'template_language': 0, 'excessive_emotion': 0, 'gibberish_spam': 0, 'word_count': 11}",0.0
248,"semoga cocok,,syg g dpt pouch nny",5,0,"semoga cocok,,syg g dpt pouch nny",Fake,0.809,4.18,"{'contradiction': 1, 'template_language': 0, 'excessive_emotion': 0, 'gibberish_spam': 0, 'word_count': 6}",0.394
249,"udh beli 2x dtoko ni,barangnya ori,mksh",5,0,"udh beli 2x dtoko ni,barangnya ori,mksh",Real,1.0,0.0,"{'contradiction': 0, 'template_language': 0, 'excessive_emotion': 0, 'gibberish_spam': 0, 'word_count': 6}",0.0
250,baru pertama kali coba smoga hasilnya memuaskan,5,0,baru pertama kali coba smoga hasilnya memuaskan,Real,1.0,0.0,"{'contradiction': 0, 'template_language': 0, 'excessive_emotion': 0, 'gibberish_spam': 0, 'word_count': 7}",0.0
251,"sesuai, ori",5,0,"sesuai, ori",Real,0.9,1.0,"{'contradiction': 0, 'template_language': 0, 'excessive_emotion': 0, 'gibberish_spam': 0, 'word_count': 2}",0.0
252,alhamdulillah sudah langganan mantap,5,0,alhamdulillah sudah langganan mantap,Real,0.9,1.0,"{'contradiction': 0, 'template_language': 0, 'excessive_emotion': 0, 'gibberish_spam': 0, 'word_count': 4}",0.0
253,👍🏻👍🏻👍🏻👍🏻,5,0,👍🏻👍🏻👍🏻👍🏻,Real,0.9,1.0,"{'contradiction': 0, 'template_language': 0, 'excessive_emotion': 1, 'gibberish_spam': 0, 'word_count': 1}",0.0
254,semoga cocok aku pemakaian prtama,5,0,semoga cocok aku pemakaian prtama,Fake,0.845,4.9,"{'contradiction': 1, 'template_language': 0, 'excessive_emotion': 0, 'gibberish_spam': 0, 'word_count': 5}",0.301
255,"barang datang dengan baik, produk sesuai",5,0,"barang datang dengan baik, produk sesuai",Real,1.0,0.0,"{'contradiction': 0, 'template_language': 0, 'excessive_emotion': 0, 'gibberish_spam': 0, 'word_count': 6}",0.0
256,apakah bisa d kirim lgi mois ny,3,0,apakah bisa d kirim lgi mois ny,Real,1.0,0.0,"{'contradiction': 0, 'template_language': 0, 'excessive_emotion': 0, 'gibberish_spam': 0, 'word_count': 7}",0.0
257,udah co ke 3x nya alhmdulillah cocok,4,0,udah co ke 3x nya alhmdulillah cocok,Real,1.0,0.0,"{'contradiction': 0, 'template_language': 0, 'excessive_emotion': 0, 'gibberish_spam': 0, 'word_count': 7}",0.0
258,facial washnya kok bukan yg pink y kak,4,0,facial washnya kok bukan yg pink y kak,Real,1.0,0.0,"{'contradiction': 0, 'template_language': 0, 'excessive_emotion': 0, 'gibberish_spam': 0, 'word_count': 8}",0.0
259,"sesuai pesanan, baru coba fw yg ini semoga cocok",5,0,"sesuai pesanan, baru coba fw yg ini semoga cocok",Fake,0.803,4.06,"{'contradiction': 1, 'template_language': 0, 'excessive_emotion': 0, 'gibberish_spam': 0, 'word_count': 9}",0.355
260,kirain facial wash nya yg dateng milk eh yg blueberry,5,0,kirain facial wash nya yg dateng milk eh yg blueberry,Real,1.0,0.0,"{'contradiction': 0, 'template_language': 0, 'excessive_emotion': 0, 'gibberish_spam': 0, 'word_count': 10}",0.0
261,se♥️♥️♥️ itu sama glad2glow ini udh yang sekian kalinya beli di toko official nya,5,0,se♥️♥️♥️ itu sama glad2glow ini udh yang sekian kalinya beli di toko official nya,Real,1.0,0.0,"{'contradiction': 0, 'template_language': 0, 'excessive_emotion': 0, 'gibberish_spam': 0, 'word_count': 14}",0.0
262,terimaksih sesuai pesanan,4,0,terimaksih sesuai pesanan,Real,0.9,1.0,"{'contradiction': 0, 'template_language': 0, 'excessive_emotion': 0, 'gibberish_spam': 0, 'word_count': 3}",0.0
263,"bahan: lembut dan halus manfaat produk: bagus banget bikin kulit lembab dan cerah jenis kulit: teruntuk kulitku yang berminyak, tidak membuat kulit jadi mengkilat",5,0,bahan: lembut dan halus manfaat produk: bagus banget bikin kulit lembab dan cerah jenis kulit: terun...,Real,1.0,0.0,"{'contradiction': 0, 'template_language': 0, 'excessive_emotion': 0, 'gibberish_spam': 0, 'word_count': 24}",0.0
264,"alhamdulillah cocok. makin glowing mie mukak makasih,",5,0,"alhamdulillah cocok. makin glowing mie mukak makasih,",Real,1.0,0.0,"{'contradiction': 0, 'template_language': 0, 'excessive_emotion': 0, 'gibberish_spam': 0, 'word_count': 7}",0.0
265,kok cuci muka sama toner nya beda? aku kira bakal pink semua,2,0,kok cuci muka sama toner nya beda? aku kira bakal pink semua,Real,1.0,0.0,"{'contradiction': 0, 'template_language': 0, 'excessive_emotion': 0, 'gibberish_spam': 0, 'word_count': 12}",0.0
266,"bagus, sesuai pesanan, semoga cocok 🥰",5,0,"bagus, sesuai pesanan, semoga cocok 🥰",Fake,0.81,4.21,"{'contradiction': 1, 'template_language': 0, 'excessive_emotion': 0, 'gibberish_spam': 0, 'word_count': 6}",0.402
267,paket sudah sampai alhamdulillah sesuai dengan pesanan udh langganan best👍,5,0,paket sudah sampai alhamdulillah sesuai dengan pesanan udh langganan best👍,Real,1.0,0.0,"{'contradiction': 0, 'template_language': 0, 'excessive_emotion': 0, 'gibberish_spam': 0, 'word_count': 10}",0.0
268,"brang sudah di kirim dengan cepat, mkasih semoga cocok 🥰",5,0,"brang sudah di kirim dengan cepat, mkasih semoga cocok 🥰",Fake,0.807,4.13,"{'contradiction': 1, 'template_language': 0, 'excessive_emotion': 0, 'gibberish_spam': 0, 'word_count': 10}",0.378
269,bru pertma nyoba mudh mudhn ini cocok,5,0,bru pertma nyoba mudh mudhn ini cocok,Real,1.0,0.0,"{'contradiction': 0, 'template_language': 0, 'excessive_emotion': 0, 'gibberish_spam': 0, 'word_count': 7}",0.0
270,"pakai product g2g kedua kali, cocok dan bagus banget ke kulit wajah,, dan pengiriman cepat, aman packaging juga.. mantap.. trimss",5,0,"pakai product g2g kedua kali, cocok dan bagus banget ke kulit wajah,, dan pengiriman cepat, aman pac...",Real,1.0,0.0,"{'contradiction': 0, 'template_language': 0, 'excessive_emotion': 0, 'gibberish_spam': 0, 'word_count': 20}",0.0
271,"bahan: cair, halus manfaat produk: cocok untuk kulit jenis kulit: cocok sekali dikulit ku",5,0,"bahan: cair, halus manfaat produk: cocok untuk kulit jenis kulit: cocok sekali dikulit ku",Real,1.0,0.0,"{'contradiction': 0, 'template_language': 0, 'excessive_emotion': 0, 'gibberish_spam': 0, 'word_count': 14}",0.0
272,alhamdulillah barang sudah sampai sesuai pesanan terimakasih kotonya amanah,5,0,alhamdulillah barang sudah sampai sesuai pesanan terimakasih kotonya amanah,Real,1.0,0.0,"{'contradiction': 0, 'template_language': 0, 'excessive_emotion': 0, 'gibberish_spam': 0, 'word_count': 9}",0.0
273,serum nya pecah gak tersisa parah,1,0,serum nya pecah gak tersisa parah,Real,1.0,0.0,"{'contradiction': 0, 'template_language': 0, 'excessive_emotion': 0, 'gibberish_spam': 0, 'word_count': 6}",0.0
274,"barang datang lengkap sesuai dengan deskripsi, bahan yang digunakan bagus untuk mencerahkan wajah.",5,0,"barang datang lengkap sesuai dengan deskripsi, bahan yang digunakan bagus untuk mencerahkan wajah.",Real,1.0,0.0,"{'contradiction': 0, 'template_language': 0, 'excessive_emotion': 0, 'gibberish_spam': 0, 'word_count': 13}",0.0
275,"sesuai pesanan cuma aku kira tonernya besar ternyata toner nya kecill, but over all baguss",4,0,"sesuai pesanan cuma aku kira tonernya besar ternyata toner nya kecill, but over all baguss",Real,1.0,0.0,"{'contradiction': 0, 'template_language': 0, 'excessive_emotion': 0, 'gibberish_spam': 0, 'word_count': 15}",0.0
276,paket nyampe produk lengkap alhamdulillah udah order 2 x ini barang original kulit wajah jadi halus kenceng glowing gk kusem seger..,5,0,paket nyampe produk lengkap alhamdulillah udah order 2 x ini barang original kulit wajah jadi halus ...,Real,1.0,0.0,"{'contradiction': 0, 'template_language': 0, 'excessive_emotion': 0, 'gibberish_spam': 0, 'word_count': 21}",0.0
277,bahan: - manfaat produk: mencerahkan jenis kulit: susah putih/kering,5,0,bahan: - manfaat produk: mencerahkan jenis kulit: susah putih/kering,Real,1.0,0.0,"{'contradiction': 0, 'template_language': 0, 'excessive_emotion': 0, 'gibberish_spam': 0, 'word_count': 9}",0.0
278,"pengiriman cepat,barang tidak ada yang rusak, sangat baik, dan produk ny emng se bagus itu , aku sampai udh beli beberapa kali emng mantul buat mencerahkan 👍🏻",5,0,"pengiriman cepat,barang tidak ada yang rusak, sangat baik, dan produk ny emng se bagus itu , aku sam...",Real,1.0,0.0,"{'contradiction': 0, 'template_language': 0, 'excessive_emotion': 0, 'gibberish_spam': 0, 'word_count': 27}",0.0
279,"alhamdulillag cocok dimuka ku, sukaa, thanks kak🥰",5,0,"alhamdulillag cocok dimuka ku, sukaa, thanks kak🥰",Real,1.0,0.0,"{'contradiction': 0, 'template_language': 0, 'excessive_emotion': 0, 'gibberish_spam': 0, 'word_count': 7}",0.0
280,alhamdulillah udah sampai bagus dan amanah,5,0,alhamdulillah udah sampai bagus dan amanah,Real,1.0,0.0,"{'contradiction': 0, 'template_language': 0, 'excessive_emotion': 0, 'gibberish_spam': 0, 'word_count': 6}",0.0
281,"mksih,, sesuai,, q suka,, ma'af baru kasih bintang, ☺️ byarlh bintang yg mnilaixa☺️",5,0,"mksih,, sesuai,, q suka,, ma'af baru kasih bintang, ☺️ byarlh bintang yg mnilaixa☺️",Real,1.0,0.0,"{'contradiction': 0, 'template_language': 0, 'excessive_emotion': 0, 'gibberish_spam': 0, 'word_count': 13}",0.0
282,jenis kulit: normal bahan: bagus manfaat produk: mencerahkan,5,0,jenis kulit: normal bahan: bagus manfaat produk: mencerahkan,Real,1.0,0.0,"{'contradiction': 0, 'template_language': 0, 'excessive_emotion': 0, 'gibberish_spam': 0, 'word_count': 8}",0.0
283,bahan: bagus manfaat produk: bagus jenis kulit: cocok untuk kulit,5,0,bahan: bagus manfaat produk: bagus jenis kulit: cocok untuk kulit,Real,1.0,0.0,"{'contradiction': 0, 'template_language': 0, 'excessive_emotion': 0, 'gibberish_spam': 0, 'word_count': 10}",0.0
284,mantappp produk nya ori dan hasil nya uda lumayan bagus mau order lg lah buat stok,5,0,mantappp produk nya ori dan hasil nya uda lumayan bagus mau order lg lah buat stok,Real,1.0,0.0,"{'contradiction': 0, 'template_language': 0, 'excessive_emotion': 0, 'gibberish_spam': 0, 'word_count': 16}",0.0
285,bahan: nya lebut dan harus jenis kulit: cocok buat kulit kusam,5,0,bahan: nya lebut dan harus jenis kulit: cocok buat kulit kusam,Real,1.0,0.0,"{'contradiction': 0, 'template_language': 0, 'excessive_emotion': 0, 'gibberish_spam': 0, 'word_count': 11}",0.0
286,"paketnya sudah sampai sesuai pesanan, packingnya rapi dan aman gk takut bocor. alhamdllh dapet harga promo kemarin jadi murah beli satu setnya😁 terima kasih untuk seler...",5,0,"paketnya sudah sampai sesuai pesanan, packingnya rapi dan aman gk takut bocor. alhamdllh dapet harga...",Real,1.0,0.0,"{'contradiction': 0, 'template_language': 0, 'excessive_emotion': 0, 'gibberish_spam': 0, 'word_count': 26}",0.0
287,bahan lembut dan tdk menyengak enak di pakai cocok dengan kulit sy yg kering,5,0,bahan lembut dan tdk menyengak enak di pakai cocok dengan kulit sy yg kering,Real,1.0,0.0,"{'contradiction': 0, 'template_language': 0, 'excessive_emotion': 0, 'gibberish_spam': 0, 'word_count': 14}",0.0
288,"manfaat produk: melembabkan, mencerahkan, bikin glowing jenis kulit: normal bahan: baguss",5,0,"manfaat produk: melembabkan, mencerahkan, bikin glowing jenis kulit: normal bahan: baguss",Real,1.0,0.0,"{'contradiction': 0, 'template_language': 0, 'excessive_emotion': 0, 'gibberish_spam': 0, 'word_count': 11}",0.0
289,bagus bawgat muka cerah halus komedo juga mendinga padaha cuman checkot 1 kli blum habis juga lembuh di muka,4,0,bagus bawgat muka cerah halus komedo juga mendinga padaha cuman checkot 1 kli blum habis juga lembuh...,Real,1.0,0.0,"{'contradiction': 0, 'template_language': 0, 'excessive_emotion': 0, 'gibberish_spam': 0, 'word_count': 19}",0.0
290,produk sudah sampai mudah mudahan saya cocok dengan produk ini,5,0,produk sudah sampai mudah mudahan saya cocok dengan produk ini,Real,1.0,0.0,"{'contradiction': 0, 'template_language': 0, 'excessive_emotion': 0, 'gibberish_spam': 0, 'word_count': 10}",0.0
291,"bareng y sudah redy,pengiriman cepat,",5,0,"bareng y sudah redy,pengiriman cepat,",Real,0.9,1.0,"{'contradiction': 0, 'template_language': 0, 'excessive_emotion': 0, 'gibberish_spam': 0, 'word_count': 5}",0.0
292,bahan: sempurna manfaat produk: mencerahkan kulit jenis kulit: kering dan noda membandel sekarang sudah cerah....mantap,5,0,bahan: sempurna manfaat produk: mencerahkan kulit jenis kulit: kering dan noda membandel sekarang su...,Real,1.0,0.0,"{'contradiction': 0, 'template_language': 0, 'excessive_emotion': 0, 'gibberish_spam': 0, 'word_count': 15}",0.0
293,bahan: bagus manfaat produk: sangat bagus jenis kulit: ngeflek,5,0,bahan: bagus manfaat produk: sangat bagus jenis kulit: ngeflek,Real,1.0,0.0,"{'contradiction': 0, 'template_language': 0, 'excessive_emotion': 0, 'gibberish_spam': 0, 'word_count': 9}",0.0
294,manfaat produk: cocok untuk wajah kusam jenis kulit: kulit kering dan kusam,4,0,manfaat produk: cocok untuk wajah kusam jenis kulit: kulit kering dan kusam,Real,1.0,0.0,"{'contradiction': 0, 'template_language': 0, 'excessive_emotion': 0, 'gibberish_spam': 0, 'word_count': 12}",0.0
295,"sesuai pesanan,, ngk ada yg bocor atau gmna, smua nya aman,,",5,0,"sesuai pesanan,, ngk ada yg bocor atau gmna, smua nya aman,,",Real,1.0,0.0,"{'contradiction': 0, 'template_language': 0, 'excessive_emotion': 0, 'gibberish_spam': 0, 'word_count': 11}",0.0
296,bahan: bagus manfaat produk: mencerahkan jenis kulit: normal,5,0,bahan: bagus manfaat produk: mencerahkan jenis kulit: normal,Real,1.0,0.0,"{'contradiction': 0, 'template_language': 0, 'excessive_emotion': 0, 'gibberish_spam': 0, 'word_count': 8}",0.0
297,paket sudah sampai dg aman dan cepat...semoga cocok dg produknya.. trimakasih tokopedia jg ban kurir,5,0,paket sudah sampai dg aman dan cepat...semoga cocok dg produknya.. trimakasih tokopedia jg ban kurir,Fake,0.803,4.06,"{'contradiction': 1, 'template_language': 0, 'excessive_emotion': 0, 'gibberish_spam': 0, 'word_count': 15}",0.355
298,bahan: bagus manfaat produk: bagus jenis kulit: pas,5,0,bahan: bagus manfaat produk: bagus jenis kulit: pas,Real,1.0,0.0,"{'contradiction': 0, 'template_language': 0, 'excessive_emotion': 0, 'gibberish_spam': 0, 'word_count': 8}",0.0
299,bahan: bagus manfaat produk: menghilangkan keriput jenis kulit: normal,5,0,bahan: bagus manfaat produk: menghilangkan keriput jenis kulit: normal,Real,1.0,0.0,"{'contradiction': 0, 'template_language': 0, 'excessive_emotion': 0, 'gibberish_spam': 0, 'word_count': 9}",0.0
300,bahan: bagus cocok d kulit manfaat produk: cepat mencerahkan,5,0,bahan: bagus cocok d kulit manfaat produk: cepat mencerahkan,Real,1.0,0.0,"{'contradiction': 0, 'template_language': 0, 'excessive_emotion': 0, 'gibberish_spam': 0, 'word_count': 9}",0.0
301,bahan: lembut manfaat produk: untuk perawatan kulit jenis kulit: semua jenis kulit,5,0,bahan: lembut manfaat produk: untuk perawatan kulit jenis kulit: semua jenis kulit,Real,1.0,0.0,"{'contradiction': 0, 'template_language': 0, 'excessive_emotion': 0, 'gibberish_spam': 0, 'word_count': 12}",0.0
302,paket sudah sampai barang bagus semua,5,0,paket sudah sampai barang bagus semua,Real,1.0,0.0,"{'contradiction': 0, 'template_language': 0, 'excessive_emotion': 0, 'gibberish_spam': 0, 'word_count': 6}",0.0
303,"baguss bikin muka glowing, tapi ak hari pertama pemakaian muka ak terkelupas",5,0,"baguss bikin muka glowing, tapi ak hari pertama pemakaian muka ak terkelupas",Real,1.0,0.0,"{'contradiction': 0, 'template_language': 0, 'excessive_emotion': 0, 'gibberish_spam': 0, 'word_count': 12}",0.0
304,bahan: bgguss manfaat produk: baguss jenis kulit: kering,5,0,bahan: bgguss manfaat produk: baguss jenis kulit: kering,Real,1.0,0.0,"{'contradiction': 0, 'template_language': 0, 'excessive_emotion': 0, 'gibberish_spam': 0, 'word_count': 8}",0.0
305,"bagusss bgtttt akuuu sukaaa, dikulitttakuu jugaa cocokk mantepp bgtt glad2gloww",5,0,"bagusss bgtttt akuuu sukaaa, dikulitttakuu jugaa cocokk mantepp bgtt glad2gloww",Fake,0.95,10.1,"{'contradiction': 0, 'template_language': 0, 'excessive_emotion': 0, 'gibberish_spam': 1, 'word_count': 10}",0.366
306,bahan: baik manfaat produk: kata nya si buat mencerahkan kan jenis kulit: semoga cocok,5,0,bahan: baik manfaat produk: kata nya si buat mencerahkan kan jenis kulit: semoga cocok,Fake,0.805,4.11,"{'contradiction': 1, 'template_language': 0, 'excessive_emotion': 0, 'gibberish_spam': 0, 'word_count': 14}",0.368
307,"mantep 👍 cepat kali order kemaren hari ini mendarat dgn selamat🥰 thank untuk kurir nya jga, 👍 btw order yg ke 2 x nya😁",5,0,"mantep 👍 cepat kali order kemaren hari ini mendarat dgn selamat🥰 thank untuk kurir nya jga, 👍 btw or...",Real,1.0,0.0,"{'contradiction': 0, 'template_language': 0, 'excessive_emotion': 0, 'gibberish_spam': 0, 'word_count': 24}",0.0
308,jenis kulit: sentif manfaat produk: nyaman di pakai bahan: lembut,5,0,jenis kulit: sentif manfaat produk: nyaman di pakai bahan: lembut,Real,1.0,0.0,"{'contradiction': 0, 'template_language': 0, 'excessive_emotion': 0, 'gibberish_spam': 0, 'word_count': 10}",0.0
309,bahan: kurang tau manfaat produk: mencerahkan dan melembabkan jenis kulit: normal,5,0,bahan: kurang tau manfaat produk: mencerahkan dan melembabkan jenis kulit: normal,Real,0.8,2.0,"{'contradiction': 0, 'template_language': 0, 'excessive_emotion': 0, 'gibberish_spam': 0, 'word_count': 11}",0.0
310,bahan: lembut manfaat produk: mencerahkan jenis kulit: normal,5,0,bahan: lembut manfaat produk: mencerahkan jenis kulit: normal,Real,1.0,0.0,"{'contradiction': 0, 'template_language': 0, 'excessive_emotion': 0, 'gibberish_spam': 0, 'word_count': 8}",0.0
311,sesuai mksih sller udh langganan beli di sinih,5,0,sesuai mksih sller udh langganan beli di sinih,Real,1.0,0.0,"{'contradiction': 0, 'template_language': 0, 'excessive_emotion': 0, 'gibberish_spam': 0, 'word_count': 8}",0.0
312,"di aq cocok banget,komedo q langsung bersih dan wajah aq makin cerah dan gak kering kayak kemaren",5,0,"di aq cocok banget,komedo q langsung bersih dan wajah aq makin cerah dan gak kering kayak kemaren",Real,1.0,0.0,"{'contradiction': 0, 'template_language': 0, 'excessive_emotion': 0, 'gibberish_spam': 0, 'word_count': 17}",0.0
313,"barang sdh sampai, kurir juga ramah, tapi sayang pengemasan barang kurang rapi, seharusnya di ksh wadah. biar keliatan rapi .jdu barangnya pas di buka. gk berantakan",5,0,"barang sdh sampai, kurir juga ramah, tapi sayang pengemasan barang kurang rapi, seharusnya di ksh wa...",Real,0.8,2.0,"{'contradiction': 0, 'template_language': 0, 'excessive_emotion': 0, 'gibberish_spam': 0, 'word_count': 26}",0.0
314,bahan: bagus manfaat produk: untuk wajah jenis kulit: untuk mencerahkan kulit,5,0,bahan: bagus manfaat produk: untuk wajah jenis kulit: untuk mencerahkan kulit,Real,1.0,0.0,"{'contradiction': 0, 'template_language': 0, 'excessive_emotion': 0, 'gibberish_spam': 0, 'word_count': 11}",0.0
315,alhamdulillah produk nya cocok di kulit anak saya brng ori toko nya amanah ..👍🏿,5,0,alhamdulillah produk nya cocok di kulit anak saya brng ori toko nya amanah ..👍🏿,Real,1.0,0.0,"{'contradiction': 0, 'template_language': 0, 'excessive_emotion': 0, 'gibberish_spam': 0, 'word_count': 14}",0.0
316,baru nyoba kalo flek hitam pudar beli lg,5,0,baru nyoba kalo flek hitam pudar beli lg,Real,1.0,0.0,"{'contradiction': 0, 'template_language': 0, 'excessive_emotion': 0, 'gibberish_spam': 0, 'word_count': 8}",0.0
317,barang kualitas terbaik material kualitas mantap pengiriman tercepat model barang ter istimewa tidak akan kecewa segera ambil barang nya top markoptop barang nya jos gand...,5,0,barang kualitas terbaik material kualitas mantap pengiriman tercepat model barang ter istimewa tidak...,Real,0.8,2.0,"{'contradiction': 0, 'template_language': 0, 'excessive_emotion': 0, 'gibberish_spam': 0, 'word_count': 25}",0.0
318,pengiriman cepat dan aman tp sayang kulit aq ga cocok pkainya..,5,0,pengiriman cepat dan aman tp sayang kulit aq ga cocok pkainya..,Real,1.0,0.0,"{'contradiction': 0, 'template_language': 0, 'excessive_emotion': 0, 'gibberish_spam': 0, 'word_count': 11}",0.0
319,akhirnya paketnya nyampek semoga cocok dgn kulit wajahku,3,0,akhirnya paketnya nyampek semoga cocok dgn kulit wajahku,Fake,0.802,4.05,"{'contradiction': 1, 'template_language': 0, 'excessive_emotion': 0, 'gibberish_spam': 0, 'word_count': 8}",0.349
320,kemasan rapi alhamdulillah sampe tidak ada kurang satu pun paking aman.. baru mau coba kalau cocok insyaallah pasti beli lagi,5,0,kemasan rapi alhamdulillah sampe tidak ada kurang satu pun paking aman.. baru mau coba kalau cocok i...,Real,0.8,2.0,"{'contradiction': 0, 'template_language': 0, 'excessive_emotion': 0, 'gibberish_spam': 0, 'word_count': 20}",0.0
321,"udh paket yg k2, cocok beneran bikin wajah lebih cerah, tokonya amanah kurirnya jg ramah",5,0,"udh paket yg k2, cocok beneran bikin wajah lebih cerah, tokonya amanah kurirnya jg ramah",Real,1.0,0.0,"{'contradiction': 0, 'template_language': 0, 'excessive_emotion': 0, 'gibberish_spam': 0, 'word_count': 15}",0.0
322,"barang sudah sampai, semoga cocok pakai ini😊,terima kasih",5,0,"barang sudah sampai, semoga cocok pakai ini😊,terima kasih",Fake,0.805,4.1,"{'contradiction': 1, 'template_language': 0, 'excessive_emotion': 0, 'gibberish_spam': 0, 'word_count': 8}",0.367
323,bahan: mantap manfaat produk: mencerahkan jenis kulit: semua jenis kulit,5,0,bahan: mantap manfaat produk: mencerahkan jenis kulit: semua jenis kulit,Real,1.0,0.0,"{'contradiction': 0, 'template_language': 0, 'excessive_emotion': 0, 'gibberish_spam': 0, 'word_count': 10}",0.0
324,"udah g perlu kata-kata lagi g2g emg paling oke, hehehe🥰",5,0,"udah g perlu kata-kata lagi g2g emg paling oke, hehehe🥰",Real,1.0,0.0,"{'contradiction': 0, 'template_language': 0, 'excessive_emotion': 0, 'gibberish_spam': 0, 'word_count': 10}",0.0
325,bahan: bagus manfaat produk: bagus jenis kulit: kuning langsat,5,0,bahan: bagus manfaat produk: bagus jenis kulit: kuning langsat,Real,1.0,0.0,"{'contradiction': 0, 'template_language': 0, 'excessive_emotion': 0, 'gibberish_spam': 0, 'word_count': 9}",0.0
326,baguss barang nyy dan cocok buatt sehari sehari,5,0,baguss barang nyy dan cocok buatt sehari sehari,Real,1.0,0.0,"{'contradiction': 0, 'template_language': 0, 'excessive_emotion': 0, 'gibberish_spam': 0, 'word_count': 8}",0.0
327,saya cocok dengan produk ini...halus di wajah saya...sudah lama juga pakai produk ini...makasih kak😊,5,0,saya cocok dengan produk ini...halus di wajah saya...sudah lama juga pakai produk ini...makasih kak😊,Real,1.0,0.0,"{'contradiction': 0, 'template_language': 0, 'excessive_emotion': 0, 'gibberish_spam': 0, 'word_count': 14}",0.0
328,tidak lengket dan manfaatnya sangat bagus untuk jenis kulit apa saja selagi cocok,5,0,tidak lengket dan manfaatnya sangat bagus untuk jenis kulit apa saja selagi cocok,Real,1.0,0.0,"{'contradiction': 0, 'template_language': 0, 'excessive_emotion': 0, 'gibberish_spam': 0, 'word_count': 13}",0.0
329,bahan bagus bermanfaat dan berguna untuk kulit dan bagus,5,0,bahan bagus bermanfaat dan berguna untuk kulit dan bagus,Real,1.0,0.0,"{'contradiction': 0, 'template_language': 0, 'excessive_emotion': 0, 'gibberish_spam': 0, 'word_count': 9}",0.0
330,bahan: cair manfaat produk: mencerahkan jenis kulit: semua jenis kulit,5,0,bahan: cair manfaat produk: mencerahkan jenis kulit: semua jenis kulit,Real,1.0,0.0,"{'contradiction': 0, 'template_language': 0, 'excessive_emotion': 0, 'gibberish_spam': 0, 'word_count': 10}",0.0
331,jenis kulit: kulit normal kulit berminyak,5,0,jenis kulit: kulit normal kulit berminyak,Real,1.0,0.0,"{'contradiction': 0, 'template_language': 0, 'excessive_emotion': 0, 'gibberish_spam': 0, 'word_count': 6}",0.0
332,paketnya sdh diterima peking bagus semoga cocok dgn produk ini,5,0,paketnya sdh diterima peking bagus semoga cocok dgn produk ini,Fake,0.803,4.07,"{'contradiction': 1, 'template_language': 0, 'excessive_emotion': 0, 'gibberish_spam': 0, 'word_count': 10}",0.356
333,mantap kualitas bagus harga murah sesuai lagi,5,0,mantap kualitas bagus harga murah sesuai lagi,Real,1.0,0.0,"{'contradiction': 0, 'template_language': 0, 'excessive_emotion': 0, 'gibberish_spam': 0, 'word_count': 7}",0.0
334,sudh paket ke 3 dan cocok di muka saya sudh ad perubahan manfaat produk: mencerahkan jenis kulit: sensitif,5,0,sudh paket ke 3 dan cocok di muka saya sudh ad perubahan manfaat produk: mencerahkan jenis kulit: se...,Real,1.0,0.0,"{'contradiction': 0, 'template_language': 0, 'excessive_emotion': 0, 'gibberish_spam': 0, 'word_count': 18}",0.0
335,"packingan amann, suka banget semoga cocok kakaa",5,0,"packingan amann, suka banget semoga cocok kakaa",Fake,0.815,4.31,"{'contradiction': 1, 'template_language': 0, 'excessive_emotion': 0, 'gibberish_spam': 0, 'word_count': 7}",0.436
336,alhamdulillah paket sudah sampe aman dan rapihe,5,0,alhamdulillah paket sudah sampe aman dan rapihe,Real,1.0,0.0,"{'contradiction': 0, 'template_language': 0, 'excessive_emotion': 0, 'gibberish_spam': 0, 'word_count': 7}",0.0
337,"barang bagus,packing rapi,pngiriman cepat",5,0,"barang bagus,packing rapi,pngiriman cepat",Real,0.9,1.0,"{'contradiction': 0, 'template_language': 0, 'excessive_emotion': 0, 'gibberish_spam': 0, 'word_count': 4}",0.0
338,lengkap semua sayang gak dapet tempat beda nya,5,0,lengkap semua sayang gak dapet tempat beda nya,Real,1.0,0.0,"{'contradiction': 0, 'template_language': 0, 'excessive_emotion': 0, 'gibberish_spam': 0, 'word_count': 8}",0.0
339,"kirain ukurannya gede,,ga taunya kecil"" 😪",5,0,"kirain ukurannya gede,,ga taunya kecil"" 😪",Real,1.0,0.0,"{'contradiction': 0, 'template_language': 0, 'excessive_emotion': 0, 'gibberish_spam': 0, 'word_count': 6}",0.0
340,"manfaat produk: scincare jenis kulit: ,normal",5,0,"manfaat produk: scincare jenis kulit: ,normal",Real,1.0,0.0,"{'contradiction': 0, 'template_language': 0, 'excessive_emotion': 0, 'gibberish_spam': 0, 'word_count': 6}",0.0
341,"mupangat produk: bagus banget mempengaruhi wajahku makin kesini makin bersih dan cerah karena memakai skincare ini, mantul banget",5,0,mupangat produk: bagus banget mempengaruhi wajahku makin kesini makin bersih dan cerah karena memaka...,Real,1.0,0.0,"{'contradiction': 0, 'template_language': 0, 'excessive_emotion': 0, 'gibberish_spam': 0, 'word_count': 18}",0.0
342,bahan: bagus manfaat produk: ok jenis kulit: ok,5,0,bahan: bagus manfaat produk: ok jenis kulit: ok,Real,1.0,0.0,"{'contradiction': 0, 'template_language': 0, 'excessive_emotion': 0, 'gibberish_spam': 0, 'word_count': 8}",0.0
343,semoga selalu cocok sama g2g sampe kapan pun udh mau jalan 1th make nya aman² nya dan cocok🫶🫰,5,0,semoga selalu cocok sama g2g sampe kapan pun udh mau jalan 1th make nya aman² nya dan cocok🫶🫰,Real,1.0,0.0,"{'contradiction': 0, 'template_language': 0, 'excessive_emotion': 0, 'gibberish_spam': 0, 'word_count': 18}",0.0
344,bahan: bagus sdh sering pesang manfaat produk: banyak menghaluskan dan menggelowingkan muka jenis kulit: semua jenis kulit,5,0,bahan: bagus sdh sering pesang manfaat produk: banyak menghaluskan dan menggelowingkan muka jenis ku...,Real,1.0,0.0,"{'contradiction': 0, 'template_language': 0, 'excessive_emotion': 0, 'gibberish_spam': 0, 'word_count': 17}",0.0
345,"bahan: lembut,harum manfaat produk: mencerahkan kulit wajah jenis kulit: kusam baru pertama coba semoga cocok dikulit wajah aku",5,0,"bahan: lembut,harum manfaat produk: mencerahkan kulit wajah jenis kulit: kusam baru pertama coba sem...",Fake,0.813,4.27,"{'contradiction': 1, 'template_language': 0, 'excessive_emotion': 0, 'gibberish_spam': 0, 'word_count': 18}",0.423
346,"manfaat produk: mencerahkan kulit saya jenis kulit: kusam, kering",5,0,"manfaat produk: mencerahkan kulit saya jenis kulit: kusam, kering",Real,1.0,0.0,"{'contradiction': 0, 'template_language': 0, 'excessive_emotion': 0, 'gibberish_spam': 0, 'word_count': 9}",0.0
347,"produk nya cepet bgt sampe nya dan di bungkus dgn aman,menurut saya produk nyaa sangat wangi dan mudah meresap",5,0,"produk nya cepet bgt sampe nya dan di bungkus dgn aman,menurut saya produk nyaa sangat wangi dan mud...",Real,1.0,0.0,"{'contradiction': 0, 'template_language': 0, 'excessive_emotion': 0, 'gibberish_spam': 0, 'word_count': 19}",0.0
348,baguss,5,0,baguss,Real,0.9,1.0,"{'contradiction': 0, 'template_language': 0, 'excessive_emotion': 0, 'gibberish_spam': 0, 'word_count': 1}",0.0
349,ahirnya aku menemukan produk yg cocok untuk muka ku yg susah cerah dan suka bruntusan. pemakaian yg ke 2alhamdulillah,5,0,ahirnya aku menemukan produk yg cocok untuk muka ku yg susah cerah dan suka bruntusan. pemakaian yg ...,Real,1.0,0.0,"{'contradiction': 0, 'template_language': 0, 'excessive_emotion': 0, 'gibberish_spam': 0, 'word_count': 19}",0.0
350,"maaf lupa foto, barang sesuai pesanan, tokoh amanah jgn ragu untuk beli, cocok untuk kulit.terima kasih",5,0,"maaf lupa foto, barang sesuai pesanan, tokoh amanah jgn ragu untuk beli, cocok untuk kulit.terima ka...",Real,1.0,0.0,"{'contradiction': 0, 'template_language': 0, 'excessive_emotion': 0, 'gibberish_spam': 0, 'word_count': 16}",0.0
351,manfaat produk: mencerahkan jenis kulit: normal,5,0,manfaat produk: mencerahkan jenis kulit: normal,Real,1.0,0.0,"{'contradiction': 0, 'template_language': 0, 'excessive_emotion': 0, 'gibberish_spam': 0, 'word_count': 6}",0.0
352,bahan: enak di pakai harum sabun nya juga banyak busa nya manfaat produk: mengencangkan mencerahkan membuat pori2 ku mengecil,5,0,bahan: enak di pakai harum sabun nya juga banyak busa nya manfaat produk: mengencangkan mencerahkan ...,Real,1.0,0.0,"{'contradiction': 0, 'template_language': 0, 'excessive_emotion': 0, 'gibberish_spam': 0, 'word_count': 19}",0.0
353,paket da sampe peking rapi smga aja cocok,5,0,paket da sampe peking rapi smga aja cocok,Real,1.0,0.0,"{'contradiction': 0, 'template_language': 0, 'excessive_emotion': 0, 'gibberish_spam': 0, 'word_count': 8}",0.0
354,"barang sudah di terima,, terima kasih semoga cocok,,",5,0,"barang sudah di terima,, terima kasih semoga cocok,,",Fake,0.801,4.02,"{'contradiction': 1, 'template_language': 0, 'excessive_emotion': 0, 'gibberish_spam': 0, 'word_count': 8}",0.339
355,awal nyoba mudah² an cocok yah buat lemula,5,0,awal nyoba mudah² an cocok yah buat lemula,Real,1.0,0.0,"{'contradiction': 0, 'template_language': 0, 'excessive_emotion': 0, 'gibberish_spam': 0, 'word_count': 8}",0.0
356,bahan: bagus manfaat produk: mencerahkan jenis kulit: sawo matang,5,0,bahan: bagus manfaat produk: mencerahkan jenis kulit: sawo matang,Real,1.0,0.0,"{'contradiction': 0, 'template_language': 0, 'excessive_emotion': 0, 'gibberish_spam': 0, 'word_count': 9}",0.0
357,sudah smpk pktnya ad bnr2 mantep skli,5,0,sudah smpk pktnya ad bnr2 mantep skli,Real,1.0,0.0,"{'contradiction': 0, 'template_language': 0, 'excessive_emotion': 0, 'gibberish_spam': 0, 'word_count': 7}",0.0
358,"untuk pemula seperti sya,produk ini baik dan bagus banget!",4,0,"untuk pemula seperti sya,produk ini baik dan bagus banget!",Real,1.0,0.0,"{'contradiction': 0, 'template_language': 0, 'excessive_emotion': 0, 'gibberish_spam': 0, 'word_count': 9}",0.0
359,"paket sudah sampai dengan aman tidak ada yg pecah, terimakasih 🙏 bahan: bagus manfaat produk: mencerahkan kulit wajah",5,0,"paket sudah sampai dengan aman tidak ada yg pecah, terimakasih 🙏 bahan: bagus manfaat produk: mencer...",Real,1.0,0.0,"{'contradiction': 0, 'template_language': 0, 'excessive_emotion': 0, 'gibberish_spam': 0, 'word_count': 18}",0.0
360,"bahan: lembut cocok di kulit saya manfaat produk: mencerahkan, melembabkan",5,0,"bahan: lembut cocok di kulit saya manfaat produk: mencerahkan, melembabkan",Real,1.0,0.0,"{'contradiction': 0, 'template_language': 0, 'excessive_emotion': 0, 'gibberish_spam': 0, 'word_count': 10}",0.0
361,manfaat produk: mencerahkan wajah jenis kulit: berminyak bahan: lembut,5,0,manfaat produk: mencerahkan wajah jenis kulit: berminyak bahan: lembut,Real,1.0,0.0,"{'contradiction': 0, 'template_language': 0, 'excessive_emotion': 0, 'gibberish_spam': 0, 'word_count': 9}",0.0
362,alhamdulillah tokonya amanah semoga selalu amanah🥰,5,0,alhamdulillah tokonya amanah semoga selalu amanah🥰,Real,1.0,0.0,"{'contradiction': 0, 'template_language': 0, 'excessive_emotion': 0, 'gibberish_spam': 0, 'word_count': 6}",0.0
363,packing ok pengiriman ok produk baru mau mencoba semoga cocok makasih kak sudah di terima dengan baik....,5,0,packing ok pengiriman ok produk baru mau mencoba semoga cocok makasih kak sudah di terima dengan bai...,Fake,0.802,4.05,"{'contradiction': 1, 'template_language': 0, 'excessive_emotion': 0, 'gibberish_spam': 0, 'word_count': 17}",0.349
364,sudah order ke 2kalinya masya allah smoga ccok trus,5,0,sudah order ke 2kalinya masya allah smoga ccok trus,Real,1.0,0.0,"{'contradiction': 0, 'template_language': 0, 'excessive_emotion': 0, 'gibberish_spam': 0, 'word_count': 9}",0.0
365,order ke2 kalinya.. cocok di kulit. bikin cerah,5,0,order ke2 kalinya.. cocok di kulit. bikin cerah,Real,1.0,0.0,"{'contradiction': 0, 'template_language': 0, 'excessive_emotion': 0, 'gibberish_spam': 0, 'word_count': 8}",0.0
366,bagus pake yg ini bisa buat jerawat ilang lo aku udah pake 5bulanan alhamdulillah bersih ga datang lagi jerawat plus muka putihan,5,0,bagus pake yg ini bisa buat jerawat ilang lo aku udah pake 5bulanan alhamdulillah bersih ga datang l...,Real,1.0,0.0,"{'contradiction': 0, 'template_language': 0, 'excessive_emotion': 0, 'gibberish_spam': 0, 'word_count': 22}",0.0
367,bagus aku sangat cocok. jenis kulit: klik aku kering,5,0,bagus aku sangat cocok. jenis kulit: klik aku kering,Real,1.0,0.0,"{'contradiction': 0, 'template_language': 0, 'excessive_emotion': 0, 'gibberish_spam': 0, 'word_count': 9}",0.0
368,"baru pertama nyoba si.... semoga aman dan cocok buat aku yg masih hamil. pengirimannya cepat, makasih seller dan kurir 👍🏻",4,0,"baru pertama nyoba si.... semoga aman dan cocok buat aku yg masih hamil. pengirimannya cepat, makasi...",Real,1.0,0.0,"{'contradiction': 0, 'template_language': 0, 'excessive_emotion': 0, 'gibberish_spam': 0, 'word_count': 20}",0.0
369,manfaat produk: semoga cocok jenis kulit: berflekk bahan: bagus,5,0,manfaat produk: semoga cocok jenis kulit: berflekk bahan: bagus,Fake,0.812,4.23,"{'contradiction': 1, 'template_language': 0, 'excessive_emotion': 0, 'gibberish_spam': 0, 'word_count': 9}",0.411
370,"bagus,kemasan juga rapi,sesuai dg jenis kulitnya",5,0,"bagus,kemasan juga rapi,sesuai dg jenis kulitnya",Real,1.0,0.0,"{'contradiction': 0, 'template_language': 0, 'excessive_emotion': 0, 'gibberish_spam': 0, 'word_count': 6}",0.0
371,terimakasih paket sudah dtg semoga cocok kurir ramah,5,0,terimakasih paket sudah dtg semoga cocok kurir ramah,Fake,0.805,4.11,"{'contradiction': 1, 'template_language': 0, 'excessive_emotion': 0, 'gibberish_spam': 0, 'word_count': 8}",0.368
372,"suka banget sama produk ini,baru beberapa hari pemakaian sudah ada perubahan💯",5,0,"suka banget sama produk ini,baru beberapa hari pemakaian sudah ada perubahan💯",Real,1.0,0.0,"{'contradiction': 0, 'template_language': 0, 'excessive_emotion': 0, 'gibberish_spam': 0, 'word_count': 11}",0.0
373,bahan bagus sangat bermanfaat untuk kulitku,5,0,bahan bagus sangat bermanfaat untuk kulitku,Real,1.0,0.0,"{'contradiction': 0, 'template_language': 0, 'excessive_emotion': 0, 'gibberish_spam': 0, 'word_count': 6}",0.0
374,manfaat produk: mencerahkan dan melembabkan. wajah terasa lebih lembut dan halus setelah memakai satu set g2g pink! sukaaa bangett!! 💖💖⭐⭐⭐⭐⭐,5,0,manfaat produk: mencerahkan dan melembabkan. wajah terasa lebih lembut dan halus setelah memakai sat...,Fake,0.906,6.12,"{'contradiction': 0, 'template_language': 0, 'excessive_emotion': 0, 'gibberish_spam': 1, 'word_count': 20}",0.373
375,beda yang datang saya pesan warna pink toner dan sabun muka koq datang ungu dan kuning,2,0,beda yang datang saya pesan warna pink toner dan sabun muka koq datang ungu dan kuning,Real,1.0,0.0,"{'contradiction': 0, 'template_language': 0, 'excessive_emotion': 0, 'gibberish_spam': 0, 'word_count': 16}",0.0
376,"pengiriman cepat, pekingnya rapih bgt sampe 3lapis bblecrep keren, sukses seller terimakasih 👍",5,0,"pengiriman cepat, pekingnya rapih bgt sampe 3lapis bblecrep keren, sukses seller terimakasih 👍",Real,1.0,0.0,"{'contradiction': 0, 'template_language': 0, 'excessive_emotion': 0, 'gibberish_spam': 0, 'word_count': 13}",0.0
377,"pertama kali beli,,semoga cocok dan istiqomah pake ini,, gak ganti²",5,0,"pertama kali beli,,semoga cocok dan istiqomah pake ini,, gak ganti²",Fake,0.792,3.83,"{'contradiction': 1, 'template_language': 0, 'excessive_emotion': 0, 'gibberish_spam': 0, 'word_count': 10}",0.277
378,barang ny sesuai deskripsi ok sblm ny ud pake cma beli ny gk di toko ini hehe.....semoga bisa jd langganan ya makasih,5,0,barang ny sesuai deskripsi ok sblm ny ud pake cma beli ny gk di toko ini hehe.....semoga bisa jd lan...,Fake,0.914,6.28,"{'contradiction': 0, 'template_language': 0, 'excessive_emotion': 0, 'gibberish_spam': 1, 'word_count': 22}",0.425
379,"bagus2 semua produk nya, pertama kali coba mudaha2an cocok, aku sekali co langsng ambil banyak krn dpt banyak diskon dan gratis ongkir",5,0,"bagus2 semua produk nya, pertama kali coba mudaha2an cocok, aku sekali co langsng ambil banyak krn d...",Real,1.0,0.0,"{'contradiction': 0, 'template_language': 0, 'excessive_emotion': 0, 'gibberish_spam': 0, 'word_count': 22}",0.0
380,bagus bngt dan bikin kulit cerah dan lembut kenyal,5,0,bagus bngt dan bikin kulit cerah dan lembut kenyal,Real,1.0,0.0,"{'contradiction': 0, 'template_language': 0, 'excessive_emotion': 0, 'gibberish_spam': 0, 'word_count': 9}",0.0
381,bagus sesuai pesanan pengiriman cepat kurirpun ramah dan cepat untuk mengantarkan,5,0,bagus sesuai pesanan pengiriman cepat kurirpun ramah dan cepat untuk mengantarkan,Real,1.0,0.0,"{'contradiction': 0, 'template_language': 0, 'excessive_emotion': 0, 'gibberish_spam': 0, 'word_count': 11}",0.0
382,"pengiriman sangat cepat,dan yg datang pun sesuai pesanan makasih,semoga tokonya selalu amanah dan sukses selalu👍",5,0,"pengiriman sangat cepat,dan yg datang pun sesuai pesanan makasih,semoga tokonya selalu amanah dan su...",Fake,0.764,3.28,"{'contradiction': 0, 'template_language': 1, 'excessive_emotion': 0, 'gibberish_spam': 0, 'word_count': 15}",0.425
383,baru sampe paket g2g kuy 🥰thankyou ya 🙏🏻,5,0,baru sampe paket g2g kuy 🥰thankyou ya 🙏🏻,Real,1.0,0.0,"{'contradiction': 0, 'template_language': 0, 'excessive_emotion': 0, 'gibberish_spam': 0, 'word_count': 8}",0.0
384,"baru pertama kali coba semoga cocok, packing semua rapi bagus dan tiba tepat waktu",5,0,"baru pertama kali coba semoga cocok, packing semua rapi bagus dan tiba tepat waktu",Fake,0.812,4.24,"{'contradiction': 1, 'template_language': 0, 'excessive_emotion': 0, 'gibberish_spam': 0, 'word_count': 14}",0.415
385,datang cepet aman .dan ini pemakaian oaket ke dua alhamdulillah cocok.diqajah seger lembab gk.kering honus bersih..admin cepat suka dehh nanti kalo habiss pesan lagi ❤️❤️...,5,0,datang cepet aman .dan ini pemakaian oaket ke dua alhamdulillah cocok.diqajah seger lembab gk.kering...,Real,1.0,0.0,"{'contradiction': 0, 'template_language': 0, 'excessive_emotion': 0, 'gibberish_spam': 0, 'word_count': 25}",0.0
386,produknya ori dan bagus bngtttttt ak suka tokonya amanah next order lagi 😙,5,0,produknya ori dan bagus bngtttttt ak suka tokonya amanah next order lagi 😙,Fake,0.9,5.99,"{'contradiction': 0, 'template_language': 0, 'excessive_emotion': 0, 'gibberish_spam': 1, 'word_count': 13}",0.331
387,seller gercep beli bundle gini lbh murah jdnya ud cocok pake ini mantap,5,0,seller gercep beli bundle gini lbh murah jdnya ud cocok pake ini mantap,Real,1.0,0.0,"{'contradiction': 0, 'template_language': 0, 'excessive_emotion': 0, 'gibberish_spam': 0, 'word_count': 13}",0.0
388,paket nya usdah sampai kk terima kasih dan kurilnya juga ramah,5,0,paket nya usdah sampai kk terima kasih dan kurilnya juga ramah,Real,1.0,0.0,"{'contradiction': 0, 'template_language': 0, 'excessive_emotion': 0, 'gibberish_spam': 0, 'word_count': 11}",0.0
389,"paketku sudah dtg,,smoga cocok diaku.",4,0,"paketku sudah dtg,,smoga cocok diaku.",Real,0.9,1.0,"{'contradiction': 0, 'template_language': 0, 'excessive_emotion': 0, 'gibberish_spam': 0, 'word_count': 5}",0.0
390,bagus tapi tinggal bunggkusnya aja krna isinya udah di ambil adik aku,5,0,bagus tapi tinggal bunggkusnya aja krna isinya udah di ambil adik aku,Real,1.0,0.0,"{'contradiction': 0, 'template_language': 0, 'excessive_emotion': 0, 'gibberish_spam': 0, 'word_count': 12}",0.0
391,blom di coba karna stok masih banyak barang udah nyampek lama cuman baru ngulas gak sempet barang sesuai pesenan,5,0,blom di coba karna stok masih banyak barang udah nyampek lama cuman baru ngulas gak sempet barang se...,Real,1.0,0.0,"{'contradiction': 0, 'template_language': 0, 'excessive_emotion': 0, 'gibberish_spam': 0, 'word_count': 19}",0.0
392,alhamdulillah barangnya sdh sampai peking nya rapi,5,0,alhamdulillah barangnya sdh sampai peking nya rapi,Real,1.0,0.0,"{'contradiction': 0, 'template_language': 0, 'excessive_emotion': 0, 'gibberish_spam': 0, 'word_count': 7}",0.0
393,bahan: nice manfaat produk: nice jenis kulit: lembab,5,0,bahan: nice manfaat produk: nice jenis kulit: lembab,Real,1.0,0.0,"{'contradiction': 0, 'template_language': 0, 'excessive_emotion': 0, 'gibberish_spam': 0, 'word_count': 8}",0.0
394,"barang nya aman bagus, tapi sayang kcewa bngt kali ini sama kurir nya..😡 bukan kurir yg biasa nya sih emng",4,0,"barang nya aman bagus, tapi sayang kcewa bngt kali ini sama kurir nya..😡 bukan kurir yg biasa nya si...",Real,1.0,0.0,"{'contradiction': 0, 'template_language': 0, 'excessive_emotion': 0, 'gibberish_spam': 0, 'word_count': 20}",0.0
395,baru detang langsung gua coba adem face wash nya sama mois nya moga ngefek langsung aja co dsini jan ragu gays (bukan buzzer),5,0,baru detang langsung gua coba adem face wash nya sama mois nya moga ngefek langsung aja co dsini jan...,Real,1.0,0.0,"{'contradiction': 0, 'template_language': 0, 'excessive_emotion': 0, 'gibberish_spam': 0, 'word_count': 23}",0.0
396,"pertama kali.beli paket lengkap kayak gini, ini sampel buat affiliateku ka, aku ada 2 akun lagi termasuk akun inj 3 semoga gacor heheb",5,0,"pertama kali.beli paket lengkap kayak gini, ini sampel buat affiliateku ka, aku ada 2 akun lagi term...",Real,1.0,0.0,"{'contradiction': 0, 'template_language': 0, 'excessive_emotion': 0, 'gibberish_spam': 0, 'word_count': 23}",0.0
397,baru mau nyoba mudah mudahan cocok,5,0,baru mau nyoba mudah mudahan cocok,Real,1.0,0.0,"{'contradiction': 0, 'template_language': 0, 'excessive_emotion': 0, 'gibberish_spam': 0, 'word_count': 6}",0.0
398,bagus produknya ori,5,0,bagus produknya ori,Real,0.9,1.0,"{'contradiction': 0, 'template_language': 0, 'excessive_emotion': 0, 'gibberish_spam': 0, 'word_count': 3}",0.0
399,pemula pakai ini baru 1 minggu belum terlihat hasilnya,5,0,pemula pakai ini baru 1 minggu belum terlihat hasilnya,Real,1.0,0.0,"{'contradiction': 0, 'template_language': 0, 'excessive_emotion': 0, 'gibberish_spam': 0, 'word_count': 9}",0.0
400,produk ini tuh bagus banget... marketingnta gak berisik tapi gong abis,5,0,produk ini tuh bagus banget... marketingnta gak berisik tapi gong abis,Real,1.0,0.0,"{'contradiction': 0, 'template_language': 0, 'excessive_emotion': 0, 'gibberish_spam': 0, 'word_count': 11}",0.0
401,"cepat sekali sampenya, batang lengkap, makasi seller.",5,0,"cepat sekali sampenya, batang lengkap, makasi seller.",Real,1.0,0.0,"{'contradiction': 0, 'template_language': 0, 'excessive_emotion': 0, 'gibberish_spam': 0, 'word_count': 7}",0.0
402,mantap... kiriman lengkap dan inak di pakai,5,0,mantap... kiriman lengkap dan inak di pakai,Real,1.0,0.0,"{'contradiction': 0, 'template_language': 0, 'excessive_emotion': 0, 'gibberish_spam': 0, 'word_count': 7}",0.0
403,udah sampe cepet banget moga cocok,3,0,udah sampe cepet banget moga cocok,Real,1.0,0.0,"{'contradiction': 0, 'template_language': 0, 'excessive_emotion': 0, 'gibberish_spam': 0, 'word_count': 6}",0.0
404,"sesuai ekspektasi, pengiriman nya juga cepat 👍",5,0,"sesuai ekspektasi, pengiriman nya juga cepat 👍",Real,1.0,0.0,"{'contradiction': 0, 'template_language': 0, 'excessive_emotion': 0, 'gibberish_spam': 0, 'word_count': 7}",0.0
405,manfaat produk: bagus banget untuk wajah berminyak sudah habis 2pot sudah ada hasil 👍👍,5,0,manfaat produk: bagus banget untuk wajah berminyak sudah habis 2pot sudah ada hasil 👍👍,Real,1.0,0.0,"{'contradiction': 0, 'template_language': 0, 'excessive_emotion': 0, 'gibberish_spam': 0, 'word_count': 14}",0.0
406,"amanah, pertama kali nyoba pake skincare,semoga cocok🤭",5,0,"amanah, pertama kali nyoba pake skincare,semoga cocok🤭",Fake,0.812,4.24,"{'contradiction': 1, 'template_language': 0, 'excessive_emotion': 0, 'gibberish_spam': 0, 'word_count': 7}",0.413
407,wowww gak espek bangett produk sesuai ekspektasi kitaa,5,0,wowww gak espek bangett produk sesuai ekspektasi kitaa,Real,1.0,0.0,"{'contradiction': 0, 'template_language': 0, 'excessive_emotion': 0, 'gibberish_spam': 0, 'word_count': 8}",0.0
408,sangat tepat waktu bangett so cuteee😍,5,0,sangat tepat waktu bangett so cuteee😍,Real,1.0,0.0,"{'contradiction': 0, 'template_language': 0, 'excessive_emotion': 0, 'gibberish_spam': 0, 'word_count': 6}",0.0
409,"produk langganan aku, yg bikin kulit cerah dan sehat😍😍",5,0,"produk langganan aku, yg bikin kulit cerah dan sehat😍😍",Real,1.0,0.0,"{'contradiction': 0, 'template_language': 0, 'excessive_emotion': 0, 'gibberish_spam': 0, 'word_count': 9}",0.0
410,sesuai banget ..perdana pakek semoga cocok,4,0,sesuai banget ..perdana pakek semoga cocok,Fake,0.81,4.2,"{'contradiction': 1, 'template_language': 0, 'excessive_emotion': 0, 'gibberish_spam': 0, 'word_count': 6}",0.398
411,barang udah datang udah aku coba tapi kenapa palah tumbuh jerawat banyak dan gatal di kulit apa di kulit ku gak cocok,4,0,barang udah datang udah aku coba tapi kenapa palah tumbuh jerawat banyak dan gatal di kulit apa di k...,Real,1.0,0.0,"{'contradiction': 0, 'template_language': 0, 'excessive_emotion': 0, 'gibberish_spam': 0, 'word_count': 22}",0.0
412,udh dua kali pemakaian semoga tambah cocok,5,0,udh dua kali pemakaian semoga tambah cocok,Real,1.0,0.0,"{'contradiction': 0, 'template_language': 0, 'excessive_emotion': 0, 'gibberish_spam': 0, 'word_count': 7}",0.0
413,barang nya sesuai dengan di gambar dan amanah,5,0,barang nya sesuai dengan di gambar dan amanah,Real,1.0,0.0,"{'contradiction': 0, 'template_language': 0, 'excessive_emotion': 0, 'gibberish_spam': 0, 'word_count': 8}",0.0
414,bagus banget produknya g2g cocok dimuka aku. bkin glowing🥰🫶🏻,5,0,bagus banget produknya g2g cocok dimuka aku. bkin glowing🥰🫶🏻,Real,1.0,0.0,"{'contradiction': 0, 'template_language': 0, 'excessive_emotion': 1, 'gibberish_spam': 0, 'word_count': 9}",0.0
415,"barangnya bagus,,sya baru sekali coba semoga cocok di kulitku",5,0,"barangnya bagus,,sya baru sekali coba semoga cocok di kulitku",Fake,0.804,4.09,"{'contradiction': 1, 'template_language': 0, 'excessive_emotion': 0, 'gibberish_spam': 0, 'word_count': 9}",0.363
416,bikin lembab d.kulit.. sudah cocok pke produk ini ..mantul pkoknya 👍,5,0,bikin lembab d.kulit.. sudah cocok pke produk ini ..mantul pkoknya 👍,Real,1.0,0.0,"{'contradiction': 0, 'template_language': 0, 'excessive_emotion': 0, 'gibberish_spam': 0, 'word_count': 11}",0.0
417,bagus si tp yg cleanser bocor pas sampe😮‍💨,5,0,bagus si tp yg cleanser bocor pas sampe😮‍💨,Real,1.0,0.0,"{'contradiction': 0, 'template_language': 0, 'excessive_emotion': 0, 'gibberish_spam': 0, 'word_count': 8}",0.0
418,baru nyobain semoga anak ku cocok pake skincarenya,5,0,baru nyobain semoga anak ku cocok pake skincarenya,Real,1.0,0.0,"{'contradiction': 0, 'template_language': 0, 'excessive_emotion': 0, 'gibberish_spam': 0, 'word_count': 8}",0.0
419,"pesanan nya sesuai,ngga mengecewakan semoga cocok ya di aku yg masih pemula ini🙏😊",5,0,"pesanan nya sesuai,ngga mengecewakan semoga cocok ya di aku yg masih pemula ini🙏😊",Fake,0.89,5.8,"{'contradiction': 1, 'template_language': 0, 'excessive_emotion': 0, 'gibberish_spam': 0, 'word_count': 13}",0.266
420,"manfaat produk: bagus banget untuk mencerahkan wajah alhamdulillah cocok banget dikulit aku, dan udah berlangganan.",5,0,"manfaat produk: bagus banget untuk mencerahkan wajah alhamdulillah cocok banget dikulit aku, dan uda...",Real,1.0,0.0,"{'contradiction': 0, 'template_language': 0, 'excessive_emotion': 0, 'gibberish_spam': 0, 'word_count': 15}",0.0
421,baik,5,0,baik,Fake,0.95,7.16,"{'contradiction': 0, 'template_language': 0, 'excessive_emotion': 0, 'gibberish_spam': 1, 'word_count': 1}",0.388
422,"puas buangett kakk,87k an udah dapet pcs, dteng nya juga cepet, gaak ada mines nya sama sekali, pokoknya luvluv deh buat tokonyaa😃😃",5,0,"puas buangett kakk,87k an udah dapet pcs, dteng nya juga cepet, gaak ada mines nya sama sekali, poko...",Real,1.0,0.0,"{'contradiction': 0, 'template_language': 0, 'excessive_emotion': 0, 'gibberish_spam': 0, 'word_count': 22}",0.0
423,pertama kali nyoba mudah2an cocok,5,0,pertama kali nyoba mudah2an cocok,Real,0.9,1.0,"{'contradiction': 0, 'template_language': 0, 'excessive_emotion': 0, 'gibberish_spam': 0, 'word_count': 5}",0.0
424,"kemasan ok blm d pake mudh""n cocok",4,0,"kemasan ok blm d pake mudh""n cocok",Real,1.0,0.0,"{'contradiction': 0, 'template_language': 0, 'excessive_emotion': 0, 'gibberish_spam': 0, 'word_count': 7}",0.0
425,"pengiriman aman cepat sampai, first time coba g2g semoga cocok ya next kalo cocok aku pasti balik order lagi",5,0,"pengiriman aman cepat sampai, first time coba g2g semoga cocok ya next kalo cocok aku pasti balik or...",Fake,0.801,4.02,"{'contradiction': 1, 'template_language': 0, 'excessive_emotion': 0, 'gibberish_spam': 0, 'word_count': 19}",0.34
426,baru saya ulas karna sy coba dulu setelah 1minggu pemakaian wajah sy ad perubahan kok lebih cerah alhamdulillah cocok,5,0,baru saya ulas karna sy coba dulu setelah 1minggu pemakaian wajah sy ad perubahan kok lebih cerah al...,Real,1.0,0.0,"{'contradiction': 0, 'template_language': 0, 'excessive_emotion': 0, 'gibberish_spam': 0, 'word_count': 19}",0.0
427,dari kesekian produk yg aku pakai gk ada yg cock....ampe di g2glow baru bisa menjawab keluhan kulit ku.jatuh cinta banget ma produk ini,5,0,dari kesekian produk yg aku pakai gk ada yg cock....ampe di g2glow baru bisa menjawab keluhan kulit ...,Real,1.0,0.0,"{'contradiction': 0, 'template_language': 0, 'excessive_emotion': 0, 'gibberish_spam': 0, 'word_count': 23}",0.0
428,manfaat produk: bikin kulit kalian glowing!!,5,0,manfaat produk: bikin kulit kalian glowing!!,Real,1.0,0.0,"{'contradiction': 0, 'template_language': 0, 'excessive_emotion': 0, 'gibberish_spam': 0, 'word_count': 6}",0.0
429,alhamdulillah paket nya sudah dateng moga aja cocok,4,0,alhamdulillah paket nya sudah dateng moga aja cocok,Real,1.0,0.0,"{'contradiction': 0, 'template_language': 0, 'excessive_emotion': 0, 'gibberish_spam': 0, 'word_count': 8}",0.0
430,"paket sudah dateng,semoga cocok dikulitkuu 🫶🏻",4,0,"paket sudah dateng,semoga cocok dikulitkuu 🫶🏻",Fake,0.802,4.04,"{'contradiction': 1, 'template_language': 0, 'excessive_emotion': 0, 'gibberish_spam': 0, 'word_count': 6}",0.348
431,"alhamdulillah paket datang dengan kondisi baik, barang sesuai pesanan, baru coba sepakat gini, bismillah semoga cocok 🤗",5,0,"alhamdulillah paket datang dengan kondisi baik, barang sesuai pesanan, baru coba sepakat gini, bismi...",Fake,0.808,4.15,"{'contradiction': 1, 'template_language': 0, 'excessive_emotion': 0, 'gibberish_spam': 0, 'word_count': 17}",0.384
432,pecah,3,0,pecah,Fake,0.95,7.24,"{'contradiction': 0, 'template_language': 0, 'excessive_emotion': 0, 'gibberish_spam': 1, 'word_count': 1}",0.414
433,pengiriman cepat pakai j&t. produk sesuai dg yg dibeli. terima kasih,5,0,pengiriman cepat pakai j&t. produk sesuai dg yg dibeli. terima kasih,Real,1.0,0.0,"{'contradiction': 0, 'template_language': 0, 'excessive_emotion': 0, 'gibberish_spam': 0, 'word_count': 11}",0.0
434,paket sempel di terima dngn baik thanks for glad2 glow🙏❤️😘🥰,5,0,paket sempel di terima dngn baik thanks for glad2 glow🙏❤️😘🥰,Real,1.0,0.0,"{'contradiction': 0, 'template_language': 0, 'excessive_emotion': 0, 'gibberish_spam': 0, 'word_count': 10}",0.0
435,"bru coba body lotion nya... mdah""n ccok",5,0,"bru coba body lotion nya... mdah""n ccok",Real,1.0,0.0,"{'contradiction': 0, 'template_language': 0, 'excessive_emotion': 0, 'gibberish_spam': 0, 'word_count': 7}",0.0
436,manfaat produk: mencerahkan wajah..mantull,5,0,manfaat produk: mencerahkan wajah..mantull,Real,0.9,1.0,"{'contradiction': 0, 'template_language': 0, 'excessive_emotion': 0, 'gibberish_spam': 0, 'word_count': 4}",0.0
437,"maaf baru kasih ulasan, barang nyampe dengan slamat karena packingnya rapi, semoga cocok dan ada hasil dikulit aku, buat toko slalu amanah, buat kurir slalu ramah",5,0,"maaf baru kasih ulasan, barang nyampe dengan slamat karena packingnya rapi, semoga cocok dan ada has...",Fake,0.813,4.27,"{'contradiction': 1, 'template_language': 0, 'excessive_emotion': 0, 'gibberish_spam': 0, 'word_count': 26}",0.423
438,manfaat produk: mencerahkan jenis kulit: kusam,5,0,manfaat produk: mencerahkan jenis kulit: kusam,Real,1.0,0.0,"{'contradiction': 0, 'template_language': 0, 'excessive_emotion': 0, 'gibberish_spam': 0, 'word_count': 6}",0.0
439,"cocok d kulit, menghilangkan flek2 hitam d wajah, mencerah kan wajah kusam",5,0,"cocok d kulit, menghilangkan flek2 hitam d wajah, mencerah kan wajah kusam",Real,1.0,0.0,"{'contradiction': 0, 'template_language': 0, 'excessive_emotion': 0, 'gibberish_spam': 0, 'word_count': 12}",0.0
440,manfaat produk: membersihkan muka jenis kulit: semua,5,0,manfaat produk: membersihkan muka jenis kulit: semua,Real,1.0,0.0,"{'contradiction': 0, 'template_language': 0, 'excessive_emotion': 0, 'gibberish_spam': 0, 'word_count': 7}",0.0
441,bahan: lembut dingin,5,0,bahan: lembut dingin,Real,0.9,1.0,"{'contradiction': 0, 'template_language': 0, 'excessive_emotion': 0, 'gibberish_spam': 0, 'word_count': 3}",0.0
442,"jenis kulit: jenis kulit aku berminyak alhamdulillah setelah pakek sudah agak berkurang,,, mudah²n cocok di kulit badak aku😉😉",5,0,"jenis kulit: jenis kulit aku berminyak alhamdulillah setelah pakek sudah agak berkurang,,, mudah²n c...",Real,0.8,2.0,"{'contradiction': 0, 'template_language': 0, 'excessive_emotion': 0, 'gibberish_spam': 0, 'word_count': 18}",0.0
443,"barang sih bagus, tpi syang yg d pesan 4 pcs yg dtang cuma 2 pcs. kecwa sih, udh komplen juga tpi ttp yg sisa nya gk d kirim",3,0,"barang sih bagus, tpi syang yg d pesan 4 pcs yg dtang cuma 2 pcs. kecwa sih, udh komplen juga tpi tt...",Real,1.0,0.0,"{'contradiction': 0, 'template_language': 0, 'excessive_emotion': 0, 'gibberish_spam': 0, 'word_count': 28}",0.0
444,pengiriman cpt dan packingan rapi.aman sampe ditempat.mksh,5,0,pengiriman cpt dan packingan rapi.aman sampe ditempat.mksh,Real,1.0,0.0,"{'contradiction': 0, 'template_language': 0, 'excessive_emotion': 0, 'gibberish_spam': 0, 'word_count': 7}",0.0
445,manfaat produk: cocok untuk kulit wajah saya,5,0,manfaat produk: cocok untuk kulit wajah saya,Real,1.0,0.0,"{'contradiction': 0, 'template_language': 0, 'excessive_emotion': 0, 'gibberish_spam': 0, 'word_count': 7}",0.0
446,alhamdulillah paket udh datang baru kemaren pesen sekarng udh datang,5,0,alhamdulillah paket udh datang baru kemaren pesen sekarng udh datang,Real,1.0,0.0,"{'contradiction': 0, 'template_language': 0, 'excessive_emotion': 0, 'gibberish_spam': 0, 'word_count': 10}",0.0
447,manfaat produk: pokonya bagus banget de di kulitku,5,0,manfaat produk: pokonya bagus banget de di kulitku,Real,1.0,0.0,"{'contradiction': 0, 'template_language': 0, 'excessive_emotion': 0, 'gibberish_spam': 0, 'word_count': 8}",0.0
448,"barang nya sangat2 word tik,, pokok nya ngk nyesel belanja ditoko ini.",5,0,"barang nya sangat2 word tik,, pokok nya ngk nyesel belanja ditoko ini.",Real,1.0,0.0,"{'contradiction': 0, 'template_language': 0, 'excessive_emotion': 0, 'gibberish_spam': 0, 'word_count': 12}",0.0
449,barang udh dtng bgus cocok buat anaku selalu pke perduk ini,5,0,barang udh dtng bgus cocok buat anaku selalu pke perduk ini,Real,1.0,0.0,"{'contradiction': 0, 'template_language': 0, 'excessive_emotion': 0, 'gibberish_spam': 0, 'word_count': 11}",0.0
450,ini orderan yg ke 2 trnyata emg sebagus itu di muka jdi bersih dn cerah,5,0,ini orderan yg ke 2 trnyata emg sebagus itu di muka jdi bersih dn cerah,Real,1.0,0.0,"{'contradiction': 0, 'template_language': 0, 'excessive_emotion': 0, 'gibberish_spam': 0, 'word_count': 15}",0.0
451,"maaf baru kasi ulasan, alhamdulillah baru pertama kali coba moga cocok sperti yg diharapkan, kurir sangat baik",4,0,"maaf baru kasi ulasan, alhamdulillah baru pertama kali coba moga cocok sperti yg diharapkan, kurir s...",Real,1.0,0.0,"{'contradiction': 0, 'template_language': 0, 'excessive_emotion': 0, 'gibberish_spam': 0, 'word_count': 17}",0.0
452,barang tiba dengan baik alhamdulillah cocok ke kulit wajahku,4,0,barang tiba dengan baik alhamdulillah cocok ke kulit wajahku,Real,1.0,0.0,"{'contradiction': 0, 'template_language': 0, 'excessive_emotion': 0, 'gibberish_spam': 0, 'word_count': 9}",0.0
453,"alhamdulillah setelah cck bgt d muka sy selama ini muka sy beruntusan,flek hitam jg,sy pakai yg putih,sm yg pink ini cck mauka makin cerah kenyal smg trs cck",5,0,"alhamdulillah setelah cck bgt d muka sy selama ini muka sy beruntusan,flek hitam jg,sy pakai yg puti...",Real,1.0,0.0,"{'contradiction': 0, 'template_language': 0, 'excessive_emotion': 0, 'gibberish_spam': 0, 'word_count': 28}",0.0
454,masyallah barangnya sdah sampe rapi juga aman kemasan,5,0,masyallah barangnya sdah sampe rapi juga aman kemasan,Real,1.0,0.0,"{'contradiction': 0, 'template_language': 0, 'excessive_emotion': 0, 'gibberish_spam': 0, 'word_count': 8}",0.0
455,alhamdulillah nyampe baru mau nyoba semoga cocok dan alhamdulillah sabun nya udh pemakaian 1 buln alhamdulillah cocok,5,0,alhamdulillah nyampe baru mau nyoba semoga cocok dan alhamdulillah sabun nya udh pemakaian 1 buln al...,Fake,0.799,3.98,"{'contradiction': 1, 'template_language': 0, 'excessive_emotion': 0, 'gibberish_spam': 0, 'word_count': 17}",0.327
456,"mantul semua aman, sesuai yg d harap kan, 🥰neks order lgi klu udh abis🥰",5,0,"mantul semua aman, sesuai yg d harap kan, 🥰neks order lgi klu udh abis🥰",Real,1.0,0.0,"{'contradiction': 0, 'template_language': 0, 'excessive_emotion': 0, 'gibberish_spam': 0, 'word_count': 14}",0.0
457,"makasih, semoga cocok d kulit aku, baru pemakaian pertama",5,0,"makasih, semoga cocok d kulit aku, baru pemakaian pertama",Fake,0.801,4.02,"{'contradiction': 1, 'template_language': 0, 'excessive_emotion': 0, 'gibberish_spam': 0, 'word_count': 9}",0.341
458,"first time beli, semoga cocokk",5,0,"first time beli, semoga cocokk",Fake,0.841,4.82,"{'contradiction': 1, 'template_language': 0, 'excessive_emotion': 0, 'gibberish_spam': 0, 'word_count': 5}",0.274
459,"udah paket keberap ini sudah,best pokonya produk g2g😍",5,0,"udah paket keberap ini sudah,best pokonya produk g2g😍",Real,1.0,0.0,"{'contradiction': 0, 'template_language': 0, 'excessive_emotion': 0, 'gibberish_spam': 0, 'word_count': 8}",0.0
460,cocok pake 2g2 ini pembelian yg kedua moga aja tmbh cocok dan glowing,5,0,cocok pake 2g2 ini pembelian yg kedua moga aja tmbh cocok dan glowing,Real,1.0,0.0,"{'contradiction': 0, 'template_language': 0, 'excessive_emotion': 0, 'gibberish_spam': 0, 'word_count': 13}",0.0
461,terimakasih paketnya sudah sy terima dengan lengkap dan aman proses pengirimannya juga cepat👍,5,0,terimakasih paketnya sudah sy terima dengan lengkap dan aman proses pengirimannya juga cepat👍,Real,1.0,0.0,"{'contradiction': 0, 'template_language': 0, 'excessive_emotion': 0, 'gibberish_spam': 0, 'word_count': 13}",0.0
462,"sesuai dngn pesanan, semoga cocok dan ad perubahan 😊",5,0,"sesuai dngn pesanan, semoga cocok dan ad perubahan 😊",Fake,0.813,4.25,"{'contradiction': 1, 'template_language': 0, 'excessive_emotion': 0, 'gibberish_spam': 0, 'word_count': 9}",0.418
463,gx nyangka dg hrga yg murah bs dpt 1 paket,4,0,gx nyangka dg hrga yg murah bs dpt 1 paket,Real,1.0,0.0,"{'contradiction': 0, 'template_language': 0, 'excessive_emotion': 0, 'gibberish_spam': 0, 'word_count': 10}",0.0
464,"barang sudah baru nyampe, pdhal di keterangan sudah kemarin nyampenya",4,0,"barang sudah baru nyampe, pdhal di keterangan sudah kemarin nyampenya",Real,1.0,0.0,"{'contradiction': 0, 'template_language': 0, 'excessive_emotion': 0, 'gibberish_spam': 0, 'word_count': 10}",0.0
465,mantap sesuai pesanan udh dicoba juga cocok pokoknya🤩,5,0,mantap sesuai pesanan udh dicoba juga cocok pokoknya🤩,Real,1.0,0.0,"{'contradiction': 0, 'template_language': 0, 'excessive_emotion': 0, 'gibberish_spam': 0, 'word_count': 8}",0.0
466,"pokoknya dah jadi langganan kalo abis pasti co nya di sini karna gak pernah mengecewakan juga akun g2g asli, timaaciiiiii sellerrrr dan kurirrr🥰🥰🥰🥰",5,0,pokoknya dah jadi langganan kalo abis pasti co nya di sini karna gak pernah mengecewakan juga akun g...,Fake,0.95,11.81,"{'contradiction': 0, 'template_language': 0, 'excessive_emotion': 1, 'gibberish_spam': 1, 'word_count': 23}",0.269
467,udh abis 3pket g2g emang seenak itu dpkenya,5,0,udh abis 3pket g2g emang seenak itu dpkenya,Real,1.0,0.0,"{'contradiction': 0, 'template_language': 0, 'excessive_emotion': 0, 'gibberish_spam': 0, 'word_count': 8}",0.0
468,alhamdulilah pesenan udah diterima sesuwey dengan yang diposting,5,0,alhamdulilah pesenan udah diterima sesuwey dengan yang diposting,Real,1.0,0.0,"{'contradiction': 0, 'template_language': 0, 'excessive_emotion': 0, 'gibberish_spam': 0, 'word_count': 8}",0.0
469,sampai nya cepat banget peking ngan nya juga rapih,5,0,sampai nya cepat banget peking ngan nya juga rapih,Real,1.0,0.0,"{'contradiction': 0, 'template_language': 0, 'excessive_emotion': 0, 'gibberish_spam': 0, 'word_count': 9}",0.0
470,alhamdulillah semenjak pakai produk ini wajah kusam ku cerahan dan flek memudar,5,0,alhamdulillah semenjak pakai produk ini wajah kusam ku cerahan dan flek memudar,Real,1.0,0.0,"{'contradiction': 0, 'template_language': 0, 'excessive_emotion': 0, 'gibberish_spam': 0, 'word_count': 12}",0.0
471,alhamdulillah paket sudah datang sesuai pesanan buat anakku,5,0,alhamdulillah paket sudah datang sesuai pesanan buat anakku,Real,1.0,0.0,"{'contradiction': 0, 'template_language': 0, 'excessive_emotion': 0, 'gibberish_spam': 0, 'word_count': 8}",0.0
472,facial wash isi ny cuma setengahhhh tempat nya aja yang gedeeeee,4,0,facial wash isi ny cuma setengahhhh tempat nya aja yang gedeeeee,Fake,0.903,6.06,"{'contradiction': 0, 'template_language': 0, 'excessive_emotion': 0, 'gibberish_spam': 1, 'word_count': 11}",0.354
473,amanah cepat pengiriman jg sudah langganan,5,0,amanah cepat pengiriman jg sudah langganan,Real,1.0,0.0,"{'contradiction': 0, 'template_language': 0, 'excessive_emotion': 0, 'gibberish_spam': 0, 'word_count': 6}",0.0
474,"produk g2g emang ok, sdh hbis 2 paket alhmdulillah cocok next beli lgi",5,0,"produk g2g emang ok, sdh hbis 2 paket alhmdulillah cocok next beli lgi",Real,1.0,0.0,"{'contradiction': 0, 'template_language': 0, 'excessive_emotion': 0, 'gibberish_spam': 0, 'word_count': 13}",0.0
475,"mantep banget produknya,,cocok diwajah istriku❤️❤️",5,0,"mantep banget produknya,,cocok diwajah istriku❤️❤️",Real,0.9,1.0,"{'contradiction': 0, 'template_language': 0, 'excessive_emotion': 0, 'gibberish_spam': 0, 'word_count': 5}",0.0
476,cakkep sih dteng jg pas la..sayang ga dpt pouch,3,0,cakkep sih dteng jg pas la..sayang ga dpt pouch,Real,1.0,0.0,"{'contradiction': 0, 'template_language': 0, 'excessive_emotion': 0, 'gibberish_spam': 0, 'word_count': 9}",0.0
477,"baru pertama kali pakek, smgoa cocok di mukaku",5,0,"baru pertama kali pakek, smgoa cocok di mukaku",Real,1.0,0.0,"{'contradiction': 0, 'template_language': 0, 'excessive_emotion': 0, 'gibberish_spam': 0, 'word_count': 8}",0.0
478,sip mantap dah pngrmnya cepat hanya dua hri,5,0,sip mantap dah pngrmnya cepat hanya dua hri,Real,1.0,0.0,"{'contradiction': 0, 'template_language': 0, 'excessive_emotion': 0, 'gibberish_spam': 0, 'word_count': 8}",0.0
479,"allhammdulillah sampai dengan aman dan sesuai 🥰🥰, terima kasih seller 🙏🏻🙏🏻",5,0,"allhammdulillah sampai dengan aman dan sesuai 🥰🥰, terima kasih seller 🙏🏻🙏🏻",Real,1.0,0.0,"{'contradiction': 0, 'template_language': 0, 'excessive_emotion': 1, 'gibberish_spam': 0, 'word_count': 11}",0.0
480,bahan: lembut cpat mnyarap jga smga cocok nex order lg 👍👍👍,5,0,bahan: lembut cpat mnyarap jga smga cocok nex order lg 👍👍👍,Real,1.0,0.0,"{'contradiction': 0, 'template_language': 0, 'excessive_emotion': 1, 'gibberish_spam': 0, 'word_count': 11}",0.0
481,"gk tau udh yg keberapa kali pesen, pokoknya pasti jadi langganan karena cocok bgt di kulit saya",5,0,"gk tau udh yg keberapa kali pesen, pokoknya pasti jadi langganan karena cocok bgt di kulit saya",Real,1.0,0.0,"{'contradiction': 0, 'template_language': 0, 'excessive_emotion': 0, 'gibberish_spam': 0, 'word_count': 17}",0.0
482,"blom di coba,semoga cocok untuk cowok ku...🙏",5,0,"blom di coba,semoga cocok untuk cowok ku...🙏",Fake,0.806,4.12,"{'contradiction': 1, 'template_language': 0, 'excessive_emotion': 0, 'gibberish_spam': 0, 'word_count': 7}",0.372
483,bagus untuk kulit saya skin type: berminyak,5,0,bagus untuk kulit saya skin type: berminyak,Real,1.0,0.0,"{'contradiction': 0, 'template_language': 0, 'excessive_emotion': 0, 'gibberish_spam': 0, 'word_count': 7}",0.0
484,"barang nya udah nyampe pekingan nya aman, oke lah",5,0,"barang nya udah nyampe pekingan nya aman, oke lah",Real,1.0,0.0,"{'contradiction': 0, 'template_language': 0, 'excessive_emotion': 0, 'gibberish_spam': 0, 'word_count': 9}",0.0
485,"mf baru kasih ulasan nang datang sesuai pesanan pengemasan rapi pokoknya puas dg seller, kurir baik sudah langganan",5,0,"mf baru kasih ulasan nang datang sesuai pesanan pengemasan rapi pokoknya puas dg seller, kurir baik ...",Real,1.0,0.0,"{'contradiction': 0, 'template_language': 0, 'excessive_emotion': 0, 'gibberish_spam': 0, 'word_count': 18}",0.0
486,"impian aku dan suami ku tu pengen punya training bentuk joger,ada kantong besar kanan kiri biar bisa ngantongin duit dan hp jadi tangan ga ribet sekaligus bahan yg adem ....",5,0,"impian aku dan suami ku tu pengen punya training bentuk joger,ada kantong besar kanan kiri biar bisa...",Real,1.0,0.0,"{'contradiction': 0, 'template_language': 0, 'excessive_emotion': 0, 'gibberish_spam': 0, 'word_count': 30}",0.0
487,"sesuai pesanan, warna sesuai kurir langganan, pengiriman cepat buat jahitan oke bgt dijahit rapi dan diobras juga tapi buat kain menurut ku lumayan tipis sih, tapi sesuai...",5,1,"sesuai pesanan, warna sesuai kurir langganan, pengiriman cepat buat jahitan oke bgt dijahit rapi dan...",Real,1.0,0.0,"{'contradiction': 0, 'template_language': 0, 'excessive_emotion': 0, 'gibberish_spam': 0, 'word_count': 27}",0.0
488,"alhamdulillah pesenannya sudah sampai, tokonya sangat amanah & fast respon. bahannya juga adem, enak di pakai untuk kegiatan joging atau nongkrong ada sletingnya juga...",5,0,"alhamdulillah pesenannya sudah sampai, tokonya sangat amanah & fast respon. bahannya juga adem, enak...",Real,0.85,1.5,"{'contradiction': 0, 'template_language': 0, 'excessive_emotion': 0, 'gibberish_spam': 0, 'word_count': 24}",0.0
489,"barusan dateng tadi pagi, ternyata bahannya bagus guys, nyaman di pakai untuk sehari-hari, ukurannya juga pas dipakai, suka bangett",4,0,"barusan dateng tadi pagi, ternyata bahannya bagus guys, nyaman di pakai untuk sehari-hari, ukurannya...",Real,1.0,0.0,"{'contradiction': 0, 'template_language': 0, 'excessive_emotion': 0, 'gibberish_spam': 0, 'word_count': 19}",0.0
490,bentuk dan ukuran: bentuk dan ukuran pas.pas di pakai pas di kantong bahan: bagus jahitan rapi.pecikingan rapi warna: sesuai yg di gambar.4 pics.,5,0,bentuk dan ukuran: bentuk dan ukuran pas.pas di pakai pas di kantong bahan: bagus jahitan rapi.pecik...,Real,1.0,0.0,"{'contradiction': 0, 'template_language': 0, 'excessive_emotion': 0, 'gibberish_spam': 0, 'word_count': 23}",0.0
491,bentuk dan ukuran: xl bahan: tidak tipis dan tidak tebal warna: hitam dan abu muda alhamdulillah barang sesuai dan pengiriman cepat...sangat worth it dengan harga segitu,5,0,bentuk dan ukuran: xl bahan: tidak tipis dan tidak tebal warna: hitam dan abu muda alhamdulillah bar...,Real,1.0,0.0,"{'contradiction': 0, 'template_language': 0, 'excessive_emotion': 0, 'gibberish_spam': 0, 'word_count': 26}",0.0
492,alhamdulillah kk barang dan pketn sya udh mendarat sesuai dengan kebutuhan dan keinginan serta bahan bagus tebal dan berkualitas bgus bgt ok bgt dan tokonya amanah bgt in...,5,0,alhamdulillah kk barang dan pketn sya udh mendarat sesuai dengan kebutuhan dan keinginan serta bahan...,Real,1.0,0.0,"{'contradiction': 0, 'template_language': 0, 'excessive_emotion': 0, 'gibberish_spam': 0, 'word_count': 28}",0.0
493,alhamdulillah paket selana sesuai pesanan. makasih ya ka.bagus celananya. anak badannya boros banget. ambil xl muat longgar,5,0,alhamdulillah paket selana sesuai pesanan. makasih ya ka.bagus celananya. anak badannya boros banget...,Real,1.0,0.0,"{'contradiction': 0, 'template_language': 0, 'excessive_emotion': 0, 'gibberish_spam': 0, 'word_count': 17}",0.0
494,"kiriman sesuai, bahan bagus warna: ok semoga pas dipakai anakku. terima kasih seller sukses selalu",5,0,"kiriman sesuai, bahan bagus warna: ok semoga pas dipakai anakku. terima kasih seller sukses selalu",Real,1.0,0.0,"{'contradiction': 0, 'template_language': 0, 'excessive_emotion': 0, 'gibberish_spam': 0, 'word_count': 15}",0.0
495,alhamdulillah paket sdh sampai bentuk dan ukuran: uk. ternyata kekecilan buat aku pdhal sdh sesuai panduan bahan: lumayanlah dengan harga segitu dapat 2 warna: sesuai den...,5,0,alhamdulillah paket sdh sampai bentuk dan ukuran: uk. ternyata kekecilan buat aku pdhal sdh sesuai p...,Real,1.0,0.0,"{'contradiction': 0, 'template_language': 0, 'excessive_emotion': 0, 'gibberish_spam': 0, 'word_count': 26}",0.0
496,pesan sudah sampai dlm kondisi baik dan waktu yg cepat. terimakasih,5,0,pesan sudah sampai dlm kondisi baik dan waktu yg cepat. terimakasih,Real,1.0,0.0,"{'contradiction': 0, 'template_language': 0, 'excessive_emotion': 0, 'gibberish_spam': 0, 'word_count': 11}",0.0
497,"barang sudah sampai sesuai pesanan trimakasih, yg hitam tipis banget kainnya sesuai harga jg. 🙏",4,0,"barang sudah sampai sesuai pesanan trimakasih, yg hitam tipis banget kainnya sesuai harga jg. 🙏",Real,1.0,0.0,"{'contradiction': 0, 'template_language': 0, 'excessive_emotion': 0, 'gibberish_spam': 0, 'word_count': 15}",0.0
498,"alhamdulillah, paket sdh sampai ,semoga bermanfaat dan nyaman, awet dipakai, cuma tdk sesuai yg ditawarkan",5,0,"alhamdulillah, paket sdh sampai ,semoga bermanfaat dan nyaman, awet dipakai, cuma tdk sesuai yg dita...",Real,1.0,0.0,"{'contradiction': 0, 'template_language': 0, 'excessive_emotion': 0, 'gibberish_spam': 0, 'word_count': 15}",0.0
499,secara keseluruhan ok. cm ada cacat ada yg ga kejahit,4,0,secara keseluruhan ok. cm ada cacat ada yg ga kejahit,Real,1.0,0.0,"{'contradiction': 0, 'template_language': 0, 'excessive_emotion': 0, 'gibberish_spam': 0, 'word_count': 10}",0.0
500,"sangat kecewa , tdk sesuai sama yg di foto , barang tipis banget , bisa di kembalikan apa gmn 🙏 penilaian kurang bagus produknya",1,0,"sangat kecewa , tdk sesuai sama yg di foto , barang tipis banget , bisa di kembalikan apa gmn 🙏 peni...",Real,1.0,0.0,"{'contradiction': 0, 'template_language': 0, 'excessive_emotion': 0, 'gibberish_spam': 0, 'word_count': 24}",0.0
501,bahanya panas terus kantongnya ga tau dari kain bekas apaan panas polllll,1,0,bahanya panas terus kantongnya ga tau dari kain bekas apaan panas polllll,Fake,0.914,6.28,"{'contradiction': 0, 'template_language': 0, 'excessive_emotion': 0, 'gibberish_spam': 1, 'word_count': 12}",0.428
502,"terkutuklah engkau dan keluargamu dan seisi rumahmu, juga yg terlibat dalam penjualan ini, sampai ke empat keturunanmu, akan mengalami bencana dari sekarang sampai selama...",1,0,"terkutuklah engkau dan keluargamu dan seisi rumahmu, juga yg terlibat dalam penjualan ini, sampai ke...",Real,1.0,0.0,"{'contradiction': 0, 'template_language': 0, 'excessive_emotion': 0, 'gibberish_spam': 0, 'word_count': 24}",0.0
503,celananya sdh empat dengan selamat dan semoga barang sesuai dengan yg d harap kan. sebelumnya sya ucapkan terimakasih boss🙏🙏🙏,4,0,celananya sdh empat dengan selamat dan semoga barang sesuai dengan yg d harap kan. sebelumnya sya uc...,Real,1.0,0.0,"{'contradiction': 0, 'template_language': 0, 'excessive_emotion': 1, 'gibberish_spam': 0, 'word_count': 19}",0.0
504,barang nya tidak sesuai sma iklan .pas sampe jauh beda .bener2 kecewa,1,0,barang nya tidak sesuai sma iklan .pas sampe jauh beda .bener2 kecewa,Real,1.0,0.0,"{'contradiction': 0, 'template_language': 0, 'excessive_emotion': 0, 'gibberish_spam': 0, 'word_count': 12}",0.0
505,bentuk dan ukuran: pas bahan: nyaman dan lumayan tebal warna: bagus bahan bagus lumayan tebal sesuai harga,5,0,bentuk dan ukuran: pas bahan: nyaman dan lumayan tebal warna: bagus bahan bagus lumayan tebal sesuai...,Real,1.0,0.0,"{'contradiction': 0, 'template_language': 0, 'excessive_emotion': 0, 'gibberish_spam': 0, 'word_count': 17}",0.0
506,bentuk dan ukuran: sesuai bahan: bahan nyaman dan adem dipakai,5,0,bentuk dan ukuran: sesuai bahan: bahan nyaman dan adem dipakai,Real,1.0,0.0,"{'contradiction': 0, 'template_language': 0, 'excessive_emotion': 0, 'gibberish_spam': 0, 'word_count': 10}",0.0
507,"barang telah diterima dengan baik. masalah bahan tipis okelah sesuai harga. hanya saja kedepan mohon jahitan kantong diperbaiki agar jangan brudul begini,karena tentunya...",4,0,barang telah diterima dengan baik. masalah bahan tipis okelah sesuai harga. hanya saja kedepan mohon...,Real,1.0,0.0,"{'contradiction': 0, 'template_language': 0, 'excessive_emotion': 0, 'gibberish_spam': 0, 'word_count': 23}",0.0
508,pesanan sudah sampai dan diterima dengan baik. barang realpict. bahan nyaman dipakai. ukuran pas. recomended banget. terima kasih seller,5,0,pesanan sudah sampai dan diterima dengan baik. barang realpict. bahan nyaman dipakai. ukuran pas. re...,Real,0.726,2.74,"{'contradiction': 0, 'template_language': 1, 'excessive_emotion': 0, 'gibberish_spam': 0, 'word_count': 19}",0.247
509,paket sudah sampai barang ok sesuai dengan pesanan pengiriman cepat sesuai dengan estimasi waktu yang dijanjikan terimakasih seller toped dan abang kurir langgananku bent...,4,0,paket sudah sampai barang ok sesuai dengan pesanan pengiriman cepat sesuai dengan estimasi waktu yan...,Real,1.0,0.0,"{'contradiction': 0, 'template_language': 0, 'excessive_emotion': 0, 'gibberish_spam': 0, 'word_count': 24}",0.0
510,bentuk dan ukuran: sesuai dengan pesanan bahan: lumayan tebal n nyaman warna: sesuai pesanan,5,0,bentuk dan ukuran: sesuai dengan pesanan bahan: lumayan tebal n nyaman warna: sesuai pesanan,Real,1.0,0.0,"{'contradiction': 0, 'template_language': 0, 'excessive_emotion': 0, 'gibberish_spam': 0, 'word_count': 14}",0.0
511,alhamdulilah barang nya udah nyampe🤲pengiriman nya cepet bahan: bagus🥰 bentuk dan ukuran: ukuran nya pas👍,5,0,alhamdulilah barang nya udah nyampe🤲pengiriman nya cepet bahan: bagus🥰 bentuk dan ukuran: ukuran nya...,Real,1.0,0.0,"{'contradiction': 0, 'template_language': 0, 'excessive_emotion': 0, 'gibberish_spam': 0, 'word_count': 15}",0.0
512,"bahannya adem,ga tebal ga jg terawang.enak makenya..karet nya jg bagus",5,0,"bahannya adem,ga tebal ga jg terawang.enak makenya..karet nya jg bagus",Real,1.0,0.0,"{'contradiction': 0, 'template_language': 0, 'excessive_emotion': 0, 'gibberish_spam': 0, 'word_count': 10}",0.0
513,alhamdulillah paket ny sudah sampai..tpi ini ini trening y 😁 tpi gpp bahan ny lembut di pegang ny semoga awet ga gampang bolong/ sobek trima kasih buat smua,5,0,alhamdulillah paket ny sudah sampai..tpi ini ini trening y 😁 tpi gpp bahan ny lembut di pegang ny se...,Fake,0.814,4.28,"{'contradiction': 1, 'template_language': 0, 'excessive_emotion': 0, 'gibberish_spam': 0, 'word_count': 28}",0.428
514,"barang sih dah bagus sesuai dgn permintaan tpi bahan sepertinya bahan kaos agak tipis sedikit nerawang klw di gembrengin , pas di coba pas bnget longgar nga sempit nga ba...",5,0,barang sih dah bagus sesuai dgn permintaan tpi bahan sepertinya bahan kaos agak tipis sedikit nerawa...,Real,1.0,0.0,"{'contradiction': 0, 'template_language': 0, 'excessive_emotion': 0, 'gibberish_spam': 0, 'word_count': 30}",0.0
515,"orderan dah smp, respon penjual cepat.. pengiriman juga cepat.. bahan lumayan baguslah, sayangnya dipake sama suami aku cungklang/ngatung tinggi suami aku 173, malah muat...",5,0,"orderan dah smp, respon penjual cepat.. pengiriman juga cepat.. bahan lumayan baguslah, sayangnya di...",Real,1.0,0.0,"{'contradiction': 0, 'template_language': 0, 'excessive_emotion': 0, 'gibberish_spam': 0, 'word_count': 24}",0.0
516,"bagusss, bahannya lembut.",5,0,"bagusss, bahannya lembut.",Real,0.9,1.0,"{'contradiction': 0, 'template_language': 0, 'excessive_emotion': 0, 'gibberish_spam': 0, 'word_count': 3}",0.0
517,"lembut, pas, nyaman di pakai, pengiriman cepat, tidak ada cacat sama sekali pokoknya besss🥰",5,1,"lembut, pas, nyaman di pakai, pengiriman cepat, tidak ada cacat sama sekali pokoknya besss🥰",Real,1.0,0.0,"{'contradiction': 0, 'template_language': 0, 'excessive_emotion': 0, 'gibberish_spam': 0, 'word_count': 14}",0.0
518,bahan bagus sih tp jaitanya ringkih baru di coba aja bagian selakangan sudah nerawang jaitanya 🤦 jd mon maaf saya cuma kasih bintang 4,4,0,bahan bagus sih tp jaitanya ringkih baru di coba aja bagian selakangan sudah nerawang jaitanya 🤦 jd ...,Real,1.0,0.0,"{'contradiction': 0, 'template_language': 0, 'excessive_emotion': 0, 'gibberish_spam': 0, 'word_count': 24}",0.0
519,paket sdah datng..barang sesuai gambar..gk tipis juga gk tebal..,4,0,paket sdah datng..barang sesuai gambar..gk tipis juga gk tebal..,Real,1.0,0.0,"{'contradiction': 0, 'template_language': 0, 'excessive_emotion': 0, 'gibberish_spam': 0, 'word_count': 9}",0.0
520,celana uk jumbo tapi kok gak muat utk bb 80 kg untuk punya anak gadis yg bb nya 60 jadi bisa kepakai sangat disayangkan gak rekomendet banget😭,4,0,celana uk jumbo tapi kok gak muat utk bb 80 kg untuk punya anak gadis yg bb nya 60 jadi bisa kepakai...,Real,1.0,0.0,"{'contradiction': 0, 'template_language': 0, 'excessive_emotion': 0, 'gibberish_spam': 0, 'word_count': 27}",0.0
521,bahan: halus gk tebal tp juga gk trllu tipis.jrga segitu dpt 2 murah lah menurutku 👍🏼 warna: sesuai yg di foto. maaf bru sempat ngsih ulsan 😂 saran klo ut pria sbiknya...,5,0,bahan: halus gk tebal tp juga gk trllu tipis.jrga segitu dpt 2 murah lah menurutku 👍🏼 warna: sesuai ...,Real,1.0,0.0,"{'contradiction': 0, 'template_language': 0, 'excessive_emotion': 0, 'gibberish_spam': 0, 'word_count': 32}",0.0
522,makasih ya kak paketan nya sudah sampai tp bahan nya agak tipis ya,4,0,makasih ya kak paketan nya sudah sampai tp bahan nya agak tipis ya,Real,1.0,0.0,"{'contradiction': 0, 'template_language': 0, 'excessive_emotion': 0, 'gibberish_spam': 0, 'word_count': 13}",0.0
523,alhamdulilah udah nyampek paketan ku bentuk dan ukuran: ok pas bahan: halus dan adem warna: sesuai pesen terimakasih untuk tiktok &diseller buat tokohnya amanah,5,0,alhamdulilah udah nyampek paketan ku bentuk dan ukuran: ok pas bahan: halus dan adem warna: sesuai p...,Real,1.0,0.0,"{'contradiction': 0, 'template_language': 0, 'excessive_emotion': 0, 'gibberish_spam': 0, 'word_count': 24}",0.0
524,bentuk dan ukuran: sesuai pesanan bahan: bagus warna: sesuai pesanan,5,0,bentuk dan ukuran: sesuai pesanan bahan: bagus warna: sesuai pesanan,Real,1.0,0.0,"{'contradiction': 0, 'template_language': 0, 'excessive_emotion': 0, 'gibberish_spam': 0, 'word_count': 10}",0.0
525,bentuk dan ukuran: sesuai bahan: ok warna: sip karakteristik: mantab,5,0,bentuk dan ukuran: sesuai bahan: ok warna: sip karakteristik: mantab,Real,1.0,0.0,"{'contradiction': 0, 'template_language': 0, 'excessive_emotion': 0, 'gibberish_spam': 0, 'word_count': 10}",0.0
526,bahana tipis banget baru di pake buat joging trrus sobek di jalan malu maluin asli klao kurir ok,3,0,bahana tipis banget baru di pake buat joging trrus sobek di jalan malu maluin asli klao kurir ok,Real,1.0,0.0,"{'contradiction': 0, 'template_language': 0, 'excessive_emotion': 0, 'gibberish_spam': 0, 'word_count': 18}",0.0
527,bagus bahan nya adem dan lumayan lah dengan harga segitu jahitan nya kokoh,5,0,bagus bahan nya adem dan lumayan lah dengan harga segitu jahitan nya kokoh,Real,1.0,0.0,"{'contradiction': 0, 'template_language': 0, 'excessive_emotion': 0, 'gibberish_spam': 0, 'word_count': 13}",0.0
528,"pengiriman cepat, produk sesuai, packing rapih, bahan tipis, kasar",3,0,"pengiriman cepat, produk sesuai, packing rapih, bahan tipis, kasar",Real,1.0,0.0,"{'contradiction': 0, 'template_language': 0, 'excessive_emotion': 0, 'gibberish_spam': 0, 'word_count': 9}",0.0
529,bsgus dengan harga segitu ...gk tebel gk tipis jg ..,5,0,bsgus dengan harga segitu ...gk tebel gk tipis jg ..,Real,1.0,0.0,"{'contradiction': 0, 'template_language': 0, 'excessive_emotion': 0, 'gibberish_spam': 0, 'word_count': 10}",0.0
530,alhamdulillah paketnya sudah datang bahannya bagus transparan kurang penasaran aku coba mata saya di tutup dgn dua lapis bahan trainingnya ternyata masih bisa melihat je...,3,0,alhamdulillah paketnya sudah datang bahannya bagus transparan kurang penasaran aku coba mata saya di...,Real,1.0,0.0,"{'contradiction': 0, 'template_language': 0, 'excessive_emotion': 0, 'gibberish_spam': 0, 'word_count': 25}",0.0
531,"aseekk pesanann dahh mendaratt dengann amaann, ukurann pass banget, bahann lumayann tebell, saku juga ada resletingnya jadi ga takut jatuh/hilang, jahitan menurut aku kur...",5,0,"aseekk pesanann dahh mendaratt dengann amaann, ukurann pass banget, bahann lumayann tebell, saku jug...",Real,1.0,0.0,"{'contradiction': 0, 'template_language': 0, 'excessive_emotion': 0, 'gibberish_spam': 0, 'word_count': 24}",0.0
532,alhamdulillah...barang bagus halus lembut suka banget,5,0,alhamdulillah...barang bagus halus lembut suka banget,Real,1.0,0.0,"{'contradiction': 0, 'template_language': 0, 'excessive_emotion': 0, 'gibberish_spam': 0, 'word_count': 6}",0.0
533,mantap bahannya adem dan enak di pakai warna juga cakep next mau order lagi,5,0,mantap bahannya adem dan enak di pakai warna juga cakep next mau order lagi,Real,1.0,0.0,"{'contradiction': 0, 'template_language': 0, 'excessive_emotion': 0, 'gibberish_spam': 0, 'word_count': 14}",0.0
534,sudah sampai lumayan adem bahan nya cocok di pakai untuk santai,5,0,sudah sampai lumayan adem bahan nya cocok di pakai untuk santai,Real,1.0,0.0,"{'contradiction': 0, 'template_language': 0, 'excessive_emotion': 0, 'gibberish_spam': 0, 'word_count': 11}",0.0
535,"paketku sdh dtg, suka dan sellernya amanah bentuk dan ukuran: sesuai",5,0,"paketku sdh dtg, suka dan sellernya amanah bentuk dan ukuran: sesuai",Real,1.0,0.0,"{'contradiction': 0, 'template_language': 0, 'excessive_emotion': 0, 'gibberish_spam': 0, 'word_count': 11}",0.0
536,"barang datang, bagus tebal kainya, cuma warnanya hitam navy, yg datang navi abu""..🙆",5,0,"barang datang, bagus tebal kainya, cuma warnanya hitam navy, yg datang navi abu""..🙆",Real,1.0,0.0,"{'contradiction': 0, 'template_language': 0, 'excessive_emotion': 0, 'gibberish_spam': 0, 'word_count': 13}",0.0
537,sudah sampai bagus celananya..bahannya juga lembut..suka pokoknya..👍,5,0,sudah sampai bagus celananya..bahannya juga lembut..suka pokoknya..👍,Real,1.0,0.0,"{'contradiction': 0, 'template_language': 0, 'excessive_emotion': 0, 'gibberish_spam': 0, 'word_count': 7}",0.0
538,"alhamdulillah pesanan dah sampai, bagus dgn harga segitu gk keliatan murahan tromakadih seller dan trimakasih jg mas kurir semangat",5,0,"alhamdulillah pesanan dah sampai, bagus dgn harga segitu gk keliatan murahan tromakadih seller dan t...",Real,1.0,0.0,"{'contradiction': 0, 'template_language': 0, 'excessive_emotion': 0, 'gibberish_spam': 0, 'word_count': 19}",0.0
539,"alhamdulillah udh sampai dengan aman,kainnya lumayan tebal dn adem,celananya bagus dn nyaman d pakek,recom banged,thanks seller dn kurir sukses selalu",5,0,"alhamdulillah udh sampai dengan aman,kainnya lumayan tebal dn adem,celananya bagus dn nyaman d pakek...",Real,1.0,0.0,"{'contradiction': 0, 'template_language': 0, 'excessive_emotion': 0, 'gibberish_spam': 0, 'word_count': 20}",0.0
540,"barang sdh datang sesuai pesanan, ukuran nya jg pas, terima kasih",5,0,"barang sdh datang sesuai pesanan, ukuran nya jg pas, terima kasih",Real,1.0,0.0,"{'contradiction': 0, 'template_language': 0, 'excessive_emotion': 0, 'gibberish_spam': 0, 'word_count': 11}",0.0
541,bahan: lumayan tebel warna: sesuai pesanan,5,0,bahan: lumayan tebel warna: sesuai pesanan,Real,1.0,0.0,"{'contradiction': 0, 'template_language': 0, 'excessive_emotion': 0, 'gibberish_spam': 0, 'word_count': 6}",0.0
542,alhmdulilah. barang sampai dengan cepat juga bagus. terima kasih atas pelayanannya,5,0,alhmdulilah. barang sampai dengan cepat juga bagus. terima kasih atas pelayanannya,Real,1.0,0.0,"{'contradiction': 0, 'template_language': 0, 'excessive_emotion': 0, 'gibberish_spam': 0, 'word_count': 11}",0.0
543,"bentuk dan ukuran: sesuai, barangx bgus ...",5,0,"bentuk dan ukuran: sesuai, barangx bgus ...",Real,1.0,0.0,"{'contradiction': 0, 'template_language': 0, 'excessive_emotion': 0, 'gibberish_spam': 0, 'word_count': 7}",0.0
544,woooowwww bagus banget dengan harga semurah ini dan beneran dapat 2 pcs dong.. buat yang mau beli ayo di co jangan ragu,5,0,woooowwww bagus banget dengan harga semurah ini dan beneran dapat 2 pcs dong.. buat yang mau beli ay...,Fake,0.897,5.95,"{'contradiction': 0, 'template_language': 0, 'excessive_emotion': 0, 'gibberish_spam': 1, 'word_count': 22}",0.316
545,"bahan: bahan tipis menerawang, dalaman kantong dari kain bekas asal nempel, risleting tidak rapih, konsumen kecewa",1,0,"bahan: bahan tipis menerawang, dalaman kantong dari kain bekas asal nempel, risleting tidak rapih, k...",Real,1.0,0.0,"{'contradiction': 0, 'template_language': 0, 'excessive_emotion': 0, 'gibberish_spam': 0, 'word_count': 16}",0.0
546,"enak banget pas dipake nya , karet nya kaga terlalu kencang jadi enakan di pake",5,0,"enak banget pas dipake nya , karet nya kaga terlalu kencang jadi enakan di pake",Real,1.0,0.0,"{'contradiction': 0, 'template_language': 0, 'excessive_emotion': 0, 'gibberish_spam': 0, 'word_count': 15}",0.0
547,"barang bagus,cocok untuk bb 65 pas tidak kebesaran atau kekecilan kain lumayan halus cocok untuk olahraga atau kegiatan lapngan. dan harga sangat murah meriah tp kualitas...",5,0,"barang bagus,cocok untuk bb 65 pas tidak kebesaran atau kekecilan kain lumayan halus cocok untuk ola...",Real,1.0,0.0,"{'contradiction': 0, 'template_language': 0, 'excessive_emotion': 0, 'gibberish_spam': 0, 'word_count': 26}",0.0
548,bahan bagus tebel cuma kurang panjang ya ukuran pas,5,0,bahan bagus tebel cuma kurang panjang ya ukuran pas,Real,0.8,2.0,"{'contradiction': 0, 'template_language': 0, 'excessive_emotion': 0, 'gibberish_spam': 0, 'word_count': 9}",0.0
549,toko nya amanah sesuai dengan harga sukses trus buruan cek out sblm khbisan mantappp..,5,0,toko nya amanah sesuai dengan harga sukses trus buruan cek out sblm khbisan mantappp..,Real,1.0,0.0,"{'contradiction': 0, 'template_language': 0, 'excessive_emotion': 0, 'gibberish_spam': 0, 'word_count': 14}",0.0
550,modelnya real pict ada resleting di sakunya bagus hanya bahannya agak tipis klo kena cahaya nerawang/tembus pandang. selebihnya ok lah,5,0,modelnya real pict ada resleting di sakunya bagus hanya bahannya agak tipis klo kena cahaya nerawang...,Real,1.0,0.0,"{'contradiction': 0, 'template_language': 0, 'excessive_emotion': 0, 'gibberish_spam': 0, 'word_count': 20}",0.0
551,"alhamdulillah paketnya sudah sampai, bahannya tebal dan halus ..sesuai keinginan juga untuk harga juga sangat terjangkau ..makasih owner ..semoga toko tambah laris manis...",5,0,"alhamdulillah paketnya sudah sampai, bahannya tebal dan halus ..sesuai keinginan juga untuk harga ju...",Real,1.0,0.0,"{'contradiction': 0, 'template_language': 0, 'excessive_emotion': 0, 'gibberish_spam': 0, 'word_count': 23}",0.0
552,bentuk dan ukuran: sesuai dengan deskripsi bahan: lembut dan tipis banget warna: sesuai pesanan karakteristik: mudah di paham negara hukum tidak dapat dipisahkan dari pah...,5,0,bentuk dan ukuran: sesuai dengan deskripsi bahan: lembut dan tipis banget warna: sesuai pesanan kara...,Real,1.0,0.0,"{'contradiction': 0, 'template_language': 0, 'excessive_emotion': 0, 'gibberish_spam': 0, 'word_count': 25}",0.0
553,"bahan halus,tebal,sesuai pesanan semoga tetep amanah",5,0,"bahan halus,tebal,sesuai pesanan semoga tetep amanah",Real,1.0,0.0,"{'contradiction': 0, 'template_language': 0, 'excessive_emotion': 0, 'gibberish_spam': 0, 'word_count': 6}",0.0
554,"pesanan sudah sampai.bahan sangat tipis dan menerawang,tidak sesuai deskripsi.sangat mengecewakan",2,0,"pesanan sudah sampai.bahan sangat tipis dan menerawang,tidak sesuai deskripsi.sangat mengecewakan",Real,1.0,0.0,"{'contradiction': 0, 'template_language': 0, 'excessive_emotion': 0, 'gibberish_spam': 0, 'word_count': 10}",0.0
555,"bahan nya agak tipis sih,sesuai harga lah ,masih bisa dipakai sehari2,saran untuk yg beli sebaiknya up size agak gak kekecilan",5,0,"bahan nya agak tipis sih,sesuai harga lah ,masih bisa dipakai sehari2,saran untuk yg beli sebaiknya ...",Real,1.0,0.0,"{'contradiction': 0, 'template_language': 0, 'excessive_emotion': 0, 'gibberish_spam': 0, 'word_count': 20}",0.0
556,"bahan agak tipis sesuai lumayan bwt ganti² harga nya juga promo, untuk pengiriman nya cepat",5,0,"bahan agak tipis sesuai lumayan bwt ganti² harga nya juga promo, untuk pengiriman nya cepat",Real,1.0,0.0,"{'contradiction': 0, 'template_language': 0, 'excessive_emotion': 0, 'gibberish_spam': 0, 'word_count': 15}",0.0
557,bentuk dan ukuran: ukuran pas bahan: lumayan bagus dengan harga segitu warna: sesuai pesanan abu dan hitam,4,0,bentuk dan ukuran: ukuran pas bahan: lumayan bagus dengan harga segitu warna: sesuai pesanan abu dan...,Real,1.0,0.0,"{'contradiction': 0, 'template_language': 0, 'excessive_emotion': 0, 'gibberish_spam': 0, 'word_count': 17}",0.0
558,"trusted and recommended seller, service excellent and good quality as described",5,0,"trusted and recommended seller, service excellent and good quality as described",Real,1.0,0.0,"{'contradiction': 0, 'template_language': 0, 'excessive_emotion': 0, 'gibberish_spam': 0, 'word_count': 11}",0.0
559,bentuk dan ukuran: bagus dan sesuai ukuran bahan: lumayan bagus buat harian warna: juga oke,5,0,bentuk dan ukuran: bagus dan sesuai ukuran bahan: lumayan bagus buat harian warna: juga oke,Real,1.0,0.0,"{'contradiction': 0, 'template_language': 0, 'excessive_emotion': 0, 'gibberish_spam': 0, 'word_count': 15}",0.0
560,"mantap celana jogernya,pas banget ukuran nya, nyaman di pakai, terimakasih 🙏 jangan ragu beli di toko ini,amanah dan respon baik, semoga laris manis dan sukses terus 🤲",5,0,"mantap celana jogernya,pas banget ukuran nya, nyaman di pakai, terimakasih 🙏 jangan ragu beli di tok...",Real,1.0,0.0,"{'contradiction': 0, 'template_language': 0, 'excessive_emotion': 0, 'gibberish_spam': 0, 'word_count': 27}",0.0
561,"warna: warnanya yang satu tidak cocok dengan pesanan minta biru navy di kirim hitam, kalau abu tua sudah pas",4,0,"warna: warnanya yang satu tidak cocok dengan pesanan minta biru navy di kirim hitam, kalau abu tua s...",Real,1.0,0.0,"{'contradiction': 0, 'template_language': 0, 'excessive_emotion': 0, 'gibberish_spam': 0, 'word_count': 19}",0.0
562,celana nya bagus bahan tebal. nyaman di pake. makasih untuk toko nya....,5,0,celana nya bagus bahan tebal. nyaman di pake. makasih untuk toko nya....,Real,1.0,0.0,"{'contradiction': 0, 'template_language': 0, 'excessive_emotion': 0, 'gibberish_spam': 0, 'word_count': 12}",0.0
563,bentuk dan ukuran: ukuranya pas sm saya bahan: lumayan alus dan adem di pakai warna: warnanya cocok deh sesuai harapan,5,0,bentuk dan ukuran: ukuranya pas sm saya bahan: lumayan alus dan adem di pakai warna: warnanya cocok ...,Real,1.0,0.0,"{'contradiction': 0, 'template_language': 0, 'excessive_emotion': 0, 'gibberish_spam': 0, 'word_count': 20}",0.0
564,bentuk dan ukuran: pas bahan: halus warna: bagus,5,0,bentuk dan ukuran: pas bahan: halus warna: bagus,Real,1.0,0.0,"{'contradiction': 0, 'template_language': 0, 'excessive_emotion': 0, 'gibberish_spam': 0, 'word_count': 8}",0.0
565,celananya bagus kayaknya nggak terlalu panas terima kasih,5,0,celananya bagus kayaknya nggak terlalu panas terima kasih,Real,1.0,0.0,"{'contradiction': 0, 'template_language': 0, 'excessive_emotion': 0, 'gibberish_spam': 0, 'word_count': 8}",0.0
566,"barang cepat sampai, bahan tebel, dan bagus",5,0,"barang cepat sampai, bahan tebel, dan bagus",Real,1.0,0.0,"{'contradiction': 0, 'template_language': 0, 'excessive_emotion': 0, 'gibberish_spam': 0, 'word_count': 7}",0.0
567,bentuk dan ukuran: ukuran nya pas warna nya juga bagus bahan tebel pastinya suka bngt pokoknya mah.,5,0,bentuk dan ukuran: ukuran nya pas warna nya juga bagus bahan tebel pastinya suka bngt pokoknya mah.,Real,1.0,0.0,"{'contradiction': 0, 'template_language': 0, 'excessive_emotion': 0, 'gibberish_spam': 0, 'word_count': 17}",0.0
568,bentuk dan ukuran: ok.pas bahan: bagus warna: abu tua abu muda karakteristik: nyaman di pakai,5,0,bentuk dan ukuran: ok.pas bahan: bagus warna: abu tua abu muda karakteristik: nyaman di pakai,Real,1.0,0.0,"{'contradiction': 0, 'template_language': 0, 'excessive_emotion': 0, 'gibberish_spam': 0, 'word_count': 15}",0.0
569,"bagus ,nyaman ,dgn hrga segitu lumayan buat suami mancing,kecehan,kotor2an , ad lesliting.nya juga di kantong jdi aman buat nyimpan hp dompet / uang ngak jatuh 👍",5,0,"bagus ,nyaman ,dgn hrga segitu lumayan buat suami mancing,kecehan,kotor2an , ad lesliting.nya juga d...",Real,1.0,0.0,"{'contradiction': 0, 'template_language': 0, 'excessive_emotion': 0, 'gibberish_spam': 0, 'word_count': 26}",0.0
570,"celana traning bahan bagus sesuai harganya,tapi untuk masukan toko penjual ukuran 3xl kaya ukuran xl kak",5,0,"celana traning bahan bagus sesuai harganya,tapi untuk masukan toko penjual ukuran 3xl kaya ukuran xl...",Real,1.0,0.0,"{'contradiction': 0, 'template_language': 0, 'excessive_emotion': 0, 'gibberish_spam': 0, 'word_count': 16}",0.0
571,warna gak sesuai di gambar kecewa bngt di foto keliatan bagus dan tebal yg dateng malah tipis bnget malah warna nya beda. mf saya kasi bintang 2 soalnya saya kurang puas,2,0,warna gak sesuai di gambar kecewa bngt di foto keliatan bagus dan tebal yg dateng malah tipis bnget ...,Real,1.0,0.0,"{'contradiction': 0, 'template_language': 0, 'excessive_emotion': 0, 'gibberish_spam': 0, 'word_count': 31}",0.0
572,yang abu bagus tebel yg hitam agak tipis beda kain hh .gpp bagus murmer juga,5,0,yang abu bagus tebel yg hitam agak tipis beda kain hh .gpp bagus murmer juga,Real,1.0,0.0,"{'contradiction': 0, 'template_language': 0, 'excessive_emotion': 0, 'gibberish_spam': 0, 'word_count': 15}",0.0
573,"bagus, bahannya lumayan tebal, harga murah meriah... hanya saja pesannya hitam navy, yang dateng hitam abu tua... it's ok.... semoga lancar jaya",5,0,"bagus, bahannya lumayan tebal, harga murah meriah... hanya saja pesannya hitam navy, yang dateng hit...",Real,1.0,0.0,"{'contradiction': 0, 'template_language': 0, 'excessive_emotion': 0, 'gibberish_spam': 0, 'word_count': 22}",0.0
574,kurirnya ramah paket nya cepat kondisi baik harga sesuai dengan bahan nya,5,0,kurirnya ramah paket nya cepat kondisi baik harga sesuai dengan bahan nya,Real,1.0,0.0,"{'contradiction': 0, 'template_language': 0, 'excessive_emotion': 0, 'gibberish_spam': 0, 'word_count': 12}",0.0
575,"bentuk dan ukuran: sangat pas bahan: bagus warna: keduanya warna hitam, tapi gak apalah..",5,0,"bentuk dan ukuran: sangat pas bahan: bagus warna: keduanya warna hitam, tapi gak apalah..",Real,1.0,0.0,"{'contradiction': 0, 'template_language': 0, 'excessive_emotion': 0, 'gibberish_spam': 0, 'word_count': 14}",0.0
576,celana kecil ukuran untuk anak smp saya pesan xxl krena tulisan muat 70-85 ternyata tdk muat anak saya sma bb 68. kalau bb 70 saran saya ambil xxxl dan kalau tinggi 165 k...,2,0,celana kecil ukuran untuk anak smp saya pesan xxl krena tulisan muat 70-85 ternyata tdk muat anak sa...,Real,1.0,0.0,"{'contradiction': 0, 'template_language': 0, 'excessive_emotion': 0, 'gibberish_spam': 0, 'word_count': 33}",0.0
577,"baguuus, rekomended, bahan tidak tipis, jangan ragu beli di toko ini ya guys yaaa",5,0,"baguuus, rekomended, bahan tidak tipis, jangan ragu beli di toko ini ya guys yaaa",Real,1.0,0.0,"{'contradiction': 0, 'template_language': 0, 'excessive_emotion': 0, 'gibberish_spam': 0, 'word_count': 14}",0.0
578,contohx tebal tp yg datang tipis kukira sama dengan contohx,3,0,contohx tebal tp yg datang tipis kukira sama dengan contohx,Real,1.0,0.0,"{'contradiction': 0, 'template_language': 0, 'excessive_emotion': 0, 'gibberish_spam': 0, 'word_count': 10}",0.0
579,"alhamdulillah paket sdh di terima, bahan adem. makasih seller. makasih pak paket",5,0,"alhamdulillah paket sdh di terima, bahan adem. makasih seller. makasih pak paket",Real,1.0,0.0,"{'contradiction': 0, 'template_language': 0, 'excessive_emotion': 0, 'gibberish_spam': 0, 'word_count': 12}",0.0
580,"bentuk dan ukuran: beli uk 3xl ternyata tidak sesuai kak, 3xl nya kecil seperti uk xl jd tidak cukup bt aku.. sayang banget padahal celananya bagus bahan: bahannya bagus...",5,0,"bentuk dan ukuran: beli uk 3xl ternyata tidak sesuai kak, 3xl nya kecil seperti uk xl jd tidak cukup...",Real,0.8,2.0,"{'contradiction': 0, 'template_language': 0, 'excessive_emotion': 0, 'gibberish_spam': 0, 'word_count': 29}",0.0
581,celana nya tipis banget ... karet yg d bagian bawah sudah melar banget,4,0,celana nya tipis banget ... karet yg d bagian bawah sudah melar banget,Real,1.0,0.0,"{'contradiction': 0, 'template_language': 0, 'excessive_emotion': 0, 'gibberish_spam': 0, 'word_count': 13}",0.0
582,xl ini mah kecil...panjang nya jg kurang banyak ngatung banget klo dipake...,4,0,xl ini mah kecil...panjang nya jg kurang banyak ngatung banget klo dipake...,Real,0.8,2.0,"{'contradiction': 0, 'template_language': 0, 'excessive_emotion': 0, 'gibberish_spam': 0, 'word_count': 12}",0.0
583,"saya lihat di videonya ada saku dibelakang, ternyata setelah barang sampai tidak ada saku dibelakang...",3,0,"saya lihat di videonya ada saku dibelakang, ternyata setelah barang sampai tidak ada saku dibelakang...",Real,1.0,0.0,"{'contradiction': 0, 'template_language': 0, 'excessive_emotion': 0, 'gibberish_spam': 0, 'word_count': 15}",0.0
584,"alhamdulillah bahan celana nya sangat bagus sesuai harapan, terimakasih penjual nya sangat amanah.",5,0,"alhamdulillah bahan celana nya sangat bagus sesuai harapan, terimakasih penjual nya sangat amanah.",Real,1.0,0.0,"{'contradiction': 0, 'template_language': 0, 'excessive_emotion': 0, 'gibberish_spam': 0, 'word_count': 13}",0.0
585,ukuran nya gk bsa utk dipakai.pendek buat saya.bahan sesuai dengan harga,4,0,ukuran nya gk bsa utk dipakai.pendek buat saya.bahan sesuai dengan harga,Real,1.0,0.0,"{'contradiction': 0, 'template_language': 0, 'excessive_emotion': 0, 'gibberish_spam': 0, 'word_count': 11}",0.0
586,bentuk dan ukuran: pas bahan: lumayan sesuai harga warna: bagus karakteristik: anget jahitan rapi semoga awet,5,0,bentuk dan ukuran: pas bahan: lumayan sesuai harga warna: bagus karakteristik: anget jahitan rapi se...,Fake,0.812,4.24,"{'contradiction': 1, 'template_language': 0, 'excessive_emotion': 0, 'gibberish_spam': 0, 'word_count': 16}",0.413
587,kecewa ukuran xxxi ga muat masa ukuran 80-90kg padahal gedean ternyata kecil 😭,2,0,kecewa ukuran xxxi ga muat masa ukuran 80-90kg padahal gedean ternyata kecil 😭,Real,1.0,0.0,"{'contradiction': 0, 'template_language': 0, 'excessive_emotion': 0, 'gibberish_spam': 0, 'word_count': 13}",0.0
588,"barangnya sangat bgus bahannya adem,dan harganya sesuai dengan kualitas nya👍",5,0,"barangnya sangat bgus bahannya adem,dan harganya sesuai dengan kualitas nya👍",Real,1.0,0.0,"{'contradiction': 0, 'template_language': 0, 'excessive_emotion': 0, 'gibberish_spam': 0, 'word_count': 10}",0.0
589,"alhamdulillah barangnya sudah sampai, celananya bagus, saya suka, tokonya amanah 👍",5,0,"alhamdulillah barangnya sudah sampai, celananya bagus, saya suka, tokonya amanah 👍",Real,1.0,0.0,"{'contradiction': 0, 'template_language': 0, 'excessive_emotion': 0, 'gibberish_spam': 0, 'word_count': 11}",0.0
590,paket sdh diterima kemasan aman cma hrse aku pesen xl tpi ngk papa bisa buat ank bahane bagus jg ....mas kurir jg berlangganan,5,0,paket sdh diterima kemasan aman cma hrse aku pesen xl tpi ngk papa bisa buat ank bahane bagus jg ......,Real,1.0,0.0,"{'contradiction': 0, 'template_language': 0, 'excessive_emotion': 0, 'gibberish_spam': 0, 'word_count': 23}",0.0
591,pket tidak lengkap. yg dipesan isi 2 tp yg datang cuma 1. video unboxing ada tp knp g bisa diupload disini ya?? hnya bukti foto yg bisa diupload. produk ini sya return kr...,2,0,pket tidak lengkap. yg dipesan isi 2 tp yg datang cuma 1. video unboxing ada tp knp g bisa diupload ...,Real,1.0,0.0,"{'contradiction': 0, 'template_language': 0, 'excessive_emotion': 0, 'gibberish_spam': 0, 'word_count': 33}",0.0
592,jadi penjual yg jujur mosok barang nya sm gambarnya dan iklannya tidak sesuai,1,0,jadi penjual yg jujur mosok barang nya sm gambarnya dan iklannya tidak sesuai,Real,1.0,0.0,"{'contradiction': 0, 'template_language': 0, 'excessive_emotion': 0, 'gibberish_spam': 0, 'word_count': 13}",0.0
593,"bagus bahan tebal sesuai dengan gambar makasih buat tik tok, reseller nya semoga amanah",5,0,"bagus bahan tebal sesuai dengan gambar makasih buat tik tok, reseller nya semoga amanah",Real,1.0,0.0,"{'contradiction': 0, 'template_language': 0, 'excessive_emotion': 0, 'gibberish_spam': 0, 'word_count': 14}",0.0
594,terlalu tipis bahany ga sesuai gambar,3,0,terlalu tipis bahany ga sesuai gambar,Real,1.0,0.0,"{'contradiction': 0, 'template_language': 0, 'excessive_emotion': 0, 'gibberish_spam': 0, 'word_count': 6}",0.0
595,"barang datang dengan baik ,, kwalitas baik ,,mantap",5,0,"barang datang dengan baik ,, kwalitas baik ,,mantap",Real,1.0,0.0,"{'contradiction': 0, 'template_language': 0, 'excessive_emotion': 0, 'gibberish_spam': 0, 'word_count': 8}",0.0
596,barang sudah sampai hanya saja ukurannya agak kecil ya di bb 85,4,0,barang sudah sampai hanya saja ukurannya agak kecil ya di bb 85,Real,1.0,0.0,"{'contradiction': 0, 'template_language': 0, 'excessive_emotion': 0, 'gibberish_spam': 0, 'word_count': 12}",0.0
597,"makasi.... toko amanah barang sesuai yang di promosikan , pemgiriman paket aman ,walau,plastik sobek.barang ga cacat,lain kali bungkus di perkuat,makasih.",5,0,"makasi.... toko amanah barang sesuai yang di promosikan , pemgiriman paket aman ,walau,plastik sobek...",Real,1.0,0.0,"{'contradiction': 0, 'template_language': 0, 'excessive_emotion': 0, 'gibberish_spam': 0, 'word_count': 20}",0.0
598,barang nya udah datang pas warna nya bahan nya juga bagus dan baik,4,0,barang nya udah datang pas warna nya bahan nya juga bagus dan baik,Real,1.0,0.0,"{'contradiction': 0, 'template_language': 0, 'excessive_emotion': 0, 'gibberish_spam': 0, 'word_count': 13}",0.0
599,barang datang sesuwai harapan sangat amanah saku adaresletingnya juga,5,0,barang datang sesuwai harapan sangat amanah saku adaresletingnya juga,Real,1.0,0.0,"{'contradiction': 0, 'template_language': 0, 'excessive_emotion': 0, 'gibberish_spam': 0, 'word_count': 9}",0.0
600,bentuk dan ukuran: pas bahan: bagus warna: sesuai pesanan karakteristik: hangat di tubuh,5,0,bentuk dan ukuran: pas bahan: bagus warna: sesuai pesanan karakteristik: hangat di tubuh,Real,1.0,0.0,"{'contradiction': 0, 'template_language': 0, 'excessive_emotion': 0, 'gibberish_spam': 0, 'word_count': 13}",0.0
601,paket dah sampai bagus halus lembut enak dipakai,5,0,paket dah sampai bagus halus lembut enak dipakai,Real,1.0,0.0,"{'contradiction': 0, 'template_language': 0, 'excessive_emotion': 0, 'gibberish_spam': 0, 'word_count': 8}",0.0
602,"alhamdulillah barang nya sudah sampai sesuai pesanan, ukuran nya pas selalu amanah ya untuk toko nya terimakasih 😊",5,0,"alhamdulillah barang nya sudah sampai sesuai pesanan, ukuran nya pas selalu amanah ya untuk toko nya...",Real,1.0,0.0,"{'contradiction': 0, 'template_language': 0, 'excessive_emotion': 0, 'gibberish_spam': 0, 'word_count': 18}",0.0
603,barangnya baru sampe sangat puasss bahannya bagus tokonya amanah,5,0,barangnya baru sampe sangat puasss bahannya bagus tokonya amanah,Real,1.0,0.0,"{'contradiction': 0, 'template_language': 0, 'excessive_emotion': 0, 'gibberish_spam': 0, 'word_count': 9}",0.0
604,ukuran ngepas....kalau dipakai jongkok kurang nyaman agak kurang panjang sedikit....bahan agak tipis dan sesuai harga. tali nya seperti tali sepatu....semoga awet,3,0,ukuran ngepas....kalau dipakai jongkok kurang nyaman agak kurang panjang sedikit....bahan agak tipis...,Fake,0.8,4.0,"{'contradiction': 1, 'template_language': 0, 'excessive_emotion': 0, 'gibberish_spam': 0, 'word_count': 21}",0.333
605,alhamdulillah sudah diterima terimakasih bahan lumayan bagus dan enak dipake ...,5,0,alhamdulillah sudah diterima terimakasih bahan lumayan bagus dan enak dipake ...,Real,1.0,0.0,"{'contradiction': 0, 'template_language': 0, 'excessive_emotion': 0, 'gibberish_spam': 0, 'word_count': 11}",0.0
606,"sangat di sayangkan clana nya yg 1 bolong , mohon lain kali di cek dulu sebelum di kirim 🙏🏻🙏🏻",3,0,"sangat di sayangkan clana nya yg 1 bolong , mohon lain kali di cek dulu sebelum di kirim 🙏🏻🙏🏻",Real,1.0,0.0,"{'contradiction': 0, 'template_language': 0, 'excessive_emotion': 1, 'gibberish_spam': 0, 'word_count': 19}",0.0
607,bahan sesuai harga...walau terawang dikit....tp masih layak pakai ...murah banget pokoknya..,5,0,bahan sesuai harga...walau terawang dikit....tp masih layak pakai ...murah banget pokoknya..,Real,1.0,0.0,"{'contradiction': 0, 'template_language': 0, 'excessive_emotion': 0, 'gibberish_spam': 0, 'word_count': 11}",0.0
608,"bahan nya lumayan tebal adem nyerap keringat, kurir nya baik ramah",5,0,"bahan nya lumayan tebal adem nyerap keringat, kurir nya baik ramah",Real,1.0,0.0,"{'contradiction': 0, 'template_language': 0, 'excessive_emotion': 0, 'gibberish_spam': 0, 'word_count': 11}",0.0
609,"paket sudah di terima sesuai pesanan,bahan halus pengiriman tepat waktu,trima kasih semoga tetep amanah",5,0,"paket sudah di terima sesuai pesanan,bahan halus pengiriman tepat waktu,trima kasih semoga tetep ama...",Real,1.0,0.0,"{'contradiction': 0, 'template_language': 0, 'excessive_emotion': 0, 'gibberish_spam': 0, 'word_count': 14}",0.0
610,produk sesuai banget dengan yg di iklankan intinya produk bagus,5,0,produk sesuai banget dengan yg di iklankan intinya produk bagus,Real,1.0,0.0,"{'contradiction': 0, 'template_language': 0, 'excessive_emotion': 0, 'gibberish_spam': 0, 'word_count': 10}",0.0
611,saya pesan 2 paket isi 4 kok yang datang cuma isi 2 sih kak kecewa banget ..tolong yang 2 lagi di kirim .pengemasanya juga kurang rapi,1,0,saya pesan 2 paket isi 4 kok yang datang cuma isi 2 sih kak kecewa banget ..tolong yang 2 lagi di ki...,Real,1.0,0.0,"{'contradiction': 0, 'template_language': 0, 'excessive_emotion': 0, 'gibberish_spam': 0, 'word_count': 26}",0.0
612,kwalitas barang kurang bagus. rijek pulang,2,0,kwalitas barang kurang bagus. rijek pulang,Real,1.0,0.0,"{'contradiction': 0, 'template_language': 0, 'excessive_emotion': 0, 'gibberish_spam': 0, 'word_count': 6}",0.0
613,bentuk dan ukuran: pas bahan: adem warna: sesuai yg di foto,5,0,bentuk dan ukuran: pas bahan: adem warna: sesuai yg di foto,Real,1.0,0.0,"{'contradiction': 0, 'template_language': 0, 'excessive_emotion': 0, 'gibberish_spam': 0, 'word_count': 11}",0.0
614,bentuk dan ukuran: xl tpi kecil yach biarin lah yg penting enak d pakai nya,5,0,bentuk dan ukuran: xl tpi kecil yach biarin lah yg penting enak d pakai nya,Real,1.0,0.0,"{'contradiction': 0, 'template_language': 0, 'excessive_emotion': 0, 'gibberish_spam': 0, 'word_count': 15}",0.0
615,bentuk dan ukuran: pas bahan: bagus warna: sesuaikeun ya 🙂‍↕️🙂‍↕️,5,0,bentuk dan ukuran: pas bahan: bagus warna: sesuaikeun ya 🙂‍↕️🙂‍↕️,Real,1.0,0.0,"{'contradiction': 0, 'template_language': 0, 'excessive_emotion': 0, 'gibberish_spam': 0, 'word_count': 10}",0.0
616,masa allah kecil dan pendek padahal xxl yah sy selalu kecewaa,1,0,masa allah kecil dan pendek padahal xxl yah sy selalu kecewaa,Real,1.0,0.0,"{'contradiction': 0, 'template_language': 0, 'excessive_emotion': 0, 'gibberish_spam': 0, 'word_count': 11}",0.0
617,alhamdulillah celananya pas di anak aku pengiran juga cepat sukses selalu👍👍👍👍,5,0,alhamdulillah celananya pas di anak aku pengiran juga cepat sukses selalu👍👍👍👍,Real,1.0,0.0,"{'contradiction': 0, 'template_language': 0, 'excessive_emotion': 1, 'gibberish_spam': 0, 'word_count': 11}",0.0
618,"pesenan sesuai, tpi yg abu abu kekecilan",5,0,"pesenan sesuai, tpi yg abu abu kekecilan",Real,1.0,0.0,"{'contradiction': 0, 'template_language': 0, 'excessive_emotion': 0, 'gibberish_spam': 0, 'word_count': 7}",0.0
619,alhamdulillah.barang sdh sampai..bahan bagus sesuai harga..mksh tiktok.mksh bang kurir..,5,0,alhamdulillah.barang sdh sampai..bahan bagus sesuai harga..mksh tiktok.mksh bang kurir..,Real,1.0,0.0,"{'contradiction': 0, 'template_language': 0, 'excessive_emotion': 0, 'gibberish_spam': 0, 'word_count': 9}",0.0
620,bagus banget bahanya tebal ga kecewa,5,0,bagus banget bahanya tebal ga kecewa,Real,0.8,2.0,"{'contradiction': 0, 'template_language': 0, 'excessive_emotion': 0, 'gibberish_spam': 0, 'word_count': 6}",0.0
621,"allhamdulillah paket nya udah nyampai,barang nya bagus sesuai dengan harga,anak juga seneng langsung di pake🤭",5,0,"allhamdulillah paket nya udah nyampai,barang nya bagus sesuai dengan harga,anak juga seneng langsung...",Real,1.0,0.0,"{'contradiction': 0, 'template_language': 0, 'excessive_emotion': 0, 'gibberish_spam': 0, 'word_count': 15}",0.0
622,ini mah bisa buat ngaji.. pas dipake ankku,5,0,ini mah bisa buat ngaji.. pas dipake ankku,Real,1.0,0.0,"{'contradiction': 0, 'template_language': 0, 'excessive_emotion': 0, 'gibberish_spam': 0, 'word_count': 8}",0.0
623,barang dateng sesuai dan bagus sekali...terimakasih seller...sukses selalu dan laris manis,5,0,barang dateng sesuai dan bagus sekali...terimakasih seller...sukses selalu dan laris manis,Real,1.0,0.0,"{'contradiction': 0, 'template_language': 0, 'excessive_emotion': 0, 'gibberish_spam': 0, 'word_count': 11}",0.0
624,alhamdulillah paket celana senam saya sudahdatang saya kecewa baran yg dikirim tdk sesuai ukurannya yg saya l& pesan ukuran xxl bukan xl warna abu abu cocok tapi yg w...,2,0,alhamdulillah paket celana senam saya sudahdatang saya kecewa baran yg dikirim tdk sesuai ukurannya ...,Real,1.0,0.0,"{'contradiction': 0, 'template_language': 0, 'excessive_emotion': 0, 'gibberish_spam': 0, 'word_count': 29}",0.0
625,"barang sdh sampai, aman, makasih gan. bentuk dan ukuran: ok bahan: sesuai harga warna: ok karakteristik: ok",4,0,"barang sdh sampai, aman, makasih gan. bentuk dan ukuran: ok bahan: sesuai harga warna: ok karakteris...",Real,1.0,0.0,"{'contradiction': 0, 'template_language': 0, 'excessive_emotion': 0, 'gibberish_spam': 0, 'word_count': 17}",0.0
626,bahan sedang harga lumayan warna cukup bagus,4,0,bahan sedang harga lumayan warna cukup bagus,Real,1.0,0.0,"{'contradiction': 0, 'template_language': 0, 'excessive_emotion': 0, 'gibberish_spam': 0, 'word_count': 7}",0.0
627,alhamdulillah paketnya sudah sampai celana nya bagus gak kecewa,5,0,alhamdulillah paketnya sudah sampai celana nya bagus gak kecewa,Real,0.8,2.0,"{'contradiction': 0, 'template_language': 0, 'excessive_emotion': 0, 'gibberish_spam': 0, 'word_count': 9}",0.0
628,"murah dan bagus celananya,gk nyesel co,semoga selalu amanah",5,0,"murah dan bagus celananya,gk nyesel co,semoga selalu amanah",Real,1.0,0.0,"{'contradiction': 0, 'template_language': 0, 'excessive_emotion': 0, 'gibberish_spam': 0, 'word_count': 8}",0.0
629,"barang nya halus lmbut,, semoga awet,, terimakasih banyak bosku n si abang kurir nya jga",5,0,"barang nya halus lmbut,, semoga awet,, terimakasih banyak bosku n si abang kurir nya jga",Fake,0.809,4.17,"{'contradiction': 1, 'template_language': 0, 'excessive_emotion': 0, 'gibberish_spam': 0, 'word_count': 15}",0.391
630,bentuk dan ukuran: ukuran xxxl sama dgn ukuran xl bahan: bhan bagus,4,0,bentuk dan ukuran: ukuran xxxl sama dgn ukuran xl bahan: bhan bagus,Real,1.0,0.0,"{'contradiction': 0, 'template_language': 0, 'excessive_emotion': 0, 'gibberish_spam': 0, 'word_count': 12}",0.0
631,bentuk dan ukuran: pas bahan: kaos warna: sesuai bagus. smg gk kecilnya utk suami,5,0,bentuk dan ukuran: pas bahan: kaos warna: sesuai bagus. smg gk kecilnya utk suami,Real,1.0,0.0,"{'contradiction': 0, 'template_language': 0, 'excessive_emotion': 0, 'gibberish_spam': 0, 'word_count': 14}",0.0
632,barang nya sudah sampai kualitas nya lumayan harganya ekonomis pengiriman cepat kurir langganan mudah mudahan awet di pakai nya,4,0,barang nya sudah sampai kualitas nya lumayan harganya ekonomis pengiriman cepat kurir langganan muda...,Real,1.0,0.0,"{'contradiction': 0, 'template_language': 0, 'excessive_emotion': 0, 'gibberish_spam': 0, 'word_count': 19}",0.0
633,barang lumayan ...sesuai harga...ukuran xl nya kecil..klw mu order di sarankan ambil ukuran besar di tambah satu nomer biar pas,4,0,barang lumayan ...sesuai harga...ukuran xl nya kecil..klw mu order di sarankan ambil ukuran besar di...,Real,1.0,0.0,"{'contradiction': 0, 'template_language': 0, 'excessive_emotion': 0, 'gibberish_spam': 0, 'word_count': 20}",0.0
634,kurir ramah dan baik . produk sangat bagus,5,0,kurir ramah dan baik . produk sangat bagus,Fake,0.753,3.06,"{'contradiction': 0, 'template_language': 1, 'excessive_emotion': 0, 'gibberish_spam': 0, 'word_count': 8}",0.353
635,kurang panjang dikit aja barang lumayan ok,5,0,kurang panjang dikit aja barang lumayan ok,Real,0.8,2.0,"{'contradiction': 0, 'template_language': 0, 'excessive_emotion': 0, 'gibberish_spam': 0, 'word_count': 7}",0.0
636,jahitan rapi bagus...murahlah untuk harga segitu,5,0,jahitan rapi bagus...murahlah untuk harga segitu,Real,1.0,0.0,"{'contradiction': 0, 'template_language': 0, 'excessive_emotion': 0, 'gibberish_spam': 0, 'word_count': 6}",0.0
637,warna sesuai oesanan tp karetnya kurang bagus... sesuai hrga bahan: biasa aja,4,0,warna sesuai oesanan tp karetnya kurang bagus... sesuai hrga bahan: biasa aja,Real,0.8,2.0,"{'contradiction': 0, 'template_language': 0, 'excessive_emotion': 0, 'gibberish_spam': 0, 'word_count': 12}",0.0
638,sy pesan bb 90 yg di kirimkan bb 30/40 ya ngak muat lah buat sy tu pinggangnya kecil bangett,1,0,sy pesan bb 90 yg di kirimkan bb 30/40 ya ngak muat lah buat sy tu pinggangnya kecil bangett,Real,1.0,0.0,"{'contradiction': 0, 'template_language': 0, 'excessive_emotion': 0, 'gibberish_spam': 0, 'word_count': 19}",0.0
639,bgus sesuai sm pesanan bhn ya jg lmbut gk pnas bahan: bgus adem gk pnas,5,0,bgus sesuai sm pesanan bhn ya jg lmbut gk pnas bahan: bgus adem gk pnas,Real,1.0,0.0,"{'contradiction': 0, 'template_language': 0, 'excessive_emotion': 0, 'gibberish_spam': 0, 'word_count': 15}",0.0
640,cocok dan sesuai lah sm harga nya. lumayan oke,5,0,cocok dan sesuai lah sm harga nya. lumayan oke,Real,1.0,0.0,"{'contradiction': 0, 'template_language': 0, 'excessive_emotion': 0, 'gibberish_spam': 0, 'word_count': 9}",0.0
641,"bentuk dan ukuran: pas sesuai warna: sesuai pesanan all good, thanks",5,0,"bentuk dan ukuran: pas sesuai warna: sesuai pesanan all good, thanks",Real,1.0,0.0,"{'contradiction': 0, 'template_language': 0, 'excessive_emotion': 0, 'gibberish_spam': 0, 'word_count': 11}",0.0
642,"psket sfh ssmpet, bahannya lembut, mskasih ya kak",5,0,"psket sfh ssmpet, bahannya lembut, mskasih ya kak",Real,1.0,0.0,"{'contradiction': 0, 'template_language': 0, 'excessive_emotion': 0, 'gibberish_spam': 0, 'word_count': 8}",0.0
643,barang sudah sampai dengan selamat dan aman barang bagus sesuai deskripsi di toko,5,0,barang sudah sampai dengan selamat dan aman barang bagus sesuai deskripsi di toko,Real,1.0,0.0,"{'contradiction': 0, 'template_language': 0, 'excessive_emotion': 0, 'gibberish_spam': 0, 'word_count': 13}",0.0
644,"mohon maaf ,barang tidak sesuai ekspektasi",1,0,"mohon maaf ,barang tidak sesuai ekspektasi",Real,1.0,0.0,"{'contradiction': 0, 'template_language': 0, 'excessive_emotion': 0, 'gibberish_spam': 0, 'word_count': 6}",0.0
645,"gaya celana training trendy, pengiriman cepat, paket rapi, kurir ramah. dengan harga 57rb dpt 2 celana, murah itu.",5,0,"gaya celana training trendy, pengiriman cepat, paket rapi, kurir ramah. dengan harga 57rb dpt 2 cela...",Real,1.0,0.0,"{'contradiction': 0, 'template_language': 0, 'excessive_emotion': 0, 'gibberish_spam': 0, 'word_count': 18}",0.0
646,"barang bagus, sesuai pesanan... pengiriman jg cepat..👍",5,0,"barang bagus, sesuai pesanan... pengiriman jg cepat..👍",Real,1.0,0.0,"{'contradiction': 0, 'template_language': 0, 'excessive_emotion': 0, 'gibberish_spam': 0, 'word_count': 7}",0.0
647,"alhamdulillah dah sampe celana joger jogeran nya,ga sesuai sama iklan nya,bahan tipis, trimakasih kurir,sudah amanah dan sabar",3,0,"alhamdulillah dah sampe celana joger jogeran nya,ga sesuai sama iklan nya,bahan tipis, trimakasih ku...",Real,1.0,0.0,"{'contradiction': 0, 'template_language': 0, 'excessive_emotion': 0, 'gibberish_spam': 0, 'word_count': 17}",0.0
648,"barang sdh diterima, bagus, realpict, harga terjangkau",5,0,"barang sdh diterima, bagus, realpict, harga terjangkau",Real,0.714,2.86,"{'contradiction': 0, 'template_language': 1, 'excessive_emotion': 0, 'gibberish_spam': 0, 'word_count': 7}",0.287
649,"barangnya bagus sesuai yg di vt,dipakenya juga enak,moga ada rejeki lagi buat co berikutnya.",5,0,"barangnya bagus sesuai yg di vt,dipakenya juga enak,moga ada rejeki lagi buat co berikutnya.",Real,1.0,0.0,"{'contradiction': 0, 'template_language': 0, 'excessive_emotion': 0, 'gibberish_spam': 0, 'word_count': 14}",0.0
650,mantap...kwalitas ok.. pengiriman cpt.. kurir joss👍👍👍,5,0,mantap...kwalitas ok.. pengiriman cpt.. kurir joss👍👍👍,Real,1.0,0.0,"{'contradiction': 0, 'template_language': 0, 'excessive_emotion': 1, 'gibberish_spam': 0, 'word_count': 6}",0.0
651,"bgus,bhan tebal cocok d pki hari2..",4,0,"bgus,bhan tebal cocok d pki hari2..",Real,1.0,0.0,"{'contradiction': 0, 'template_language': 0, 'excessive_emotion': 0, 'gibberish_spam': 0, 'word_count': 6}",0.0
652,"maaf baru kasih ulasan, celananya bagus & harganya murah tapi tidak murahan 🙏🙏♥️♥️😍",5,0,"maaf baru kasih ulasan, celananya bagus & harganya murah tapi tidak murahan 🙏🙏♥️♥️😍",Real,1.0,0.0,"{'contradiction': 0, 'template_language': 0, 'excessive_emotion': 0, 'gibberish_spam': 0, 'word_count': 13}",0.0
653,"bagus untuk sehari2, next order untuk anak bujang",5,0,"bagus untuk sehari2, next order untuk anak bujang",Real,1.0,0.0,"{'contradiction': 0, 'template_language': 0, 'excessive_emotion': 0, 'gibberish_spam': 0, 'word_count': 8}",0.0
654,bentuk dan ukuran: sesuai pesanan warna: sesuai pesanan,5,0,bentuk dan ukuran: sesuai pesanan warna: sesuai pesanan,Real,1.0,0.0,"{'contradiction': 0, 'template_language': 0, 'excessive_emotion': 0, 'gibberish_spam': 0, 'word_count': 8}",0.0
655,barang diterima sesuai dengan pesanan seler telah menyiapkan pengiriman cepat paking rapi. pengiriman cepat dan kurir bagus.,5,0,barang diterima sesuai dengan pesanan seler telah menyiapkan pengiriman cepat paking rapi. pengirima...,Real,1.0,0.0,"{'contradiction': 0, 'template_language': 0, 'excessive_emotion': 0, 'gibberish_spam': 0, 'word_count': 17}",0.0
656,bahannya bgus lembut dan tidak menerawang...,5,0,bahannya bgus lembut dan tidak menerawang...,Real,1.0,0.0,"{'contradiction': 0, 'template_language': 0, 'excessive_emotion': 0, 'gibberish_spam': 0, 'word_count': 6}",0.0
657,produk realpicture..ukuran sesuai dan pengiriman cepat sampai..,5,0,produk realpicture..ukuran sesuai dan pengiriman cepat sampai..,Real,1.0,0.0,"{'contradiction': 0, 'template_language': 0, 'excessive_emotion': 0, 'gibberish_spam': 0, 'word_count': 7}",0.0
658,alhamdulillah barang bagus dan pengiriman cepat,5,0,alhamdulillah barang bagus dan pengiriman cepat,Real,1.0,0.0,"{'contradiction': 0, 'template_language': 0, 'excessive_emotion': 0, 'gibberish_spam': 0, 'word_count': 6}",0.0
659,"barangnya bagus sekali, sangat senang belanja disini, barangnya sesuai",5,0,"barangnya bagus sekali, sangat senang belanja disini, barangnya sesuai",Real,1.0,0.0,"{'contradiction': 0, 'template_language': 0, 'excessive_emotion': 0, 'gibberish_spam': 0, 'word_count': 9}",0.0
660,bentuk dan ukuran: sesuai dipesan warna: sesuai pesanan,5,0,bentuk dan ukuran: sesuai dipesan warna: sesuai pesanan,Real,1.0,0.0,"{'contradiction': 0, 'template_language': 0, 'excessive_emotion': 0, 'gibberish_spam': 0, 'word_count': 8}",0.0
661,"datang langsung dipakai,lumayan nyaman...",5,0,"datang langsung dipakai,lumayan nyaman...",Real,0.9,1.0,"{'contradiction': 0, 'template_language': 0, 'excessive_emotion': 0, 'gibberish_spam': 0, 'word_count': 4}",0.0
662,"pesanan sudah diterima sesuai yg di pesan,packing rapi , bintang yg berbicara, terimakasih seller, tiktok dan kurirnya",5,0,"pesanan sudah diterima sesuai yg di pesan,packing rapi , bintang yg berbicara, terimakasih seller, t...",Real,1.0,0.0,"{'contradiction': 0, 'template_language': 0, 'excessive_emotion': 0, 'gibberish_spam': 0, 'word_count': 17}",0.0
663,kok diselangkangan ada tambahan seperti ini bukan ukuran yg aku pesan,3,0,kok diselangkangan ada tambahan seperti ini bukan ukuran yg aku pesan,Real,1.0,0.0,"{'contradiction': 0, 'template_language': 0, 'excessive_emotion': 0, 'gibberish_spam': 0, 'word_count': 11}",0.0
664,"bahan tipis, tidak sesuai dengan di gambar",1,0,"bahan tipis, tidak sesuai dengan di gambar",Real,1.0,0.0,"{'contradiction': 0, 'template_language': 0, 'excessive_emotion': 0, 'gibberish_spam': 0, 'word_count': 7}",0.0
665,mantap bagus bgt buat harga segitu gak rugi,5,0,mantap bagus bgt buat harga segitu gak rugi,Real,1.0,0.0,"{'contradiction': 0, 'template_language': 0, 'excessive_emotion': 0, 'gibberish_spam': 0, 'word_count': 8}",0.0
666,sangat sangat buruk.... lainnya tipis tidak sesuai dengan gambar dan iklannya. parah,1,0,sangat sangat buruk.... lainnya tipis tidak sesuai dengan gambar dan iklannya. parah,Real,1.0,0.0,"{'contradiction': 0, 'template_language': 0, 'excessive_emotion': 0, 'gibberish_spam': 0, 'word_count': 12}",0.0
667,penjual nya bohong bukti nya mana beli celana dapet 2 pcs yg datang cuma 1 mana mana,2,0,penjual nya bohong bukti nya mana beli celana dapet 2 pcs yg datang cuma 1 mana mana,Real,1.0,0.0,"{'contradiction': 0, 'template_language': 0, 'excessive_emotion': 0, 'gibberish_spam': 0, 'word_count': 17}",0.0
668,"ada bolongnya, mhon lain x dicek ulang.",3,0,"ada bolongnya, mhon lain x dicek ulang.",Real,1.0,0.0,"{'contradiction': 0, 'template_language': 0, 'excessive_emotion': 0, 'gibberish_spam': 0, 'word_count': 7}",0.0
669,"sip ,cocok sesuai amanah tokonya",5,0,"sip ,cocok sesuai amanah tokonya",Real,0.9,1.0,"{'contradiction': 0, 'template_language': 0, 'excessive_emotion': 0, 'gibberish_spam': 0, 'word_count': 5}",0.0
670,"yg abu ok,pas agak ada longgar nya... yg hitam kok sempit",3,0,"yg abu ok,pas agak ada longgar nya... yg hitam kok sempit",Real,1.0,0.0,"{'contradiction': 0, 'template_language': 0, 'excessive_emotion': 0, 'gibberish_spam': 0, 'word_count': 11}",0.0
671,yg di kirim bukan celana kain tapi training gak sesuai video ...bahan sangat tipis,1,0,yg di kirim bukan celana kain tapi training gak sesuai video ...bahan sangat tipis,Real,1.0,0.0,"{'contradiction': 0, 'template_language': 0, 'excessive_emotion': 0, 'gibberish_spam': 0, 'word_count': 14}",0.0
672,paket nya dah sampai terimakasih sudah amanah paket nya sesuai semoga tokoh nya berkah selalu makin laris penjualan nya makasih juga sama abang kurirnya sudah langganan b...,5,0,paket nya dah sampai terimakasih sudah amanah paket nya sesuai semoga tokoh nya berkah selalu makin ...,Real,1.0,0.0,"{'contradiction': 0, 'template_language': 0, 'excessive_emotion': 0, 'gibberish_spam': 0, 'word_count': 27}",0.0
673,barangnya bagus cepat sampai kurirnya ramah.,5,0,barangnya bagus cepat sampai kurirnya ramah.,Real,1.0,0.0,"{'contradiction': 0, 'template_language': 0, 'excessive_emotion': 0, 'gibberish_spam': 0, 'word_count': 6}",0.0
674,"ukuran pas, sesuai pesanan... *wes ngunu ae",5,0,"ukuran pas, sesuai pesanan... *wes ngunu ae",Real,1.0,0.0,"{'contradiction': 0, 'template_language': 0, 'excessive_emotion': 0, 'gibberish_spam': 0, 'word_count': 7}",0.0
675,barang jelek masa celna panjang di kasihnya tidka sesuai ukuran kapok,1,0,barang jelek masa celna panjang di kasihnya tidka sesuai ukuran kapok,Real,1.0,0.0,"{'contradiction': 0, 'template_language': 0, 'excessive_emotion': 0, 'gibberish_spam': 0, 'word_count': 11}",0.0
676,"kapok beli ditoko ini,barangnya yg dikirim beda ama yg di spil/vt ,tak dpt dipercaya😡😡😡",1,0,"kapok beli ditoko ini,barangnya yg dikirim beda ama yg di spil/vt ,tak dpt dipercaya😡😡😡",Real,1.0,0.0,"{'contradiction': 0, 'template_language': 0, 'excessive_emotion': 1, 'gibberish_spam': 0, 'word_count': 14}",0.0
677,bentuk dan ukuran: sangaaaat paaas di pakeeee pokonya ga ngcewaiiinnn hargnya murah lagiiiiiii,5,0,bentuk dan ukuran: sangaaaat paaas di pakeeee pokonya ga ngcewaiiinnn hargnya murah lagiiiiiii,Fake,0.95,10.11,"{'contradiction': 0, 'template_language': 0, 'excessive_emotion': 0, 'gibberish_spam': 1, 'word_count': 13}",0.371
678,alhamdulillah paket sudah datang realpict kain juga tebel halus trimakasih kak,5,0,alhamdulillah paket sudah datang realpict kain juga tebel halus trimakasih kak,Real,1.0,0.0,"{'contradiction': 0, 'template_language': 0, 'excessive_emotion': 0, 'gibberish_spam': 0, 'word_count': 11}",0.0
679,paketnya sudah diterima dengan baik dan pengemasan rapi terima kasih supliernya,5,0,paketnya sudah diterima dengan baik dan pengemasan rapi terima kasih supliernya,Real,1.0,0.0,"{'contradiction': 0, 'template_language': 0, 'excessive_emotion': 0, 'gibberish_spam': 0, 'word_count': 11}",0.0
680,barang gk sesuai deskripsi,1,0,barang gk sesuai deskripsi,Real,0.9,1.0,"{'contradiction': 0, 'template_language': 0, 'excessive_emotion': 0, 'gibberish_spam': 0, 'word_count': 4}",0.0
681,"barang bagus banget,kain tebal",5,0,"barang bagus banget,kain tebal",Real,0.9,1.0,"{'contradiction': 0, 'template_language': 0, 'excessive_emotion': 0, 'gibberish_spam': 0, 'word_count': 4}",0.0
682,"lumayan baguss walalu tidak sesuwa,lev tiktok trimaksih",5,0,"lumayan baguss walalu tidak sesuwa,lev tiktok trimaksih",Real,1.0,0.0,"{'contradiction': 0, 'template_language': 0, 'excessive_emotion': 0, 'gibberish_spam': 0, 'word_count': 7}",0.0
683,"barang ok,toko amanah sesuai dgn gambar makasih",5,0,"barang ok,toko amanah sesuai dgn gambar makasih",Real,1.0,0.0,"{'contradiction': 0, 'template_language': 0, 'excessive_emotion': 0, 'gibberish_spam': 0, 'word_count': 7}",0.0
684,lumayan lah buat di pake sehari hari,5,0,lumayan lah buat di pake sehari hari,Real,1.0,0.0,"{'contradiction': 0, 'template_language': 0, 'excessive_emotion': 0, 'gibberish_spam': 0, 'word_count': 7}",0.0
685,kecewa pesen panjang dikirim pendek toko tidak amanah bahan nerwang,1,0,kecewa pesen panjang dikirim pendek toko tidak amanah bahan nerwang,Real,1.0,0.0,"{'contradiction': 0, 'template_language': 0, 'excessive_emotion': 0, 'gibberish_spam': 0, 'word_count': 10}",0.0
686,allhamdululah paket nya dah sampe celana nya bagus banget..mantap nanti aku mau pesen lagi,5,0,allhamdululah paket nya dah sampe celana nya bagus banget..mantap nanti aku mau pesen lagi,Real,1.0,0.0,"{'contradiction': 0, 'template_language': 0, 'excessive_emotion': 0, 'gibberish_spam': 0, 'word_count': 14}",0.0
687,barang sesuai pesanan fast respon,5,0,barang sesuai pesanan fast respon,Fake,0.787,3.75,"{'contradiction': 0, 'template_language': 0, 'excessive_emotion': 0, 'gibberish_spam': 0, 'word_count': 5}",0.415
688,bentuk dan ukuran: pas dipakai,5,1,bentuk dan ukuran: pas dipakai,Real,0.9,1.0,"{'contradiction': 0, 'template_language': 0, 'excessive_emotion': 0, 'gibberish_spam': 0, 'word_count': 5}",0.0
689,huh nipu ini si jelek bet tidak sesuai harapan tida amanah semogaa masuk neraka jahanam,1,0,huh nipu ini si jelek bet tidak sesuai harapan tida amanah semogaa masuk neraka jahanam,Real,1.0,0.0,"{'contradiction': 0, 'template_language': 0, 'excessive_emotion': 0, 'gibberish_spam': 0, 'word_count': 15}",0.0
690,harga murah...tapi bagus celanaya,5,0,harga murah...tapi bagus celanaya,Real,0.9,1.0,"{'contradiction': 0, 'template_language': 0, 'excessive_emotion': 0, 'gibberish_spam': 0, 'word_count': 4}",0.0
691,mintanya hitam abu tua yg dkirim abutua navy,3,0,mintanya hitam abu tua yg dkirim abutua navy,Real,1.0,0.0,"{'contradiction': 0, 'template_language': 0, 'excessive_emotion': 0, 'gibberish_spam': 0, 'word_count': 8}",0.0
692,penipu. yang dikirim tidak sesuai. yang dibeli training celana panjang. yang datang celana pendek jelek mahal lagi...,1,0,penipu. yang dikirim tidak sesuai. yang dibeli training celana panjang. yang datang celana pendek je...,Real,1.0,0.0,"{'contradiction': 0, 'template_language': 0, 'excessive_emotion': 0, 'gibberish_spam': 0, 'word_count': 17}",0.0
693,kecewa....celana gak sesuai ...maunya beli buat anak q yg bb 85....tp kok pres banget gk bisa buat jongkok... terpaksa q yg pakai..jd buat yg mau beli uk xxxl itu cuma mu...,3,0,kecewa....celana gak sesuai ...maunya beli buat anak q yg bb 85....tp kok pres banget gk bisa buat j...,Real,1.0,0.0,"{'contradiction': 0, 'template_language': 0, 'excessive_emotion': 0, 'gibberish_spam': 0, 'word_count': 31}",0.0
694,bentuk dan ukuran: bentuk tidak sesuai mengecewakan... mesen ukuran xl malah yg datang kecil.... seukuran anak saya...,1,0,bentuk dan ukuran: bentuk tidak sesuai mengecewakan... mesen ukuran xl malah yg datang kecil.... seu...,Real,1.0,0.0,"{'contradiction': 0, 'template_language': 0, 'excessive_emotion': 0, 'gibberish_spam': 0, 'word_count': 17}",0.0
695,"kak mana kok yg warna abu nya ga ada,cuma yg warna hitam aja 1 jadi satu lagi",1,0,"kak mana kok yg warna abu nya ga ada,cuma yg warna hitam aja 1 jadi satu lagi",Real,1.0,0.0,"{'contradiction': 0, 'template_language': 0, 'excessive_emotion': 0, 'gibberish_spam': 0, 'word_count': 17}",0.0
696,"celananya bagus banget suami suka next order lagi masih mau ngumpulin cuan dulu,...",5,0,"celananya bagus banget suami suka next order lagi masih mau ngumpulin cuan dulu,...",Real,1.0,0.0,"{'contradiction': 0, 'template_language': 0, 'excessive_emotion': 0, 'gibberish_spam': 0, 'word_count': 13}",0.0
697,"paket sudah sampai baru kasih ulasan, lumayan buat sehari² anak akoh",4,0,"paket sudah sampai baru kasih ulasan, lumayan buat sehari² anak akoh",Real,1.0,0.0,"{'contradiction': 0, 'template_language': 0, 'excessive_emotion': 0, 'gibberish_spam': 0, 'word_count': 11}",0.0
698,"paket sudh sampai ,sesuai pesanan pas di pake aq yg bb 55 kg..trima ksih 🙏",5,0,"paket sudh sampai ,sesuai pesanan pas di pake aq yg bb 55 kg..trima ksih 🙏",Real,1.0,0.0,"{'contradiction': 0, 'template_language': 0, 'excessive_emotion': 0, 'gibberish_spam': 0, 'word_count': 15}",0.0
699,kain nya tipis dan nerawang.....tidak sesuai dengan promonya......,1,0,kain nya tipis dan nerawang.....tidak sesuai dengan promonya......,Fake,0.929,6.57,"{'contradiction': 0, 'template_language': 0, 'excessive_emotion': 0, 'gibberish_spam': 1, 'word_count': 8}",0.525
700,maaf sy beli bintang 2 dari komen customer lain koq tebal sedangkan saya dpt yg yach.....? jahitannya jg....?,2,0,maaf sy beli bintang 2 dari komen customer lain koq tebal sedangkan saya dpt yg yach.....? jahitanny...,Fake,0.925,6.5,"{'contradiction': 0, 'template_language': 0, 'excessive_emotion': 0, 'gibberish_spam': 1, 'word_count': 18}",0.499
701,"bahane tipis nerawang, ngatung dipakenya",3,0,"bahane tipis nerawang, ngatung dipakenya",Real,0.9,1.0,"{'contradiction': 0, 'template_language': 0, 'excessive_emotion': 0, 'gibberish_spam': 0, 'word_count': 5}",0.0
702,bentuk dan ukuran: pas dan nyaman,3,0,bentuk dan ukuran: pas dan nyaman,Real,1.0,0.0,"{'contradiction': 0, 'template_language': 0, 'excessive_emotion': 0, 'gibberish_spam': 0, 'word_count': 6}",0.0
703,"tokonya kurang amanah beli nya 4 yg dateng 2 bayar,ttp harga 4 picic, terus sisanya kmna",1,0,"tokonya kurang amanah beli nya 4 yg dateng 2 bayar,ttp harga 4 picic, terus sisanya kmna",Real,1.0,0.0,"{'contradiction': 0, 'template_language': 0, 'excessive_emotion': 0, 'gibberish_spam': 0, 'word_count': 16}",0.0
704,barang sdh sampa bagus kulir ny ramah,5,0,barang sdh sampa bagus kulir ny ramah,Real,1.0,0.0,"{'contradiction': 0, 'template_language': 0, 'excessive_emotion': 0, 'gibberish_spam': 0, 'word_count': 7}",0.0
705,lumayan buat harga segitu walau ga sesuai penawaran,5,0,lumayan buat harga segitu walau ga sesuai penawaran,Real,1.0,0.0,"{'contradiction': 0, 'template_language': 0, 'excessive_emotion': 0, 'gibberish_spam': 0, 'word_count': 8}",0.0
706,barang gaak sesuai pada gambar. jangan belanja di toko ini,1,0,barang gaak sesuai pada gambar. jangan belanja di toko ini,Real,1.0,0.0,"{'contradiction': 0, 'template_language': 0, 'excessive_emotion': 0, 'gibberish_spam': 0, 'word_count': 10}",0.0
707,"barang dah smpai,sangat bagus sesuai pesanan",5,0,"barang dah smpai,sangat bagus sesuai pesanan",Real,1.0,0.0,"{'contradiction': 0, 'template_language': 0, 'excessive_emotion': 0, 'gibberish_spam': 0, 'word_count': 6}",0.0
708,katanya dapet 2 tapi yang datang satu toko nya tidak amanah,1,0,katanya dapet 2 tapi yang datang satu toko nya tidak amanah,Real,1.0,0.0,"{'contradiction': 0, 'template_language': 0, 'excessive_emotion': 0, 'gibberish_spam': 0, 'word_count': 11}",0.0
709,ini gimana yakk saya pesan nya 4 pcs tapi yg dateng cuma 2 pcs dan saya hrus byar 4 pcs.. tolong dikirim lagi yg 2 pcs,1,0,ini gimana yakk saya pesan nya 4 pcs tapi yg dateng cuma 2 pcs dan saya hrus byar 4 pcs.. tolong dik...,Real,1.0,0.0,"{'contradiction': 0, 'template_language': 0, 'excessive_emotion': 0, 'gibberish_spam': 0, 'word_count': 26}",0.0
710,alhamdlh brg smp smg awet jgn ragu bl disini y,5,0,alhamdlh brg smp smg awet jgn ragu bl disini y,Real,1.0,0.0,"{'contradiction': 0, 'template_language': 0, 'excessive_emotion': 0, 'gibberish_spam': 0, 'word_count': 10}",0.0
711,"kwalitas ok dgn hrg segitu, worth it sih",5,0,"kwalitas ok dgn hrg segitu, worth it sih",Real,1.0,0.0,"{'contradiction': 0, 'template_language': 0, 'excessive_emotion': 0, 'gibberish_spam': 0, 'word_count': 8}",0.0
712,saya pesan 2 paket khan pantesnya 4 pcs dapet kok ini 2 pcs aja yg dateng kecewa banget saya,1,0,saya pesan 2 paket khan pantesnya 4 pcs dapet kok ini 2 pcs aja yg dateng kecewa banget saya,Real,1.0,0.0,"{'contradiction': 0, 'template_language': 0, 'excessive_emotion': 0, 'gibberish_spam': 0, 'word_count': 19}",0.0
713,"kecil ukuran anak "" bukan buat orang dewasab",2,0,"kecil ukuran anak "" bukan buat orang dewasab",Real,1.0,0.0,"{'contradiction': 0, 'template_language': 0, 'excessive_emotion': 0, 'gibberish_spam': 0, 'word_count': 8}",0.0
714,apa gk salah kirim ya sy pesan clana panjang isi 2 yg dateng clana pendek isi 5,2,0,apa gk salah kirim ya sy pesan clana panjang isi 2 yg dateng clana pendek isi 5,Real,1.0,0.0,"{'contradiction': 0, 'template_language': 0, 'excessive_emotion': 0, 'gibberish_spam': 0, 'word_count': 17}",0.0
715,"maaf ya kak cln gak sesuai sama yg di viti,trs ukuran tdk sesuai,ukuran pling besar sendiri xxxl,bb 85 gak ckup",1,0,"maaf ya kak cln gak sesuai sama yg di viti,trs ukuran tdk sesuai,ukuran pling besar sendiri xxxl,bb ...",Real,1.0,0.0,"{'contradiction': 0, 'template_language': 0, 'excessive_emotion': 0, 'gibberish_spam': 0, 'word_count': 20}",0.0
716,"alhamdulillah barang bagus, suami suka",4,0,"alhamdulillah barang bagus, suami suka",Real,0.9,1.0,"{'contradiction': 0, 'template_language': 0, 'excessive_emotion': 0, 'gibberish_spam': 0, 'word_count': 5}",0.0
717,"penjual tidak amanah pesen xxl yang dateng malah ukuran m,",1,0,"penjual tidak amanah pesen xxl yang dateng malah ukuran m,",Real,1.0,0.0,"{'contradiction': 0, 'template_language': 0, 'excessive_emotion': 0, 'gibberish_spam': 0, 'word_count': 10}",0.0
718,trimakasih toko sangat amanah ini langsung saya pakai,5,0,trimakasih toko sangat amanah ini langsung saya pakai,Real,1.0,0.0,"{'contradiction': 0, 'template_language': 0, 'excessive_emotion': 0, 'gibberish_spam': 0, 'word_count': 8}",0.0
719,"lain kali sebelum kirim barang tolong lihat dengan teliti,,barang sobek di kirim",2,0,"lain kali sebelum kirim barang tolong lihat dengan teliti,,barang sobek di kirim",Real,1.0,0.0,"{'contradiction': 0, 'template_language': 0, 'excessive_emotion': 0, 'gibberish_spam': 0, 'word_count': 12}",0.0
720,"brang nya udah smpek,bahanya lembut,tapiii bahan tumbuh pandang,",2,0,"brang nya udah smpek,bahanya lembut,tapiii bahan tumbuh pandang,",Real,1.0,0.0,"{'contradiction': 0, 'template_language': 0, 'excessive_emotion': 0, 'gibberish_spam': 0, 'word_count': 8}",0.0
721,bagussssssssssssssssssssssssssssssssssssssssssssssssssssssssssssssssss,5,0,bagussssssssssssssssssssssssssssssssssssssssssssssssssssssssssssssssss,Fake,0.95,11.29,"{'contradiction': 0, 'template_language': 0, 'excessive_emotion': 0, 'gibberish_spam': 1, 'word_count': 1}",0.43
722,"barang dah sampai,harga nya bener murce..mksh seller & kurir",5,0,"barang dah sampai,harga nya bener murce..mksh seller & kurir",Real,1.0,0.0,"{'contradiction': 0, 'template_language': 0, 'excessive_emotion': 0, 'gibberish_spam': 0, 'word_count': 9}",0.0
723,bahan: lumayan tipis ya,4,0,bahan: lumayan tipis ya,Real,0.9,1.0,"{'contradiction': 0, 'template_language': 0, 'excessive_emotion': 0, 'gibberish_spam': 0, 'word_count': 4}",0.0
724,alhmdulillah barang nya sudah sampe bagus aku suka trimakasih,5,0,alhmdulillah barang nya sudah sampe bagus aku suka trimakasih,Real,1.0,0.0,"{'contradiction': 0, 'template_language': 0, 'excessive_emotion': 0, 'gibberish_spam': 0, 'word_count': 9}",0.0
725,cukup bagus sesuai dengan harganya,5,0,cukup bagus sesuai dengan harganya,Real,0.9,1.0,"{'contradiction': 0, 'template_language': 0, 'excessive_emotion': 0, 'gibberish_spam': 0, 'word_count': 5}",0.0
726,alhamdulillah barang nya udah sampai .. warna dan ukuran sesuai,5,0,alhamdulillah barang nya udah sampai .. warna dan ukuran sesuai,Real,1.0,0.0,"{'contradiction': 0, 'template_language': 0, 'excessive_emotion': 0, 'gibberish_spam': 0, 'word_count': 10}",0.0
727,"bahan bagus semua bagus hanya di bagian kantong kurang, kaya bakalan gampang berudul",5,0,"bahan bagus semua bagus hanya di bagian kantong kurang, kaya bakalan gampang berudul",Real,0.8,2.0,"{'contradiction': 0, 'template_language': 0, 'excessive_emotion': 0, 'gibberish_spam': 0, 'word_count': 13}",0.0
728,"paket sdh diterima terimakasih seller,dan kurir ramah gercep🙏🙏🙏",5,0,"paket sdh diterima terimakasih seller,dan kurir ramah gercep🙏🙏🙏",Real,1.0,0.0,"{'contradiction': 0, 'template_language': 0, 'excessive_emotion': 1, 'gibberish_spam': 0, 'word_count': 8}",0.0
729,bentuk tidak sesuai dan ukuran kecil kurang besar bahan: tidak sesuai dengan iklan warna: biasa,4,0,bentuk tidak sesuai dan ukuran kecil kurang besar bahan: tidak sesuai dengan iklan warna: biasa,Real,0.8,2.0,"{'contradiction': 0, 'template_language': 0, 'excessive_emotion': 0, 'gibberish_spam': 0, 'word_count': 15}",0.0
730,prodak bagus yang satu kecil satunya pas bahan oke adem enak di pakai,5,0,prodak bagus yang satu kecil satunya pas bahan oke adem enak di pakai,Real,1.0,0.0,"{'contradiction': 0, 'template_language': 0, 'excessive_emotion': 0, 'gibberish_spam': 0, 'word_count': 13}",0.0
731,"barang sesuai pesanan, kurir rama",5,0,"barang sesuai pesanan, kurir rama",Real,0.9,1.0,"{'contradiction': 0, 'template_language': 0, 'excessive_emotion': 0, 'gibberish_spam': 0, 'word_count': 5}",0.0
732,"bahanx halus dan adem,enak d pakai ngk panas",5,0,"bahanx halus dan adem,enak d pakai ngk panas",Real,1.0,0.0,"{'contradiction': 0, 'template_language': 0, 'excessive_emotion': 0, 'gibberish_spam': 0, 'word_count': 8}",0.0
733,bentuk dan ukuran: sesuai cuma kurang besar dikit bahan: nyaman,5,0,bentuk dan ukuran: sesuai cuma kurang besar dikit bahan: nyaman,Real,0.8,2.0,"{'contradiction': 0, 'template_language': 0, 'excessive_emotion': 0, 'gibberish_spam': 0, 'word_count': 10}",0.0
734,bentuk dan ukuran: panjang.y kurang bahan: tebal warna: sesuai di bio karakteristik: nyaman di pakai,5,0,bentuk dan ukuran: panjang.y kurang bahan: tebal warna: sesuai di bio karakteristik: nyaman di pakai,Real,0.8,2.0,"{'contradiction': 0, 'template_language': 0, 'excessive_emotion': 0, 'gibberish_spam': 0, 'word_count': 15}",0.0
735,celana bagus bahan tebal cocok dipakai untuk jogging dipakai di hawa dingin pengin order lagi makasih shoope kurir baik ramah karna udah langganan,5,0,celana bagus bahan tebal cocok dipakai untuk jogging dipakai di hawa dingin pengin order lagi makasi...,Real,1.0,0.0,"{'contradiction': 0, 'template_language': 0, 'excessive_emotion': 0, 'gibberish_spam': 0, 'word_count': 23}",0.0
736,"produknya bagus, tapi bahannya tipis, pengiriman cepat, terima kasih",5,0,"produknya bagus, tapi bahannya tipis, pengiriman cepat, terima kasih",Real,1.0,0.0,"{'contradiction': 0, 'template_language': 0, 'excessive_emotion': 0, 'gibberish_spam': 0, 'word_count': 9}",0.0
737,bentuk dan ukuran: bagus dan ukurannya kecil bahan: tipis menerawang karakteristik: bahan panas warna: ok,5,0,bentuk dan ukuran: bagus dan ukurannya kecil bahan: tipis menerawang karakteristik: bahan panas warn...,Real,1.0,0.0,"{'contradiction': 0, 'template_language': 0, 'excessive_emotion': 0, 'gibberish_spam': 0, 'word_count': 15}",0.0
738,"bahan kualitas baik, ukuran sesusi, harga terjangkau",5,0,"bahan kualitas baik, ukuran sesusi, harga terjangkau",Fake,0.767,3.34,"{'contradiction': 0, 'template_language': 1, 'excessive_emotion': 0, 'gibberish_spam': 0, 'word_count': 7}",0.446
739,bentuk dan ukuran: pas bahan: agak tipis tapi gak apa warna: sesuai dg pesanan,5,0,bentuk dan ukuran: pas bahan: agak tipis tapi gak apa warna: sesuai dg pesanan,Real,1.0,0.0,"{'contradiction': 0, 'template_language': 0, 'excessive_emotion': 0, 'gibberish_spam': 0, 'word_count': 14}",0.0
740,"alhamdulillah paket sudah sampai , bahannya aga tipis tapi adem dan nyaman dipake .",5,0,"alhamdulillah paket sudah sampai , bahannya aga tipis tapi adem dan nyaman dipake .",Real,1.0,0.0,"{'contradiction': 0, 'template_language': 0, 'excessive_emotion': 0, 'gibberish_spam': 0, 'word_count': 14}",0.0
741,"bentuk dan ukuran: pas sesuai dengan harga, tipis menerawaang tapi jahitan bagus dan rapi",5,0,"bentuk dan ukuran: pas sesuai dengan harga, tipis menerawaang tapi jahitan bagus dan rapi",Real,1.0,0.0,"{'contradiction': 0, 'template_language': 0, 'excessive_emotion': 0, 'gibberish_spam': 0, 'word_count': 14}",0.0
742,bahan: bagus dengan harga segitu bentuk dan ukuran: bentuk bagus ukurannya xxl tapi kecil aku pesen untuk orang dewasa tpi yang datang untuk anak-anak warna: warna sesue...,5,0,bahan: bagus dengan harga segitu bentuk dan ukuran: bentuk bagus ukurannya xxl tapi kecil aku pesen ...,Real,1.0,0.0,"{'contradiction': 0, 'template_language': 0, 'excessive_emotion': 0, 'gibberish_spam': 0, 'word_count': 27}",0.0
743,"bahan tipis, warna realpic ukuran sesuai lumayan lah hrg segitu dipakai buat sehari2",5,0,"bahan tipis, warna realpic ukuran sesuai lumayan lah hrg segitu dipakai buat sehari2",Real,1.0,0.0,"{'contradiction': 0, 'template_language': 0, 'excessive_emotion': 0, 'gibberish_spam': 0, 'word_count': 13}",0.0
744,"bentuk dan ukuran: pas bahan: bagus , nyaman di pakai warna: ok, sesuai pesanan",5,0,"bentuk dan ukuran: pas bahan: bagus , nyaman di pakai warna: ok, sesuai pesanan",Real,1.0,0.0,"{'contradiction': 0, 'template_language': 0, 'excessive_emotion': 0, 'gibberish_spam': 0, 'word_count': 14}",0.0
745,"bentuk dan ukuran: ukuran pas untuk bb 56 min,longgar dikit tp pas tidak kegedean,warna sangat sesuai dengan pesanan",4,0,"bentuk dan ukuran: ukuran pas untuk bb 56 min,longgar dikit tp pas tidak kegedean,warna sangat sesua...",Real,1.0,0.0,"{'contradiction': 0, 'template_language': 0, 'excessive_emotion': 0, 'gibberish_spam': 0, 'word_count': 18}",0.0
746,bentuk dan ukuran: pas dan nyaman warna: sesuai ekspetasi bahan: lembut dan nyaman,5,0,bentuk dan ukuran: pas dan nyaman warna: sesuai ekspetasi bahan: lembut dan nyaman,Real,1.0,0.0,"{'contradiction': 0, 'template_language': 0, 'excessive_emotion': 0, 'gibberish_spam': 0, 'word_count': 13}",0.0
747,bentuk dan ukuran: kurang sesuai bahan: bagus warna: kalem barangnya udah sampai bagus buat dipakai hari2 nyaman dan melar bahannya..cuma aga kecil dikit,5,0,bentuk dan ukuran: kurang sesuai bahan: bagus warna: kalem barangnya udah sampai bagus buat dipakai ...,Real,0.8,2.0,"{'contradiction': 0, 'template_language': 0, 'excessive_emotion': 0, 'gibberish_spam': 0, 'word_count': 23}",0.0
748,bahannya tipis warna hitam dan abu abu tua nyaman di pakai,4,0,bahannya tipis warna hitam dan abu abu tua nyaman di pakai,Real,1.0,0.0,"{'contradiction': 0, 'template_language': 0, 'excessive_emotion': 0, 'gibberish_spam': 0, 'word_count': 11}",0.0
749,tipis ya sesuai harga.. celana hitamnya sempit .. abu masih muat tpi ngerinya jg sekali pakai sobek jahitannya 😁,4,0,tipis ya sesuai harga.. celana hitamnya sempit .. abu masih muat tpi ngerinya jg sekali pakai sobek ...,Real,1.0,0.0,"{'contradiction': 0, 'template_language': 0, 'excessive_emotion': 0, 'gibberish_spam': 0, 'word_count': 19}",0.0
750,bahan: bahan bagus warna: sesuai peseno bentuk dan ukuran: longgar,5,0,bahan: bahan bagus warna: sesuai peseno bentuk dan ukuran: longgar,Real,1.0,0.0,"{'contradiction': 0, 'template_language': 0, 'excessive_emotion': 0, 'gibberish_spam': 0, 'word_count': 10}",0.0
751,barang sdh diterima dgn baik makasih seller dan bang kurirnya,5,0,barang sdh diterima dgn baik makasih seller dan bang kurirnya,Real,1.0,0.0,"{'contradiction': 0, 'template_language': 0, 'excessive_emotion': 0, 'gibberish_spam': 0, 'word_count': 10}",0.0
752,bahannya lumayan halus tapi tipis dan nerawang... bentuk dan ukuran: sesuai dengan pesanan bahan: tipis dan menerawang warna: sesuai dg gambar karakteristik: tipis dan ne...,4,0,bahannya lumayan halus tapi tipis dan nerawang... bentuk dan ukuran: sesuai dengan pesanan bahan: ti...,Real,1.0,0.0,"{'contradiction': 0, 'template_language': 0, 'excessive_emotion': 0, 'gibberish_spam': 0, 'word_count': 25}",0.0
753,"sesuai harga, barang tidak tipis,tidak tebal",5,0,"sesuai harga, barang tidak tipis,tidak tebal",Real,1.0,0.0,"{'contradiction': 0, 'template_language': 0, 'excessive_emotion': 0, 'gibberish_spam': 0, 'word_count': 6}",0.0
754,bentuk dan ukuran: agak press bahan: nyaman/pas warna: sesuai,4,0,bentuk dan ukuran: agak press bahan: nyaman/pas warna: sesuai,Real,1.0,0.0,"{'contradiction': 0, 'template_language': 0, 'excessive_emotion': 0, 'gibberish_spam': 0, 'word_count': 9}",0.0
755,langsung di pakek ama pak su...seneng bgt murah terima kasihh,5,0,langsung di pakek ama pak su...seneng bgt murah terima kasihh,Real,1.0,0.0,"{'contradiction': 0, 'template_language': 0, 'excessive_emotion': 0, 'gibberish_spam': 0, 'word_count': 10}",0.0
756,bentuk dan ukuran: sesuai bahan: halus enak di pake warna: sesuai,5,0,bentuk dan ukuran: sesuai bahan: halus enak di pake warna: sesuai,Real,1.0,0.0,"{'contradiction': 0, 'template_language': 0, 'excessive_emotion': 0, 'gibberish_spam': 0, 'word_count': 11}",0.0
757,paket udah sampe ukuran pas bahan lumayan sesuai harga cma sedikit di bagian kantong benang nya masih berantakan tpi bagus maksih seler semoga lancar jualan 🙏,5,0,paket udah sampe ukuran pas bahan lumayan sesuai harga cma sedikit di bagian kantong benang nya masi...,Real,1.0,0.0,"{'contradiction': 0, 'template_language': 0, 'excessive_emotion': 0, 'gibberish_spam': 0, 'word_count': 26}",0.0
758,bentuk dan ukuran: pas bahan: adem tebal warna: pas permintaan saya tak mau banyak komentar soalnya cocok banget buat saya,5,0,bentuk dan ukuran: pas bahan: adem tebal warna: pas permintaan saya tak mau banyak komentar soalnya ...,Real,1.0,0.0,"{'contradiction': 0, 'template_language': 0, 'excessive_emotion': 0, 'gibberish_spam': 0, 'word_count': 20}",0.0
759,"bahan nya adem dan tipis,lumayan buat sehari2 di rmh dan buat olah raga juga",5,0,"bahan nya adem dan tipis,lumayan buat sehari2 di rmh dan buat olah raga juga",Real,1.0,0.0,"{'contradiction': 0, 'template_language': 0, 'excessive_emotion': 0, 'gibberish_spam': 0, 'word_count': 14}",0.0
760,bahannya halus nyaman d pakai sehari hari,5,0,bahannya halus nyaman d pakai sehari hari,Real,1.0,0.0,"{'contradiction': 0, 'template_language': 0, 'excessive_emotion': 0, 'gibberish_spam': 0, 'word_count': 7}",0.0
761,"bahan nya tipis beda bgt sama yg di video, lumayan lah buat sehari hari mah",4,0,"bahan nya tipis beda bgt sama yg di video, lumayan lah buat sehari hari mah",Real,1.0,0.0,"{'contradiction': 0, 'template_language': 0, 'excessive_emotion': 0, 'gibberish_spam': 0, 'word_count': 15}",0.0
762,"bahan kainnya bagus, tidak tipis dan adem. worth it",5,0,"bahan kainnya bagus, tidak tipis dan adem. worth it",Real,1.0,0.0,"{'contradiction': 0, 'template_language': 0, 'excessive_emotion': 0, 'gibberish_spam': 0, 'word_count': 9}",0.0
763,sesuai harga sayang bahannya ga melar jg bahan nya panas. .,4,0,sesuai harga sayang bahannya ga melar jg bahan nya panas. .,Real,1.0,0.0,"{'contradiction': 0, 'template_language': 0, 'excessive_emotion': 0, 'gibberish_spam': 0, 'word_count': 11}",0.0
764,"bahan bgus halus cuma yg hitam tipis, yg abu abu lumayan tebel",5,0,"bahan bgus halus cuma yg hitam tipis, yg abu abu lumayan tebel",Real,1.0,0.0,"{'contradiction': 0, 'template_language': 0, 'excessive_emotion': 0, 'gibberish_spam': 0, 'word_count': 12}",0.0
765,"bentuk dan ukuran: ukurannya kecil,, saya pesan yang ukuran bb 60-80kg bahan: bahannya tipis jd menerawang trus tidak melar warna: warnanya sesuai",4,0,"bentuk dan ukuran: ukurannya kecil,, saya pesan yang ukuran bb 60-80kg bahan: bahannya tipis jd mene...",Real,1.0,0.0,"{'contradiction': 0, 'template_language': 0, 'excessive_emotion': 0, 'gibberish_spam': 0, 'word_count': 22}",0.0
766,bentuk dan ukuran: pas dgn ukurannya bahan: bagus warna: cocok dgn aku minta,4,0,bentuk dan ukuran: pas dgn ukurannya bahan: bagus warna: cocok dgn aku minta,Real,1.0,0.0,"{'contradiction': 0, 'template_language': 0, 'excessive_emotion': 0, 'gibberish_spam': 0, 'word_count': 13}",0.0
767,celana nya bagus enak di pake bahan nya juga bagus.. trimakasih juga buat kurir nya..,5,0,celana nya bagus enak di pake bahan nya juga bagus.. trimakasih juga buat kurir nya..,Real,1.0,0.0,"{'contradiction': 0, 'template_language': 0, 'excessive_emotion': 0, 'gibberish_spam': 0, 'word_count': 15}",0.0
768,alhamdulilah pesenan sudah sampe . bahan adem sesuai harga agak tipis dikit😁🙏,5,0,alhamdulilah pesenan sudah sampe . bahan adem sesuai harga agak tipis dikit😁🙏,Real,1.0,0.0,"{'contradiction': 0, 'template_language': 0, 'excessive_emotion': 0, 'gibberish_spam': 0, 'word_count': 12}",0.0
769,"untuk harga 50 2pcs worth it sih, tapi sayang bahan terlalu tipis bahkan nerawang. tp gak papa. ukuran sesuai, tapi keknya bakal melar kalo udh di cuci",4,0,"untuk harga 50 2pcs worth it sih, tapi sayang bahan terlalu tipis bahkan nerawang. tp gak papa. ukur...",Real,1.0,0.0,"{'contradiction': 0, 'template_language': 0, 'excessive_emotion': 0, 'gibberish_spam': 0, 'word_count': 27}",0.0
770,"bahannya adem,nyaman dipakai,pokoknya amanah trus buat tokonya.makasih",5,0,"bahannya adem,nyaman dipakai,pokoknya amanah trus buat tokonya.makasih",Real,1.0,0.0,"{'contradiction': 0, 'template_language': 0, 'excessive_emotion': 0, 'gibberish_spam': 0, 'word_count': 7}",0.0
771,paket sudah sampe pengiriman sangat cepat sayangnya bahan tipis,5,0,paket sudah sampe pengiriman sangat cepat sayangnya bahan tipis,Fake,0.751,3.01,"{'contradiction': 0, 'template_language': 1, 'excessive_emotion': 0, 'gibberish_spam': 0, 'word_count': 9}",0.338
772,bentuk dan ukuran: pas bahan: halus warna: sesuai karakteristik: bagus,5,0,bentuk dan ukuran: pas bahan: halus warna: sesuai karakteristik: bagus,Real,1.0,0.0,"{'contradiction': 0, 'template_language': 0, 'excessive_emotion': 0, 'gibberish_spam': 0, 'word_count': 10}",0.0
773,terimakasih barang sudah sampai.. lumayan tebel.mudah2 an awet..,5,0,terimakasih barang sudah sampai.. lumayan tebel.mudah2 an awet..,Real,1.0,0.0,"{'contradiction': 0, 'template_language': 0, 'excessive_emotion': 0, 'gibberish_spam': 0, 'word_count': 8}",0.0
774,"ukuran kurang gede agak tipis,tapi sesuai harga yah...",5,0,"ukuran kurang gede agak tipis,tapi sesuai harga yah...",Real,0.8,2.0,"{'contradiction': 0, 'template_language': 0, 'excessive_emotion': 0, 'gibberish_spam': 0, 'word_count': 8}",0.0
775,respons cepat n pengiriman cepat...bahannya tipis...,5,0,respons cepat n pengiriman cepat...bahannya tipis...,Real,1.0,0.0,"{'contradiction': 0, 'template_language': 0, 'excessive_emotion': 0, 'gibberish_spam': 0, 'word_count': 6}",0.0
776,"bagus bahannya, nyaman dipakainya,cepat pengiriman",5,0,"bagus bahannya, nyaman dipakainya,cepat pengiriman",Real,0.9,1.0,"{'contradiction': 0, 'template_language': 0, 'excessive_emotion': 0, 'gibberish_spam': 0, 'word_count': 5}",0.0
777,paketnya sudah sampe pekingnya rapi mantap👍👍👍👍👍👍👍👍👍👍👍👍👍👍👍👍👍👍,5,0,paketnya sudah sampe pekingnya rapi mantap👍👍👍👍👍👍👍👍👍👍👍👍👍👍👍👍👍👍,Fake,0.921,6.41,"{'contradiction': 0, 'template_language': 0, 'excessive_emotion': 1, 'gibberish_spam': 1, 'word_count': 6}",0.47
778,"barangnya udh saya terima dengan baik dan sesuai dengan pesanan bos,produk dijamin asli dan original bos,codnya super cepat sekali bos",5,0,"barangnya udh saya terima dengan baik dan sesuai dengan pesanan bos,produk dijamin asli dan original...",Real,1.0,0.0,"{'contradiction': 0, 'template_language': 0, 'excessive_emotion': 0, 'gibberish_spam': 0, 'word_count': 20}",0.0
779,"produk.nya saya suka kain.nya sangat tebal dan dingin, cuma yg dobel xxl kanyak.nya kurang besar untuk berat badan 70-80...",5,0,"produk.nya saya suka kain.nya sangat tebal dan dingin, cuma yg dobel xxl kanyak.nya kurang besar unt...",Real,0.8,2.0,"{'contradiction': 0, 'template_language': 0, 'excessive_emotion': 0, 'gibberish_spam': 0, 'word_count': 19}",0.0
780,rumayan murah bisa buat santai santai,5,0,rumayan murah bisa buat santai santai,Real,1.0,0.0,"{'contradiction': 0, 'template_language': 0, 'excessive_emotion': 0, 'gibberish_spam': 0, 'word_count': 6}",0.0
781,bahan: beli kedua kalinya... bahan nya ga sama dengan yg pertama beli... bahan nya klo dipegang kayak berbahan kardus? pertama beli bahan kaos bagus,4,0,bahan: beli kedua kalinya... bahan nya ga sama dengan yg pertama beli... bahan nya klo dipegang kaya...,Real,1.0,0.0,"{'contradiction': 0, 'template_language': 0, 'excessive_emotion': 0, 'gibberish_spam': 0, 'word_count': 24}",0.0
782,mksh paket nya sudah sampe barang lumayan bagus dgn harga segitu👍👍👍,5,0,mksh paket nya sudah sampe barang lumayan bagus dgn harga segitu👍👍👍,Real,1.0,0.0,"{'contradiction': 0, 'template_language': 0, 'excessive_emotion': 1, 'gibberish_spam': 0, 'word_count': 11}",0.0
783,bentuk dan ukuran: uk pas bahan: halus karakteristik: bagus warna: sesuai,5,0,bentuk dan ukuran: uk pas bahan: halus karakteristik: bagus warna: sesuai,Real,1.0,0.0,"{'contradiction': 0, 'template_language': 0, 'excessive_emotion': 0, 'gibberish_spam': 0, 'word_count': 11}",0.0
784,"toko amanah,bahan adem meskipun sedikit tipis sesuai lah sm harganya...barang dtg sesuai pesanan,packing aman...trimksh sukses trus ka",5,0,"toko amanah,bahan adem meskipun sedikit tipis sesuai lah sm harganya...barang dtg sesuai pesanan,pac...",Real,1.0,0.0,"{'contradiction': 0, 'template_language': 0, 'excessive_emotion': 0, 'gibberish_spam': 0, 'word_count': 17}",0.0
785,bahan: pas bagus bentuk dan ukuran: baik warna: cocok sesuai yg d pesan,5,0,bahan: pas bagus bentuk dan ukuran: baik warna: cocok sesuai yg d pesan,Real,1.0,0.0,"{'contradiction': 0, 'template_language': 0, 'excessive_emotion': 0, 'gibberish_spam': 0, 'word_count': 13}",0.0
786,yang hitam bahannya biasa yang abu agak tebal,5,0,yang hitam bahannya biasa yang abu agak tebal,Real,1.0,0.0,"{'contradiction': 0, 'template_language': 0, 'excessive_emotion': 0, 'gibberish_spam': 0, 'word_count': 8}",0.0
787,packing bagus...barang mantap..bahan halus & nyaman,5,0,packing bagus...barang mantap..bahan halus & nyaman,Real,1.0,0.0,"{'contradiction': 0, 'template_language': 0, 'excessive_emotion': 0, 'gibberish_spam': 0, 'word_count': 6}",0.0
788,calananya sangat bagus dan berkualitas nyaman d pakai suami suka dengan celana ya,5,0,calananya sangat bagus dan berkualitas nyaman d pakai suami suka dengan celana ya,Real,1.0,0.0,"{'contradiction': 0, 'template_language': 0, 'excessive_emotion': 0, 'gibberish_spam': 0, 'word_count': 13}",0.0
789,"sesuai pesanan,,,tapi kainnya agak tipis😔",5,0,"sesuai pesanan,,,tapi kainnya agak tipis😔",Real,0.9,1.0,"{'contradiction': 0, 'template_language': 0, 'excessive_emotion': 0, 'gibberish_spam': 0, 'word_count': 5}",0.0
790,"alhamdulillah paket aman rapih bahan bagus teball nyaman di pake makasih,",5,0,"alhamdulillah paket aman rapih bahan bagus teball nyaman di pake makasih,",Real,1.0,0.0,"{'contradiction': 0, 'template_language': 0, 'excessive_emotion': 0, 'gibberish_spam': 0, 'word_count': 11}",0.0
791,"bahan nya bagus cuma kok ukuran jumbo xxxl kelihatan kecil bukan jumbo,tapi bahan nya mantul habis",5,0,"bahan nya bagus cuma kok ukuran jumbo xxxl kelihatan kecil bukan jumbo,tapi bahan nya mantul habis",Real,1.0,0.0,"{'contradiction': 0, 'template_language': 0, 'excessive_emotion': 0, 'gibberish_spam': 0, 'word_count': 16}",0.0
792,bentuk dan ukuran: pas bahan: bagus warna: cocok,5,0,bentuk dan ukuran: pas bahan: bagus warna: cocok,Real,1.0,0.0,"{'contradiction': 0, 'template_language': 0, 'excessive_emotion': 0, 'gibberish_spam': 0, 'word_count': 8}",0.0
793,bagus nyaman di pakai tapi aga kebesaran tapi it's okey lah,5,0,bagus nyaman di pakai tapi aga kebesaran tapi it's okey lah,Real,1.0,0.0,"{'contradiction': 0, 'template_language': 0, 'excessive_emotion': 0, 'gibberish_spam': 0, 'word_count': 11}",0.0
794,bentuk dan ukuran: celana bagus sayang kurang panjang. pdhl ukuran 37. biasanya ukuran 35.,4,0,bentuk dan ukuran: celana bagus sayang kurang panjang. pdhl ukuran 37. biasanya ukuran 35.,Real,0.8,2.0,"{'contradiction': 0, 'template_language': 0, 'excessive_emotion': 0, 'gibberish_spam': 0, 'word_count': 14}",0.0
795,"maaf ya baru kalih ulasan saya ambil uk xl yg ktanya muat sampi bb 6080,tpi ternya kecil dan gk muat di anak saya yg bb ny 58,nyesel banget",4,0,"maaf ya baru kalih ulasan saya ambil uk xl yg ktanya muat sampi bb 6080,tpi ternya kecil dan gk muat...",Real,1.0,0.0,"{'contradiction': 0, 'template_language': 0, 'excessive_emotion': 0, 'gibberish_spam': 0, 'word_count': 28}",0.0
796,bentuk dan ukuran: pas bahan: bagus banget warna: sesuai,5,0,bentuk dan ukuran: pas bahan: bagus banget warna: sesuai,Real,1.0,0.0,"{'contradiction': 0, 'template_language': 0, 'excessive_emotion': 0, 'gibberish_spam': 0, 'word_count': 9}",0.0
797,"lumayan barangnya,untuk ukurnya xl kog kurng panjng dikit bentuk dan ukuran: bentuknya bagus tpi ukuranya xl kurng panjng dikit",4,0,"lumayan barangnya,untuk ukurnya xl kog kurng panjng dikit bentuk dan ukuran: bentuknya bagus tpi uku...",Real,1.0,0.0,"{'contradiction': 0, 'template_language': 0, 'excessive_emotion': 0, 'gibberish_spam': 0, 'word_count': 19}",0.0
798,celananya.. ok ukuran pas lainnya adem n nyaman di pakai harian,5,0,celananya.. ok ukuran pas lainnya adem n nyaman di pakai harian,Real,1.0,0.0,"{'contradiction': 0, 'template_language': 0, 'excessive_emotion': 0, 'gibberish_spam': 0, 'word_count': 11}",0.0
799,"pengiriman cepat dan packing rapi. alhamdulillah barang sudah sampai dgn aman. barangnya bagus bgt dan nyaman dipakai. bahannya tebal, terimakasih",5,0,pengiriman cepat dan packing rapi. alhamdulillah barang sudah sampai dgn aman. barangnya bagus bgt d...,Real,1.0,0.0,"{'contradiction': 0, 'template_language': 0, 'excessive_emotion': 0, 'gibberish_spam': 0, 'word_count': 20}",0.0
800,alhamdulillah barang udah nyampe cepat dan lancar.barang sesuai pesanan bahan nya tebal,5,0,alhamdulillah barang udah nyampe cepat dan lancar.barang sesuai pesanan bahan nya tebal,Real,1.0,0.0,"{'contradiction': 0, 'template_language': 0, 'excessive_emotion': 0, 'gibberish_spam': 0, 'word_count': 12}",0.0
801,"dengan harga segini, menurut q cocok dan nyaman juga di pakai😊",5,0,"dengan harga segini, menurut q cocok dan nyaman juga di pakai😊",Real,1.0,0.0,"{'contradiction': 0, 'template_language': 0, 'excessive_emotion': 0, 'gibberish_spam': 0, 'word_count': 11}",0.0
802,"bentuk dan ukuran: bentuk dn ukuran pas bb 55 ,cuma kantong dlmnya kurang nyaman , tolong disesuaikan dgn bahan nya biar serasi",4,0,"bentuk dan ukuran: bentuk dn ukuran pas bb 55 ,cuma kantong dlmnya kurang nyaman , tolong disesuaika...",Real,0.8,2.0,"{'contradiction': 0, 'template_language': 0, 'excessive_emotion': 0, 'gibberish_spam': 0, 'word_count': 22}",0.0
803,alhamdulliah celana nya bagus bahan ny jga bagus gk kecwa bli d toko ini😍,5,0,alhamdulliah celana nya bagus bahan ny jga bagus gk kecwa bli d toko ini😍,Real,1.0,0.0,"{'contradiction': 0, 'template_language': 0, 'excessive_emotion': 0, 'gibberish_spam': 0, 'word_count': 14}",0.0
804,bentuk dan ukuran: ukuran pas bahan: lumayan sesuai harga warna: sesuai gambar,5,0,bentuk dan ukuran: ukuran pas bahan: lumayan sesuai harga warna: sesuai gambar,Real,1.0,0.0,"{'contradiction': 0, 'template_language': 0, 'excessive_emotion': 0, 'gibberish_spam': 0, 'word_count': 12}",0.0
805,bahan tipis...dan kurang panjang nya di suami sy,4,0,bahan tipis...dan kurang panjang nya di suami sy,Real,0.8,2.0,"{'contradiction': 0, 'template_language': 0, 'excessive_emotion': 0, 'gibberish_spam': 0, 'word_count': 8}",0.0
806,alhamdulillah bahan bagus nyaman cuma agak cingkrang buat suami jd buat anak bujang aku,5,0,alhamdulillah bahan bagus nyaman cuma agak cingkrang buat suami jd buat anak bujang aku,Real,1.0,0.0,"{'contradiction': 0, 'template_language': 0, 'excessive_emotion': 0, 'gibberish_spam': 0, 'word_count': 14}",0.0
807,celananya sudah diterima walaupun tidak sama persis diganbar tp lumayan dgn harga segitu untuk ukuran besar kok terasa kecil pdhl ambil untuk bobot smp 80,4,0,celananya sudah diterima walaupun tidak sama persis diganbar tp lumayan dgn harga segitu untuk ukura...,Real,1.0,0.0,"{'contradiction': 0, 'template_language': 0, 'excessive_emotion': 0, 'gibberish_spam': 0, 'word_count': 25}",0.0
808,"alhamdulilah barangnya sudah sampai,bahan bagus sesuai harga,cuma,jaitan kantong dalam tidak diobras,jadi kurang rapi,mohon diperbaiki,🙏🙏",5,0,"alhamdulilah barangnya sudah sampai,bahan bagus sesuai harga,cuma,jaitan kantong dalam tidak diobras...",Real,0.8,2.0,"{'contradiction': 0, 'template_language': 0, 'excessive_emotion': 0, 'gibberish_spam': 0, 'word_count': 14}",0.0
809,celananya pas dan cocok untuk dipakai sehari2,5,0,celananya pas dan cocok untuk dipakai sehari2,Real,1.0,0.0,"{'contradiction': 0, 'template_language': 0, 'excessive_emotion': 0, 'gibberish_spam': 0, 'word_count': 7}",0.0
810,bentuk dan ukuran: xl bahan: tebal bagus lah warna: abu hitam,5,0,bentuk dan ukuran: xl bahan: tebal bagus lah warna: abu hitam,Real,1.0,0.0,"{'contradiction': 0, 'template_language': 0, 'excessive_emotion': 0, 'gibberish_spam': 0, 'word_count': 11}",0.0
811,brg sdh smp..bahan nya tipis ya agak nerawang,4,0,brg sdh smp..bahan nya tipis ya agak nerawang,Real,1.0,0.0,"{'contradiction': 0, 'template_language': 0, 'excessive_emotion': 0, 'gibberish_spam': 0, 'word_count': 8}",0.0
812,bentuk dan ukuran: pas bahan: halus warna: bgus,5,0,bentuk dan ukuran: pas bahan: halus warna: bgus,Real,1.0,0.0,"{'contradiction': 0, 'template_language': 0, 'excessive_emotion': 0, 'gibberish_spam': 0, 'word_count': 8}",0.0
813,kemarin beli xxxl ukuran pas yang kemarin buat jongkok aman sekarang beli lagi xxxl ukuranya lebih kecil yang sekarang buat jongkok pasti robek jahitan tengah pas selangk...,5,0,kemarin beli xxxl ukuran pas yang kemarin buat jongkok aman sekarang beli lagi xxxl ukuranya lebih k...,Real,1.0,0.0,"{'contradiction': 0, 'template_language': 0, 'excessive_emotion': 0, 'gibberish_spam': 0, 'word_count': 27}",0.0
814,"kirain tebal eh g taunya tipis,tp ga pa2 mng sesuai dng harga sih",4,0,"kirain tebal eh g taunya tipis,tp ga pa2 mng sesuai dng harga sih",Real,1.0,0.0,"{'contradiction': 0, 'template_language': 0, 'excessive_emotion': 0, 'gibberish_spam': 0, 'word_count': 13}",0.0
815,"bagus, nyaman digunakan dan harganya juga murce..",5,0,"bagus, nyaman digunakan dan harganya juga murce..",Real,1.0,0.0,"{'contradiction': 0, 'template_language': 0, 'excessive_emotion': 0, 'gibberish_spam': 0, 'word_count': 7}",0.0
816,bahan: bagus warna: sesuai karakteristik: bagus bentuk dan ukuran: kekecilan,4,0,bahan: bagus warna: sesuai karakteristik: bagus bentuk dan ukuran: kekecilan,Real,1.0,0.0,"{'contradiction': 0, 'template_language': 0, 'excessive_emotion': 0, 'gibberish_spam': 0, 'word_count': 10}",0.0
817,terima kasih barangnya sudah sampai di tempat bahannya bagus nyaman di pakai,5,0,terima kasih barangnya sudah sampai di tempat bahannya bagus nyaman di pakai,Real,1.0,0.0,"{'contradiction': 0, 'template_language': 0, 'excessive_emotion': 0, 'gibberish_spam': 0, 'word_count': 12}",0.0
818,promonya keren trnya cm training biasa bahannya tipis.,4,0,promonya keren trnya cm training biasa bahannya tipis.,Real,1.0,0.0,"{'contradiction': 0, 'template_language': 0, 'excessive_emotion': 0, 'gibberish_spam': 0, 'word_count': 8}",0.0
819,"celananya ga ssuai sma ukuran,kecil..bhanya juga aga tipis, pdhal sudah mlih ukuran xxl ... maav sya kash nilai 4",4,0,"celananya ga ssuai sma ukuran,kecil..bhanya juga aga tipis, pdhal sudah mlih ukuran xxl ... maav sya...",Real,1.0,0.0,"{'contradiction': 0, 'template_language': 0, 'excessive_emotion': 0, 'gibberish_spam': 0, 'word_count': 19}",0.0
820,"enak dipakai, halus lainnya, anakku senang",5,0,"enak dipakai, halus lainnya, anakku senang",Real,1.0,0.0,"{'contradiction': 0, 'template_language': 0, 'excessive_emotion': 0, 'gibberish_spam': 0, 'word_count': 6}",0.0
821,psanan cepat sampai. bahan bagus dan nyaman.,5,0,psanan cepat sampai. bahan bagus dan nyaman.,Real,1.0,0.0,"{'contradiction': 0, 'template_language': 0, 'excessive_emotion': 0, 'gibberish_spam': 0, 'word_count': 7}",0.0
822,"suami ku suka,,bs buat tidur jg bs buat joging juga..👍",5,0,"suami ku suka,,bs buat tidur jg bs buat joging juga..👍",Real,1.0,0.0,"{'contradiction': 0, 'template_language': 0, 'excessive_emotion': 0, 'gibberish_spam': 0, 'word_count': 10}",0.0
823,terima kasih trainingnya dah sampai bagus tp sayangnya agak tipis,5,0,terima kasih trainingnya dah sampai bagus tp sayangnya agak tipis,Real,1.0,0.0,"{'contradiction': 0, 'template_language': 0, 'excessive_emotion': 0, 'gibberish_spam': 0, 'word_count': 10}",0.0
824,"paketnya udah sampe dengan baik, bahannya tipis, ukuran 3xl tp kecil mks",5,0,"paketnya udah sampe dengan baik, bahannya tipis, ukuran 3xl tp kecil mks",Real,1.0,0.0,"{'contradiction': 0, 'template_language': 0, 'excessive_emotion': 0, 'gibberish_spam': 0, 'word_count': 12}",0.0
825,paket udah datang bagus tebal bahan halus adem,5,0,paket udah datang bagus tebal bahan halus adem,Real,1.0,0.0,"{'contradiction': 0, 'template_language': 0, 'excessive_emotion': 0, 'gibberish_spam': 0, 'word_count': 8}",0.0
826,"bagus sesuai harga,bahan adem jahitan rapi",5,0,"bagus sesuai harga,bahan adem jahitan rapi",Real,1.0,0.0,"{'contradiction': 0, 'template_language': 0, 'excessive_emotion': 0, 'gibberish_spam': 0, 'word_count': 6}",0.0
827,sesuai dengan harganya dan bisa digunakan,5,0,sesuai dengan harganya dan bisa digunakan,Real,1.0,0.0,"{'contradiction': 0, 'template_language': 0, 'excessive_emotion': 0, 'gibberish_spam': 0, 'word_count': 6}",0.0
828,"ukuran pas untuk bb 80an, bahan biasa tp gk tipis",5,0,"ukuran pas untuk bb 80an, bahan biasa tp gk tipis",Real,1.0,0.0,"{'contradiction': 0, 'template_language': 0, 'excessive_emotion': 0, 'gibberish_spam': 0, 'word_count': 10}",0.0
829,bentuk dan ukuran: pas bahan: lumayan warna: oke,5,0,bentuk dan ukuran: pas bahan: lumayan warna: oke,Real,1.0,0.0,"{'contradiction': 0, 'template_language': 0, 'excessive_emotion': 0, 'gibberish_spam': 0, 'word_count': 8}",0.0
830,lumayan dengan harga segitu. termasuk bagus,5,0,lumayan dengan harga segitu. termasuk bagus,Real,1.0,0.0,"{'contradiction': 0, 'template_language': 0, 'excessive_emotion': 0, 'gibberish_spam': 0, 'word_count': 6}",0.0
831,"paket di terima dg baik no cacat, kualitas barang tergolong bagus",5,0,"paket di terima dg baik no cacat, kualitas barang tergolong bagus",Real,1.0,0.0,"{'contradiction': 0, 'template_language': 0, 'excessive_emotion': 0, 'gibberish_spam': 0, 'word_count': 11}",0.0
832,bahan bagus👍..... sayang kekecilan😎😎,5,0,bahan bagus👍..... sayang kekecilan😎😎,Fake,0.95,7.35,"{'contradiction': 0, 'template_language': 0, 'excessive_emotion': 0, 'gibberish_spam': 1, 'word_count': 4}",0.45
833,"sangat adem digunakan, ikurannya pas, jaritannya bagus, terima kasih ya kaka",5,0,"sangat adem digunakan, ikurannya pas, jaritannya bagus, terima kasih ya kaka",Real,1.0,0.0,"{'contradiction': 0, 'template_language': 0, 'excessive_emotion': 0, 'gibberish_spam': 0, 'word_count': 11}",0.0
834,bahan: bagus pokonya the best lah untuk di pake sehari hari,5,0,bahan: bagus pokonya the best lah untuk di pake sehari hari,Real,1.0,0.0,"{'contradiction': 0, 'template_language': 0, 'excessive_emotion': 0, 'gibberish_spam': 0, 'word_count': 11}",0.0
835,pesanan sdh dtg ukuran pas sesuai pesanan warna bagus bahan bagus sesuai hrga smg toko n kurir sukses,5,0,pesanan sdh dtg ukuran pas sesuai pesanan warna bagus bahan bagus sesuai hrga smg toko n kurir sukse...,Real,1.0,0.0,"{'contradiction': 0, 'template_language': 0, 'excessive_emotion': 0, 'gibberish_spam': 0, 'word_count': 18}",0.0
836,bahan: lumayan bagus bentuk dan ukuran: pas warna: oke suami saya suka,5,0,bahan: lumayan bagus bentuk dan ukuran: pas warna: oke suami saya suka,Real,1.0,0.0,"{'contradiction': 0, 'template_language': 0, 'excessive_emotion': 0, 'gibberish_spam': 0, 'word_count': 12}",0.0
837,motifnya bagus sayang tempat talinya lepas satu 🙏🙏🙏🙏,5,0,motifnya bagus sayang tempat talinya lepas satu 🙏🙏🙏🙏,Real,1.0,0.0,"{'contradiction': 0, 'template_language': 0, 'excessive_emotion': 1, 'gibberish_spam': 0, 'word_count': 8}",0.0
838,kualitasx tipis jahitanx kurang kuat.lumayan bagus,3,0,kualitasx tipis jahitanx kurang kuat.lumayan bagus,Real,1.0,0.0,"{'contradiction': 0, 'template_language': 0, 'excessive_emotion': 0, 'gibberish_spam': 0, 'word_count': 6}",0.0
839,bentuk dan ukuran: ga sesuai bahan nya ke cewa sy,5,0,bentuk dan ukuran: ga sesuai bahan nya ke cewa sy,Real,1.0,0.0,"{'contradiction': 0, 'template_language': 0, 'excessive_emotion': 0, 'gibberish_spam': 0, 'word_count': 10}",0.0
840,celana joger yg bagus pas dan nyaman dipakai,5,0,celana joger yg bagus pas dan nyaman dipakai,Real,1.0,0.0,"{'contradiction': 0, 'template_language': 0, 'excessive_emotion': 0, 'gibberish_spam': 0, 'word_count': 8}",0.0
841,bahan: baguss warna: sesuaii bentuk dan ukuran: pas saat dipakai,5,0,bahan: baguss warna: sesuaii bentuk dan ukuran: pas saat dipakai,Real,1.0,0.0,"{'contradiction': 0, 'template_language': 0, 'excessive_emotion': 0, 'gibberish_spam': 0, 'word_count': 10}",0.0
842,"barang sdh sampai dan muat dipakai anak saya, hanya saja jahitan dipinggang mudah rusak dan benangnya terbuka.",5,0,"barang sdh sampai dan muat dipakai anak saya, hanya saja jahitan dipinggang mudah rusak dan benangny...",Real,1.0,0.0,"{'contradiction': 0, 'template_language': 0, 'excessive_emotion': 0, 'gibberish_spam': 0, 'word_count': 17}",0.0
843,"celananya keren..nyaman dipake,trimakasih seller..",5,0,"celananya keren..nyaman dipake,trimakasih seller..",Real,0.9,1.0,"{'contradiction': 0, 'template_language': 0, 'excessive_emotion': 0, 'gibberish_spam': 0, 'word_count': 4}",0.0
844,bentuk dan ukuran: pas bgt bahan: lumayan warna: bagus,5,0,bentuk dan ukuran: pas bgt bahan: lumayan warna: bagus,Real,1.0,0.0,"{'contradiction': 0, 'template_language': 0, 'excessive_emotion': 0, 'gibberish_spam': 0, 'word_count': 9}",0.0
845,"bagus bahan nya, lumayan utk hrga segitu 63rb dpt 2,bisa ganti²",5,0,"bagus bahan nya, lumayan utk hrga segitu 63rb dpt 2,bisa ganti²",Real,1.0,0.0,"{'contradiction': 0, 'template_language': 0, 'excessive_emotion': 0, 'gibberish_spam': 0, 'word_count': 11}",0.0
846,bahan bagus ternyata iri celana untuk olahraga sedangkan yg saya pesen celana untuk sehari hari atw pergi,4,0,bahan bagus ternyata iri celana untuk olahraga sedangkan yg saya pesen celana untuk sehari hari atw ...,Real,1.0,0.0,"{'contradiction': 0, 'template_language': 0, 'excessive_emotion': 0, 'gibberish_spam': 0, 'word_count': 17}",0.0
847,"produk tipis gak sesuai dengan iklannya,kependekan.tapi bisalah buat pergi ke kebun.",3,0,"produk tipis gak sesuai dengan iklannya,kependekan.tapi bisalah buat pergi ke kebun.",Real,1.0,0.0,"{'contradiction': 0, 'template_language': 0, 'excessive_emotion': 0, 'gibberish_spam': 0, 'word_count': 11}",0.0
848,bentuk dan ukuran: pas bahan: ok warna: sesuai,5,0,bentuk dan ukuran: pas bahan: ok warna: sesuai,Real,1.0,0.0,"{'contradiction': 0, 'template_language': 0, 'excessive_emotion': 0, 'gibberish_spam': 0, 'word_count': 8}",0.0
849,barang sdah sampe kurir ramah sya puas banget murah tpi kwalitas bagus,5,0,barang sdah sampe kurir ramah sya puas banget murah tpi kwalitas bagus,Real,1.0,0.0,"{'contradiction': 0, 'template_language': 0, 'excessive_emotion': 0, 'gibberish_spam': 0, 'word_count': 12}",0.0
850,"sesuai pokoknya ,kurir baik sukses tuk semuanya",5,0,"sesuai pokoknya ,kurir baik sukses tuk semuanya",Real,1.0,0.0,"{'contradiction': 0, 'template_language': 0, 'excessive_emotion': 0, 'gibberish_spam': 0, 'word_count': 7}",0.0
851,"bentuk dan ukuran: sesuai bahan: lumayan lah ya warna: hitam,abu² tua",4,0,"bentuk dan ukuran: sesuai bahan: lumayan lah ya warna: hitam,abu² tua",Real,1.0,0.0,"{'contradiction': 0, 'template_language': 0, 'excessive_emotion': 0, 'gibberish_spam': 0, 'word_count': 11}",0.0
852,"kain bagus adem dan lembut, ukuran pas harga murah gak nyesel belanja di toko ini kurirpun baik ramah makasih tik tok",5,0,"kain bagus adem dan lembut, ukuran pas harga murah gak nyesel belanja di toko ini kurirpun baik rama...",Real,1.0,0.0,"{'contradiction': 0, 'template_language': 0, 'excessive_emotion': 0, 'gibberish_spam': 0, 'word_count': 21}",0.0
853,sip mantap.maaf gk bisa di sertai foto.soal nya kameranya jelek😀😀😀😀,5,0,sip mantap.maaf gk bisa di sertai foto.soal nya kameranya jelek😀😀😀😀,Real,1.0,0.0,"{'contradiction': 0, 'template_language': 0, 'excessive_emotion': 1, 'gibberish_spam': 0, 'word_count': 10}",0.0
854,"alhamdulillah paket udh nyampe lgsg di buka ,bagus halus nyaman di pakai recommended banget deh",5,0,"alhamdulillah paket udh nyampe lgsg di buka ,bagus halus nyaman di pakai recommended banget deh",Fake,0.753,3.06,"{'contradiction': 0, 'template_language': 1, 'excessive_emotion': 0, 'gibberish_spam': 0, 'word_count': 15}",0.355
855,lumayan enak dipakai' bentuk dan ukuran bisa pas banget buat aku,5,0,lumayan enak dipakai' bentuk dan ukuran bisa pas banget buat aku,Real,1.0,0.0,"{'contradiction': 0, 'template_language': 0, 'excessive_emotion': 0, 'gibberish_spam': 0, 'word_count': 11}",0.0
856,"kualitas sesuai harga, barang sesuai pesanan, pengiriman cepat dan amanah, terimakasih.",5,0,"kualitas sesuai harga, barang sesuai pesanan, pengiriman cepat dan amanah, terimakasih.",Real,1.0,0.0,"{'contradiction': 0, 'template_language': 0, 'excessive_emotion': 0, 'gibberish_spam': 0, 'word_count': 11}",0.0
857,alhamdulillah barangnya udh nyampe kk.bahannya tipis.tp lumayan harga segitu,5,0,alhamdulillah barangnya udh nyampe kk.bahannya tipis.tp lumayan harga segitu,Real,1.0,0.0,"{'contradiction': 0, 'template_language': 0, 'excessive_emotion': 0, 'gibberish_spam': 0, 'word_count': 9}",0.0
858,"enak di pakai ,sesuai murah tidakk murahan dapet bonus lgi",5,0,"enak di pakai ,sesuai murah tidakk murahan dapet bonus lgi",Real,1.0,0.0,"{'contradiction': 0, 'template_language': 0, 'excessive_emotion': 0, 'gibberish_spam': 0, 'word_count': 10}",0.0
859,katanya bagus bahannya tebal ko tipis jahitannya jg pada mengkerut,3,0,katanya bagus bahannya tebal ko tipis jahitannya jg pada mengkerut,Real,1.0,0.0,"{'contradiction': 0, 'template_language': 0, 'excessive_emotion': 0, 'gibberish_spam': 0, 'word_count': 10}",0.0
860,warna: ok bahan: ok bentuk dan ukuran: ok,5,0,warna: ok bahan: ok bentuk dan ukuran: ok,Real,1.0,0.0,"{'contradiction': 0, 'template_language': 0, 'excessive_emotion': 0, 'gibberish_spam': 0, 'word_count': 8}",0.0
861,alhamdulilah barang nya dah sampe sesuwai pesanan,5,0,alhamdulilah barang nya dah sampe sesuwai pesanan,Real,1.0,0.0,"{'contradiction': 0, 'template_language': 0, 'excessive_emotion': 0, 'gibberish_spam': 0, 'word_count': 7}",0.0
862,barangnya sih lumayan cuma ukuran xxxl ko kecil yahh kayanya g muat untuk anak saya,5,0,barangnya sih lumayan cuma ukuran xxxl ko kecil yahh kayanya g muat untuk anak saya,Real,1.0,0.0,"{'contradiction': 0, 'template_language': 0, 'excessive_emotion': 0, 'gibberish_spam': 0, 'word_count': 15}",0.0
863,"size paling besar masih kekecilan buat saya☝️😅 mungkin kegemukan ya (bb 88kg, tb 175cm, pinggang uk. 38). muat sih, tp pas jongkok muncul celengan dibelakang 🤪😜😁🤣bah...",5,0,"size paling besar masih kekecilan buat saya☝️😅 mungkin kegemukan ya (bb 88kg, tb 175cm, pinggang uk....",Real,1.0,0.0,"{'contradiction': 0, 'template_language': 0, 'excessive_emotion': 1, 'gibberish_spam': 0, 'word_count': 26}",0.0
864,"ada harga ada kwalitas,bagus gk kecewa👍",5,0,"ada harga ada kwalitas,bagus gk kecewa👍",Real,0.8,2.0,"{'contradiction': 0, 'template_language': 0, 'excessive_emotion': 0, 'gibberish_spam': 0, 'word_count': 6}",0.0
865,"barang sesuai, harga terjangkau, penjual amanah mantab",5,0,"barang sesuai, harga terjangkau, penjual amanah mantab",Fake,0.763,3.26,"{'contradiction': 0, 'template_language': 1, 'excessive_emotion': 0, 'gibberish_spam': 0, 'word_count': 7}",0.419
866,"bahan lumayan bagus, cuma sayang yg dateng tidak sesuai iklan..🫢🙏",4,0,"bahan lumayan bagus, cuma sayang yg dateng tidak sesuai iklan..🫢🙏",Real,0.8,2.0,"{'contradiction': 0, 'template_language': 0, 'excessive_emotion': 0, 'gibberish_spam': 0, 'word_count': 10}",0.0
867,"bahanya lumayan tapi kok gk sesuai di foto ya,ambil ukuran xl kok krng besar",5,0,"bahanya lumayan tapi kok gk sesuai di foto ya,ambil ukuran xl kok krng besar",Real,1.0,0.0,"{'contradiction': 0, 'template_language': 0, 'excessive_emotion': 0, 'gibberish_spam': 0, 'word_count': 14}",0.0
868,"bahan: sesuai dengan harga, semoga awet... bentuk dan ukuran: belum di coba",5,0,"bahan: sesuai dengan harga, semoga awet... bentuk dan ukuran: belum di coba",Fake,0.824,4.48,"{'contradiction': 1, 'template_language': 0, 'excessive_emotion': 0, 'gibberish_spam': 0, 'word_count': 12}",0.492
869,pas cocok buat anak saya bahan lumayan bagus,5,0,pas cocok buat anak saya bahan lumayan bagus,Real,1.0,0.0,"{'contradiction': 0, 'template_language': 0, 'excessive_emotion': 0, 'gibberish_spam': 0, 'word_count': 8}",0.0
870,kesekian kalinya ak order barangnya bagus kurirnya juga ramah sesuai pesanan tokonya amanah🙏anakku bb 70 muat bnget nyaman ukuran xl,5,0,kesekian kalinya ak order barangnya bagus kurirnya juga ramah sesuai pesanan tokonya amanah🙏anakku b...,Real,1.0,0.0,"{'contradiction': 0, 'template_language': 0, 'excessive_emotion': 0, 'gibberish_spam': 0, 'word_count': 20}",0.0
871,"suami suka sama celana ini, katanya dipake malam hari hangat. bisa buat tidur, olah raga, jalan2 santai",5,0,"suami suka sama celana ini, katanya dipake malam hari hangat. bisa buat tidur, olah raga, jalan2 san...",Real,1.0,0.0,"{'contradiction': 0, 'template_language': 0, 'excessive_emotion': 0, 'gibberish_spam': 0, 'word_count': 17}",0.0
872,bahan: tipis gak tebal sama sekali 👎 warna: abu abu dan hitam bentuk dan ukuran: ukuran kurang panjang karakteristik: menarik masa gak dapet stiker padahal aku udah kiri...,3,0,bahan: tipis gak tebal sama sekali 👎 warna: abu abu dan hitam bentuk dan ukuran: ukuran kurang panja...,Real,1.0,0.0,"{'contradiction': 0, 'template_language': 0, 'excessive_emotion': 0, 'gibberish_spam': 0, 'word_count': 28}",0.0
873,"barang bagus tapi sayg ga sesuai sama yg di lihat,kirain bahan mulus melar,tapi ga papa mungkin sesuai sama harga",3,0,"barang bagus tapi sayg ga sesuai sama yg di lihat,kirain bahan mulus melar,tapi ga papa mungkin sesu...",Real,1.0,0.0,"{'contradiction': 0, 'template_language': 0, 'excessive_emotion': 0, 'gibberish_spam': 0, 'word_count': 19}",0.0
874,kolor yg dekat mata kaki terlalu sempit kurang lebar kaki jadi susah masuk,3,0,kolor yg dekat mata kaki terlalu sempit kurang lebar kaki jadi susah masuk,Real,1.0,0.0,"{'contradiction': 0, 'template_language': 0, 'excessive_emotion': 0, 'gibberish_spam': 0, 'word_count': 13}",0.0
875,"material: ternyata tipis bahan nya, dan xl dipake tinggi 168 masih nyantung kaki nya..",3,0,"material: ternyata tipis bahan nya, dan xl dipake tinggi 168 masih nyantung kaki nya..",Real,1.0,0.0,"{'contradiction': 0, 'template_language': 0, 'excessive_emotion': 0, 'gibberish_spam': 0, 'word_count': 14}",0.0
876,bentuk dan ukuran: pass bahan: bagus warna: sesuai orderan karakteristik: baguss,5,0,bentuk dan ukuran: pass bahan: bagus warna: sesuai orderan karakteristik: baguss,Real,1.0,0.0,"{'contradiction': 0, 'template_language': 0, 'excessive_emotion': 0, 'gibberish_spam': 0, 'word_count': 11}",0.0
877,warna uk bentuk dan ukuran: pas dan cocok banget,5,0,warna uk bentuk dan ukuran: pas dan cocok banget,Real,1.0,0.0,"{'contradiction': 0, 'template_language': 0, 'excessive_emotion': 0, 'gibberish_spam': 0, 'word_count': 9}",0.0
878,bahan nya biasa aja tipis banget kirain gak setipis itu gak sesuai iklan bahan nya co,3,0,bahan nya biasa aja tipis banget kirain gak setipis itu gak sesuai iklan bahan nya co,Real,1.0,0.0,"{'contradiction': 0, 'template_language': 0, 'excessive_emotion': 0, 'gibberish_spam': 0, 'word_count': 16}",0.0
879,"mohon maaf sebelumnya, celananya bahan tipis, jahitannya juga kurang bagus gampang robek dan bolong di tengah selakangan, baru dipakai 3 jam, itupun hanya duduk"" saja...",3,0,"mohon maaf sebelumnya, celananya bahan tipis, jahitannya juga kurang bagus gampang robek dan bolong ...",Real,1.0,0.0,"{'contradiction': 0, 'template_language': 0, 'excessive_emotion': 0, 'gibberish_spam': 0, 'word_count': 25}",0.0
880,"bahannya bagus, puas sebagai konsumen👍👍",5,0,"bahannya bagus, puas sebagai konsumen👍👍",Real,0.9,1.0,"{'contradiction': 0, 'template_language': 0, 'excessive_emotion': 0, 'gibberish_spam': 0, 'word_count': 5}",0.0
881,pesanan sdh diterima seller amanah bahan cukup bagus terima ksh selkerp,5,0,pesanan sdh diterima seller amanah bahan cukup bagus terima ksh selkerp,Real,1.0,0.0,"{'contradiction': 0, 'template_language': 0, 'excessive_emotion': 0, 'gibberish_spam': 0, 'word_count': 11}",0.0
882,"bahan: difoto kelihatan bagus tapi pas dtg,bahannya gk sesuai.klo ukuran pas",3,0,"bahan: difoto kelihatan bagus tapi pas dtg,bahannya gk sesuai.klo ukuran pas",Real,1.0,0.0,"{'contradiction': 0, 'template_language': 0, 'excessive_emotion': 0, 'gibberish_spam': 0, 'word_count': 11}",0.0
883,"barang bagus sesuai pdsanan trima kasih k, muda2han awet ukuran pas, bentuknya bagus",5,0,"barang bagus sesuai pdsanan trima kasih k, muda2han awet ukuran pas, bentuknya bagus",Real,1.0,0.0,"{'contradiction': 0, 'template_language': 0, 'excessive_emotion': 0, 'gibberish_spam': 0, 'word_count': 13}",0.0
884,kain tebal bagus buat sehari.... suami juga suka nyaman di pakek,5,0,kain tebal bagus buat sehari.... suami juga suka nyaman di pakek,Real,1.0,0.0,"{'contradiction': 0, 'template_language': 0, 'excessive_emotion': 0, 'gibberish_spam': 0, 'word_count': 11}",0.0
885,pengiriman cepat sampai tujuan ukuran pas namun barangnya kurang bagus dan tipis,3,0,pengiriman cepat sampai tujuan ukuran pas namun barangnya kurang bagus dan tipis,Real,1.0,0.0,"{'contradiction': 0, 'template_language': 0, 'excessive_emotion': 0, 'gibberish_spam': 0, 'word_count': 12}",0.0
886,"alhsmdulillah udah datang,bahannya cukup tebal,serat kain rapat,wort it buat harga segitu",5,0,"alhsmdulillah udah datang,bahannya cukup tebal,serat kain rapat,wort it buat harga segitu",Real,1.0,0.0,"{'contradiction': 0, 'template_language': 0, 'excessive_emotion': 0, 'gibberish_spam': 0, 'word_count': 11}",0.0
887,mantap ...sesuai pesanan kemasan rapi sederhana dan pengiriman jg cpt,5,0,mantap ...sesuai pesanan kemasan rapi sederhana dan pengiriman jg cpt,Real,1.0,0.0,"{'contradiction': 0, 'template_language': 0, 'excessive_emotion': 0, 'gibberish_spam': 0, 'word_count': 10}",0.0
888,barang bagus pengiriman cepat,5,0,barang bagus pengiriman cepat,Real,0.9,1.0,"{'contradiction': 0, 'template_language': 0, 'excessive_emotion': 0, 'gibberish_spam': 0, 'word_count': 4}",0.0
889,"bsrang bagus,sesuai pesanan,pengiriman cepat",5,0,"bsrang bagus,sesuai pesanan,pengiriman cepat",Real,0.9,1.0,"{'contradiction': 0, 'template_language': 0, 'excessive_emotion': 0, 'gibberish_spam': 0, 'word_count': 4}",0.0
890,bentuk dan ukuran: ok bahan: ok warna: sesuai karakteristik: pas,5,0,bentuk dan ukuran: ok bahan: ok warna: sesuai karakteristik: pas,Real,1.0,0.0,"{'contradiction': 0, 'template_language': 0, 'excessive_emotion': 0, 'gibberish_spam': 0, 'word_count': 10}",0.0
891,"celanya udah sampai,barang kainya tipis sesuai harga,tak kirain bahanya halus tebal kaya yg lagi live kan,bang kurirnya udah langanan baik sopan 👍😍",3,0,"celanya udah sampai,barang kainya tipis sesuai harga,tak kirain bahanya halus tebal kaya yg lagi liv...",Real,1.0,0.0,"{'contradiction': 0, 'template_language': 0, 'excessive_emotion': 0, 'gibberish_spam': 0, 'word_count': 22}",0.0
892,"baik alhamdulillah ,next beli lagi ,toko amanah",4,0,"baik alhamdulillah ,next beli lagi ,toko amanah",Real,1.0,0.0,"{'contradiction': 0, 'template_language': 0, 'excessive_emotion': 0, 'gibberish_spam': 0, 'word_count': 7}",0.0
893,bentuk dan ukuran: sesuai ekspektasi warna: menarik bahan: soft,5,0,bentuk dan ukuran: sesuai ekspektasi warna: menarik bahan: soft,Real,1.0,0.0,"{'contradiction': 0, 'template_language': 0, 'excessive_emotion': 0, 'gibberish_spam': 0, 'word_count': 9}",0.0
894,pesanan tiba dgn kondisi baik. pesan hitam dan abu² yg datang biru dan abu² tapi kualitas sama...its ok. terima kasih seller,5,0,pesanan tiba dgn kondisi baik. pesan hitam dan abu² yg datang biru dan abu² tapi kualitas sama...its...,Real,1.0,0.0,"{'contradiction': 0, 'template_language': 0, 'excessive_emotion': 0, 'gibberish_spam': 0, 'word_count': 21}",0.0
895,bahan tipis,4,0,bahan tipis,Real,0.9,1.0,"{'contradiction': 0, 'template_language': 0, 'excessive_emotion': 0, 'gibberish_spam': 0, 'word_count': 2}",0.0
896,bahannya tipis banget twrus kantongnya bagian dalam dari kain sisa2 sesuai harga lah....,3,0,bahannya tipis banget twrus kantongnya bagian dalam dari kain sisa2 sesuai harga lah....,Real,1.0,0.0,"{'contradiction': 0, 'template_language': 0, 'excessive_emotion': 0, 'gibberish_spam': 0, 'word_count': 13}",0.0
897,barang udah datang tapi di aku ngepres bgt.... padahal untuk bb 80-90 sedang bbku hanya 75....tapi lainnya bagus tebal,5,0,barang udah datang tapi di aku ngepres bgt.... padahal untuk bb 80-90 sedang bbku hanya 75....tapi l...,Real,1.0,0.0,"{'contradiction': 0, 'template_language': 0, 'excessive_emotion': 0, 'gibberish_spam': 0, 'word_count': 19}",0.0
898,bentuk dan ukuran: lumayan bahan: lumayan warna: sesuai,4,0,bentuk dan ukuran: lumayan bahan: lumayan warna: sesuai,Real,1.0,0.0,"{'contradiction': 0, 'template_language': 0, 'excessive_emotion': 0, 'gibberish_spam': 0, 'word_count': 8}",0.0
899,bentuk lumayan bagus. bahan sederhana berkuakitas sesuai dengan harga.,5,0,bentuk lumayan bagus. bahan sederhana berkuakitas sesuai dengan harga.,Real,1.0,0.0,"{'contradiction': 0, 'template_language': 0, 'excessive_emotion': 0, 'gibberish_spam': 0, 'word_count': 9}",0.0
900,bahan: lembut warna: soft bentuk dan ukuran: pas,5,0,bahan: lembut warna: soft bentuk dan ukuran: pas,Real,1.0,0.0,"{'contradiction': 0, 'template_language': 0, 'excessive_emotion': 0, 'gibberish_spam': 0, 'word_count': 8}",0.0
901,bentuk dan ukuran: pas bahan: lunayan warna: sesuai pesanan karakteristik: ccok buat celana santai,5,0,bentuk dan ukuran: pas bahan: lunayan warna: sesuai pesanan karakteristik: ccok buat celana santai,Real,1.0,0.0,"{'contradiction': 0, 'template_language': 0, 'excessive_emotion': 0, 'gibberish_spam': 0, 'word_count': 14}",0.0
902,pas ukurannya dan warnanya kiriman cepat kurir ramah,5,0,pas ukurannya dan warnanya kiriman cepat kurir ramah,Real,1.0,0.0,"{'contradiction': 0, 'template_language': 0, 'excessive_emotion': 0, 'gibberish_spam': 0, 'word_count': 8}",0.0
903,paket sudah datang sesuai jadwal dan gambar dan bahan lumayan sesuai harga juga kurir ramah sudah langganan,5,0,paket sudah datang sesuai jadwal dan gambar dan bahan lumayan sesuai harga juga kurir ramah sudah la...,Real,1.0,0.0,"{'contradiction': 0, 'template_language': 0, 'excessive_emotion': 0, 'gibberish_spam': 0, 'word_count': 17}",0.0
904,"bagus celana y, mau co ukuran anak umur 12 tahun ada ga",5,0,"bagus celana y, mau co ukuran anak umur 12 tahun ada ga",Real,1.0,0.0,"{'contradiction': 0, 'template_language': 0, 'excessive_emotion': 0, 'gibberish_spam': 0, 'word_count': 12}",0.0
905,pas ukuran nya nyaman di pakai nya trimakasih buat semua,5,0,pas ukuran nya nyaman di pakai nya trimakasih buat semua,Real,1.0,0.0,"{'contradiction': 0, 'template_language': 0, 'excessive_emotion': 0, 'gibberish_spam': 0, 'word_count': 10}",0.0
906,"untuk kualitas bahannya agak tipis dan ukurannya juga tidak sesuai bbyang d cantumin di deskripsi,sedikit aga kecewa sih,itu kayanya buat ukuran tanggung,karena kalo buat...",3,0,"untuk kualitas bahannya agak tipis dan ukurannya juga tidak sesuai bbyang d cantumin di deskripsi,se...",Real,1.0,0.0,"{'contradiction': 0, 'template_language': 0, 'excessive_emotion': 0, 'gibberish_spam': 0, 'word_count': 24}",0.0
907,wow barang bagus alhamdulillah dgn harga segitu asli murah banget . terima kasih ²..,5,0,wow barang bagus alhamdulillah dgn harga segitu asli murah banget . terima kasih ²..,Real,1.0,0.0,"{'contradiction': 0, 'template_language': 0, 'excessive_emotion': 0, 'gibberish_spam': 0, 'word_count': 14}",0.0
908,terimakasih paket nya udah nyampe dengan baik tapi kok kayak kecil ya,4,0,terimakasih paket nya udah nyampe dengan baik tapi kok kayak kecil ya,Real,1.0,0.0,"{'contradiction': 0, 'template_language': 0, 'excessive_emotion': 0, 'gibberish_spam': 0, 'word_count': 12}",0.0
909,lmyn bgs kok dgn harga segitu.. cm syng nya kurang pnjg di aku jd agak gantung klo dipake.. overall yg lain oke sih dpt 2 dgn harga segitu,5,0,lmyn bgs kok dgn harga segitu.. cm syng nya kurang pnjg di aku jd agak gantung klo dipake.. overall ...,Real,0.8,2.0,"{'contradiction': 0, 'template_language': 0, 'excessive_emotion': 0, 'gibberish_spam': 0, 'word_count': 28}",0.0
910,bahan tipis ukuran gede tpi pas datang kecil...lebih ke sesuai sih sama harga..tpi jadi g akan mau beli lagi,3,0,bahan tipis ukuran gede tpi pas datang kecil...lebih ke sesuai sih sama harga..tpi jadi g akan mau b...,Real,1.0,0.0,"{'contradiction': 0, 'template_language': 0, 'excessive_emotion': 0, 'gibberish_spam': 0, 'word_count': 19}",0.0
911,"celananya lumayan, cuma bahannya agak tipis dan tidak ada kantung dibelakang sbgmn dlm iklannya",3,0,"celananya lumayan, cuma bahannya agak tipis dan tidak ada kantung dibelakang sbgmn dlm iklannya",Real,1.0,0.0,"{'contradiction': 0, 'template_language': 0, 'excessive_emotion': 0, 'gibberish_spam': 0, 'word_count': 14}",0.0
912,bentuk dan ukuran: sesuai bagus dan yaman di pakai,5,0,bentuk dan ukuran: sesuai bagus dan yaman di pakai,Real,1.0,0.0,"{'contradiction': 0, 'template_language': 0, 'excessive_emotion': 0, 'gibberish_spam': 0, 'word_count': 9}",0.0
913,baru bisa beri ulasan barang sudah mendarat 3hr lalu barang bagus bahan juga kurir ramah dan ada sedikit gak cocok di contoh nya ada sablonya tp datang polosan tp ga papa,3,0,baru bisa beri ulasan barang sudah mendarat 3hr lalu barang bagus bahan juga kurir ramah dan ada sed...,Real,1.0,0.0,"{'contradiction': 0, 'template_language': 0, 'excessive_emotion': 0, 'gibberish_spam': 0, 'word_count': 31}",0.0
914,ukuran xl kecil.ini buat anak2.bahan jg tipis,3,0,ukuran xl kecil.ini buat anak2.bahan jg tipis,Real,1.0,0.0,"{'contradiction': 0, 'template_language': 0, 'excessive_emotion': 0, 'gibberish_spam': 0, 'word_count': 7}",0.0
915,"bagus ,cakep ,puas",5,0,"bagus ,cakep ,puas",Real,0.9,1.0,"{'contradiction': 0, 'template_language': 0, 'excessive_emotion': 0, 'gibberish_spam': 0, 'word_count': 3}",0.0
916,barang sudah diterima dan lumayan bagus buat sehari hari .. bahan sesuai dengan harga iya..,5,0,barang sudah diterima dan lumayan bagus buat sehari hari .. bahan sesuai dengan harga iya..,Real,1.0,0.0,"{'contradiction': 0, 'template_language': 0, 'excessive_emotion': 0, 'gibberish_spam': 0, 'word_count': 15}",0.0
917,"tidak tebal, tapi lumayan bagus. belum tahu akan awet tidaknya nanti.",5,0,"tidak tebal, tapi lumayan bagus. belum tahu akan awet tidaknya nanti.",Real,1.0,0.0,"{'contradiction': 0, 'template_language': 0, 'excessive_emotion': 0, 'gibberish_spam': 0, 'word_count': 11}",0.0
918,shape and size: oke material: oke color: oke,5,0,shape and size: oke material: oke color: oke,Real,1.0,0.0,"{'contradiction': 0, 'template_language': 0, 'excessive_emotion': 0, 'gibberish_spam': 0, 'word_count': 8}",0.0
919,kecil buat bb 55 saja kekecilan...apalagi sesuai keterangan. 60-80 ga muat dan pendek xl ini pasnya buat bb 40an tolong bikin baju yang sesuai keterangan ya jadi kita ga...,3,0,kecil buat bb 55 saja kekecilan...apalagi sesuai keterangan. 60-80 ga muat dan pendek xl ini pasnya ...,Real,1.0,0.0,"{'contradiction': 0, 'template_language': 0, 'excessive_emotion': 0, 'gibberish_spam': 0, 'word_count': 29}",0.0
920,bentuk dan ukuran: ok bahan: adem warna: sesuai pesanan,5,0,bentuk dan ukuran: ok bahan: adem warna: sesuai pesanan,Real,1.0,0.0,"{'contradiction': 0, 'template_language': 0, 'excessive_emotion': 0, 'gibberish_spam': 0, 'word_count': 9}",0.0
921,sangat sangat bagus sekali.....tebal juga .... pas buat olahraga..... pokoknya bagus,5,0,sangat sangat bagus sekali.....tebal juga .... pas buat olahraga..... pokoknya bagus,Fake,0.903,6.06,"{'contradiction': 0, 'template_language': 0, 'excessive_emotion': 0, 'gibberish_spam': 1, 'word_count': 11}",0.352
922,barang nya bagus dan kurir ramah packing juga rapi,5,0,barang nya bagus dan kurir ramah packing juga rapi,Real,1.0,0.0,"{'contradiction': 0, 'template_language': 0, 'excessive_emotion': 0, 'gibberish_spam': 0, 'word_count': 9}",0.0
923,karakteristik: mantap murah bngt,5,0,karakteristik: mantap murah bngt,Real,0.9,1.0,"{'contradiction': 0, 'template_language': 0, 'excessive_emotion': 0, 'gibberish_spam': 0, 'word_count': 4}",0.0
924,"karna bulan puasa pengiriman lambatt, tapi gpp sii and sesuai harga dengan kualitas.",5,0,"karna bulan puasa pengiriman lambatt, tapi gpp sii and sesuai harga dengan kualitas.",Real,1.0,0.0,"{'contradiction': 0, 'template_language': 0, 'excessive_emotion': 0, 'gibberish_spam': 0, 'word_count': 13}",0.0
925,celana nya kecil bhn tipis waktu leve bhn bagus.penjualnya bohong,3,0,celana nya kecil bhn tipis waktu leve bhn bagus.penjualnya bohong,Real,1.0,0.0,"{'contradiction': 0, 'template_language': 0, 'excessive_emotion': 0, 'gibberish_spam': 0, 'word_count': 10}",0.0
926,"celananya udah bagus, cuma sayang belum di pakai koceknya udah sobek",4,0,"celananya udah bagus, cuma sayang belum di pakai koceknya udah sobek",Real,1.0,0.0,"{'contradiction': 0, 'template_language': 0, 'excessive_emotion': 0, 'gibberish_spam': 0, 'word_count': 11}",0.0
927,"ukuran sama tp besarnya celana berbeda,size sama tp celana di kirim beda..tp msh na di pake sih alias di hibahkan..tp gpp.. lain kali di samain ya biar gak kapok.. mksh.",5,0,"ukuran sama tp besarnya celana berbeda,size sama tp celana di kirim beda..tp msh na di pake sih alia...",Real,1.0,0.0,"{'contradiction': 0, 'template_language': 0, 'excessive_emotion': 0, 'gibberish_spam': 0, 'word_count': 30}",0.0
928,"bagus bahanya, cocok dgn harganya dan amana tokonya",5,0,"bagus bahanya, cocok dgn harganya dan amana tokonya",Real,1.0,0.0,"{'contradiction': 0, 'template_language': 0, 'excessive_emotion': 0, 'gibberish_spam': 0, 'word_count': 8}",0.0
929,bentuk dan ukuran: kekecilan bahan: lumayan bagus warna: bagus karakteristik: biasa,3,0,bentuk dan ukuran: kekecilan bahan: lumayan bagus warna: bagus karakteristik: biasa,Real,1.0,0.0,"{'contradiction': 0, 'template_language': 0, 'excessive_emotion': 0, 'gibberish_spam': 0, 'word_count': 11}",0.0
930,paket sdh sampai sore tadi tp sayang tdk sesuai yg di iklankan.di iklan ada kantong belakang .trus ukuran xxl kok pendek padahal berat badan 75 .aq pilih ukuran xxl di si...,3,0,paket sdh sampai sore tadi tp sayang tdk sesuai yg di iklankan.di iklan ada kantong belakang .trus u...,Real,1.0,0.0,"{'contradiction': 0, 'template_language': 0, 'excessive_emotion': 0, 'gibberish_spam': 0, 'word_count': 31}",0.0
931,sayang xl kurang gede selebihnya c ok semua,5,0,sayang xl kurang gede selebihnya c ok semua,Real,0.8,2.0,"{'contradiction': 0, 'template_language': 0, 'excessive_emotion': 0, 'gibberish_spam': 0, 'word_count': 8}",0.0
932,alhamdulillah brg udah sampai.. bentuk dan ukuran: pas d q bahan: adem d pakai warna: sesuai pesanan,5,0,alhamdulillah brg udah sampai.. bentuk dan ukuran: pas d q bahan: adem d pakai warna: sesuai pesanan,Real,1.0,0.0,"{'contradiction': 0, 'template_language': 0, 'excessive_emotion': 0, 'gibberish_spam': 0, 'word_count': 17}",0.0
933,bahan nya tipis tidak sesuai sama yg di foto,3,0,bahan nya tipis tidak sesuai sama yg di foto,Real,1.0,0.0,"{'contradiction': 0, 'template_language': 0, 'excessive_emotion': 0, 'gibberish_spam': 0, 'word_count': 9}",0.0
934,barang dalh sesuai dgn yg di pesan barang lumayan harga segitu murah bahan alus lembut,5,0,barang dalh sesuai dgn yg di pesan barang lumayan harga segitu murah bahan alus lembut,Real,1.0,0.0,"{'contradiction': 0, 'template_language': 0, 'excessive_emotion': 0, 'gibberish_spam': 0, 'word_count': 15}",0.0
935,"celananya bagis, cm talinya kurang bagus. semoga lebih baik lg talinya. next order lg...",5,0,"celananya bagis, cm talinya kurang bagus. semoga lebih baik lg talinya. next order lg...",Real,0.8,2.0,"{'contradiction': 0, 'template_language': 0, 'excessive_emotion': 0, 'gibberish_spam': 0, 'word_count': 14}",0.0
936,"ya mending lah sesuai harga ,tipis tapi gak papa",3,0,"ya mending lah sesuai harga ,tipis tapi gak papa",Real,1.0,0.0,"{'contradiction': 0, 'template_language': 0, 'excessive_emotion': 0, 'gibberish_spam': 0, 'word_count': 9}",0.0
937,bentuk dan ukuran: hitam nya kecil abunya besar. ukurannya ndak sama datangnya,3,0,bentuk dan ukuran: hitam nya kecil abunya besar. ukurannya ndak sama datangnya,Real,1.0,0.0,"{'contradiction': 0, 'template_language': 0, 'excessive_emotion': 0, 'gibberish_spam': 0, 'word_count': 12}",0.0
938,bahannya bagus dan adem semoga jadi langganan ya ka🥰,5,0,bahannya bagus dan adem semoga jadi langganan ya ka🥰,Real,1.0,0.0,"{'contradiction': 0, 'template_language': 0, 'excessive_emotion': 0, 'gibberish_spam': 0, 'word_count': 9}",0.0
939,barang tepat waktu dan product yg warna abu tua kekecilan yang biru pas,4,0,barang tepat waktu dan product yg warna abu tua kekecilan yang biru pas,Real,1.0,0.0,"{'contradiction': 0, 'template_language': 0, 'excessive_emotion': 0, 'gibberish_spam': 0, 'word_count': 13}",0.0
940,gagal bos masa ukuran xxxl kcil banget,2,0,gagal bos masa ukuran xxxl kcil banget,Real,1.0,0.0,"{'contradiction': 0, 'template_language': 0, 'excessive_emotion': 0, 'gibberish_spam': 0, 'word_count': 7}",0.0
941,terlalu kecil tidak sesuai dan jahitan nya kurang rapi,3,0,terlalu kecil tidak sesuai dan jahitan nya kurang rapi,Real,1.0,0.0,"{'contradiction': 0, 'template_language': 0, 'excessive_emotion': 0, 'gibberish_spam': 0, 'word_count': 9}",0.0
942,"sesuailah dg harganya,bahanya juga lumayan tebal dg harga segitu warna dan ukuran sesuai pesanan,q suka🫰🫰🫰",5,0,"sesuailah dg harganya,bahanya juga lumayan tebal dg harga segitu warna dan ukuran sesuai pesanan,q s...",Real,1.0,0.0,"{'contradiction': 0, 'template_language': 0, 'excessive_emotion': 1, 'gibberish_spam': 0, 'word_count': 15}",0.0
943,"wes siip ar bahannya kaos seperti traning ternyata, blum bisa utk celana formal",5,0,"wes siip ar bahannya kaos seperti traning ternyata, blum bisa utk celana formal",Real,1.0,0.0,"{'contradiction': 0, 'template_language': 0, 'excessive_emotion': 0, 'gibberish_spam': 0, 'word_count': 13}",0.0
944,diterima dg baik namun kekecilan untuk istri pas jadi istri yg pake aku yg pake ngatung sejengkal,5,0,diterima dg baik namun kekecilan untuk istri pas jadi istri yg pake aku yg pake ngatung sejengkal,Real,1.0,0.0,"{'contradiction': 0, 'template_language': 0, 'excessive_emotion': 0, 'gibberish_spam': 0, 'word_count': 17}",0.0
945,bahan: adem warna: sesuai bentuk dan ukuran: pas di bb,4,0,bahan: adem warna: sesuai bentuk dan ukuran: pas di bb,Real,1.0,0.0,"{'contradiction': 0, 'template_language': 0, 'excessive_emotion': 0, 'gibberish_spam': 0, 'word_count': 10}",0.0
946,"warna sesuai pesana,ukuran krang pnjang dkit,bhanny tipis 🙏🙏🙏",3,0,"warna sesuai pesana,ukuran krang pnjang dkit,bhanny tipis 🙏🙏🙏",Real,1.0,0.0,"{'contradiction': 0, 'template_language': 0, 'excessive_emotion': 1, 'gibberish_spam': 0, 'word_count': 8}",0.0
947,kain nya agak tipis tp lumayan bagus sesuai dengan fto,3,0,kain nya agak tipis tp lumayan bagus sesuai dengan fto,Real,1.0,0.0,"{'contradiction': 0, 'template_language': 0, 'excessive_emotion': 0, 'gibberish_spam': 0, 'word_count': 10}",0.0
948,celananya gak sesuai gambar saya kecewa tokonya gak amanah kain tipis celana buat kekebun 👇🏾,3,0,celananya gak sesuai gambar saya kecewa tokonya gak amanah kain tipis celana buat kekebun 👇🏾,Real,1.0,0.0,"{'contradiction': 0, 'template_language': 0, 'excessive_emotion': 0, 'gibberish_spam': 0, 'word_count': 15}",0.0
949,bagusss bangettt bahan nya poko nya toko nya amanah banget 👍👍👍👍👍,5,0,bagusss bangettt bahan nya poko nya toko nya amanah banget 👍👍👍👍👍,Fake,0.917,6.34,"{'contradiction': 0, 'template_language': 0, 'excessive_emotion': 1, 'gibberish_spam': 1, 'word_count': 11}",0.447
950,bentuk dan ukuran: untuk ukuran yg biru dongker dg yg hitam lebih besar yg biru dongker.yg biru dlm kemasan yg yg itam los tdk dikemas dn tdk ada keterangan ukurannya.,4,0,bentuk dan ukuran: untuk ukuran yg biru dongker dg yg hitam lebih besar yg biru dongker.yg biru dlm ...,Real,1.0,0.0,"{'contradiction': 0, 'template_language': 0, 'excessive_emotion': 0, 'gibberish_spam': 0, 'word_count': 30}",0.0
951,barang lumayan bagus.....tapi kok tidak seperti iklanya,4,0,barang lumayan bagus.....tapi kok tidak seperti iklanya,Fake,0.919,6.37,"{'contradiction': 0, 'template_language': 0, 'excessive_emotion': 0, 'gibberish_spam': 1, 'word_count': 7}",0.458
952,bentuk dan ukuran: okeh bahan: okeh warna: sesuai karakteristik: baik,5,0,bentuk dan ukuran: okeh bahan: okeh warna: sesuai karakteristik: baik,Real,1.0,0.0,"{'contradiction': 0, 'template_language': 0, 'excessive_emotion': 0, 'gibberish_spam': 0, 'word_count': 10}",0.0
953,"bahanya bgus halus ,ukuranya pas warna: cocok",5,0,"bahanya bgus halus ,ukuranya pas warna: cocok",Real,1.0,0.0,"{'contradiction': 0, 'template_language': 0, 'excessive_emotion': 0, 'gibberish_spam': 0, 'word_count': 7}",0.0
954,"bahan: kurang tebal bias ae bentuk dan ukuran: bias ukuran mgo ""pas ukurannya",3,0,"bahan: kurang tebal bias ae bentuk dan ukuran: bias ukuran mgo ""pas ukurannya",Real,1.0,0.0,"{'contradiction': 0, 'template_language': 0, 'excessive_emotion': 0, 'gibberish_spam': 0, 'word_count': 13}",0.0
955,maaf y aku kasih bintang 3 soalnya bahannya ko beda y dr yg sebelumnya aku beli 2...yg pertama beli 2 hitam n navy bagus tebal bahanya karetnya dipinggang bagus.skrng bel...,3,0,maaf y aku kasih bintang 3 soalnya bahannya ko beda y dr yg sebelumnya aku beli 2...yg pertama beli ...,Real,1.0,0.0,"{'contradiction': 0, 'template_language': 0, 'excessive_emotion': 0, 'gibberish_spam': 0, 'word_count': 30}",0.0
956,sudah ambil ukuran xxxl masih g muat😅😅,4,0,sudah ambil ukuran xxxl masih g muat😅😅,Real,1.0,0.0,"{'contradiction': 0, 'template_language': 0, 'excessive_emotion': 0, 'gibberish_spam': 0, 'word_count': 7}",0.0
957,bentuk dan ukuran: sama seperti di gambar,5,0,bentuk dan ukuran: sama seperti di gambar,Real,1.0,0.0,"{'contradiction': 0, 'template_language': 0, 'excessive_emotion': 0, 'gibberish_spam': 0, 'word_count': 7}",0.0
958,"sekedar kasih saran yaa,tolong dong kantong celananya di cek,kok bolong ya... untung saja kunci motor yg saya tarok gk jatuh, mksh, celananya bagus sayangnya kantong nya...",4,0,"sekedar kasih saran yaa,tolong dong kantong celananya di cek,kok bolong ya... untung saja kunci moto...",Real,1.0,0.0,"{'contradiction': 0, 'template_language': 0, 'excessive_emotion': 0, 'gibberish_spam': 0, 'word_count': 26}",0.0
959,bagus sesuai pesanan saya suka bgt belinya di lebih gede dri yg biasa kita paki,5,0,bagus sesuai pesanan saya suka bgt belinya di lebih gede dri yg biasa kita paki,Real,1.0,0.0,"{'contradiction': 0, 'template_language': 0, 'excessive_emotion': 0, 'gibberish_spam': 0, 'word_count': 15}",0.0
960,barang bagus adem buat keseharian . pengiriman sangat cepat sekali,5,0,barang bagus adem buat keseharian . pengiriman sangat cepat sekali,Fake,0.753,3.06,"{'contradiction': 0, 'template_language': 1, 'excessive_emotion': 0, 'gibberish_spam': 0, 'word_count': 10}",0.354
961,bahan lumayan tdk nerawang yah trus adem juga d pake nya,5,0,bahan lumayan tdk nerawang yah trus adem juga d pake nya,Real,1.0,0.0,"{'contradiction': 0, 'template_language': 0, 'excessive_emotion': 0, 'gibberish_spam': 0, 'word_count': 11}",0.0
962,mashaallah produk ny bagus kk mesti murah gk asal jh jaitan ny bagus peking ny bagus pokonya lancar yh ka ku pasti akan dtng lagi beli suami saya sampai bahagia sekali kk...,5,0,mashaallah produk ny bagus kk mesti murah gk asal jh jaitan ny bagus peking ny bagus pokonya lancar ...,Real,1.0,0.0,"{'contradiction': 0, 'template_language': 0, 'excessive_emotion': 0, 'gibberish_spam': 0, 'word_count': 32}",0.0
963,cukup bagus dengan harga segitu. sama maklum dengan harga segitu bisa dapet celana .,5,0,cukup bagus dengan harga segitu. sama maklum dengan harga segitu bisa dapet celana .,Real,1.0,0.0,"{'contradiction': 0, 'template_language': 0, 'excessive_emotion': 0, 'gibberish_spam': 0, 'word_count': 14}",0.0
964,60rb dpt 2 dngn harga segitu lumayan sih buat ganti sehari-hari .gk nyesel sih beli d toko ini.laris manis ya 🙏🏻,5,0,60rb dpt 2 dngn harga segitu lumayan sih buat ganti sehari-hari .gk nyesel sih beli d toko ini.laris...,Real,1.0,0.0,"{'contradiction': 0, 'template_language': 0, 'excessive_emotion': 0, 'gibberish_spam': 0, 'word_count': 21}",0.0
965,pengiriman nya cepat...untuk bahan ya lumayan,4,0,pengiriman nya cepat...untuk bahan ya lumayan,Real,1.0,0.0,"{'contradiction': 0, 'template_language': 0, 'excessive_emotion': 0, 'gibberish_spam': 0, 'word_count': 6}",0.0
966,"kualitas barang sesuai harga,, mau beli yg kualitas bagus ya yang mahal",3,0,"kualitas barang sesuai harga,, mau beli yg kualitas bagus ya yang mahal",Real,1.0,0.0,"{'contradiction': 0, 'template_language': 0, 'excessive_emotion': 0, 'gibberish_spam': 0, 'word_count': 12}",0.0
967,"barangnya udah nyampe , kurirnya baik udh langganan,tapi celananya ada yg bolong sedikit masih bisa di jahit sendiri ada mesin jahit di rumah",5,0,"barangnya udah nyampe , kurirnya baik udh langganan,tapi celananya ada yg bolong sedikit masih bisa ...",Real,1.0,0.0,"{'contradiction': 0, 'template_language': 0, 'excessive_emotion': 0, 'gibberish_spam': 0, 'word_count': 23}",0.0
968,"paket nya sudah sampai, tapi kurir nya kurang jujur. masak harganya 65.044 disuruh bayar 66.000. dasar kurir mau banyak untung.",4,0,"paket nya sudah sampai, tapi kurir nya kurang jujur. masak harganya 65.044 disuruh bayar 66.000. das...",Real,0.8,2.0,"{'contradiction': 0, 'template_language': 0, 'excessive_emotion': 0, 'gibberish_spam': 0, 'word_count': 20}",0.0
969,"trimakasih penjual, barang sudah sampai pas bahan: lumayan sesuai harga",5,0,"trimakasih penjual, barang sudah sampai pas bahan: lumayan sesuai harga",Real,1.0,0.0,"{'contradiction': 0, 'template_language': 0, 'excessive_emotion': 0, 'gibberish_spam': 0, 'word_count': 10}",0.0
970,"pilih warna abu² dan hitam, dtgnya abu² biru.😑bahan lmyan tipis ...sesuailah dgn hrga sgtu",4,0,"pilih warna abu² dan hitam, dtgnya abu² biru.😑bahan lmyan tipis ...sesuailah dgn hrga sgtu",Real,1.0,0.0,"{'contradiction': 0, 'template_language': 0, 'excessive_emotion': 0, 'gibberish_spam': 0, 'word_count': 14}",0.0
971,"kain tipis dan menerawang, utk uk xxl ini kecil bgt, pdhl sengaja pilih yg size nya besar",3,0,"kain tipis dan menerawang, utk uk xxl ini kecil bgt, pdhl sengaja pilih yg size nya besar",Real,1.0,0.0,"{'contradiction': 0, 'template_language': 0, 'excessive_emotion': 0, 'gibberish_spam': 0, 'word_count': 17}",0.0
972,"barang sesuai dg harganya,, kecewa karena barang tiba jauh dr estimasi yg ditentukan...sy gk puas dg jasa ekspedisi ninja",3,0,"barang sesuai dg harganya,, kecewa karena barang tiba jauh dr estimasi yg ditentukan...sy gk puas dg...",Real,1.0,0.0,"{'contradiction': 0, 'template_language': 0, 'excessive_emotion': 0, 'gibberish_spam': 0, 'word_count': 19}",0.0
973,tidak sesuai pesanan yg di tawarkan..,5,0,tidak sesuai pesanan yg di tawarkan..,Real,0.8,2.0,"{'contradiction': 0, 'template_language': 0, 'excessive_emotion': 0, 'gibberish_spam': 0, 'word_count': 6}",0.0
974,bentuk dan ukuran: sma dengan ukuran 60-80,3,0,bentuk dan ukuran: sma dengan ukuran 60-80,Real,1.0,0.0,"{'contradiction': 0, 'template_language': 0, 'excessive_emotion': 0, 'gibberish_spam': 0, 'word_count': 7}",0.0
975,bahan bagus dipakainya enak,5,0,bahan bagus dipakainya enak,Real,0.9,1.0,"{'contradiction': 0, 'template_language': 0, 'excessive_emotion': 0, 'gibberish_spam': 0, 'word_count': 4}",0.0
976,bahannya lumayan cmn beda sama yg d contoh,4,0,bahannya lumayan cmn beda sama yg d contoh,Real,1.0,0.0,"{'contradiction': 0, 'template_language': 0, 'excessive_emotion': 0, 'gibberish_spam': 0, 'word_count': 8}",0.0
977,tidak sesuai dengan ukuran.. tidak mungkin ini xxxl... selangkangannya sempit... alamat cepet sobek...,4,0,tidak sesuai dengan ukuran.. tidak mungkin ini xxxl... selangkangannya sempit... alamat cepet sobek....,Real,0.8,2.0,"{'contradiction': 0, 'template_language': 0, 'excessive_emotion': 0, 'gibberish_spam': 0, 'word_count': 13}",0.0
978,saya beli yg ke dua tpi barangnya sama gak zonk terima kasih sudah amanah kurirnya ramah,5,0,saya beli yg ke dua tpi barangnya sama gak zonk terima kasih sudah amanah kurirnya ramah,Real,1.0,0.0,"{'contradiction': 0, 'template_language': 0, 'excessive_emotion': 0, 'gibberish_spam': 0, 'word_count': 16}",0.0
979,"brang oke, bahanya adem, tebel, sesuai pesanan...... tdk mengecewakn... mksh",5,0,"brang oke, bahanya adem, tebel, sesuai pesanan...... tdk mengecewakn... mksh",Fake,0.92,6.39,"{'contradiction': 0, 'template_language': 0, 'excessive_emotion': 0, 'gibberish_spam': 1, 'word_count': 10}",0.464
980,bagus lumayan enak dipakai buat olah raga,4,0,bagus lumayan enak dipakai buat olah raga,Real,1.0,0.0,"{'contradiction': 0, 'template_language': 0, 'excessive_emotion': 0, 'gibberish_spam': 0, 'word_count': 7}",0.0
981,"baik,ok pas ukurannya warna yg dikirim sesuai dengan yg q pesan smoga laris n jaya smoga amanah terus",5,0,"baik,ok pas ukurannya warna yg dikirim sesuai dengan yg q pesan smoga laris n jaya smoga amanah teru...",Real,0.85,1.5,"{'contradiction': 0, 'template_language': 0, 'excessive_emotion': 0, 'gibberish_spam': 0, 'word_count': 18}",0.0
982,alhamdulillah paketnya udah nyampai...barang sesuai pesanan dan harganya sangt terjangkau...,5,0,alhamdulillah paketnya udah nyampai...barang sesuai pesanan dan harganya sangt terjangkau...,Real,1.0,0.0,"{'contradiction': 0, 'template_language': 0, 'excessive_emotion': 0, 'gibberish_spam': 0, 'word_count': 10}",0.0
983,packing rapih.pengiriman cepat.bahan celana lumayan lah sesuai harga,3,0,packing rapih.pengiriman cepat.bahan celana lumayan lah sesuai harga,Real,1.0,0.0,"{'contradiction': 0, 'template_language': 0, 'excessive_emotion': 0, 'gibberish_spam': 0, 'word_count': 8}",0.0
984,ternyata ukuran nya utk anak umur 13 thn na,4,0,ternyata ukuran nya utk anak umur 13 thn na,Real,1.0,0.0,"{'contradiction': 0, 'template_language': 0, 'excessive_emotion': 0, 'gibberish_spam': 0, 'word_count': 9}",0.0
985,alhamdulillah celana nya sampai tepat waktu dan gk mengecewakan bagi saya yg baru pertama kali order celana halus pas di pakai saya,5,0,alhamdulillah celana nya sampai tepat waktu dan gk mengecewakan bagi saya yg baru pertama kali order...,Real,0.8,2.0,"{'contradiction': 0, 'template_language': 0, 'excessive_emotion': 0, 'gibberish_spam': 0, 'word_count': 22}",0.0
986,"mantap barang bagus ga buat kantong kering, nyaman dipakai, kwalitas juga apik, dan tekstur lembut jadi misalkan mau di jalan gitu nda takut lagi saya tidak waswas, terim...",5,0,"mantap barang bagus ga buat kantong kering, nyaman dipakai, kwalitas juga apik, dan tekstur lembut j...",Real,1.0,0.0,"{'contradiction': 0, 'template_language': 0, 'excessive_emotion': 0, 'gibberish_spam': 0, 'word_count': 28}",0.0
987,awalnya memang tertarik sama harganya yang super murah dan tampilannya yang menarik. ada banyak juga pilihan aroma. respon penjual cukup baik. pengirimman cukup baik dan...,4,2,awalnya memang tertarik sama harganya yang super murah dan tampilannya yang menarik. ada banyak juga...,Real,1.0,0.0,"{'contradiction': 0, 'template_language': 0, 'excessive_emotion': 0, 'gibberish_spam': 0, 'word_count': 25}",0.0
988,"wangi cukup maskulin tp ada sedikit bunga²nya/feminin, tp tipis aja. bisa dipakai buat sehari² atau nongki² santai. indoor bisa tahan 3-4 jam, outdoor panas kayak sekaran...",5,7,"wangi cukup maskulin tp ada sedikit bunga²nya/feminin, tp tipis aja. bisa dipakai buat sehari² atau ...",Real,1.0,0.0,"{'contradiction': 0, 'template_language': 0, 'excessive_emotion': 0, 'gibberish_spam': 0, 'word_count': 26}",0.0
989,"barang sudah barang sudah diterima dengan baik, sesuai pesanan wanginya enak menyegarkan sesuai ekspektasi lah bisa jadi rekomendasi kaum adam cuma sayang kemasan kardus...",5,1,"barang sudah barang sudah diterima dengan baik, sesuai pesanan wanginya enak menyegarkan sesuai eksp...",Real,1.0,0.0,"{'contradiction': 0, 'template_language': 0, 'excessive_emotion': 0, 'gibberish_spam': 0, 'word_count': 24}",0.0
990,"wangi parfum ini yang tahan lama, parfum ini memiliki wangi yang cocok untuk untuk semua acara, aroma nya enak saat di ruangan ber-ac, aroma wanginya tidak menyengat bang...",5,3,"wangi parfum ini yang tahan lama, parfum ini memiliki wangi yang cocok untuk untuk semua acara, arom...",Real,1.0,0.0,"{'contradiction': 0, 'template_language': 0, 'excessive_emotion': 0, 'gibberish_spam': 0, 'word_count': 28}",0.0
991,produk bagus banget apalagi bau parfum untuk pengirim tolong. bungkus nya lebih rapi dan teratur punya saya datang nya sampe kebuka dikit,5,0,produk bagus banget apalagi bau parfum untuk pengirim tolong. bungkus nya lebih rapi dan teratur pun...,Real,1.0,0.0,"{'contradiction': 0, 'template_language': 0, 'excessive_emotion': 0, 'gibberish_spam': 0, 'word_count': 22}",0.0
992,"walaupun pas nyampe agak penyok dikit gpp asal isinya aman, wanginya pun juga gk terlalu over, pokoknya pas deh",5,0,"walaupun pas nyampe agak penyok dikit gpp asal isinya aman, wanginya pun juga gk terlalu over, pokok...",Real,1.0,0.0,"{'contradiction': 0, 'template_language': 0, 'excessive_emotion': 0, 'gibberish_spam': 0, 'word_count': 19}",0.0
993,"kualiatas nya oke wangi nyaa nempel banget, cocok banget buat kaum priaa, recomend banget ja",5,0,"kualiatas nya oke wangi nyaa nempel banget, cocok banget buat kaum priaa, recomend banget ja",Real,1.0,0.0,"{'contradiction': 0, 'template_language': 0, 'excessive_emotion': 0, 'gibberish_spam': 0, 'word_count': 15}",0.0
994,"pelayanannya bagus, produk sangat bagus dan dikirim dengan perlindungan yg cukup aman, sejauh ini saya puas dengan produk dan pelayanannya, suka sm yg vanilla tp yg sensu...",5,0,"pelayanannya bagus, produk sangat bagus dan dikirim dengan perlindungan yg cukup aman, sejauh ini sa...",Fake,0.767,3.35,"{'contradiction': 0, 'template_language': 1, 'excessive_emotion': 0, 'gibberish_spam': 0, 'word_count': 27}",0.449
995,ini lumayan bau nya dan juga saat awal bau nya mantull untuk pengirim tolong. bungkus nya lebih rapi dan teratur punya saya datang nya sampe kebuka dikit,4,0,ini lumayan bau nya dan juga saat awal bau nya mantull untuk pengirim tolong. bungkus nya lebih rapi...,Real,1.0,0.0,"{'contradiction': 0, 'template_language': 0, 'excessive_emotion': 0, 'gibberish_spam': 0, 'word_count': 27}",0.0
996,"produk ini berbahan yang berkualitas bagus , harganya diskonan , packingnya aman, wangi nya enak, pengiirimannya juga cepat",5,0,"produk ini berbahan yang berkualitas bagus , harganya diskonan , packingnya aman, wangi nya enak, pe...",Real,1.0,0.0,"{'contradiction': 0, 'template_language': 0, 'excessive_emotion': 0, 'gibberish_spam': 0, 'word_count': 18}",0.0
997,"wanginya enak gak terlalu nyegrak, harganya murah dapet 50%, awet dari pagi sampe sore",5,3,"wanginya enak gak terlalu nyegrak, harganya murah dapet 50%, awet dari pagi sampe sore",Real,1.0,0.0,"{'contradiction': 0, 'template_language': 0, 'excessive_emotion': 0, 'gibberish_spam': 0, 'word_count': 14}",0.0
998,mantap bau harum pekatnya pas ga terlalu menyengat doi pasti langsung cium dan nempel truss,5,0,mantap bau harum pekatnya pas ga terlalu menyengat doi pasti langsung cium dan nempel truss,Real,1.0,0.0,"{'contradiction': 0, 'template_language': 0, 'excessive_emotion': 0, 'gibberish_spam': 0, 'word_count': 15}",0.0
999,pengiriman cepat pelayanan ramah dan responsif barang sesuai packaging pakai bubble wrap jadi aman kondisi barang dalam keadaan baik tidak mengecewakan beli barang disi...,5,0,pengiriman cepat pelayanan ramah dan responsif barang sesuai packaging pakai bubble wrap jadi aman k...,Real,0.8,2.0,"{'contradiction': 0, 'template_language': 0, 'excessive_emotion': 0, 'gibberish_spam': 0, 'word_count': 24}",0.0
1000,"pertama kali beli parfum seumur hidup & wanginya gw suka,ga begitu menyengat masih toleran,entah akan kecium wanginya oleh orang lain/tidak karena hidung gw udah ba&#...",5,1,"pertama kali beli parfum seumur hidup & wanginya gw suka,ga begitu menyengat masih toleran,entah aka...",Real,1.0,0.0,"{'contradiction': 0, 'template_language': 0, 'excessive_emotion': 0, 'gibberish_spam': 0, 'word_count': 25}",0.0
