id,original_text,rating,helpful,text,decision,confidence,suspicion_score,key_features,llm_contribution
1,barang pesanan datang sesuai jadwal barang pesanan datang tanpa minus barang pesanan datang sesuai pesanan barang pesanan sangat bagus dan berkualitas barang pesanan...,5,0,barang pesanan datang sesuai jadwal barang pesanan datang tanpa minus barang pesanan datang sesuai p...,Real,1.0,0.0,"{'contradiction': 0, 'template_language': 0, 'excessive_emotion': 0, 'gibberish_spam': 0, 'word_count': 23}",0.0
2,bahan: bagus manfaat produk: sangat baik jenis kulit: all skin,5,0,bahan: bagus manfaat produk: sangat baik jenis kulit: all skin,Real,1.0,0.0,"{'contradiction': 0, 'template_language': 0, 'excessive_emotion': 0, 'gibberish_spam': 0, 'word_count': 10}",0.0
3,bahan: bagus manfaat produk: mencerahkan jenis kulit: normal bismillahirohmanirohim semoga cocok dimuka aku yang pemula pakai scancare ini... pengiriman cepat dan rapih.....,5,1,bahan: bagus manfaat produk: mencerahkan jenis kulit: normal bismillahirohmanirohim semoga cocok dim...,Fake,0.95,9.21,"{'contradiction': 1, 'template_language': 0, 'excessive_emotion': 0, 'gibberish_spam': 1, 'word_count': 22}",0.403
4,bahan: sesuai pemesanan manfaat produk: mencerahkan kulit. semoga cocok dikulit. dan menghasilkan dengan memuaskan. jenis kulit: sawo,5,0,bahan: sesuai pemesanan manfaat produk: mencerahkan kulit. semoga cocok dikulit. dan menghasilkan de...,Fake,0.822,4.45,"{'contradiction': 1, 'template_language': 0, 'excessive_emotion': 0, 'gibberish_spam': 0, 'word_count': 17}",0.482
5,bahan: bagus sdah berlangganan manfaat produk: mencerahkan kulit&wajah jenis kulit: kuning langsat,5,0,bahan: bagus sdah berlangganan manfaat produk: mencerahkan kulit&wajah jenis kulit: kuning langsat,Real,1.0,0.0,"{'contradiction': 0, 'template_language': 0, 'excessive_emotion': 0, 'gibberish_spam': 0, 'word_count': 12}",0.0
6,"barang sampai dgn mulus, udah pakai ini 2mingguan wajah keliatan sedikit cerah. semoga cocok terus diaku, trmksh🤍",5,0,"barang sampai dgn mulus, udah pakai ini 2mingguan wajah keliatan sedikit cerah. semoga cocok terus d...",Fake,0.802,4.03,"{'contradiction': 1, 'template_language': 0, 'excessive_emotion': 0, 'gibberish_spam': 0, 'word_count': 17}",0.345
7,rekomendasi 🥰 packing ok.. bubble wrap tebal paket aman sampai ditujuan.. makasih seller 🙏,5,0,rekomendasi 🥰 packing ok.. bubble wrap tebal paket aman sampai ditujuan.. makasih seller 🙏,Real,1.0,0.0,"{'contradiction': 0, 'template_language': 0, 'excessive_emotion': 0, 'gibberish_spam': 0, 'word_count': 14}",0.0
8,mantap😍 bahan: lembut wangiiii banget manfaat produk: melembabkan sekaligus mencerahkan,5,0,mantap😍 bahan: lembut wangiiii banget manfaat produk: melembabkan sekaligus mencerahkan,Fake,0.909,6.19,"{'contradiction': 0, 'template_language': 0, 'excessive_emotion': 0, 'gibberish_spam': 1, 'word_count': 10}",0.396
9,"alhamdulilah paketnya sudah sampai produk sesuai pesanan, mudah""an cocok ya buat pemula.. amiiin.. 🤲 klo cocok dan hasilnya bagus insya allah bakalan beli lgi d toko...",5,0,"alhamdulilah paketnya sudah sampai produk sesuai pesanan, mudah""an cocok ya buat pemula.. amiiin.. 🤲...",Real,1.0,0.0,"{'contradiction': 0, 'template_language': 0, 'excessive_emotion': 0, 'gibberish_spam': 0, 'word_count': 26}",0.0
10,"jenis kulit: kusam berminyak packing rapih, bubble wrap nya tebel jadi barangnya aman gada yg pecah semua terkirim dengan baik, semoga cocok di kulit muka aku dan juga co...",5,0,"jenis kulit: kusam berminyak packing rapih, bubble wrap nya tebel jadi barangnya aman gada yg pecah ...",Fake,0.812,4.24,"{'contradiction': 1, 'template_language': 0, 'excessive_emotion': 0, 'gibberish_spam': 0, 'word_count': 29}",0.413
11,"makasih kak paket nyah dah dateng dengan cepat,barang nyah sesuai dengan di gambar😍😍😍😍",5,0,"makasih kak paket nyah dah dateng dengan cepat,barang nyah sesuai dengan di gambar😍😍😍😍",Real,1.0,0.0,"{'contradiction': 0, 'template_language': 0, 'excessive_emotion': 1, 'gibberish_spam': 0, 'word_count': 13}",0.0
12,"bagus, sampai dengan keadaan baik, pengiriman juga cepat, respon nya juga cepat. baru mau coba semoga ada perubahan",5,0,"bagus, sampai dengan keadaan baik, pengiriman juga cepat, respon nya juga cepat. baru mau coba semog...",Real,1.0,0.0,"{'contradiction': 0, 'template_language': 0, 'excessive_emotion': 0, 'gibberish_spam': 0, 'word_count': 18}",0.0
13,untuk facial wash emg isinya setengah yaa ? tak kirain penuh ampe atas trnyata setengah botol,4,0,untuk facial wash emg isinya setengah yaa ? tak kirain penuh ampe atas trnyata setengah botol,Real,1.0,0.0,"{'contradiction': 0, 'template_language': 0, 'excessive_emotion': 0, 'gibberish_spam': 0, 'word_count': 16}",0.0
14,"bagus wangi, tapi cuman facial wash nya dikit isinya:v tapi enak keseluruhan",4,0,"bagus wangi, tapi cuman facial wash nya dikit isinya:v tapi enak keseluruhan",Real,1.0,0.0,"{'contradiction': 0, 'template_language': 0, 'excessive_emotion': 0, 'gibberish_spam': 0, 'word_count': 12}",0.0
15,"pengiriman cpt,,udh langganan belanja dsni",5,0,"pengiriman cpt,,udh langganan belanja dsni",Real,0.9,1.0,"{'contradiction': 0, 'template_language': 0, 'excessive_emotion': 0, 'gibberish_spam': 0, 'word_count': 5}",0.0
16,"pengiriman nya cepat, produk juga aman sampai ke lokasi, next belanja disini lagi",5,0,"pengiriman nya cepat, produk juga aman sampai ke lokasi, next belanja disini lagi",Real,1.0,0.0,"{'contradiction': 0, 'template_language': 0, 'excessive_emotion': 0, 'gibberish_spam': 0, 'word_count': 13}",0.0
17,barang sudah saya terima.. produk sesuai pesanan dan wajah istri saya makin cantik + glowing... pemakean 3 hari hasilnya langsung kelihatan... pokoknya bagi yang ingin is...,5,0,barang sudah saya terima.. produk sesuai pesanan dan wajah istri saya makin cantik + glowing... pema...,Real,1.0,0.0,"{'contradiction': 0, 'template_language': 0, 'excessive_emotion': 0, 'gibberish_spam': 0, 'word_count': 26}",0.0
18,sudah datanggg. baru juga smlm di cekoutin eh udah sampai aja ni paketnya. smga cocok pake ini🥰,5,0,sudah datanggg. baru juga smlm di cekoutin eh udah sampai aja ni paketnya. smga cocok pake ini🥰,Real,1.0,0.0,"{'contradiction': 0, 'template_language': 0, 'excessive_emotion': 0, 'gibberish_spam': 0, 'word_count': 17}",0.0
19,"paket sdah saya terima,baru pertama memakai yaaa,semoga cocok di kulitku",5,0,"paket sdah saya terima,baru pertama memakai yaaa,semoga cocok di kulitku",Fake,0.798,3.95,"{'contradiction': 1, 'template_language': 0, 'excessive_emotion': 0, 'gibberish_spam': 0, 'word_count': 10}",0.317
20,"baru kali ini aku beli di online biasa nya aku beli langsung ke toko skincare, dan semoga ini tidak kw ya..",4,0,"baru kali ini aku beli di online biasa nya aku beli langsung ke toko skincare, dan semoga ini tidak ...",Real,1.0,0.0,"{'contradiction': 0, 'template_language': 0, 'excessive_emotion': 0, 'gibberish_spam': 0, 'word_count': 21}",0.0
21,"barang sudah sampai sesuai dengan pesanan,,terima kasih",5,0,"barang sudah sampai sesuai dengan pesanan,,terima kasih",Real,1.0,0.0,"{'contradiction': 0, 'template_language': 0, 'excessive_emotion': 0, 'gibberish_spam': 0, 'word_count': 7}",0.0
22,manfaat produk: smoga bsa ada perubahan setelah d pakai. mohon info cara pakainya ya kak,4,0,manfaat produk: smoga bsa ada perubahan setelah d pakai. mohon info cara pakainya ya kak,Real,1.0,0.0,"{'contradiction': 0, 'template_language': 0, 'excessive_emotion': 0, 'gibberish_spam': 0, 'word_count': 15}",0.0
23,"barang yg diterima lengkap, dan sesuai sama pesanan",5,0,"barang yg diterima lengkap, dan sesuai sama pesanan",Real,1.0,0.0,"{'contradiction': 0, 'template_language': 0, 'excessive_emotion': 0, 'gibberish_spam': 0, 'word_count': 8}",0.0
24,"manfaat produk: menyamarkan warna kulit yg belang ,dan aman untuk busui",5,0,"manfaat produk: menyamarkan warna kulit yg belang ,dan aman untuk busui",Real,1.0,0.0,"{'contradiction': 0, 'template_language': 0, 'excessive_emotion': 0, 'gibberish_spam': 0, 'word_count': 11}",0.0
25,"akhirnya paket mendarat dengan selamat🥰🥰. alhamdulillah muka aku cocok pake skincare g2g,ini udh kesekian kalinya aku pesen thank youuu🫶🫶🫶🫶🫶🫶🫶🫶🫶🫶🫶🫶",5,0,"akhirnya paket mendarat dengan selamat🥰🥰. alhamdulillah muka aku cocok pake skincare g2g,ini udh kes...",Fake,0.905,6.1,"{'contradiction': 0, 'template_language': 0, 'excessive_emotion': 1, 'gibberish_spam': 1, 'word_count': 19}",0.365
26,"moisturizer sama serum nya tidak ada tolong dong kalo jualan yang bener yg amanah, saya sangat kecewa dengan harga 139. 500 byr ke kurir cuma di kasih toner+brightening c...",1,0,"moisturizer sama serum nya tidak ada tolong dong kalo jualan yang bener yg amanah, saya sangat kecew...",Real,1.0,0.0,"{'contradiction': 0, 'template_language': 0, 'excessive_emotion': 0, 'gibberish_spam': 0, 'word_count': 29}",0.0
27,barangnya alhamdulillah bagus tapi kecewa banget sama serum ny pesah 🥲😭,2,0,barangnya alhamdulillah bagus tapi kecewa banget sama serum ny pesah 🥲😭,Real,1.0,0.0,"{'contradiction': 0, 'template_language': 0, 'excessive_emotion': 0, 'gibberish_spam': 0, 'word_count': 11}",0.0
28,bahan: bahan bagus manfaat produk: bagus sekali,5,0,bahan: bahan bagus manfaat produk: bagus sekali,Real,1.0,0.0,"{'contradiction': 0, 'template_language': 0, 'excessive_emotion': 0, 'gibberish_spam': 0, 'word_count': 7}",0.0
29,"di aku cocok yang kulit sensitif, tapi ya sesuai. ngilangin bekas jerawat emg lama, aku ga sesuaian ini buat muka yg sedikit gradakan/jerawatan krn mungkin ini fokus nya...",5,0,"di aku cocok yang kulit sensitif, tapi ya sesuai. ngilangin bekas jerawat emg lama, aku ga sesuaian ...",Real,1.0,0.0,"{'contradiction': 0, 'template_language': 0, 'excessive_emotion': 0, 'gibberish_spam': 0, 'word_count': 28}",0.0
30,bagus sesuai dan ori g palsu saya sudah cek tdk ada kerusakan pada barang cepet datengnya kurirnya juga baik kok ramah bgt,5,0,bagus sesuai dan ori g palsu saya sudah cek tdk ada kerusakan pada barang cepet datengnya kurirnya j...,Real,1.0,0.0,"{'contradiction': 0, 'template_language': 0, 'excessive_emotion': 0, 'gibberish_spam': 0, 'word_count': 22}",0.0
31,bahan: sangat baik manfaat produk: bagus untuk wajah jenis kulit: cocok di kulit saya,5,0,bahan: sangat baik manfaat produk: bagus untuk wajah jenis kulit: cocok di kulit saya,Real,1.0,0.0,"{'contradiction': 0, 'template_language': 0, 'excessive_emotion': 0, 'gibberish_spam': 0, 'word_count': 14}",0.0
32,bahan: berkualitas manfaat produk: kecantikan jenis kulit: normal sudah banyak stok mantap,5,0,bahan: berkualitas manfaat produk: kecantikan jenis kulit: normal sudah banyak stok mantap,Real,1.0,0.0,"{'contradiction': 0, 'template_language': 0, 'excessive_emotion': 0, 'gibberish_spam': 0, 'word_count': 12}",0.0
33,packing aman barang lengkap kualitas oke harga bersahabat semoga cocok di aku terimakasih seller,5,0,packing aman barang lengkap kualitas oke harga bersahabat semoga cocok di aku terimakasih seller,Fake,0.903,6.07,"{'contradiction': 1, 'template_language': 1, 'excessive_emotion': 0, 'gibberish_spam': 0, 'word_count': 14}",0.355
34,"bagus banget, wangi, dapet banyak, dan paling cantik ini bener"" ori/ bpom, semoga cocok di aku",5,0,"bagus banget, wangi, dapet banyak, dan paling cantik ini bener"" ori/ bpom, semoga cocok di aku",Fake,0.81,4.19,"{'contradiction': 1, 'template_language': 0, 'excessive_emotion': 0, 'gibberish_spam': 0, 'word_count': 16}",0.398
35,manfaat produk: halus bagus dan cocok dikulit,4,0,manfaat produk: halus bagus dan cocok dikulit,Real,1.0,0.0,"{'contradiction': 0, 'template_language': 0, 'excessive_emotion': 0, 'gibberish_spam': 0, 'word_count': 7}",0.0
36,"barangnya datang cepat, paketannya bagus dan rapih. baru pertama kali pesan mudah2an cocok di akunya, biar bisa di order lagi. kurirnya juga ramah.🥰",5,0,"barangnya datang cepat, paketannya bagus dan rapih. baru pertama kali pesan mudah2an cocok di akunya...",Real,1.0,0.0,"{'contradiction': 0, 'template_language': 0, 'excessive_emotion': 0, 'gibberish_spam': 0, 'word_count': 23}",0.0
37,pengiriman cepat .barang sampai dg selamat baru mau coba..semoga ccok,5,0,pengiriman cepat .barang sampai dg selamat baru mau coba..semoga ccok,Real,1.0,0.0,"{'contradiction': 0, 'template_language': 0, 'excessive_emotion': 0, 'gibberish_spam': 0, 'word_count': 10}",0.0
38,sudah sampai barangnya aman packing aman juga bubble warpe nya di dobel dan belum di coba karena baru datang mudahan cocok,5,0,sudah sampai barangnya aman packing aman juga bubble warpe nya di dobel dan belum di coba karena bar...,Real,1.0,0.0,"{'contradiction': 0, 'template_language': 0, 'excessive_emotion': 0, 'gibberish_spam': 0, 'word_count': 21}",0.0
39,manfaat produk: mencerahkan wajah jenis kulit: berminyak tidak dapat bonus nya padahal pas live kata nya beli 4 gratis 1 tapi gak dapat bonus nya,4,0,manfaat produk: mencerahkan wajah jenis kulit: berminyak tidak dapat bonus nya padahal pas live kata...,Real,1.0,0.0,"{'contradiction': 0, 'template_language': 0, 'excessive_emotion': 0, 'gibberish_spam': 0, 'word_count': 25}",0.0
40,bahan: bagus bgtt manfaat produk: mencerahkan kulit jenis kulit: kusam,5,0,bahan: bagus bgtt manfaat produk: mencerahkan kulit jenis kulit: kusam,Real,1.0,0.0,"{'contradiction': 0, 'template_language': 0, 'excessive_emotion': 0, 'gibberish_spam': 0, 'word_count': 10}",0.0
41,"sesuai, terimakasih seller n kurir🙏🏻",5,0,"sesuai, terimakasih seller n kurir🙏🏻",Real,0.9,1.0,"{'contradiction': 0, 'template_language': 0, 'excessive_emotion': 0, 'gibberish_spam': 0, 'word_count': 5}",0.0
42,cocok pake moizturizernya sama tonernya semoga yg lain cocok,5,0,cocok pake moizturizernya sama tonernya semoga yg lain cocok,Real,1.0,0.0,"{'contradiction': 0, 'template_language': 0, 'excessive_emotion': 0, 'gibberish_spam': 0, 'word_count': 9}",0.0
43,jenis kulit: kusam baru pertama kali pakai semoga cocok dikulitku,4,0,jenis kulit: kusam baru pertama kali pakai semoga cocok dikulitku,Fake,0.805,4.11,"{'contradiction': 1, 'template_language': 0, 'excessive_emotion': 0, 'gibberish_spam': 0, 'word_count': 10}",0.369
44,"seperti biasa,bagussss dapet diskon pokoknya mantap,pengiriman cepat pol, packing aman,luv pokoknya, makasih",5,0,"seperti biasa,bagussss dapet diskon pokoknya mantap,pengiriman cepat pol, packing aman,luv pokoknya,...",Fake,0.91,6.19,"{'contradiction': 0, 'template_language': 0, 'excessive_emotion': 0, 'gibberish_spam': 1, 'word_count': 12}",0.397
45,"paket cepat sampai tapi ada yg bikin kecewa,bungkusnya ga pake kotak,cuma bubble wrp aja trs kemasan moisturizer nya kok lecet bgt ya kak 😮‍💨😮‍💨",3,0,"paket cepat sampai tapi ada yg bikin kecewa,bungkusnya ga pake kotak,cuma bubble wrp aja trs kemasan...",Real,1.0,0.0,"{'contradiction': 0, 'template_language': 0, 'excessive_emotion': 0, 'gibberish_spam': 0, 'word_count': 24}",0.0
46,sudah cocok sama produk ini emang mantul ...harganya juga murah,5,0,sudah cocok sama produk ini emang mantul ...harganya juga murah,Real,1.0,0.0,"{'contradiction': 0, 'template_language': 0, 'excessive_emotion': 0, 'gibberish_spam': 0, 'word_count': 10}",0.0
47,mantap gan lanjutkan dengan baik dan benar serta selalu jaga produknya,2,0,mantap gan lanjutkan dengan baik dan benar serta selalu jaga produknya,Real,1.0,0.0,"{'contradiction': 0, 'template_language': 0, 'excessive_emotion': 0, 'gibberish_spam': 0, 'word_count': 11}",0.0
48,"manfaat produk: mengerahkan, menutrisi kulit, ini orderan aku kedua kalinya, dan suka bgt sama produk nya 🥰",5,0,"manfaat produk: mengerahkan, menutrisi kulit, ini orderan aku kedua kalinya, dan suka bgt sama produ...",Real,1.0,0.0,"{'contradiction': 0, 'template_language': 0, 'excessive_emotion': 0, 'gibberish_spam': 0, 'word_count': 17}",0.0
49,"manfaat produk: melembabkan kulit, mencerahkan kulit",5,0,"manfaat produk: melembabkan kulit, mencerahkan kulit",Real,1.0,0.0,"{'contradiction': 0, 'template_language': 0, 'excessive_emotion': 0, 'gibberish_spam': 0, 'word_count': 6}",0.0
50,"mantaaab,original,mudah²an cocok,biar bisa langganan terus.",5,0,"mantaaab,original,mudah²an cocok,biar bisa langganan terus.",Real,0.9,1.0,"{'contradiction': 0, 'template_language': 0, 'excessive_emotion': 0, 'gibberish_spam': 0, 'word_count': 5}",0.0
51,"telah mendarat😌moga cocok aja, krna baru prtama x pemakaian ky agak gatel... pengiriman cepet, kurir 👍",5,0,"telah mendarat😌moga cocok aja, krna baru prtama x pemakaian ky agak gatel... pengiriman cepet, kurir...",Real,1.0,0.0,"{'contradiction': 0, 'template_language': 0, 'excessive_emotion': 0, 'gibberish_spam': 0, 'word_count': 16}",0.0
52,manfaat produk: bgs bgt anakku sdh habis berpaket2 eajah anakku kinyis2 cocok dg prodak ini,5,0,manfaat produk: bgs bgt anakku sdh habis berpaket2 eajah anakku kinyis2 cocok dg prodak ini,Real,1.0,0.0,"{'contradiction': 0, 'template_language': 0, 'excessive_emotion': 0, 'gibberish_spam': 0, 'word_count': 15}",0.0
53,ori pengiriman cepat nice,5,0,ori pengiriman cepat nice,Real,0.9,1.0,"{'contradiction': 0, 'template_language': 0, 'excessive_emotion': 0, 'gibberish_spam': 0, 'word_count': 4}",0.0
54,alhamdulillah sudah dateng untuk barangnya aman sampai tujuan mksih kk,5,0,alhamdulillah sudah dateng untuk barangnya aman sampai tujuan mksih kk,Real,1.0,0.0,"{'contradiction': 0, 'template_language': 0, 'excessive_emotion': 0, 'gibberish_spam': 0, 'word_count': 10}",0.0
55,jenis kulit: normal bahan: alami manfaat produk: bagus sekali alhamdulillah cocok dikulit ku semoga bisa jd glowing ya,5,0,jenis kulit: normal bahan: alami manfaat produk: bagus sekali alhamdulillah cocok dikulit ku semoga ...,Real,1.0,0.0,"{'contradiction': 0, 'template_language': 0, 'excessive_emotion': 0, 'gibberish_spam': 0, 'word_count': 18}",0.0
56,"bahan: in sya alloh aman manfaat produk: mencerahkan jenis kulit: normal, kering sensitif",5,0,"bahan: in sya alloh aman manfaat produk: mencerahkan jenis kulit: normal, kering sensitif",Real,1.0,0.0,"{'contradiction': 0, 'template_language': 0, 'excessive_emotion': 0, 'gibberish_spam': 0, 'word_count': 13}",0.0
57,barang sampai dengan kondisi baik semoga cocok,5,0,barang sampai dengan kondisi baik semoga cocok,Fake,0.81,4.2,"{'contradiction': 1, 'template_language': 0, 'excessive_emotion': 0, 'gibberish_spam': 0, 'word_count': 7}",0.4
58,produk ori dan dikemas dg aman. 1 lagi nyampenya cepat. kemarin order hari ini udh sampe,5,0,produk ori dan dikemas dg aman. 1 lagi nyampenya cepat. kemarin order hari ini udh sampe,Real,1.0,0.0,"{'contradiction': 0, 'template_language': 0, 'excessive_emotion': 0, 'gibberish_spam': 0, 'word_count': 16}",0.0
59,bagus cuma sabun nya keluar ga tau bocor atau apa mudah mudahan aja ga banyak keluarnya,5,0,bagus cuma sabun nya keluar ga tau bocor atau apa mudah mudahan aja ga banyak keluarnya,Real,1.0,0.0,"{'contradiction': 0, 'template_language': 0, 'excessive_emotion': 0, 'gibberish_spam': 0, 'word_count': 16}",0.0
60,alhamdulillah paketku sudah datang...cepat bgt pengirimannya.,5,0,alhamdulillah paketku sudah datang...cepat bgt pengirimannya.,Real,1.0,0.0,"{'contradiction': 0, 'template_language': 0, 'excessive_emotion': 0, 'gibberish_spam': 0, 'word_count': 6}",0.0
61,"serum sudah pecah dri tokonya ini tetapi di biarkan saja, dan ini kondisi tumpah” ka tolong dong ini solusi nya gmn ya kak.",1,0,"serum sudah pecah dri tokonya ini tetapi di biarkan saja, dan ini kondisi tumpah” ka tolong dong ini...",Real,1.0,0.0,"{'contradiction': 0, 'template_language': 0, 'excessive_emotion': 0, 'gibberish_spam': 0, 'word_count': 23}",0.0
62,alhamdullah puas banget pekejingnya bgus dan cpat bnget nyampenya mksi ya😍,5,0,alhamdullah puas banget pekejingnya bgus dan cpat bnget nyampenya mksi ya😍,Real,1.0,0.0,"{'contradiction': 0, 'template_language': 0, 'excessive_emotion': 0, 'gibberish_spam': 0, 'word_count': 11}",0.0
63,"gimana sih kok pecah kaya gini ganti rugi dong, kirim produk yang rusak tersebut",1,0,"gimana sih kok pecah kaya gini ganti rugi dong, kirim produk yang rusak tersebut",Real,1.0,0.0,"{'contradiction': 0, 'template_language': 0, 'excessive_emotion': 0, 'gibberish_spam': 0, 'word_count': 14}",0.0
64,"pesanan sampai, kalo soal bagus atau ngga nya, jelas ini bangus banget, aku mulai pakai produk g2g pas mereka pertama kali launching sampai sekarang, dan memang cocok di...",5,0,"pesanan sampai, kalo soal bagus atau ngga nya, jelas ini bangus banget, aku mulai pakai produk g2g p...",Real,1.0,0.0,"{'contradiction': 0, 'template_language': 0, 'excessive_emotion': 0, 'gibberish_spam': 0, 'word_count': 28}",0.0
65,"paket sampainya cpt bgt, packing nya aman bgt, barang mulus tanpa cacat sampai dengan selamat, terimakasih kk, sukses selalu lancar usahanya, dan semoga produknya cocok d...",5,0,"paket sampainya cpt bgt, packing nya aman bgt, barang mulus tanpa cacat sampai dengan selamat, terim...",Real,1.0,0.0,"{'contradiction': 0, 'template_language': 0, 'excessive_emotion': 0, 'gibberish_spam': 0, 'word_count': 26}",0.0
66,bahan: aman manfaat produk: mencerahkan kulit jenis kulit: normal,5,0,bahan: aman manfaat produk: mencerahkan kulit jenis kulit: normal,Real,1.0,0.0,"{'contradiction': 0, 'template_language': 0, 'excessive_emotion': 0, 'gibberish_spam': 0, 'word_count': 9}",0.0
67,jenis kulit: normal bahan: lembut manfaat produk: melembabkan dan mencerahkan,5,0,jenis kulit: normal bahan: lembut manfaat produk: melembabkan dan mencerahkan,Real,1.0,0.0,"{'contradiction': 0, 'template_language': 0, 'excessive_emotion': 0, 'gibberish_spam': 0, 'word_count': 10}",0.0
68,bahan: bagus manfaat produk: baik jenis kulit: cocok,5,0,bahan: bagus manfaat produk: baik jenis kulit: cocok,Real,1.0,0.0,"{'contradiction': 0, 'template_language': 0, 'excessive_emotion': 0, 'gibberish_spam': 0, 'word_count': 8}",0.0
69,manfaat produk: mencerahkan kulit wajah bahan: lembutt jenis kulit: cocok untuk kulit kusam,5,0,manfaat produk: mencerahkan kulit wajah bahan: lembutt jenis kulit: cocok untuk kulit kusam,Real,1.0,0.0,"{'contradiction': 0, 'template_language': 0, 'excessive_emotion': 0, 'gibberish_spam': 0, 'word_count': 13}",0.0
70,manfaat produk: bagus bangett bahan: ademmm jenis kulit: cocok untuk semua jenis kulittt,5,0,manfaat produk: bagus bangett bahan: ademmm jenis kulit: cocok untuk semua jenis kulittt,Real,1.0,0.0,"{'contradiction': 0, 'template_language': 0, 'excessive_emotion': 0, 'gibberish_spam': 0, 'word_count': 13}",0.0
71,sesuai dengan pesanan.. lain kali order lgy. . untuk pengiriman cepet juga,5,0,sesuai dengan pesanan.. lain kali order lgy. . untuk pengiriman cepet juga,Real,1.0,0.0,"{'contradiction': 0, 'template_language': 0, 'excessive_emotion': 0, 'gibberish_spam': 0, 'word_count': 12}",0.0
72,bahan: bagus manfaat produk: untuk semua jenis kulit,5,0,bahan: bagus manfaat produk: untuk semua jenis kulit,Real,1.0,0.0,"{'contradiction': 0, 'template_language': 0, 'excessive_emotion': 0, 'gibberish_spam': 0, 'word_count': 8}",0.0
73,"slalu pakai produk g2g, gak pernah bosen pilih smua produk nya krna se cocok dan semantu itu🥰🤗🥰",5,0,"slalu pakai produk g2g, gak pernah bosen pilih smua produk nya krna se cocok dan semantu itu🥰🤗🥰",Real,1.0,0.0,"{'contradiction': 0, 'template_language': 0, 'excessive_emotion': 1, 'gibberish_spam': 0, 'word_count': 17}",0.0
74,bahan: cair manfaat produk: mencerahkan jenis kulit: cocok untuk semua jenis kulit,5,0,bahan: cair manfaat produk: mencerahkan jenis kulit: cocok untuk semua jenis kulit,Real,1.0,0.0,"{'contradiction': 0, 'template_language': 0, 'excessive_emotion': 0, 'gibberish_spam': 0, 'word_count': 12}",0.0
75,pengiriman aman lancar dan ini pembelian paket kedua.semoga cocok seterusnya.,5,0,pengiriman aman lancar dan ini pembelian paket kedua.semoga cocok seterusnya.,Fake,0.806,4.12,"{'contradiction': 1, 'template_language': 0, 'excessive_emotion': 0, 'gibberish_spam': 0, 'word_count': 10}",0.372
76,manfaat produk: untuk mencerahkan bahan: bagus mantap jenis kulit: kering&flek hitam semogaaaa cocok dengan kulitku,5,0,manfaat produk: untuk mencerahkan bahan: bagus mantap jenis kulit: kering&flek hitam semogaaaa cocok...,Fake,0.905,6.11,"{'contradiction': 0, 'template_language': 0, 'excessive_emotion': 0, 'gibberish_spam': 1, 'word_count': 15}",0.37
77,"jenis kulit: kering dan normal paket ku udh sampe, pengiriman cepat packing aman,semoga cocok di aku😊 terimakasih 🙏🏻",5,0,"jenis kulit: kering dan normal paket ku udh sampe, pengiriman cepat packing aman,semoga cocok di aku...",Fake,0.814,4.28,"{'contradiction': 1, 'template_language': 0, 'excessive_emotion': 0, 'gibberish_spam': 0, 'word_count': 18}",0.426
78,mantap sesuai harapan,5,0,mantap sesuai harapan,Real,0.9,1.0,"{'contradiction': 0, 'template_language': 0, 'excessive_emotion': 0, 'gibberish_spam': 0, 'word_count': 3}",0.0
79,sesuai pesanan jenis kulit: cocok digunakan,5,0,sesuai pesanan jenis kulit: cocok digunakan,Real,1.0,0.0,"{'contradiction': 0, 'template_language': 0, 'excessive_emotion': 0, 'gibberish_spam': 0, 'word_count': 6}",0.0
80,"alhamdulillah barangx sudah sampai makassar aman, dpt hrg 142😍",5,0,"alhamdulillah barangx sudah sampai makassar aman, dpt hrg 142😍",Real,1.0,0.0,"{'contradiction': 0, 'template_language': 0, 'excessive_emotion': 0, 'gibberish_spam': 0, 'word_count': 9}",0.0
81,"aku beli paket isi 4 tapi yg dateng cuma 2, aku udh kirim vid unboxing udh ikutin saran untuk pengembalian tapi tetep di tolak dengan alasan vid tidak valid. lain kali ka...",1,0,"aku beli paket isi 4 tapi yg dateng cuma 2, aku udh kirim vid unboxing udh ikutin saran untuk pengem...",Real,1.0,0.0,"{'contradiction': 0, 'template_language': 0, 'excessive_emotion': 0, 'gibberish_spam': 0, 'word_count': 32}",0.0
82,wahh sangat memuaskan barang nya baguss sesuai pesanan pengiriman cepet baru kmrn pesen skrng nyampe packaging nya rapi bubble wrap nya tebel mantab deh pokonya👍,5,0,wahh sangat memuaskan barang nya baguss sesuai pesanan pengiriman cepet baru kmrn pesen skrng nyampe...,Real,1.0,0.0,"{'contradiction': 0, 'template_language': 0, 'excessive_emotion': 0, 'gibberish_spam': 0, 'word_count': 25}",0.0
83,pengiriman cepet produk nya bener² bagus semoga cocok terus di muka aku bakalan jadi langganan terus .nyerap di muka bikin cerah juga,5,0,pengiriman cepet produk nya bener² bagus semoga cocok terus di muka aku bakalan jadi langganan terus...,Fake,0.786,3.73,"{'contradiction': 1, 'template_language': 0, 'excessive_emotion': 0, 'gibberish_spam': 0, 'word_count': 22}",0.243
84,manfaat produk: untuk mencerah kan kulit jenis kulit: sawo matang bahan: lembut,5,0,manfaat produk: untuk mencerah kan kulit jenis kulit: sawo matang bahan: lembut,Real,1.0,0.0,"{'contradiction': 0, 'template_language': 0, 'excessive_emotion': 0, 'gibberish_spam': 0, 'word_count': 12}",0.0
85,bahan: lembut manfaat produk: mencerahkan jenis kulit: bikin glowing dan bersih,5,0,bahan: lembut manfaat produk: mencerahkan jenis kulit: bikin glowing dan bersih,Real,1.0,0.0,"{'contradiction': 0, 'template_language': 0, 'excessive_emotion': 0, 'gibberish_spam': 0, 'word_count': 11}",0.0
86,semua produk aku suka wangi kembut engga lengket,5,0,semua produk aku suka wangi kembut engga lengket,Real,1.0,0.0,"{'contradiction': 0, 'template_language': 0, 'excessive_emotion': 0, 'gibberish_spam': 0, 'word_count': 8}",0.0
87,"ini gmna ko gada tutup nya, cumn bgini doang. syaa liat"" video ada tutup annya.",1,0,"ini gmna ko gada tutup nya, cumn bgini doang. syaa liat"" video ada tutup annya.",Real,1.0,0.0,"{'contradiction': 0, 'template_language': 0, 'excessive_emotion': 0, 'gibberish_spam': 0, 'word_count': 15}",0.0
88,pecah kek gini kok masih di kirim udah 2 kali pesan kek gini terus lebih ber hati-hati lagi dong pengirimannya😑😡,1,0,pecah kek gini kok masih di kirim udah 2 kali pesan kek gini terus lebih ber hati-hati lagi dong pen...,Real,1.0,0.0,"{'contradiction': 0, 'template_language': 0, 'excessive_emotion': 0, 'gibberish_spam': 0, 'word_count': 20}",0.0
89,bahan: sesuai dengan pesanan manfaat produk: melembabkan kulit jenis kulit: semua jenis kulit bisa terimakasih seller sudah amanah semoga makin sukses trimakasih jga buat...,5,0,bahan: sesuai dengan pesanan manfaat produk: melembabkan kulit jenis kulit: semua jenis kulit bisa t...,Real,1.0,0.0,"{'contradiction': 0, 'template_language': 0, 'excessive_emotion': 0, 'gibberish_spam': 0, 'word_count': 24}",0.0
90,"sesuai sam harga, cepat sampai, pecking ny rapi, ga ada yg produk yg rusak, thanks seller",5,0,"sesuai sam harga, cepat sampai, pecking ny rapi, ga ada yg produk yg rusak, thanks seller",Real,1.0,0.0,"{'contradiction': 0, 'template_language': 0, 'excessive_emotion': 0, 'gibberish_spam': 0, 'word_count': 16}",0.0
91,bahan: lembut manfaat produk: menghaluskan & menyamakan noda hitam jenis kulit: normal,5,0,bahan: lembut manfaat produk: menghaluskan & menyamakan noda hitam jenis kulit: normal,Real,1.0,0.0,"{'contradiction': 0, 'template_language': 0, 'excessive_emotion': 0, 'gibberish_spam': 0, 'word_count': 12}",0.0
92,terimaksih paketnya sudah mndarat dengan baik tidak ada lecet sedikit pun peking bagus mksh semoga cocok 😁🥰,5,0,terimaksih paketnya sudah mndarat dengan baik tidak ada lecet sedikit pun peking bagus mksh semoga c...,Fake,0.813,4.25,"{'contradiction': 1, 'template_language': 0, 'excessive_emotion': 0, 'gibberish_spam': 0, 'word_count': 17}",0.418
93,bahan: lembut manfaat produk: mecerahkan jenis kulit: normal semoga cocok,5,0,bahan: lembut manfaat produk: mecerahkan jenis kulit: normal semoga cocok,Fake,0.806,4.11,"{'contradiction': 1, 'template_language': 0, 'excessive_emotion': 0, 'gibberish_spam': 0, 'word_count': 10}",0.371
94,"barang sesuai pesanan,pengemasan produk bagus",5,0,"barang sesuai pesanan,pengemasan produk bagus",Real,0.9,1.0,"{'contradiction': 0, 'template_language': 0, 'excessive_emotion': 0, 'gibberish_spam': 0, 'word_count': 5}",0.0
95,"produk sampai dengan baik, pokoknya puas pake g2g, hasilnya memuaskan",5,0,"produk sampai dengan baik, pokoknya puas pake g2g, hasilnya memuaskan",Real,1.0,0.0,"{'contradiction': 0, 'template_language': 0, 'excessive_emotion': 0, 'gibberish_spam': 0, 'word_count': 10}",0.0
96,jenis kulit: berminyak manfaat produk: mencerahkan dan memutihkan kulit bahan: alami,5,0,jenis kulit: berminyak manfaat produk: mencerahkan dan memutihkan kulit bahan: alami,Real,1.0,0.0,"{'contradiction': 0, 'template_language': 0, 'excessive_emotion': 0, 'gibberish_spam': 0, 'word_count': 11}",0.0
97,"pengiriman cepat penjualnya ramah ,di inbox langsung di respon 🙏🏻🥰terimakasih semoga lancar terus 🤲🏻😍",5,0,"pengiriman cepat penjualnya ramah ,di inbox langsung di respon 🙏🏻🥰terimakasih semoga lancar terus 🤲🏻...",Real,1.0,0.0,"{'contradiction': 0, 'template_language': 0, 'excessive_emotion': 1, 'gibberish_spam': 0, 'word_count': 14}",0.0
98,tokohnya amanah barang sampai dengan cepat dan kemasan nya rapi,5,0,tokohnya amanah barang sampai dengan cepat dan kemasan nya rapi,Real,1.0,0.0,"{'contradiction': 0, 'template_language': 0, 'excessive_emotion': 0, 'gibberish_spam': 0, 'word_count': 10}",0.0
99,"sengaja baru kasi ulasan sekarang soalnya mau tau hasilnya bagus apa nggak, tapi masyaallah bagus banget yang tadi muka aku kering sekarang jadi lembut dan lembab",5,0,"sengaja baru kasi ulasan sekarang soalnya mau tau hasilnya bagus apa nggak, tapi masyaallah bagus ba...",Real,1.0,0.0,"{'contradiction': 0, 'template_language': 0, 'excessive_emotion': 0, 'gibberish_spam': 0, 'word_count': 26}",0.0
100,bahan: ok manfaat produk: ok jenis kulit: ok,5,0,bahan: ok manfaat produk: ok jenis kulit: ok,Real,1.0,0.0,"{'contradiction': 0, 'template_language': 0, 'excessive_emotion': 0, 'gibberish_spam': 0, 'word_count': 8}",0.0
101,"sumpah ini produknya bagus banget,baru aja aku make nya 2 hari udah langsung ada perubahannya bagus banget ini pengiriman nya cepat lagi ngak ada pakai nyangkut2 di perja...",5,0,"sumpah ini produknya bagus banget,baru aja aku make nya 2 hari udah langsung ada perubahannya bagus ...",Real,1.0,0.0,"{'contradiction': 0, 'template_language': 0, 'excessive_emotion': 0, 'gibberish_spam': 0, 'word_count': 28}",0.0
102,baru beli semoga cocok kalo cocok auto langganan🫶🫶,5,0,baru beli semoga cocok kalo cocok auto langganan🫶🫶,Fake,0.809,4.17,"{'contradiction': 1, 'template_language': 0, 'excessive_emotion': 0, 'gibberish_spam': 0, 'word_count': 8}",0.39
103,udh cocok pake g2g ga mau pindah k lain lg heheh,5,0,udh cocok pake g2g ga mau pindah k lain lg heheh,Real,1.0,0.0,"{'contradiction': 0, 'template_language': 0, 'excessive_emotion': 0, 'gibberish_spam': 0, 'word_count': 11}",0.0
104,"dh setahun pke g2g alhamdulillah msh baik2 saja,, dh cocok gk mau ganti2 skincare",5,0,"dh setahun pke g2g alhamdulillah msh baik2 saja,, dh cocok gk mau ganti2 skincare",Real,1.0,0.0,"{'contradiction': 0, 'template_language': 0, 'excessive_emotion': 0, 'gibberish_spam': 0, 'word_count': 14}",0.0
105,sdh.lengkap bagus...belum d coba semoga cocok,5,0,sdh.lengkap bagus...belum d coba semoga cocok,Fake,0.818,4.35,"{'contradiction': 1, 'template_language': 0, 'excessive_emotion': 0, 'gibberish_spam': 0, 'word_count': 6}",0.451
106,"sudah sampai dengan selamat gk ada goresan, pengemasan rapi",5,0,"sudah sampai dengan selamat gk ada goresan, pengemasan rapi",Real,1.0,0.0,"{'contradiction': 0, 'template_language': 0, 'excessive_emotion': 0, 'gibberish_spam': 0, 'word_count': 9}",0.0
107,"barang datang sesuai pesanan, toko amanah pengiriman sangat cepat peking juga rapih, gx nyesel suka beli di toko ini terus.",5,0,"barang datang sesuai pesanan, toko amanah pengiriman sangat cepat peking juga rapih, gx nyesel suka ...",Fake,0.761,3.22,"{'contradiction': 0, 'template_language': 1, 'excessive_emotion': 0, 'gibberish_spam': 0, 'word_count': 20}",0.408
108,"produk nya bagus sesuai dengan pesenan, pengiriman barang nya cepat",5,0,"produk nya bagus sesuai dengan pesenan, pengiriman barang nya cepat",Real,1.0,0.0,"{'contradiction': 0, 'template_language': 0, 'excessive_emotion': 0, 'gibberish_spam': 0, 'word_count': 10}",0.0
109,semuanya baik dan cepet juga pengantaran nya,5,0,semuanya baik dan cepet juga pengantaran nya,Real,1.0,0.0,"{'contradiction': 0, 'template_language': 0, 'excessive_emotion': 0, 'gibberish_spam': 0, 'word_count': 7}",0.0
110,"wangi bnget, lembut dan hargany terjangkau,,, semoga cocok d aku 😘",5,0,"wangi bnget, lembut dan hargany terjangkau,,, semoga cocok d aku 😘",Fake,0.808,4.15,"{'contradiction': 1, 'template_language': 0, 'excessive_emotion': 0, 'gibberish_spam': 0, 'word_count': 11}",0.384
111,bahan: adalah pokoknya manfaat produk: adalah pokoknya jenis kulit: sawo matang,5,0,bahan: adalah pokoknya manfaat produk: adalah pokoknya jenis kulit: sawo matang,Real,1.0,0.0,"{'contradiction': 0, 'template_language': 0, 'excessive_emotion': 0, 'gibberish_spam': 0, 'word_count': 11}",0.0
112,bahan: bagus manfaat produk: jerawat dan flek hitam saya hilang.,5,0,bahan: bagus manfaat produk: jerawat dan flek hitam saya hilang.,Real,1.0,0.0,"{'contradiction': 0, 'template_language': 0, 'excessive_emotion': 0, 'gibberish_spam': 0, 'word_count': 10}",0.0
113,skincare nya sesuai pesanan saya dan di pakai nyaman banget di kulit dan tidak mengecewakan .,5,0,skincare nya sesuai pesanan saya dan di pakai nyaman banget di kulit dan tidak mengecewakan .,Real,0.8,2.0,"{'contradiction': 0, 'template_language': 0, 'excessive_emotion': 0, 'gibberish_spam': 0, 'word_count': 16}",0.0
114,paket datanh sesuai pesanan dan cepat pertama coba semoga cocok thanks seller and tiktok 🤗,5,0,paket datanh sesuai pesanan dan cepat pertama coba semoga cocok thanks seller and tiktok 🤗,Fake,0.811,4.23,"{'contradiction': 1, 'template_language': 0, 'excessive_emotion': 0, 'gibberish_spam': 0, 'word_count': 15}",0.41
115,manfaat produk: mencerahkan jenis kulit: segala jenis kulit,5,0,manfaat produk: mencerahkan jenis kulit: segala jenis kulit,Real,1.0,0.0,"{'contradiction': 0, 'template_language': 0, 'excessive_emotion': 0, 'gibberish_spam': 0, 'word_count': 8}",0.0
116,"pengiriman cepat packing aman,, baru pertama kali coba semoga cocok👍🏻👍🏻",4,0,"pengiriman cepat packing aman,, baru pertama kali coba semoga cocok👍🏻👍🏻",Fake,0.811,4.23,"{'contradiction': 1, 'template_language': 0, 'excessive_emotion': 1, 'gibberish_spam': 0, 'word_count': 10}",0.41
117,pengiriman agak lambat tapi barang nya sesuai dengan pesanan terimakasih.🙏,5,0,pengiriman agak lambat tapi barang nya sesuai dengan pesanan terimakasih.🙏,Real,1.0,0.0,"{'contradiction': 0, 'template_language': 0, 'excessive_emotion': 0, 'gibberish_spam': 0, 'word_count': 10}",0.0
118,"orderan yang kesekian kalinya 😍, aku 32 tahun pake ini cocok loh suka banget",5,0,"orderan yang kesekian kalinya 😍, aku 32 tahun pake ini cocok loh suka banget",Real,1.0,0.0,"{'contradiction': 0, 'template_language': 0, 'excessive_emotion': 0, 'gibberish_spam': 0, 'word_count': 14}",0.0
119,bahan: bagus manfaat produk: mecerahkan wajah,5,0,bahan: bagus manfaat produk: mecerahkan wajah,Real,1.0,0.0,"{'contradiction': 0, 'template_language': 0, 'excessive_emotion': 0, 'gibberish_spam': 0, 'word_count': 6}",0.0
120,"sudah pembelian k2, barang sesuai, pengiriman cepat, terimakasih seller dan pak kurir",5,0,"sudah pembelian k2, barang sesuai, pengiriman cepat, terimakasih seller dan pak kurir",Real,1.0,0.0,"{'contradiction': 0, 'template_language': 0, 'excessive_emotion': 0, 'gibberish_spam': 0, 'word_count': 12}",0.0
121,"alhamdulillah barang sudah sampe dan sesuai dengan yg dipesanan, pemgiriman juga cepat, terimakaih seller dan bang kurir smoga sukses selalu",5,0,"alhamdulillah barang sudah sampe dan sesuai dengan yg dipesanan, pemgiriman juga cepat, terimakaih s...",Real,1.0,0.0,"{'contradiction': 0, 'template_language': 0, 'excessive_emotion': 0, 'gibberish_spam': 0, 'word_count': 20}",0.0
122,manfaat produk: kulit menjadi lembab dan terlihat glowing.,5,0,manfaat produk: kulit menjadi lembab dan terlihat glowing.,Real,1.0,0.0,"{'contradiction': 0, 'template_language': 0, 'excessive_emotion': 0, 'gibberish_spam': 0, 'word_count': 8}",0.0
123,paketnya udah nyampe tapi baru kali dapat sabunnya tumpah dan kebuka plastikya,4,0,paketnya udah nyampe tapi baru kali dapat sabunnya tumpah dan kebuka plastikya,Real,1.0,0.0,"{'contradiction': 0, 'template_language': 0, 'excessive_emotion': 0, 'gibberish_spam': 0, 'word_count': 12}",0.0
124,"pengiriman relatif cepat, dan barang seperti yg digambar",5,0,"pengiriman relatif cepat, dan barang seperti yg digambar",Real,1.0,0.0,"{'contradiction': 0, 'template_language': 0, 'excessive_emotion': 0, 'gibberish_spam': 0, 'word_count': 8}",0.0
125,manfaat produk: mrncerahkan kulit pokok nya dari dulu aku selalu pakek glad 2glow gk pernah ganti jenis kulit: normal,5,0,manfaat produk: mrncerahkan kulit pokok nya dari dulu aku selalu pakek glad 2glow gk pernah ganti je...,Real,1.0,0.0,"{'contradiction': 0, 'template_language': 0, 'excessive_emotion': 0, 'gibberish_spam': 0, 'word_count': 19}",0.0
126,"pengiriman cepat, produk sesuai dgn yg dipesan, kurirnya juga ramah & amanah",5,0,"pengiriman cepat, produk sesuai dgn yg dipesan, kurirnya juga ramah & amanah",Real,1.0,0.0,"{'contradiction': 0, 'template_language': 0, 'excessive_emotion': 0, 'gibberish_spam': 0, 'word_count': 12}",0.0
127,creamnya lembut di kulit. pengiriman jg cepat,5,0,creamnya lembut di kulit. pengiriman jg cepat,Real,1.0,0.0,"{'contradiction': 0, 'template_language': 0, 'excessive_emotion': 0, 'gibberish_spam': 0, 'word_count': 7}",0.0
128,kalu di aku produk g2g cocok di aku dan ini juga udah ke 3× nya aku order yang pertama khusus itu acne (hijau) dan untuk order 2 &3 order yang mencerahkan (pink) dan...,5,0,kalu di aku produk g2g cocok di aku dan ini juga udah ke 3× nya aku order yang pertama khusus itu ac...,Real,1.0,0.0,"{'contradiction': 0, 'template_language': 0, 'excessive_emotion': 0, 'gibberish_spam': 0, 'word_count': 33}",0.0
129,assalamualaikum maaf bru kasi ulasan pketnya g2g alhamdulillah bini gua suka sangat trimakasih tokonya dan amanah selalu thanks jg un kurir nya,4,0,assalamualaikum maaf bru kasi ulasan pketnya g2g alhamdulillah bini gua suka sangat trimakasih tokon...,Real,1.0,0.0,"{'contradiction': 0, 'template_language': 0, 'excessive_emotion': 0, 'gibberish_spam': 0, 'word_count': 22}",0.0
130,ini pesanan yg ke dua kali..walaupun belum ada perubahan masih pengen nyoba.klw yg ini juga gak ada perubahan yaah terpaksa berhenti .btw sabun nya udah di pake,5,0,ini pesanan yg ke dua kali..walaupun belum ada perubahan masih pengen nyoba.klw yg ini juga gak ada ...,Real,1.0,0.0,"{'contradiction': 0, 'template_language': 0, 'excessive_emotion': 0, 'gibberish_spam': 0, 'word_count': 27}",0.0
131,"skincare yang super nyaman di wajah,setelah bangun tidur auto glowing badaia",5,0,"skincare yang super nyaman di wajah,setelah bangun tidur auto glowing badaia",Real,1.0,0.0,"{'contradiction': 0, 'template_language': 0, 'excessive_emotion': 0, 'gibberish_spam': 0, 'word_count': 11}",0.0
132,"jenis kulit: normal,semoga cocok biar terus langganan 🙏🏻",5,0,"jenis kulit: normal,semoga cocok biar terus langganan 🙏🏻",Fake,0.811,4.22,"{'contradiction': 1, 'template_language': 0, 'excessive_emotion': 0, 'gibberish_spam': 0, 'word_count': 8}",0.408
133,"pengiriman cepat, packing juga aman, semoga cocok",5,0,"pengiriman cepat, packing juga aman, semoga cocok",Fake,0.815,4.31,"{'contradiction': 1, 'template_language': 0, 'excessive_emotion': 0, 'gibberish_spam': 0, 'word_count': 7}",0.436
134,"lagi dan lagi tidak mengecewakan,,alhamdulilah di saya juga cocok flek hitam saya mulai memudar,,tokonya keren kualitah barang nya juga kern puas pokok nya 👍👍",5,0,"lagi dan lagi tidak mengecewakan,,alhamdulilah di saya juga cocok flek hitam saya mulai memudar,,tok...",Real,0.8,2.0,"{'contradiction': 0, 'template_language': 0, 'excessive_emotion': 0, 'gibberish_spam': 0, 'word_count': 24}",0.0
135,manfaat produk: baik u kulitku jenis kulit: cocok,5,0,manfaat produk: baik u kulitku jenis kulit: cocok,Real,1.0,0.0,"{'contradiction': 0, 'template_language': 0, 'excessive_emotion': 0, 'gibberish_spam': 0, 'word_count': 8}",0.0
136,maaf baru kasih ulasan. sudah habis 3paket alhamdulillah cocok jenis kulit: normal,5,0,maaf baru kasih ulasan. sudah habis 3paket alhamdulillah cocok jenis kulit: normal,Real,1.0,0.0,"{'contradiction': 0, 'template_language': 0, 'excessive_emotion': 0, 'gibberish_spam': 0, 'word_count': 12}",0.0
137,"baru mau nyoba produk yg kata nya best, semoga cocok dikulit aku",5,0,"baru mau nyoba produk yg kata nya best, semoga cocok dikulit aku",Fake,0.807,4.13,"{'contradiction': 1, 'template_language': 0, 'excessive_emotion': 0, 'gibberish_spam': 0, 'word_count': 12}",0.378
138,maaf baru review ..🙏🙏100%baik dan ok,5,0,maaf baru review ..🙏🙏100%baik dan ok,Real,1.0,0.0,"{'contradiction': 0, 'template_language': 0, 'excessive_emotion': 0, 'gibberish_spam': 0, 'word_count': 6}",0.0
139,"bahan: lembut dikulit manfaat produk: utk mencerahkan wajah jenis kulit: berminyak ,",5,0,"bahan: lembut dikulit manfaat produk: utk mencerahkan wajah jenis kulit: berminyak ,",Real,1.0,0.0,"{'contradiction': 0, 'template_language': 0, 'excessive_emotion': 0, 'gibberish_spam': 0, 'word_count': 12}",0.0
140,"semoga cocok, barangnya aman pengiriman nya cepet tengku seller 🫶🏻",5,0,"semoga cocok, barangnya aman pengiriman nya cepet tengku seller 🫶🏻",Fake,0.816,4.31,"{'contradiction': 1, 'template_language': 0, 'excessive_emotion': 0, 'gibberish_spam': 0, 'word_count': 10}",0.437
141,"pengiriman cepat, bagus untuk mencerahkan wajah, semoga tokonya selalu amanah",5,0,"pengiriman cepat, bagus untuk mencerahkan wajah, semoga tokonya selalu amanah",Real,1.0,0.0,"{'contradiction': 0, 'template_language': 0, 'excessive_emotion': 0, 'gibberish_spam': 0, 'word_count': 10}",0.0
142,jenis kulit: sensitif smoga cocok ini pmkaian pket k dua,4,0,jenis kulit: sensitif smoga cocok ini pmkaian pket k dua,Real,1.0,0.0,"{'contradiction': 0, 'template_language': 0, 'excessive_emotion': 0, 'gibberish_spam': 0, 'word_count': 10}",0.0
143,thank ya g2g kmrin 12.12 dpt di hrga 100rban 😘,5,0,thank ya g2g kmrin 12.12 dpt di hrga 100rban 😘,Real,1.0,0.0,"{'contradiction': 0, 'template_language': 0, 'excessive_emotion': 0, 'gibberish_spam': 0, 'word_count': 10}",0.0
144,"lucu ,gak ada kertas cara pke ""a ya",4,0,"lucu ,gak ada kertas cara pke ""a ya",Real,1.0,0.0,"{'contradiction': 0, 'template_language': 0, 'excessive_emotion': 0, 'gibberish_spam': 0, 'word_count': 8}",0.0
145,"aman aman, lengkap juga seperti di foto, makasih",5,0,"aman aman, lengkap juga seperti di foto, makasih",Real,1.0,0.0,"{'contradiction': 0, 'template_language': 0, 'excessive_emotion': 0, 'gibberish_spam': 0, 'word_count': 8}",0.0
146,"suka bgt sampe udh pesen berkali-kali jenis kulit: kusam manfaat produk: mencerahkan, meratakan kulit belang. bahan: baguss bgt",5,0,"suka bgt sampe udh pesen berkali-kali jenis kulit: kusam manfaat produk: mencerahkan, meratakan kuli...",Real,1.0,0.0,"{'contradiction': 0, 'template_language': 0, 'excessive_emotion': 0, 'gibberish_spam': 0, 'word_count': 18}",0.0
147,maaf saya padahal beli karena liat di video sama di etalase ada tas produknya. ini tapi dikirim tanpa tas. untuk produk sesuai deskripsi tp ga sesuai aja antara video yg...,3,0,maaf saya padahal beli karena liat di video sama di etalase ada tas produknya. ini tapi dikirim tanp...,Real,1.0,0.0,"{'contradiction': 0, 'template_language': 0, 'excessive_emotion': 0, 'gibberish_spam': 0, 'word_count': 30}",0.0
148,awalnya mau beli ragu tapi banyak testimoni bilang bagus alhasil langsung beli,5,0,awalnya mau beli ragu tapi banyak testimoni bilang bagus alhasil langsung beli,Real,1.0,0.0,"{'contradiction': 0, 'template_language': 0, 'excessive_emotion': 0, 'gibberish_spam': 0, 'word_count': 12}",0.0
149,"murah banget selalu dapet promo, berkali kali beli ditoko ini, sudah kadi langganan",5,0,"murah banget selalu dapet promo, berkali kali beli ditoko ini, sudah kadi langganan",Real,1.0,0.0,"{'contradiction': 0, 'template_language': 0, 'excessive_emotion': 0, 'gibberish_spam': 0, 'word_count': 13}",0.0
150,"alhmdllh pket nya udah sampe,,baru kmren pesen ,cepet banget sampe nya,,trimaksih sudah amanah,,kemasan nya rapi,,kurir baik udah langganan",5,0,"alhmdllh pket nya udah sampe,,baru kmren pesen ,cepet banget sampe nya,,trimaksih sudah amanah,,kema...",Real,1.0,0.0,"{'contradiction': 0, 'template_language': 0, 'excessive_emotion': 0, 'gibberish_spam': 0, 'word_count': 18}",0.0
151,pengieiman cepat pesen kemarin hari ini udh sampai,5,0,pengieiman cepat pesen kemarin hari ini udh sampai,Real,1.0,0.0,"{'contradiction': 0, 'template_language': 0, 'excessive_emotion': 0, 'gibberish_spam': 0, 'word_count': 8}",0.0
152,luv banget sama brand ini karena udah ngerubah aku yang tadinya kusam buluk sekarang jadi cerah dan glowing 🥹💗 dan dianter sama mas kurir biasanya yang udah langganan👍...,5,0,luv banget sama brand ini karena udah ngerubah aku yang tadinya kusam buluk sekarang jadi cerah dan ...,Real,1.0,0.0,"{'contradiction': 0, 'template_language': 0, 'excessive_emotion': 0, 'gibberish_spam': 0, 'word_count': 28}",0.0
153,"udah ke 5x nya mesan di toko ini amanah, toko nya",5,0,"udah ke 5x nya mesan di toko ini amanah, toko nya",Real,1.0,0.0,"{'contradiction': 0, 'template_language': 0, 'excessive_emotion': 0, 'gibberish_spam': 0, 'word_count': 11}",0.0
154,"produk datang dalam kondisi aman, bagus",5,0,"produk datang dalam kondisi aman, bagus",Real,1.0,0.0,"{'contradiction': 0, 'template_language': 0, 'excessive_emotion': 0, 'gibberish_spam': 0, 'word_count': 6}",0.0
155,"untuk kesekian kalinya😍 pengiriman cepat, packing juga rapih. terimakasih banyak❤🥰",5,0,"untuk kesekian kalinya😍 pengiriman cepat, packing juga rapih. terimakasih banyak❤🥰",Real,1.0,0.0,"{'contradiction': 0, 'template_language': 0, 'excessive_emotion': 0, 'gibberish_spam': 0, 'word_count': 10}",0.0
156,"alhamdulillah barang udh dateng kemasan rapi dan abang kurir yg ramah,tapi blum dicoba produknya,semoga cocok",5,0,"alhamdulillah barang udh dateng kemasan rapi dan abang kurir yg ramah,tapi blum dicoba produknya,sem...",Fake,0.814,4.28,"{'contradiction': 1, 'template_language': 0, 'excessive_emotion': 0, 'gibberish_spam': 0, 'word_count': 15}",0.428
157,sangat bagus hasil nya bakalan order lgi di toko ini,5,0,sangat bagus hasil nya bakalan order lgi di toko ini,Real,1.0,0.0,"{'contradiction': 0, 'template_language': 0, 'excessive_emotion': 0, 'gibberish_spam': 0, 'word_count': 10}",0.0
158,"alhamdulillah paket nya sudah sampai,,ini pembelian ke2 walaupun nggk paket lengkap,gpp😊 alhamdulillah masaya allah beli lagi karna ada perubahan,bagus,agak cerahan",5,0,"alhamdulillah paket nya sudah sampai,,ini pembelian ke2 walaupun nggk paket lengkap,gpp😊 alhamdulill...",Real,1.0,0.0,"{'contradiction': 0, 'template_language': 0, 'excessive_emotion': 0, 'gibberish_spam': 0, 'word_count': 20}",0.0
159,"udh.. sampai dengan selamat, paket ny, produk oxe banget, cepat meresap.. wangi lembut di wajah, sesuai pesanan,oxe banget pokoknya, terimakasih tiktok shop nex order lag...",5,0,"udh.. sampai dengan selamat, paket ny, produk oxe banget, cepat meresap.. wangi lembut di wajah, ses...",Real,1.0,0.0,"{'contradiction': 0, 'template_language': 0, 'excessive_emotion': 0, 'gibberish_spam': 0, 'word_count': 25}",0.0
160,"terimakasih, paketan nya sudah tiba. masih segel.",5,0,"terimakasih, paketan nya sudah tiba. masih segel.",Real,1.0,0.0,"{'contradiction': 0, 'template_language': 0, 'excessive_emotion': 0, 'gibberish_spam': 0, 'word_count': 7}",0.0
161,"udah gaperlu ditanya lagi deh berapa kali beli g2g ini🥹💕 karena udah secocok dan senyaman ini pake g2g, udaah cintaa bgt sm produk ini dan gapernah coba"" yang lain...",5,0,udah gaperlu ditanya lagi deh berapa kali beli g2g ini🥹💕 karena udah secocok dan senyaman ini pake g...,Real,1.0,0.0,"{'contradiction': 0, 'template_language': 0, 'excessive_emotion': 0, 'gibberish_spam': 0, 'word_count': 29}",0.0
162,"pesanan sudah sampai,,,kalau yg pencuci muka sebelumnya sudah memakai,,,tetapi untuk yg lain baru mau coba ,,,semoga cocok",5,0,"pesanan sudah sampai,,,kalau yg pencuci muka sebelumnya sudah memakai,,,tetapi untuk yg lain baru ma...",Fake,0.809,4.18,"{'contradiction': 1, 'template_language': 0, 'excessive_emotion': 0, 'gibberish_spam': 0, 'word_count': 17}",0.394
163,pertama kali pake g2g semoga cocok di kulit aku,5,0,pertama kali pake g2g semoga cocok di kulit aku,Fake,0.8,4.0,"{'contradiction': 1, 'template_language': 0, 'excessive_emotion': 0, 'gibberish_spam': 0, 'word_count': 9}",0.334
164,"terimakasih barang nya sesuai sekali, pengiriman cepat",5,0,"terimakasih barang nya sesuai sekali, pengiriman cepat",Real,1.0,0.0,"{'contradiction': 0, 'template_language': 0, 'excessive_emotion': 0, 'gibberish_spam': 0, 'word_count': 7}",0.0
165,"bagussssssss, cocok diaku, pemakaian udah tiga minggu dan muka lebih cerah",5,0,"bagussssssss, cocok diaku, pemakaian udah tiga minggu dan muka lebih cerah",Fake,0.9,6.01,"{'contradiction': 0, 'template_language': 0, 'excessive_emotion': 0, 'gibberish_spam': 1, 'word_count': 11}",0.335
166,"barang bagus, sesuai di gambar sagat bagus",5,0,"barang bagus, sesuai di gambar sagat bagus",Real,1.0,0.0,"{'contradiction': 0, 'template_language': 0, 'excessive_emotion': 0, 'gibberish_spam': 0, 'word_count': 7}",0.0
167,terimakasih paketnya sudah datang dengan baik. semoga cocok diaku karna baru pertama pake,5,0,terimakasih paketnya sudah datang dengan baik. semoga cocok diaku karna baru pertama pake,Fake,0.803,4.07,"{'contradiction': 1, 'template_language': 0, 'excessive_emotion': 0, 'gibberish_spam': 0, 'word_count': 13}",0.356
168,"setelah sekian lama menanti akhirnya dtng juga,, semoga cocok di akuh, kurirnya ramah",5,0,"setelah sekian lama menanti akhirnya dtng juga,, semoga cocok di akuh, kurirnya ramah",Fake,0.807,4.13,"{'contradiction': 1, 'template_language': 0, 'excessive_emotion': 0, 'gibberish_spam': 0, 'word_count': 13}",0.378
169,barang sesuai..pengirimannya cepat..kurirnya ramah... mudah2an cocok dimuka aq..,5,0,barang sesuai..pengirimannya cepat..kurirnya ramah... mudah2an cocok dimuka aq..,Real,1.0,0.0,"{'contradiction': 0, 'template_language': 0, 'excessive_emotion': 0, 'gibberish_spam': 0, 'word_count': 8}",0.0
170,mendarat dengan selamat mantul cocok banget pake ini jadi bersih dan glowing,5,0,mendarat dengan selamat mantul cocok banget pake ini jadi bersih dan glowing,Real,1.0,0.0,"{'contradiction': 0, 'template_language': 0, 'excessive_emotion': 0, 'gibberish_spam': 0, 'word_count': 12}",0.0
171,bahan: baguss manfaat produk: bagusss jenis kulit: normall emangg yang facial wash nyaa separuh gtu ya isinya,3,0,bahan: baguss manfaat produk: bagusss jenis kulit: normall emangg yang facial wash nyaa separuh gtu ...,Real,1.0,0.0,"{'contradiction': 0, 'template_language': 0, 'excessive_emotion': 0, 'gibberish_spam': 0, 'word_count': 17}",0.0
172,"barang sesuai yg di pesan dan cepat nyampe nya, pokoknya debest pokoknya 🔥",5,0,"barang sesuai yg di pesan dan cepat nyampe nya, pokoknya debest pokoknya 🔥",Real,1.0,0.0,"{'contradiction': 0, 'template_language': 0, 'excessive_emotion': 0, 'gibberish_spam': 0, 'word_count': 13}",0.0
173,"kak kok ga dapet tas nya ya, di iklan nya ada🙏🏻",3,0,"kak kok ga dapet tas nya ya, di iklan nya ada🙏🏻",Real,1.0,0.0,"{'contradiction': 0, 'template_language': 0, 'excessive_emotion': 0, 'gibberish_spam': 0, 'word_count': 11}",0.0
174,perdana nyobain wangiiiiiii bangettt... hasilnya mmg belum kliatan tpi berasa beda kok..,4,0,perdana nyobain wangiiiiiii bangettt... hasilnya mmg belum kliatan tpi berasa beda kok..,Fake,0.895,5.9,"{'contradiction': 0, 'template_language': 0, 'excessive_emotion': 0, 'gibberish_spam': 1, 'word_count': 12}",0.301
175,"alhamdulillah cocok, bekas jerawat memudar, makasih",5,0,"alhamdulillah cocok, bekas jerawat memudar, makasih",Real,1.0,0.0,"{'contradiction': 0, 'template_language': 0, 'excessive_emotion': 0, 'gibberish_spam': 0, 'word_count': 6}",0.0
176,paket sudah datang aman makasih seller🙏🙏,5,0,paket sudah datang aman makasih seller🙏🙏,Real,1.0,0.0,"{'contradiction': 0, 'template_language': 0, 'excessive_emotion': 0, 'gibberish_spam': 0, 'word_count': 6}",0.0
177,"barang sdh di terima, baru mulai pakai semoga cocok",4,0,"barang sdh di terima, baru mulai pakai semoga cocok",Fake,0.803,4.06,"{'contradiction': 1, 'template_language': 0, 'excessive_emotion': 0, 'gibberish_spam': 0, 'word_count': 9}",0.355
178,"alhmdulillah barang nya udah sampai,semoga cocok💗",5,0,"alhmdulillah barang nya udah sampai,semoga cocok💗",Fake,0.803,4.07,"{'contradiction': 1, 'template_language': 0, 'excessive_emotion': 0, 'gibberish_spam': 0, 'word_count': 6}",0.356
179,aq udah order ke sekian x nya.. pokonya alhamdulillah sekarang muka aq cerah..,5,0,aq udah order ke sekian x nya.. pokonya alhamdulillah sekarang muka aq cerah..,Real,1.0,0.0,"{'contradiction': 0, 'template_language': 0, 'excessive_emotion': 0, 'gibberish_spam': 0, 'word_count': 13}",0.0
180,sesuai deskripsi semoga cocok di kulit ku,5,0,sesuai deskripsi semoga cocok di kulit ku,Fake,0.805,4.09,"{'contradiction': 1, 'template_language': 0, 'excessive_emotion': 0, 'gibberish_spam': 0, 'word_count': 7}",0.365
181,"pengiriman sangat cepat, packing amann, promonya ga kaleng² 😍😍 90 rb dapet 4 pcs dong 😍😍",5,0,"pengiriman sangat cepat, packing amann, promonya ga kaleng² 😍😍 90 rb dapet 4 pcs dong 😍😍",Fake,0.756,3.12,"{'contradiction': 0, 'template_language': 1, 'excessive_emotion': 0, 'gibberish_spam': 0, 'word_count': 16}",0.374
182,"alhamdulillah paket ku datang, packing aman jadi tidak rusak, thanks🥰",5,0,"alhamdulillah paket ku datang, packing aman jadi tidak rusak, thanks🥰",Real,1.0,0.0,"{'contradiction': 0, 'template_language': 0, 'excessive_emotion': 0, 'gibberish_spam': 0, 'word_count': 10}",0.0
183,ga asik banget g2g dikirkm cuman 3 item harusnya 4. ga sesuai ga bisa kirim vidio unboxing sblm2 nya ga prnh kekurangan item nya sepercaya itu sama paket bundling g2g mak...,1,0,ga asik banget g2g dikirkm cuman 3 item harusnya 4. ga sesuai ga bisa kirim vidio unboxing sblm2 nya...,Real,1.0,0.0,"{'contradiction': 0, 'template_language': 0, 'excessive_emotion': 0, 'gibberish_spam': 0, 'word_count': 31}",0.0
184,"barang dtng sesuai,cma yg buat cuci muka,isi nya cma setengh,kecewa sih",3,0,"barang dtng sesuai,cma yg buat cuci muka,isi nya cma setengh,kecewa sih",Real,1.0,0.0,"{'contradiction': 0, 'template_language': 0, 'excessive_emotion': 0, 'gibberish_spam': 0, 'word_count': 11}",0.0
185,alhamdulillah barang sudah sampai dengan aman dan cocok di aku udah 2 kali pesanan wajah aku jadi lebih cerah suka banget sama produknya soalnya wangi banget sukses selal...,5,0,alhamdulillah barang sudah sampai dengan aman dan cocok di aku udah 2 kali pesanan wajah aku jadi le...,Real,1.0,0.0,"{'contradiction': 0, 'template_language': 0, 'excessive_emotion': 0, 'gibberish_spam': 0, 'word_count': 28}",0.0
186,"cepet bgt pesen baru sehari sampe, mantul pokoknya",4,0,"cepet bgt pesen baru sehari sampe, mantul pokoknya",Real,1.0,0.0,"{'contradiction': 0, 'template_language': 0, 'excessive_emotion': 0, 'gibberish_spam': 0, 'word_count': 8}",0.0
187,maaf kak produk yg di kirimkan kurang lengkap.,1,0,maaf kak produk yg di kirimkan kurang lengkap.,Real,1.0,0.0,"{'contradiction': 0, 'template_language': 0, 'excessive_emotion': 0, 'gibberish_spam': 0, 'word_count': 8}",0.0
188,alhmdllh pktnya sudah dtng cpt skli brng2nya jg ocey semua trimakasih,5,0,alhmdllh pktnya sudah dtng cpt skli brng2nya jg ocey semua trimakasih,Real,1.0,0.0,"{'contradiction': 0, 'template_language': 0, 'excessive_emotion': 0, 'gibberish_spam': 0, 'word_count': 11}",0.0
189,kesekian kalinya beli.. emg semantul itu produk g2g. bisa hilangin komedo muka gradakan 🥰 lov lov buat g2g ❤️,5,0,kesekian kalinya beli.. emg semantul itu produk g2g. bisa hilangin komedo muka gradakan 🥰 lov lov bu...,Real,1.0,0.0,"{'contradiction': 0, 'template_language': 0, 'excessive_emotion': 0, 'gibberish_spam': 0, 'word_count': 19}",0.0
190,"terimakasih seller,,, produk nya sesuai smga cocok di muka aku,,, untuk kurir juga ramah baik",3,0,"terimakasih seller,,, produk nya sesuai smga cocok di muka aku,,, untuk kurir juga ramah baik",Real,1.0,0.0,"{'contradiction': 0, 'template_language': 0, 'excessive_emotion': 0, 'gibberish_spam': 0, 'word_count': 15}",0.0
191,"barang sudah datang sesuai dengan pesanan,, blm di pakai semoga barang cocok dn bisa pesan kembali.",5,0,"barang sudah datang sesuai dengan pesanan,, blm di pakai semoga barang cocok dn bisa pesan kembali.",Real,1.0,0.0,"{'contradiction': 0, 'template_language': 0, 'excessive_emotion': 0, 'gibberish_spam': 0, 'word_count': 16}",0.0
192,barangdatang sesuai pesanan cepat sampainya,5,0,barangdatang sesuai pesanan cepat sampainya,Real,0.9,1.0,"{'contradiction': 0, 'template_language': 0, 'excessive_emotion': 0, 'gibberish_spam': 0, 'word_count': 5}",0.0
193,baru pertama makez semoga rangkaiannya cocok,5,0,baru pertama makez semoga rangkaiannya cocok,Real,1.0,0.0,"{'contradiction': 0, 'template_language': 0, 'excessive_emotion': 0, 'gibberish_spam': 0, 'word_count': 6}",0.0
194,terima kasih paket nya sudah datang semoga lancar terus g2g dan toko nya aku sangat suka banget produk nya 🥰,5,0,terima kasih paket nya sudah datang semoga lancar terus g2g dan toko nya aku sangat suka banget prod...,Real,1.0,0.0,"{'contradiction': 0, 'template_language': 0, 'excessive_emotion': 0, 'gibberish_spam': 0, 'word_count': 20}",0.0
195,"bagus bangett sesuii,,tapii facial wash nyaa setengahh pdhll belum d pkee,,tapi gapapa lahh sukakk bangett 🥰🥰",5,0,"bagus bangett sesuii,,tapii facial wash nyaa setengahh pdhll belum d pkee,,tapi gapapa lahh sukakk b...",Real,1.0,0.0,"{'contradiction': 0, 'template_language': 0, 'excessive_emotion': 0, 'gibberish_spam': 0, 'word_count': 16}",0.0
196,baguss. smga ccok tapi sayang facial wash nya cuma isi setangah gak ful,3,0,baguss. smga ccok tapi sayang facial wash nya cuma isi setangah gak ful,Real,1.0,0.0,"{'contradiction': 0, 'template_language': 0, 'excessive_emotion': 0, 'gibberish_spam': 0, 'word_count': 13}",0.0
197,paket nya sudah sampai dengan baik produknya sesuai alhamdulillah cocok di aku muka aq sekarang lebih cerah dan glowing,5,0,paket nya sudah sampai dengan baik produknya sesuai alhamdulillah cocok di aku muka aq sekarang lebi...,Real,1.0,0.0,"{'contradiction': 0, 'template_language': 0, 'excessive_emotion': 0, 'gibberish_spam': 0, 'word_count': 19}",0.0
198,bagus bngt produknya cocok dimuka akuhhh hehheeh,5,0,bagus bngt produknya cocok dimuka akuhhh hehheeh,Real,1.0,0.0,"{'contradiction': 0, 'template_language': 0, 'excessive_emotion': 0, 'gibberish_spam': 0, 'word_count': 7}",0.0
199,baru mau nyoba semoga suaka sama hasilnya dan cocok di muka aku,5,0,baru mau nyoba semoga suaka sama hasilnya dan cocok di muka aku,Real,1.0,0.0,"{'contradiction': 0, 'template_language': 0, 'excessive_emotion': 0, 'gibberish_spam': 0, 'word_count': 12}",0.0
200,"brang smpai dengan selamat,packing rapih,kurir dah lngganan,eh maaf facial wash nya tk ke phto,,lmbut di wajah dan wangi jga,,",4,0,"brang smpai dengan selamat,packing rapih,kurir dah lngganan,eh maaf facial wash nya tk ke phto,,lmbu...",Real,1.0,0.0,"{'contradiction': 0, 'template_language': 0, 'excessive_emotion': 0, 'gibberish_spam': 0, 'word_count': 19}",0.0
201,"produk sesuai pesanan,smoga cocok di wajahku",5,0,"produk sesuai pesanan,smoga cocok di wajahku",Real,1.0,0.0,"{'contradiction': 0, 'template_language': 0, 'excessive_emotion': 0, 'gibberish_spam': 0, 'word_count': 6}",0.0
202,semoga aja cocok baru pertama pamakainan soalnya,5,0,semoga aja cocok baru pertama pamakainan soalnya,Real,1.0,0.0,"{'contradiction': 0, 'template_language': 0, 'excessive_emotion': 0, 'gibberish_spam': 0, 'word_count': 7}",0.0
203,packingan ny bagus mudah mudahan cocok sma kulit ku,5,0,packingan ny bagus mudah mudahan cocok sma kulit ku,Real,1.0,0.0,"{'contradiction': 0, 'template_language': 0, 'excessive_emotion': 0, 'gibberish_spam': 0, 'word_count': 9}",0.0
204,"alhamdulillah paketnya dah sampai, lngsung di aplikasikan dong di wajah, so kebetulan stock yg drumh uda pad habis,",5,0,"alhamdulillah paketnya dah sampai, lngsung di aplikasikan dong di wajah, so kebetulan stock yg drumh...",Real,1.0,0.0,"{'contradiction': 0, 'template_language': 0, 'excessive_emotion': 0, 'gibberish_spam': 0, 'word_count': 18}",0.0
205,suka bget produk ini... uda order yg ke 4 cocok di wajah aq..,5,0,suka bget produk ini... uda order yg ke 4 cocok di wajah aq..,Real,1.0,0.0,"{'contradiction': 0, 'template_language': 0, 'excessive_emotion': 0, 'gibberish_spam': 0, 'word_count': 13}",0.0
206,"paket dh nyampek dngn slmat,baru prtma kali pake smoga ccok",4,0,"paket dh nyampek dngn slmat,baru prtma kali pake smoga ccok",Real,1.0,0.0,"{'contradiction': 0, 'template_language': 0, 'excessive_emotion': 0, 'gibberish_spam': 0, 'word_count': 10}",0.0
207,"akhirnya yg di tunggu nyampe ,mendarat dgn selamat pokonya co yg kesekian kalinya produk nya memang seoke itu",5,0,"akhirnya yg di tunggu nyampe ,mendarat dgn selamat pokonya co yg kesekian kalinya produk nya memang ...",Real,1.0,0.0,"{'contradiction': 0, 'template_language': 0, 'excessive_emotion': 0, 'gibberish_spam': 0, 'word_count': 18}",0.0
208,"paketnya udah d terima,,, takirain ada krim mlmnya ternyata gk ada tpi gpp lh,,",5,0,"paketnya udah d terima,,, takirain ada krim mlmnya ternyata gk ada tpi gpp lh,,",Real,1.0,0.0,"{'contradiction': 0, 'template_language': 0, 'excessive_emotion': 0, 'gibberish_spam': 0, 'word_count': 14}",0.0
209,"paket g2g nya dach nyampe, pengiriman cepet bgt.",5,0,"paket g2g nya dach nyampe, pengiriman cepet bgt.",Real,1.0,0.0,"{'contradiction': 0, 'template_language': 0, 'excessive_emotion': 0, 'gibberish_spam': 0, 'word_count': 8}",0.0
210,baru smpe kk paket nya maksih semoga cocok kk d muka ku baru mau pake,5,0,baru smpe kk paket nya maksih semoga cocok kk d muka ku baru mau pake,Fake,0.803,4.06,"{'contradiction': 1, 'template_language': 0, 'excessive_emotion': 0, 'gibberish_spam': 0, 'word_count': 15}",0.352
211,"terimakasih paketnya sudah ada,pertamakali paket semoga cocok🙏😇😇",4,0,"terimakasih paketnya sudah ada,pertamakali paket semoga cocok🙏😇😇",Fake,0.815,4.29,"{'contradiction': 1, 'template_language': 0, 'excessive_emotion': 1, 'gibberish_spam': 0, 'word_count': 7}",0.432
212,trimakaaih barang sudah sampai dg cepat... cocok sama di kulit saya...,5,0,trimakaaih barang sudah sampai dg cepat... cocok sama di kulit saya...,Real,1.0,0.0,"{'contradiction': 0, 'template_language': 0, 'excessive_emotion': 0, 'gibberish_spam': 0, 'word_count': 11}",0.0
213,"baru pertama pakai skincare , semoga cocok",4,0,"baru pertama pakai skincare , semoga cocok",Fake,0.803,4.05,"{'contradiction': 1, 'template_language': 0, 'excessive_emotion': 0, 'gibberish_spam': 0, 'word_count': 7}",0.35
214,barang sudah sampai sesuai pesanan. baru nyoba dan mudah²an cocok,5,0,barang sudah sampai sesuai pesanan. baru nyoba dan mudah²an cocok,Real,1.0,0.0,"{'contradiction': 0, 'template_language': 0, 'excessive_emotion': 0, 'gibberish_spam': 0, 'word_count': 10}",0.0
215,"alhamdulillah kak paketnya sudah dateng, dan sesuai dengan pesanan, terimakasih banyak kak🙏🙏🙏",5,0,"alhamdulillah kak paketnya sudah dateng, dan sesuai dengan pesanan, terimakasih banyak kak🙏🙏🙏",Real,1.0,0.0,"{'contradiction': 0, 'template_language': 0, 'excessive_emotion': 1, 'gibberish_spam': 0, 'word_count': 12}",0.0
216,"barang sampai dgn selamat,,mudah mudahan cocok yaa pemakaian g2g..",5,0,"barang sampai dgn selamat,,mudah mudahan cocok yaa pemakaian g2g..",Real,1.0,0.0,"{'contradiction': 0, 'template_language': 0, 'excessive_emotion': 0, 'gibberish_spam': 0, 'word_count': 9}",0.0
217,"terimakasih,alhamdulillah pengiriman ny cepat,,mantap..👍👍",5,0,"terimakasih,alhamdulillah pengiriman ny cepat,,mantap..👍👍",Real,0.9,1.0,"{'contradiction': 0, 'template_language': 0, 'excessive_emotion': 0, 'gibberish_spam': 0, 'word_count': 4}",0.0
218,ini gmn ko bru buka plastiik prtma..plastik dlem nya udh di robek² kaya bekas buka kcewa..,1,0,ini gmn ko bru buka plastiik prtma..plastik dlem nya udh di robek² kaya bekas buka kcewa..,Real,1.0,0.0,"{'contradiction': 0, 'template_language': 0, 'excessive_emotion': 0, 'gibberish_spam': 0, 'word_count': 16}",0.0
219,pengiriman aman dan cepat sukaaa bgt sama glad2glow terimakasih,5,0,pengiriman aman dan cepat sukaaa bgt sama glad2glow terimakasih,Real,1.0,0.0,"{'contradiction': 0, 'template_language': 0, 'excessive_emotion': 0, 'gibberish_spam': 0, 'word_count': 9}",0.0
220,karna bumil aku balik lagi kesini emang mantul sih🤭🤩,5,0,karna bumil aku balik lagi kesini emang mantul sih🤭🤩,Real,1.0,0.0,"{'contradiction': 0, 'template_language': 0, 'excessive_emotion': 0, 'gibberish_spam': 0, 'word_count': 9}",0.0
221,barang y bagus pokoknya mantap dah,5,0,barang y bagus pokoknya mantap dah,Real,1.0,0.0,"{'contradiction': 0, 'template_language': 0, 'excessive_emotion': 0, 'gibberish_spam': 0, 'word_count': 6}",0.0
222,"paketnya udah sampee,tp yg 2 gak kepoto,karna udah dibawa sama anakk,mudah2n cocok untuk anak ku",5,0,"paketnya udah sampee,tp yg 2 gak kepoto,karna udah dibawa sama anakk,mudah2n cocok untuk anak ku",Real,1.0,0.0,"{'contradiction': 0, 'template_language': 0, 'excessive_emotion': 0, 'gibberish_spam': 0, 'word_count': 15}",0.0
223,barang nya udah mendarat dengan baik baru pertama nyoba semoga cocok dengan kulit ku,5,0,barang nya udah mendarat dengan baik baru pertama nyoba semoga cocok dengan kulit ku,Fake,0.805,4.09,"{'contradiction': 1, 'template_language': 0, 'excessive_emotion': 0, 'gibberish_spam': 0, 'word_count': 14}",0.363
224,thx barang sesuai postingan goodjob...best seller...,5,0,thx barang sesuai postingan goodjob...best seller...,Real,0.85,1.5,"{'contradiction': 0, 'template_language': 0, 'excessive_emotion': 0, 'gibberish_spam': 0, 'word_count': 6}",0.0
225,bagus produk origional semoga cocok 🤲🥰,5,0,bagus produk origional semoga cocok 🤲🥰,Fake,0.809,4.19,"{'contradiction': 1, 'template_language': 0, 'excessive_emotion': 0, 'gibberish_spam': 0, 'word_count': 6}",0.397
226,barang sih bgus tapi sabun nya aroma nya nyengat betul,3,0,barang sih bgus tapi sabun nya aroma nya nyengat betul,Real,1.0,0.0,"{'contradiction': 0, 'template_language': 0, 'excessive_emotion': 0, 'gibberish_spam': 0, 'word_count': 10}",0.0
227,"pesen yang 4in datangnya 2,udah chat admin tpi nunggu valid truss",1,0,"pesen yang 4in datangnya 2,udah chat admin tpi nunggu valid truss",Real,1.0,0.0,"{'contradiction': 0, 'template_language': 0, 'excessive_emotion': 0, 'gibberish_spam': 0, 'word_count': 11}",0.0
228,"mantap barang sesuai mkasih seller , mkasih juga buat bang kurirnya",5,0,"mantap barang sesuai mkasih seller , mkasih juga buat bang kurirnya",Real,1.0,0.0,"{'contradiction': 0, 'template_language': 0, 'excessive_emotion': 0, 'gibberish_spam': 0, 'word_count': 11}",0.0
229,2 paket pertama barter ini yg ke 3 👍👍👍,5,0,2 paket pertama barter ini yg ke 3 👍👍👍,Real,1.0,0.0,"{'contradiction': 0, 'template_language': 0, 'excessive_emotion': 1, 'gibberish_spam': 0, 'word_count': 9}",0.0
230,produknya mantepp polll manfaat produk: mencerahkan,5,0,produknya mantepp polll manfaat produk: mencerahkan,Real,1.0,0.0,"{'contradiction': 0, 'template_language': 0, 'excessive_emotion': 0, 'gibberish_spam': 0, 'word_count': 6}",0.0
231,"udah cocok, gk mau ganti ke lain lagi",5,0,"udah cocok, gk mau ganti ke lain lagi",Real,1.0,0.0,"{'contradiction': 0, 'template_language': 0, 'excessive_emotion': 0, 'gibberish_spam': 0, 'word_count': 8}",0.0
232,"manfaat produk: mencerahkan jenis kulit: kombinasi inieh baguss sekaliii cock dimulai aku, makasiii hhiiii 😍😍😍",5,0,"manfaat produk: mencerahkan jenis kulit: kombinasi inieh baguss sekaliii cock dimulai aku, makasiii ...",Fake,0.95,10.18,"{'contradiction': 0, 'template_language': 0, 'excessive_emotion': 1, 'gibberish_spam': 1, 'word_count': 15}",0.393
233,"lovvvv bangettttt, uda seringg co disini...",5,0,"lovvvv bangettttt, uda seringg co disini...",Fake,0.905,6.1,"{'contradiction': 0, 'template_language': 0, 'excessive_emotion': 0, 'gibberish_spam': 1, 'word_count': 6}",0.367
234,gak sesuai banget kecewa toner nya gak ada malah di ganti sama serum merah,2,0,gak sesuai banget kecewa toner nya gak ada malah di ganti sama serum merah,Real,1.0,0.0,"{'contradiction': 0, 'template_language': 0, 'excessive_emotion': 0, 'gibberish_spam': 0, 'word_count': 14}",0.0
235,pokoknya nyerahin kulit aku biar lebih glowing lagi.mudah mudahan cocok di aku. packingan yg rapih.,5,0,pokoknya nyerahin kulit aku biar lebih glowing lagi.mudah mudahan cocok di aku. packingan yg rapih.,Real,1.0,0.0,"{'contradiction': 0, 'template_language': 0, 'excessive_emotion': 0, 'gibberish_spam': 0, 'word_count': 15}",0.0
236,"alhamdulillah.. barang sampai dgn selamat thank seler fast respon,thank babang kurir",5,0,"alhamdulillah.. barang sampai dgn selamat thank seler fast respon,thank babang kurir",Real,0.85,1.5,"{'contradiction': 0, 'template_language': 0, 'excessive_emotion': 0, 'gibberish_spam': 0, 'word_count': 11}",0.0
237,"yang dateng cumah 3 , moisnya gak ada",3,0,"yang dateng cumah 3 , moisnya gak ada",Real,1.0,0.0,"{'contradiction': 0, 'template_language': 0, 'excessive_emotion': 0, 'gibberish_spam': 0, 'word_count': 8}",0.0
238,"barang sudah d treima dengan aman,,puas belnja d toko ini",5,0,"barang sudah d treima dengan aman,,puas belnja d toko ini",Real,1.0,0.0,"{'contradiction': 0, 'template_language': 0, 'excessive_emotion': 0, 'gibberish_spam': 0, 'word_count': 10}",0.0
239,alhamdulillah sampe amanah semoga cocok cepet sampai nya,4,0,alhamdulillah sampe amanah semoga cocok cepet sampai nya,Fake,0.814,4.27,"{'contradiction': 1, 'template_language': 0, 'excessive_emotion': 0, 'gibberish_spam': 0, 'word_count': 8}",0.423
240,alhamdulillah paketnyah udh dateng cepat bngt 😊 mudah mudahan cocok di aku yh saya pemula,5,0,alhamdulillah paketnyah udh dateng cepat bngt 😊 mudah mudahan cocok di aku yh saya pemula,Real,1.0,0.0,"{'contradiction': 0, 'template_language': 0, 'excessive_emotion': 0, 'gibberish_spam': 0, 'word_count': 15}",0.0
241,"sudah datang paket nya aku baru mau nyoba semoga cocok, kalo cocok di aku order balik thanks [drool]",5,0,"sudah datang paket nya aku baru mau nyoba semoga cocok, kalo cocok di aku order balik thanks [drool]",Fake,0.806,4.11,"{'contradiction': 1, 'template_language': 0, 'excessive_emotion': 0, 'gibberish_spam': 0, 'word_count': 18}",0.372
242,dapet free peling🫶🏻 makasih ya g2g🫶🏻,5,0,dapet free peling🫶🏻 makasih ya g2g🫶🏻,Real,1.0,0.0,"{'contradiction': 0, 'template_language': 0, 'excessive_emotion': 0, 'gibberish_spam': 0, 'word_count': 6}",0.0
243,alhamdulillah paketnya samapinya tidak lama semoga cocok dimuka aku,5,0,alhamdulillah paketnya samapinya tidak lama semoga cocok dimuka aku,Fake,0.799,3.98,"{'contradiction': 1, 'template_language': 0, 'excessive_emotion': 0, 'gibberish_spam': 0, 'word_count': 9}",0.328
244,"pket y dah smpe , semoga cocok dengn produk glad2glow, sesuai degan yg d pesen",4,0,"pket y dah smpe , semoga cocok dengn produk glad2glow, sesuai degan yg d pesen",Fake,0.803,4.06,"{'contradiction': 1, 'template_language': 0, 'excessive_emotion': 0, 'gibberish_spam': 0, 'word_count': 15}",0.354
245,pembelian ke 4 👍(2 paket pertama hanya moist skin barier+serum aja) 2 paket berikutnya yang ini 😍,5,0,pembelian ke 4 👍(2 paket pertama hanya moist skin barier+serum aja) 2 paket berikutnya yang ini 😍,Real,1.0,0.0,"{'contradiction': 0, 'template_language': 0, 'excessive_emotion': 0, 'gibberish_spam': 0, 'word_count': 17}",0.0
246,baru dicoba semoga cocok diwajah anak gadis qu. trimakasih barang lengkap. cepat datang nya. kurir ramaj,5,0,baru dicoba semoga cocok diwajah anak gadis qu. trimakasih barang lengkap. cepat datang nya. kurir r...,Fake,0.802,4.04,"{'contradiction': 1, 'template_language': 0, 'excessive_emotion': 0, 'gibberish_spam': 0, 'word_count': 16}",0.346
247,brang tertulis dpt 4 pcs tp yg dtg cuma 3 pcs,2,0,brang tertulis dpt 4 pcs tp yg dtg cuma 3 pcs,Real,1.0,0.0,"{'contradiction': 0, 'template_language': 0, 'excessive_emotion': 0, 'gibberish_spam': 0, 'word_count': 11}",0.0
248,"semoga cocok,,syg g dpt pouch nny",5,0,"semoga cocok,,syg g dpt pouch nny",Fake,0.809,4.18,"{'contradiction': 1, 'template_language': 0, 'excessive_emotion': 0, 'gibberish_spam': 0, 'word_count': 6}",0.394
249,"udh beli 2x dtoko ni,barangnya ori,mksh",5,0,"udh beli 2x dtoko ni,barangnya ori,mksh",Real,1.0,0.0,"{'contradiction': 0, 'template_language': 0, 'excessive_emotion': 0, 'gibberish_spam': 0, 'word_count': 6}",0.0
250,baru pertama kali coba smoga hasilnya memuaskan,5,0,baru pertama kali coba smoga hasilnya memuaskan,Real,1.0,0.0,"{'contradiction': 0, 'template_language': 0, 'excessive_emotion': 0, 'gibberish_spam': 0, 'word_count': 7}",0.0
251,"sesuai, ori",5,0,"sesuai, ori",Real,0.9,1.0,"{'contradiction': 0, 'template_language': 0, 'excessive_emotion': 0, 'gibberish_spam': 0, 'word_count': 2}",0.0
252,alhamdulillah sudah langganan mantap,5,0,alhamdulillah sudah langganan mantap,Real,0.9,1.0,"{'contradiction': 0, 'template_language': 0, 'excessive_emotion': 0, 'gibberish_spam': 0, 'word_count': 4}",0.0
253,👍🏻👍🏻👍🏻👍🏻,5,0,👍🏻👍🏻👍🏻👍🏻,Real,0.9,1.0,"{'contradiction': 0, 'template_language': 0, 'excessive_emotion': 1, 'gibberish_spam': 0, 'word_count': 1}",0.0
254,semoga cocok aku pemakaian prtama,5,0,semoga cocok aku pemakaian prtama,Fake,0.845,4.9,"{'contradiction': 1, 'template_language': 0, 'excessive_emotion': 0, 'gibberish_spam': 0, 'word_count': 5}",0.301
255,"barang datang dengan baik, produk sesuai",5,0,"barang datang dengan baik, produk sesuai",Real,1.0,0.0,"{'contradiction': 0, 'template_language': 0, 'excessive_emotion': 0, 'gibberish_spam': 0, 'word_count': 6}",0.0
256,apakah bisa d kirim lgi mois ny,3,0,apakah bisa d kirim lgi mois ny,Real,1.0,0.0,"{'contradiction': 0, 'template_language': 0, 'excessive_emotion': 0, 'gibberish_spam': 0, 'word_count': 7}",0.0
257,udah co ke 3x nya alhmdulillah cocok,4,0,udah co ke 3x nya alhmdulillah cocok,Real,1.0,0.0,"{'contradiction': 0, 'template_language': 0, 'excessive_emotion': 0, 'gibberish_spam': 0, 'word_count': 7}",0.0
258,facial washnya kok bukan yg pink y kak,4,0,facial washnya kok bukan yg pink y kak,Real,1.0,0.0,"{'contradiction': 0, 'template_language': 0, 'excessive_emotion': 0, 'gibberish_spam': 0, 'word_count': 8}",0.0
259,"sesuai pesanan, baru coba fw yg ini semoga cocok",5,0,"sesuai pesanan, baru coba fw yg ini semoga cocok",Fake,0.803,4.06,"{'contradiction': 1, 'template_language': 0, 'excessive_emotion': 0, 'gibberish_spam': 0, 'word_count': 9}",0.355
260,kirain facial wash nya yg dateng milk eh yg blueberry,5,0,kirain facial wash nya yg dateng milk eh yg blueberry,Real,1.0,0.0,"{'contradiction': 0, 'template_language': 0, 'excessive_emotion': 0, 'gibberish_spam': 0, 'word_count': 10}",0.0
261,se♥️♥️♥️ itu sama glad2glow ini udh yang sekian kalinya beli di toko official nya,5,0,se♥️♥️♥️ itu sama glad2glow ini udh yang sekian kalinya beli di toko official nya,Real,1.0,0.0,"{'contradiction': 0, 'template_language': 0, 'excessive_emotion': 0, 'gibberish_spam': 0, 'word_count': 14}",0.0
262,terimaksih sesuai pesanan,4,0,terimaksih sesuai pesanan,Real,0.9,1.0,"{'contradiction': 0, 'template_language': 0, 'excessive_emotion': 0, 'gibberish_spam': 0, 'word_count': 3}",0.0
263,"bahan: lembut dan halus manfaat produk: bagus banget bikin kulit lembab dan cerah jenis kulit: teruntuk kulitku yang berminyak, tidak membuat kulit jadi mengkilat",5,0,bahan: lembut dan halus manfaat produk: bagus banget bikin kulit lembab dan cerah jenis kulit: terun...,Real,1.0,0.0,"{'contradiction': 0, 'template_language': 0, 'excessive_emotion': 0, 'gibberish_spam': 0, 'word_count': 24}",0.0
264,"alhamdulillah cocok. makin glowing mie mukak makasih,",5,0,"alhamdulillah cocok. makin glowing mie mukak makasih,",Real,1.0,0.0,"{'contradiction': 0, 'template_language': 0, 'excessive_emotion': 0, 'gibberish_spam': 0, 'word_count': 7}",0.0
265,kok cuci muka sama toner nya beda? aku kira bakal pink semua,2,0,kok cuci muka sama toner nya beda? aku kira bakal pink semua,Real,1.0,0.0,"{'contradiction': 0, 'template_language': 0, 'excessive_emotion': 0, 'gibberish_spam': 0, 'word_count': 12}",0.0
266,"bagus, sesuai pesanan, semoga cocok 🥰",5,0,"bagus, sesuai pesanan, semoga cocok 🥰",Fake,0.81,4.21,"{'contradiction': 1, 'template_language': 0, 'excessive_emotion': 0, 'gibberish_spam': 0, 'word_count': 6}",0.402
267,paket sudah sampai alhamdulillah sesuai dengan pesanan udh langganan best👍,5,0,paket sudah sampai alhamdulillah sesuai dengan pesanan udh langganan best👍,Real,1.0,0.0,"{'contradiction': 0, 'template_language': 0, 'excessive_emotion': 0, 'gibberish_spam': 0, 'word_count': 10}",0.0
268,"brang sudah di kirim dengan cepat, mkasih semoga cocok 🥰",5,0,"brang sudah di kirim dengan cepat, mkasih semoga cocok 🥰",Fake,0.807,4.13,"{'contradiction': 1, 'template_language': 0, 'excessive_emotion': 0, 'gibberish_spam': 0, 'word_count': 10}",0.378
269,bru pertma nyoba mudh mudhn ini cocok,5,0,bru pertma nyoba mudh mudhn ini cocok,Real,1.0,0.0,"{'contradiction': 0, 'template_language': 0, 'excessive_emotion': 0, 'gibberish_spam': 0, 'word_count': 7}",0.0
270,"pakai product g2g kedua kali, cocok dan bagus banget ke kulit wajah,, dan pengiriman cepat, aman packaging juga.. mantap.. trimss",5,0,"pakai product g2g kedua kali, cocok dan bagus banget ke kulit wajah,, dan pengiriman cepat, aman pac...",Real,1.0,0.0,"{'contradiction': 0, 'template_language': 0, 'excessive_emotion': 0, 'gibberish_spam': 0, 'word_count': 20}",0.0
271,"bahan: cair, halus manfaat produk: cocok untuk kulit jenis kulit: cocok sekali dikulit ku",5,0,"bahan: cair, halus manfaat produk: cocok untuk kulit jenis kulit: cocok sekali dikulit ku",Real,1.0,0.0,"{'contradiction': 0, 'template_language': 0, 'excessive_emotion': 0, 'gibberish_spam': 0, 'word_count': 14}",0.0
272,alhamdulillah barang sudah sampai sesuai pesanan terimakasih kotonya amanah,5,0,alhamdulillah barang sudah sampai sesuai pesanan terimakasih kotonya amanah,Real,1.0,0.0,"{'contradiction': 0, 'template_language': 0, 'excessive_emotion': 0, 'gibberish_spam': 0, 'word_count': 9}",0.0
273,serum nya pecah gak tersisa parah,1,0,serum nya pecah gak tersisa parah,Real,1.0,0.0,"{'contradiction': 0, 'template_language': 0, 'excessive_emotion': 0, 'gibberish_spam': 0, 'word_count': 6}",0.0
274,"barang datang lengkap sesuai dengan deskripsi, bahan yang digunakan bagus untuk mencerahkan wajah.",5,0,"barang datang lengkap sesuai dengan deskripsi, bahan yang digunakan bagus untuk mencerahkan wajah.",Real,1.0,0.0,"{'contradiction': 0, 'template_language': 0, 'excessive_emotion': 0, 'gibberish_spam': 0, 'word_count': 13}",0.0
275,"sesuai pesanan cuma aku kira tonernya besar ternyata toner nya kecill, but over all baguss",4,0,"sesuai pesanan cuma aku kira tonernya besar ternyata toner nya kecill, but over all baguss",Real,1.0,0.0,"{'contradiction': 0, 'template_language': 0, 'excessive_emotion': 0, 'gibberish_spam': 0, 'word_count': 15}",0.0
276,paket nyampe produk lengkap alhamdulillah udah order 2 x ini barang original kulit wajah jadi halus kenceng glowing gk kusem seger..,5,0,paket nyampe produk lengkap alhamdulillah udah order 2 x ini barang original kulit wajah jadi halus ...,Real,1.0,0.0,"{'contradiction': 0, 'template_language': 0, 'excessive_emotion': 0, 'gibberish_spam': 0, 'word_count': 21}",0.0
277,bahan: - manfaat produk: mencerahkan jenis kulit: susah putih/kering,5,0,bahan: - manfaat produk: mencerahkan jenis kulit: susah putih/kering,Real,1.0,0.0,"{'contradiction': 0, 'template_language': 0, 'excessive_emotion': 0, 'gibberish_spam': 0, 'word_count': 9}",0.0
278,"pengiriman cepat,barang tidak ada yang rusak, sangat baik, dan produk ny emng se bagus itu , aku sampai udh beli beberapa kali emng mantul buat mencerahkan 👍🏻",5,0,"pengiriman cepat,barang tidak ada yang rusak, sangat baik, dan produk ny emng se bagus itu , aku sam...",Real,1.0,0.0,"{'contradiction': 0, 'template_language': 0, 'excessive_emotion': 0, 'gibberish_spam': 0, 'word_count': 27}",0.0
279,"alhamdulillag cocok dimuka ku, sukaa, thanks kak🥰",5,0,"alhamdulillag cocok dimuka ku, sukaa, thanks kak🥰",Real,1.0,0.0,"{'contradiction': 0, 'template_language': 0, 'excessive_emotion': 0, 'gibberish_spam': 0, 'word_count': 7}",0.0
280,alhamdulillah udah sampai bagus dan amanah,5,0,alhamdulillah udah sampai bagus dan amanah,Real,1.0,0.0,"{'contradiction': 0, 'template_language': 0, 'excessive_emotion': 0, 'gibberish_spam': 0, 'word_count': 6}",0.0
281,"mksih,, sesuai,, q suka,, ma'af baru kasih bintang, ☺️ byarlh bintang yg mnilaixa☺️",5,0,"mksih,, sesuai,, q suka,, ma'af baru kasih bintang, ☺️ byarlh bintang yg mnilaixa☺️",Real,1.0,0.0,"{'contradiction': 0, 'template_language': 0, 'excessive_emotion': 0, 'gibberish_spam': 0, 'word_count': 13}",0.0
282,jenis kulit: normal bahan: bagus manfaat produk: mencerahkan,5,0,jenis kulit: normal bahan: bagus manfaat produk: mencerahkan,Real,1.0,0.0,"{'contradiction': 0, 'template_language': 0, 'excessive_emotion': 0, 'gibberish_spam': 0, 'word_count': 8}",0.0
283,bahan: bagus manfaat produk: bagus jenis kulit: cocok untuk kulit,5,0,bahan: bagus manfaat produk: bagus jenis kulit: cocok untuk kulit,Real,1.0,0.0,"{'contradiction': 0, 'template_language': 0, 'excessive_emotion': 0, 'gibberish_spam': 0, 'word_count': 10}",0.0
284,mantappp produk nya ori dan hasil nya uda lumayan bagus mau order lg lah buat stok,5,0,mantappp produk nya ori dan hasil nya uda lumayan bagus mau order lg lah buat stok,Real,1.0,0.0,"{'contradiction': 0, 'template_language': 0, 'excessive_emotion': 0, 'gibberish_spam': 0, 'word_count': 16}",0.0
285,bahan: nya lebut dan harus jenis kulit: cocok buat kulit kusam,5,0,bahan: nya lebut dan harus jenis kulit: cocok buat kulit kusam,Real,1.0,0.0,"{'contradiction': 0, 'template_language': 0, 'excessive_emotion': 0, 'gibberish_spam': 0, 'word_count': 11}",0.0
286,"paketnya sudah sampai sesuai pesanan, packingnya rapi dan aman gk takut bocor. alhamdllh dapet harga promo kemarin jadi murah beli satu setnya😁 terima kasih untuk seler...",5,0,"paketnya sudah sampai sesuai pesanan, packingnya rapi dan aman gk takut bocor. alhamdllh dapet harga...",Real,1.0,0.0,"{'contradiction': 0, 'template_language': 0, 'excessive_emotion': 0, 'gibberish_spam': 0, 'word_count': 26}",0.0
287,bahan lembut dan tdk menyengak enak di pakai cocok dengan kulit sy yg kering,5,0,bahan lembut dan tdk menyengak enak di pakai cocok dengan kulit sy yg kering,Real,1.0,0.0,"{'contradiction': 0, 'template_language': 0, 'excessive_emotion': 0, 'gibberish_spam': 0, 'word_count': 14}",0.0
288,"manfaat produk: melembabkan, mencerahkan, bikin glowing jenis kulit: normal bahan: baguss",5,0,"manfaat produk: melembabkan, mencerahkan, bikin glowing jenis kulit: normal bahan: baguss",Real,1.0,0.0,"{'contradiction': 0, 'template_language': 0, 'excessive_emotion': 0, 'gibberish_spam': 0, 'word_count': 11}",0.0
289,bagus bawgat muka cerah halus komedo juga mendinga padaha cuman checkot 1 kli blum habis juga lembuh di muka,4,0,bagus bawgat muka cerah halus komedo juga mendinga padaha cuman checkot 1 kli blum habis juga lembuh...,Real,1.0,0.0,"{'contradiction': 0, 'template_language': 0, 'excessive_emotion': 0, 'gibberish_spam': 0, 'word_count': 19}",0.0
290,produk sudah sampai mudah mudahan saya cocok dengan produk ini,5,0,produk sudah sampai mudah mudahan saya cocok dengan produk ini,Real,1.0,0.0,"{'contradiction': 0, 'template_language': 0, 'excessive_emotion': 0, 'gibberish_spam': 0, 'word_count': 10}",0.0
291,"bareng y sudah redy,pengiriman cepat,",5,0,"bareng y sudah redy,pengiriman cepat,",Real,0.9,1.0,"{'contradiction': 0, 'template_language': 0, 'excessive_emotion': 0, 'gibberish_spam': 0, 'word_count': 5}",0.0
292,bahan: sempurna manfaat produk: mencerahkan kulit jenis kulit: kering dan noda membandel sekarang sudah cerah....mantap,5,0,bahan: sempurna manfaat produk: mencerahkan kulit jenis kulit: kering dan noda membandel sekarang su...,Real,1.0,0.0,"{'contradiction': 0, 'template_language': 0, 'excessive_emotion': 0, 'gibberish_spam': 0, 'word_count': 15}",0.0
293,bahan: bagus manfaat produk: sangat bagus jenis kulit: ngeflek,5,0,bahan: bagus manfaat produk: sangat bagus jenis kulit: ngeflek,Real,1.0,0.0,"{'contradiction': 0, 'template_language': 0, 'excessive_emotion': 0, 'gibberish_spam': 0, 'word_count': 9}",0.0
294,manfaat produk: cocok untuk wajah kusam jenis kulit: kulit kering dan kusam,4,0,manfaat produk: cocok untuk wajah kusam jenis kulit: kulit kering dan kusam,Real,1.0,0.0,"{'contradiction': 0, 'template_language': 0, 'excessive_emotion': 0, 'gibberish_spam': 0, 'word_count': 12}",0.0
295,"sesuai pesanan,, ngk ada yg bocor atau gmna, smua nya aman,,",5,0,"sesuai pesanan,, ngk ada yg bocor atau gmna, smua nya aman,,",Real,1.0,0.0,"{'contradiction': 0, 'template_language': 0, 'excessive_emotion': 0, 'gibberish_spam': 0, 'word_count': 11}",0.0
296,bahan: bagus manfaat produk: mencerahkan jenis kulit: normal,5,0,bahan: bagus manfaat produk: mencerahkan jenis kulit: normal,Real,1.0,0.0,"{'contradiction': 0, 'template_language': 0, 'excessive_emotion': 0, 'gibberish_spam': 0, 'word_count': 8}",0.0
297,paket sudah sampai dg aman dan cepat...semoga cocok dg produknya.. trimakasih tokopedia jg ban kurir,5,0,paket sudah sampai dg aman dan cepat...semoga cocok dg produknya.. trimakasih tokopedia jg ban kurir,Fake,0.803,4.06,"{'contradiction': 1, 'template_language': 0, 'excessive_emotion': 0, 'gibberish_spam': 0, 'word_count': 15}",0.355
298,bahan: bagus manfaat produk: bagus jenis kulit: pas,5,0,bahan: bagus manfaat produk: bagus jenis kulit: pas,Real,1.0,0.0,"{'contradiction': 0, 'template_language': 0, 'excessive_emotion': 0, 'gibberish_spam': 0, 'word_count': 8}",0.0
299,bahan: bagus manfaat produk: menghilangkan keriput jenis kulit: normal,5,0,bahan: bagus manfaat produk: menghilangkan keriput jenis kulit: normal,Real,1.0,0.0,"{'contradiction': 0, 'template_language': 0, 'excessive_emotion': 0, 'gibberish_spam': 0, 'word_count': 9}",0.0
300,bahan: bagus cocok d kulit manfaat produk: cepat mencerahkan,5,0,bahan: bagus cocok d kulit manfaat produk: cepat mencerahkan,Real,1.0,0.0,"{'contradiction': 0, 'template_language': 0, 'excessive_emotion': 0, 'gibberish_spam': 0, 'word_count': 9}",0.0
301,bahan: lembut manfaat produk: untuk perawatan kulit jenis kulit: semua jenis kulit,5,0,bahan: lembut manfaat produk: untuk perawatan kulit jenis kulit: semua jenis kulit,Real,1.0,0.0,"{'contradiction': 0, 'template_language': 0, 'excessive_emotion': 0, 'gibberish_spam': 0, 'word_count': 12}",0.0
302,paket sudah sampai barang bagus semua,5,0,paket sudah sampai barang bagus semua,Real,1.0,0.0,"{'contradiction': 0, 'template_language': 0, 'excessive_emotion': 0, 'gibberish_spam': 0, 'word_count': 6}",0.0
303,"baguss bikin muka glowing, tapi ak hari pertama pemakaian muka ak terkelupas",5,0,"baguss bikin muka glowing, tapi ak hari pertama pemakaian muka ak terkelupas",Real,1.0,0.0,"{'contradiction': 0, 'template_language': 0, 'excessive_emotion': 0, 'gibberish_spam': 0, 'word_count': 12}",0.0
304,bahan: bgguss manfaat produk: baguss jenis kulit: kering,5,0,bahan: bgguss manfaat produk: baguss jenis kulit: kering,Real,1.0,0.0,"{'contradiction': 0, 'template_language': 0, 'excessive_emotion': 0, 'gibberish_spam': 0, 'word_count': 8}",0.0
305,"bagusss bgtttt akuuu sukaaa, dikulitttakuu jugaa cocokk mantepp bgtt glad2gloww",5,0,"bagusss bgtttt akuuu sukaaa, dikulitttakuu jugaa cocokk mantepp bgtt glad2gloww",Fake,0.95,10.1,"{'contradiction': 0, 'template_language': 0, 'excessive_emotion': 0, 'gibberish_spam': 1, 'word_count': 10}",0.366
306,bahan: baik manfaat produk: kata nya si buat mencerahkan kan jenis kulit: semoga cocok,5,0,bahan: baik manfaat produk: kata nya si buat mencerahkan kan jenis kulit: semoga cocok,Fake,0.805,4.11,"{'contradiction': 1, 'template_language': 0, 'excessive_emotion': 0, 'gibberish_spam': 0, 'word_count': 14}",0.368
307,"mantep 👍 cepat kali order kemaren hari ini mendarat dgn selamat🥰 thank untuk kurir nya jga, 👍 btw order yg ke 2 x nya😁",5,0,"mantep 👍 cepat kali order kemaren hari ini mendarat dgn selamat🥰 thank untuk kurir nya jga, 👍 btw or...",Real,1.0,0.0,"{'contradiction': 0, 'template_language': 0, 'excessive_emotion': 0, 'gibberish_spam': 0, 'word_count': 24}",0.0
308,jenis kulit: sentif manfaat produk: nyaman di pakai bahan: lembut,5,0,jenis kulit: sentif manfaat produk: nyaman di pakai bahan: lembut,Real,1.0,0.0,"{'contradiction': 0, 'template_language': 0, 'excessive_emotion': 0, 'gibberish_spam': 0, 'word_count': 10}",0.0
309,bahan: kurang tau manfaat produk: mencerahkan dan melembabkan jenis kulit: normal,5,0,bahan: kurang tau manfaat produk: mencerahkan dan melembabkan jenis kulit: normal,Real,0.8,2.0,"{'contradiction': 0, 'template_language': 0, 'excessive_emotion': 0, 'gibberish_spam': 0, 'word_count': 11}",0.0
310,bahan: lembut manfaat produk: mencerahkan jenis kulit: normal,5,0,bahan: lembut manfaat produk: mencerahkan jenis kulit: normal,Real,1.0,0.0,"{'contradiction': 0, 'template_language': 0, 'excessive_emotion': 0, 'gibberish_spam': 0, 'word_count': 8}",0.0
311,sesuai mksih sller udh langganan beli di sinih,5,0,sesuai mksih sller udh langganan beli di sinih,Real,1.0,0.0,"{'contradiction': 0, 'template_language': 0, 'excessive_emotion': 0, 'gibberish_spam': 0, 'word_count': 8}",0.0
312,"di aq cocok banget,komedo q langsung bersih dan wajah aq makin cerah dan gak kering kayak kemaren",5,0,"di aq cocok banget,komedo q langsung bersih dan wajah aq makin cerah dan gak kering kayak kemaren",Real,1.0,0.0,"{'contradiction': 0, 'template_language': 0, 'excessive_emotion': 0, 'gibberish_spam': 0, 'word_count': 17}",0.0
313,"barang sdh sampai, kurir juga ramah, tapi sayang pengemasan barang kurang rapi, seharusnya di ksh wadah. biar keliatan rapi .jdu barangnya pas di buka. gk berantakan",5,0,"barang sdh sampai, kurir juga ramah, tapi sayang pengemasan barang kurang rapi, seharusnya di ksh wa...",Real,0.8,2.0,"{'contradiction': 0, 'template_language': 0, 'excessive_emotion': 0, 'gibberish_spam': 0, 'word_count': 26}",0.0
314,bahan: bagus manfaat produk: untuk wajah jenis kulit: untuk mencerahkan kulit,5,0,bahan: bagus manfaat produk: untuk wajah jenis kulit: untuk mencerahkan kulit,Real,1.0,0.0,"{'contradiction': 0, 'template_language': 0, 'excessive_emotion': 0, 'gibberish_spam': 0, 'word_count': 11}",0.0
315,alhamdulillah produk nya cocok di kulit anak saya brng ori toko nya amanah ..👍🏿,5,0,alhamdulillah produk nya cocok di kulit anak saya brng ori toko nya amanah ..👍🏿,Real,1.0,0.0,"{'contradiction': 0, 'template_language': 0, 'excessive_emotion': 0, 'gibberish_spam': 0, 'word_count': 14}",0.0
316,baru nyoba kalo flek hitam pudar beli lg,5,0,baru nyoba kalo flek hitam pudar beli lg,Real,1.0,0.0,"{'contradiction': 0, 'template_language': 0, 'excessive_emotion': 0, 'gibberish_spam': 0, 'word_count': 8}",0.0
317,barang kualitas terbaik material kualitas mantap pengiriman tercepat model barang ter istimewa tidak akan kecewa segera ambil barang nya top markoptop barang nya jos gand...,5,0,barang kualitas terbaik material kualitas mantap pengiriman tercepat model barang ter istimewa tidak...,Real,0.8,2.0,"{'contradiction': 0, 'template_language': 0, 'excessive_emotion': 0, 'gibberish_spam': 0, 'word_count': 25}",0.0
318,pengiriman cepat dan aman tp sayang kulit aq ga cocok pkainya..,5,0,pengiriman cepat dan aman tp sayang kulit aq ga cocok pkainya..,Real,1.0,0.0,"{'contradiction': 0, 'template_language': 0, 'excessive_emotion': 0, 'gibberish_spam': 0, 'word_count': 11}",0.0
319,akhirnya paketnya nyampek semoga cocok dgn kulit wajahku,3,0,akhirnya paketnya nyampek semoga cocok dgn kulit wajahku,Fake,0.802,4.05,"{'contradiction': 1, 'template_language': 0, 'excessive_emotion': 0, 'gibberish_spam': 0, 'word_count': 8}",0.349
320,kemasan rapi alhamdulillah sampe tidak ada kurang satu pun paking aman.. baru mau coba kalau cocok insyaallah pasti beli lagi,5,0,kemasan rapi alhamdulillah sampe tidak ada kurang satu pun paking aman.. baru mau coba kalau cocok i...,Real,0.8,2.0,"{'contradiction': 0, 'template_language': 0, 'excessive_emotion': 0, 'gibberish_spam': 0, 'word_count': 20}",0.0
321,"udh paket yg k2, cocok beneran bikin wajah lebih cerah, tokonya amanah kurirnya jg ramah",5,0,"udh paket yg k2, cocok beneran bikin wajah lebih cerah, tokonya amanah kurirnya jg ramah",Real,1.0,0.0,"{'contradiction': 0, 'template_language': 0, 'excessive_emotion': 0, 'gibberish_spam': 0, 'word_count': 15}",0.0
322,"barang sudah sampai, semoga cocok pakai ini😊,terima kasih",5,0,"barang sudah sampai, semoga cocok pakai ini😊,terima kasih",Fake,0.805,4.1,"{'contradiction': 1, 'template_language': 0, 'excessive_emotion': 0, 'gibberish_spam': 0, 'word_count': 8}",0.367
323,bahan: mantap manfaat produk: mencerahkan jenis kulit: semua jenis kulit,5,0,bahan: mantap manfaat produk: mencerahkan jenis kulit: semua jenis kulit,Real,1.0,0.0,"{'contradiction': 0, 'template_language': 0, 'excessive_emotion': 0, 'gibberish_spam': 0, 'word_count': 10}",0.0
324,"udah g perlu kata-kata lagi g2g emg paling oke, hehehe🥰",5,0,"udah g perlu kata-kata lagi g2g emg paling oke, hehehe🥰",Real,1.0,0.0,"{'contradiction': 0, 'template_language': 0, 'excessive_emotion': 0, 'gibberish_spam': 0, 'word_count': 10}",0.0
325,bahan: bagus manfaat produk: bagus jenis kulit: kuning langsat,5,0,bahan: bagus manfaat produk: bagus jenis kulit: kuning langsat,Real,1.0,0.0,"{'contradiction': 0, 'template_language': 0, 'excessive_emotion': 0, 'gibberish_spam': 0, 'word_count': 9}",0.0
326,baguss barang nyy dan cocok buatt sehari sehari,5,0,baguss barang nyy dan cocok buatt sehari sehari,Real,1.0,0.0,"{'contradiction': 0, 'template_language': 0, 'excessive_emotion': 0, 'gibberish_spam': 0, 'word_count': 8}",0.0
327,saya cocok dengan produk ini...halus di wajah saya...sudah lama juga pakai produk ini...makasih kak😊,5,0,saya cocok dengan produk ini...halus di wajah saya...sudah lama juga pakai produk ini...makasih kak😊,Real,1.0,0.0,"{'contradiction': 0, 'template_language': 0, 'excessive_emotion': 0, 'gibberish_spam': 0, 'word_count': 14}",0.0
328,tidak lengket dan manfaatnya sangat bagus untuk jenis kulit apa saja selagi cocok,5,0,tidak lengket dan manfaatnya sangat bagus untuk jenis kulit apa saja selagi cocok,Real,1.0,0.0,"{'contradiction': 0, 'template_language': 0, 'excessive_emotion': 0, 'gibberish_spam': 0, 'word_count': 13}",0.0
329,bahan bagus bermanfaat dan berguna untuk kulit dan bagus,5,0,bahan bagus bermanfaat dan berguna untuk kulit dan bagus,Real,1.0,0.0,"{'contradiction': 0, 'template_language': 0, 'excessive_emotion': 0, 'gibberish_spam': 0, 'word_count': 9}",0.0
330,bahan: cair manfaat produk: mencerahkan jenis kulit: semua jenis kulit,5,0,bahan: cair manfaat produk: mencerahkan jenis kulit: semua jenis kulit,Real,1.0,0.0,"{'contradiction': 0, 'template_language': 0, 'excessive_emotion': 0, 'gibberish_spam': 0, 'word_count': 10}",0.0
331,jenis kulit: kulit normal kulit berminyak,5,0,jenis kulit: kulit normal kulit berminyak,Real,1.0,0.0,"{'contradiction': 0, 'template_language': 0, 'excessive_emotion': 0, 'gibberish_spam': 0, 'word_count': 6}",0.0
332,paketnya sdh diterima peking bagus semoga cocok dgn produk ini,5,0,paketnya sdh diterima peking bagus semoga cocok dgn produk ini,Fake,0.803,4.07,"{'contradiction': 1, 'template_language': 0, 'excessive_emotion': 0, 'gibberish_spam': 0, 'word_count': 10}",0.356
333,mantap kualitas bagus harga murah sesuai lagi,5,0,mantap kualitas bagus harga murah sesuai lagi,Real,1.0,0.0,"{'contradiction': 0, 'template_language': 0, 'excessive_emotion': 0, 'gibberish_spam': 0, 'word_count': 7}",0.0
334,sudh paket ke 3 dan cocok di muka saya sudh ad perubahan manfaat produk: mencerahkan jenis kulit: sensitif,5,0,sudh paket ke 3 dan cocok di muka saya sudh ad perubahan manfaat produk: mencerahkan jenis kulit: se...,Real,1.0,0.0,"{'contradiction': 0, 'template_language': 0, 'excessive_emotion': 0, 'gibberish_spam': 0, 'word_count': 18}",0.0
335,"packingan amann, suka banget semoga cocok kakaa",5,0,"packingan amann, suka banget semoga cocok kakaa",Fake,0.815,4.31,"{'contradiction': 1, 'template_language': 0, 'excessive_emotion': 0, 'gibberish_spam': 0, 'word_count': 7}",0.436
336,alhamdulillah paket sudah sampe aman dan rapihe,5,0,alhamdulillah paket sudah sampe aman dan rapihe,Real,1.0,0.0,"{'contradiction': 0, 'template_language': 0, 'excessive_emotion': 0, 'gibberish_spam': 0, 'word_count': 7}",0.0
337,"barang bagus,packing rapi,pngiriman cepat",5,0,"barang bagus,packing rapi,pngiriman cepat",Real,0.9,1.0,"{'contradiction': 0, 'template_language': 0, 'excessive_emotion': 0, 'gibberish_spam': 0, 'word_count': 4}",0.0
338,lengkap semua sayang gak dapet tempat beda nya,5,0,lengkap semua sayang gak dapet tempat beda nya,Real,1.0,0.0,"{'contradiction': 0, 'template_language': 0, 'excessive_emotion': 0, 'gibberish_spam': 0, 'word_count': 8}",0.0
339,"kirain ukurannya gede,,ga taunya kecil"" 😪",5,0,"kirain ukurannya gede,,ga taunya kecil"" 😪",Real,1.0,0.0,"{'contradiction': 0, 'template_language': 0, 'excessive_emotion': 0, 'gibberish_spam': 0, 'word_count': 6}",0.0
340,"manfaat produk: scincare jenis kulit: ,normal",5,0,"manfaat produk: scincare jenis kulit: ,normal",Real,1.0,0.0,"{'contradiction': 0, 'template_language': 0, 'excessive_emotion': 0, 'gibberish_spam': 0, 'word_count': 6}",0.0
341,"mupangat produk: bagus banget mempengaruhi wajahku makin kesini makin bersih dan cerah karena memakai skincare ini, mantul banget",5,0,mupangat produk: bagus banget mempengaruhi wajahku makin kesini makin bersih dan cerah karena memaka...,Real,1.0,0.0,"{'contradiction': 0, 'template_language': 0, 'excessive_emotion': 0, 'gibberish_spam': 0, 'word_count': 18}",0.0
342,bahan: bagus manfaat produk: ok jenis kulit: ok,5,0,bahan: bagus manfaat produk: ok jenis kulit: ok,Real,1.0,0.0,"{'contradiction': 0, 'template_language': 0, 'excessive_emotion': 0, 'gibberish_spam': 0, 'word_count': 8}",0.0
343,semoga selalu cocok sama g2g sampe kapan pun udh mau jalan 1th make nya aman² nya dan cocok🫶🫰,5,0,semoga selalu cocok sama g2g sampe kapan pun udh mau jalan 1th make nya aman² nya dan cocok🫶🫰,Real,1.0,0.0,"{'contradiction': 0, 'template_language': 0, 'excessive_emotion': 0, 'gibberish_spam': 0, 'word_count': 18}",0.0
344,bahan: bagus sdh sering pesang manfaat produk: banyak menghaluskan dan menggelowingkan muka jenis kulit: semua jenis kulit,5,0,bahan: bagus sdh sering pesang manfaat produk: banyak menghaluskan dan menggelowingkan muka jenis ku...,Real,1.0,0.0,"{'contradiction': 0, 'template_language': 0, 'excessive_emotion': 0, 'gibberish_spam': 0, 'word_count': 17}",0.0
345,"bahan: lembut,harum manfaat produk: mencerahkan kulit wajah jenis kulit: kusam baru pertama coba semoga cocok dikulit wajah aku",5,0,"bahan: lembut,harum manfaat produk: mencerahkan kulit wajah jenis kulit: kusam baru pertama coba sem...",Fake,0.813,4.27,"{'contradiction': 1, 'template_language': 0, 'excessive_emotion': 0, 'gibberish_spam': 0, 'word_count': 18}",0.423
346,"manfaat produk: mencerahkan kulit saya jenis kulit: kusam, kering",5,0,"manfaat produk: mencerahkan kulit saya jenis kulit: kusam, kering",Real,1.0,0.0,"{'contradiction': 0, 'template_language': 0, 'excessive_emotion': 0, 'gibberish_spam': 0, 'word_count': 9}",0.0
347,"produk nya cepet bgt sampe nya dan di bungkus dgn aman,menurut saya produk nyaa sangat wangi dan mudah meresap",5,0,"produk nya cepet bgt sampe nya dan di bungkus dgn aman,menurut saya produk nyaa sangat wangi dan mud...",Real,1.0,0.0,"{'contradiction': 0, 'template_language': 0, 'excessive_emotion': 0, 'gibberish_spam': 0, 'word_count': 19}",0.0
348,baguss,5,0,baguss,Real,0.9,1.0,"{'contradiction': 0, 'template_language': 0, 'excessive_emotion': 0, 'gibberish_spam': 0, 'word_count': 1}",0.0
349,ahirnya aku menemukan produk yg cocok untuk muka ku yg susah cerah dan suka bruntusan. pemakaian yg ke 2alhamdulillah,5,0,ahirnya aku menemukan produk yg cocok untuk muka ku yg susah cerah dan suka bruntusan. pemakaian yg ...,Real,1.0,0.0,"{'contradiction': 0, 'template_language': 0, 'excessive_emotion': 0, 'gibberish_spam': 0, 'word_count': 19}",0.0
350,"maaf lupa foto, barang sesuai pesanan, tokoh amanah jgn ragu untuk beli, cocok untuk kulit.terima kasih",5,0,"maaf lupa foto, barang sesuai pesanan, tokoh amanah jgn ragu untuk beli, cocok untuk kulit.terima ka...",Real,1.0,0.0,"{'contradiction': 0, 'template_language': 0, 'excessive_emotion': 0, 'gibberish_spam': 0, 'word_count': 16}",0.0
351,manfaat produk: mencerahkan jenis kulit: normal,5,0,manfaat produk: mencerahkan jenis kulit: normal,Real,1.0,0.0,"{'contradiction': 0, 'template_language': 0, 'excessive_emotion': 0, 'gibberish_spam': 0, 'word_count': 6}",0.0
352,bahan: enak di pakai harum sabun nya juga banyak busa nya manfaat produk: mengencangkan mencerahkan membuat pori2 ku mengecil,5,0,bahan: enak di pakai harum sabun nya juga banyak busa nya manfaat produk: mengencangkan mencerahkan ...,Real,1.0,0.0,"{'contradiction': 0, 'template_language': 0, 'excessive_emotion': 0, 'gibberish_spam': 0, 'word_count': 19}",0.0
353,paket da sampe peking rapi smga aja cocok,5,0,paket da sampe peking rapi smga aja cocok,Real,1.0,0.0,"{'contradiction': 0, 'template_language': 0, 'excessive_emotion': 0, 'gibberish_spam': 0, 'word_count': 8}",0.0
354,"barang sudah di terima,, terima kasih semoga cocok,,",5,0,"barang sudah di terima,, terima kasih semoga cocok,,",Fake,0.801,4.02,"{'contradiction': 1, 'template_language': 0, 'excessive_emotion': 0, 'gibberish_spam': 0, 'word_count': 8}",0.339
355,awal nyoba mudah² an cocok yah buat lemula,5,0,awal nyoba mudah² an cocok yah buat lemula,Real,1.0,0.0,"{'contradiction': 0, 'template_language': 0, 'excessive_emotion': 0, 'gibberish_spam': 0, 'word_count': 8}",0.0
356,bahan: bagus manfaat produk: mencerahkan jenis kulit: sawo matang,5,0,bahan: bagus manfaat produk: mencerahkan jenis kulit: sawo matang,Real,1.0,0.0,"{'contradiction': 0, 'template_language': 0, 'excessive_emotion': 0, 'gibberish_spam': 0, 'word_count': 9}",0.0
357,sudah smpk pktnya ad bnr2 mantep skli,5,0,sudah smpk pktnya ad bnr2 mantep skli,Real,1.0,0.0,"{'contradiction': 0, 'template_language': 0, 'excessive_emotion': 0, 'gibberish_spam': 0, 'word_count': 7}",0.0
358,"untuk pemula seperti sya,produk ini baik dan bagus banget!",4,0,"untuk pemula seperti sya,produk ini baik dan bagus banget!",Real,1.0,0.0,"{'contradiction': 0, 'template_language': 0, 'excessive_emotion': 0, 'gibberish_spam': 0, 'word_count': 9}",0.0
359,"paket sudah sampai dengan aman tidak ada yg pecah, terimakasih 🙏 bahan: bagus manfaat produk: mencerahkan kulit wajah",5,0,"paket sudah sampai dengan aman tidak ada yg pecah, terimakasih 🙏 bahan: bagus manfaat produk: mencer...",Real,1.0,0.0,"{'contradiction': 0, 'template_language': 0, 'excessive_emotion': 0, 'gibberish_spam': 0, 'word_count': 18}",0.0
360,"bahan: lembut cocok di kulit saya manfaat produk: mencerahkan, melembabkan",5,0,"bahan: lembut cocok di kulit saya manfaat produk: mencerahkan, melembabkan",Real,1.0,0.0,"{'contradiction': 0, 'template_language': 0, 'excessive_emotion': 0, 'gibberish_spam': 0, 'word_count': 10}",0.0
361,manfaat produk: mencerahkan wajah jenis kulit: berminyak bahan: lembut,5,0,manfaat produk: mencerahkan wajah jenis kulit: berminyak bahan: lembut,Real,1.0,0.0,"{'contradiction': 0, 'template_language': 0, 'excessive_emotion': 0, 'gibberish_spam': 0, 'word_count': 9}",0.0
362,alhamdulillah tokonya amanah semoga selalu amanah🥰,5,0,alhamdulillah tokonya amanah semoga selalu amanah🥰,Real,1.0,0.0,"{'contradiction': 0, 'template_language': 0, 'excessive_emotion': 0, 'gibberish_spam': 0, 'word_count': 6}",0.0
363,packing ok pengiriman ok produk baru mau mencoba semoga cocok makasih kak sudah di terima dengan baik....,5,0,packing ok pengiriman ok produk baru mau mencoba semoga cocok makasih kak sudah di terima dengan bai...,Fake,0.802,4.05,"{'contradiction': 1, 'template_language': 0, 'excessive_emotion': 0, 'gibberish_spam': 0, 'word_count': 17}",0.349
364,sudah order ke 2kalinya masya allah smoga ccok trus,5,0,sudah order ke 2kalinya masya allah smoga ccok trus,Real,1.0,0.0,"{'contradiction': 0, 'template_language': 0, 'excessive_emotion': 0, 'gibberish_spam': 0, 'word_count': 9}",0.0
365,order ke2 kalinya.. cocok di kulit. bikin cerah,5,0,order ke2 kalinya.. cocok di kulit. bikin cerah,Real,1.0,0.0,"{'contradiction': 0, 'template_language': 0, 'excessive_emotion': 0, 'gibberish_spam': 0, 'word_count': 8}",0.0
366,bagus pake yg ini bisa buat jerawat ilang lo aku udah pake 5bulanan alhamdulillah bersih ga datang lagi jerawat plus muka putihan,5,0,bagus pake yg ini bisa buat jerawat ilang lo aku udah pake 5bulanan alhamdulillah bersih ga datang l...,Real,1.0,0.0,"{'contradiction': 0, 'template_language': 0, 'excessive_emotion': 0, 'gibberish_spam': 0, 'word_count': 22}",0.0
367,bagus aku sangat cocok. jenis kulit: klik aku kering,5,0,bagus aku sangat cocok. jenis kulit: klik aku kering,Real,1.0,0.0,"{'contradiction': 0, 'template_language': 0, 'excessive_emotion': 0, 'gibberish_spam': 0, 'word_count': 9}",0.0
368,"baru pertama nyoba si.... semoga aman dan cocok buat aku yg masih hamil. pengirimannya cepat, makasih seller dan kurir 👍🏻",4,0,"baru pertama nyoba si.... semoga aman dan cocok buat aku yg masih hamil. pengirimannya cepat, makasi...",Real,1.0,0.0,"{'contradiction': 0, 'template_language': 0, 'excessive_emotion': 0, 'gibberish_spam': 0, 'word_count': 20}",0.0
369,manfaat produk: semoga cocok jenis kulit: berflekk bahan: bagus,5,0,manfaat produk: semoga cocok jenis kulit: berflekk bahan: bagus,Fake,0.812,4.23,"{'contradiction': 1, 'template_language': 0, 'excessive_emotion': 0, 'gibberish_spam': 0, 'word_count': 9}",0.411
370,"bagus,kemasan juga rapi,sesuai dg jenis kulitnya",5,0,"bagus,kemasan juga rapi,sesuai dg jenis kulitnya",Real,1.0,0.0,"{'contradiction': 0, 'template_language': 0, 'excessive_emotion': 0, 'gibberish_spam': 0, 'word_count': 6}",0.0
371,terimakasih paket sudah dtg semoga cocok kurir ramah,5,0,terimakasih paket sudah dtg semoga cocok kurir ramah,Fake,0.805,4.11,"{'contradiction': 1, 'template_language': 0, 'excessive_emotion': 0, 'gibberish_spam': 0, 'word_count': 8}",0.368
372,"suka banget sama produk ini,baru beberapa hari pemakaian sudah ada perubahan💯",5,0,"suka banget sama produk ini,baru beberapa hari pemakaian sudah ada perubahan💯",Real,1.0,0.0,"{'contradiction': 0, 'template_language': 0, 'excessive_emotion': 0, 'gibberish_spam': 0, 'word_count': 11}",0.0
373,bahan bagus sangat bermanfaat untuk kulitku,5,0,bahan bagus sangat bermanfaat untuk kulitku,Real,1.0,0.0,"{'contradiction': 0, 'template_language': 0, 'excessive_emotion': 0, 'gibberish_spam': 0, 'word_count': 6}",0.0
374,manfaat produk: mencerahkan dan melembabkan. wajah terasa lebih lembut dan halus setelah memakai satu set g2g pink! sukaaa bangett!! 💖💖⭐⭐⭐⭐⭐,5,0,manfaat produk: mencerahkan dan melembabkan. wajah terasa lebih lembut dan halus setelah memakai sat...,Fake,0.906,6.12,"{'contradiction': 0, 'template_language': 0, 'excessive_emotion': 0, 'gibberish_spam': 1, 'word_count': 20}",0.373
375,beda yang datang saya pesan warna pink toner dan sabun muka koq datang ungu dan kuning,2,0,beda yang datang saya pesan warna pink toner dan sabun muka koq datang ungu dan kuning,Real,1.0,0.0,"{'contradiction': 0, 'template_language': 0, 'excessive_emotion': 0, 'gibberish_spam': 0, 'word_count': 16}",0.0
376,"pengiriman cepat, pekingnya rapih bgt sampe 3lapis bblecrep keren, sukses seller terimakasih 👍",5,0,"pengiriman cepat, pekingnya rapih bgt sampe 3lapis bblecrep keren, sukses seller terimakasih 👍",Real,1.0,0.0,"{'contradiction': 0, 'template_language': 0, 'excessive_emotion': 0, 'gibberish_spam': 0, 'word_count': 13}",0.0
377,"pertama kali beli,,semoga cocok dan istiqomah pake ini,, gak ganti²",5,0,"pertama kali beli,,semoga cocok dan istiqomah pake ini,, gak ganti²",Fake,0.792,3.83,"{'contradiction': 1, 'template_language': 0, 'excessive_emotion': 0, 'gibberish_spam': 0, 'word_count': 10}",0.277
378,barang ny sesuai deskripsi ok sblm ny ud pake cma beli ny gk di toko ini hehe.....semoga bisa jd langganan ya makasih,5,0,barang ny sesuai deskripsi ok sblm ny ud pake cma beli ny gk di toko ini hehe.....semoga bisa jd lan...,Fake,0.914,6.28,"{'contradiction': 0, 'template_language': 0, 'excessive_emotion': 0, 'gibberish_spam': 1, 'word_count': 22}",0.425
379,"bagus2 semua produk nya, pertama kali coba mudaha2an cocok, aku sekali co langsng ambil banyak krn dpt banyak diskon dan gratis ongkir",5,0,"bagus2 semua produk nya, pertama kali coba mudaha2an cocok, aku sekali co langsng ambil banyak krn d...",Real,1.0,0.0,"{'contradiction': 0, 'template_language': 0, 'excessive_emotion': 0, 'gibberish_spam': 0, 'word_count': 22}",0.0
380,bagus bngt dan bikin kulit cerah dan lembut kenyal,5,0,bagus bngt dan bikin kulit cerah dan lembut kenyal,Real,1.0,0.0,"{'contradiction': 0, 'template_language': 0, 'excessive_emotion': 0, 'gibberish_spam': 0, 'word_count': 9}",0.0
381,bagus sesuai pesanan pengiriman cepat kurirpun ramah dan cepat untuk mengantarkan,5,0,bagus sesuai pesanan pengiriman cepat kurirpun ramah dan cepat untuk mengantarkan,Real,1.0,0.0,"{'contradiction': 0, 'template_language': 0, 'excessive_emotion': 0, 'gibberish_spam': 0, 'word_count': 11}",0.0
382,"pengiriman sangat cepat,dan yg datang pun sesuai pesanan makasih,semoga tokonya selalu amanah dan sukses selalu👍",5,0,"pengiriman sangat cepat,dan yg datang pun sesuai pesanan makasih,semoga tokonya selalu amanah dan su...",Fake,0.764,3.28,"{'contradiction': 0, 'template_language': 1, 'excessive_emotion': 0, 'gibberish_spam': 0, 'word_count': 15}",0.425
383,baru sampe paket g2g kuy 🥰thankyou ya 🙏🏻,5,0,baru sampe paket g2g kuy 🥰thankyou ya 🙏🏻,Real,1.0,0.0,"{'contradiction': 0, 'template_language': 0, 'excessive_emotion': 0, 'gibberish_spam': 0, 'word_count': 8}",0.0
384,"baru pertama kali coba semoga cocok, packing semua rapi bagus dan tiba tepat waktu",5,0,"baru pertama kali coba semoga cocok, packing semua rapi bagus dan tiba tepat waktu",Fake,0.812,4.24,"{'contradiction': 1, 'template_language': 0, 'excessive_emotion': 0, 'gibberish_spam': 0, 'word_count': 14}",0.415
385,datang cepet aman .dan ini pemakaian oaket ke dua alhamdulillah cocok.diqajah seger lembab gk.kering honus bersih..admin cepat suka dehh nanti kalo habiss pesan lagi ❤️❤️...,5,0,datang cepet aman .dan ini pemakaian oaket ke dua alhamdulillah cocok.diqajah seger lembab gk.kering...,Real,1.0,0.0,"{'contradiction': 0, 'template_language': 0, 'excessive_emotion': 0, 'gibberish_spam': 0, 'word_count': 25}",0.0
386,produknya ori dan bagus bngtttttt ak suka tokonya amanah next order lagi 😙,5,0,produknya ori dan bagus bngtttttt ak suka tokonya amanah next order lagi 😙,Fake,0.9,5.99,"{'contradiction': 0, 'template_language': 0, 'excessive_emotion': 0, 'gibberish_spam': 1, 'word_count': 13}",0.331
387,seller gercep beli bundle gini lbh murah jdnya ud cocok pake ini mantap,5,0,seller gercep beli bundle gini lbh murah jdnya ud cocok pake ini mantap,Real,1.0,0.0,"{'contradiction': 0, 'template_language': 0, 'excessive_emotion': 0, 'gibberish_spam': 0, 'word_count': 13}",0.0
388,paket nya usdah sampai kk terima kasih dan kurilnya juga ramah,5,0,paket nya usdah sampai kk terima kasih dan kurilnya juga ramah,Real,1.0,0.0,"{'contradiction': 0, 'template_language': 0, 'excessive_emotion': 0, 'gibberish_spam': 0, 'word_count': 11}",0.0
389,"paketku sudah dtg,,smoga cocok diaku.",4,0,"paketku sudah dtg,,smoga cocok diaku.",Real,0.9,1.0,"{'contradiction': 0, 'template_language': 0, 'excessive_emotion': 0, 'gibberish_spam': 0, 'word_count': 5}",0.0
390,bagus tapi tinggal bunggkusnya aja krna isinya udah di ambil adik aku,5,0,bagus tapi tinggal bunggkusnya aja krna isinya udah di ambil adik aku,Real,1.0,0.0,"{'contradiction': 0, 'template_language': 0, 'excessive_emotion': 0, 'gibberish_spam': 0, 'word_count': 12}",0.0
391,blom di coba karna stok masih banyak barang udah nyampek lama cuman baru ngulas gak sempet barang sesuai pesenan,5,0,blom di coba karna stok masih banyak barang udah nyampek lama cuman baru ngulas gak sempet barang se...,Real,1.0,0.0,"{'contradiction': 0, 'template_language': 0, 'excessive_emotion': 0, 'gibberish_spam': 0, 'word_count': 19}",0.0
392,alhamdulillah barangnya sdh sampai peking nya rapi,5,0,alhamdulillah barangnya sdh sampai peking nya rapi,Real,1.0,0.0,"{'contradiction': 0, 'template_language': 0, 'excessive_emotion': 0, 'gibberish_spam': 0, 'word_count': 7}",0.0
393,bahan: nice manfaat produk: nice jenis kulit: lembab,5,0,bahan: nice manfaat produk: nice jenis kulit: lembab,Real,1.0,0.0,"{'contradiction': 0, 'template_language': 0, 'excessive_emotion': 0, 'gibberish_spam': 0, 'word_count': 8}",0.0
394,"barang nya aman bagus, tapi sayang kcewa bngt kali ini sama kurir nya..😡 bukan kurir yg biasa nya sih emng",4,0,"barang nya aman bagus, tapi sayang kcewa bngt kali ini sama kurir nya..😡 bukan kurir yg biasa nya si...",Real,1.0,0.0,"{'contradiction': 0, 'template_language': 0, 'excessive_emotion': 0, 'gibberish_spam': 0, 'word_count': 20}",0.0
395,baru detang langsung gua coba adem face wash nya sama mois nya moga ngefek langsung aja co dsini jan ragu gays (bukan buzzer),5,0,baru detang langsung gua coba adem face wash nya sama mois nya moga ngefek langsung aja co dsini jan...,Real,1.0,0.0,"{'contradiction': 0, 'template_language': 0, 'excessive_emotion': 0, 'gibberish_spam': 0, 'word_count': 23}",0.0
396,"pertama kali.beli paket lengkap kayak gini, ini sampel buat affiliateku ka, aku ada 2 akun lagi termasuk akun inj 3 semoga gacor heheb",5,0,"pertama kali.beli paket lengkap kayak gini, ini sampel buat affiliateku ka, aku ada 2 akun lagi term...",Real,1.0,0.0,"{'contradiction': 0, 'template_language': 0, 'excessive_emotion': 0, 'gibberish_spam': 0, 'word_count': 23}",0.0
397,baru mau nyoba mudah mudahan cocok,5,0,baru mau nyoba mudah mudahan cocok,Real,1.0,0.0,"{'contradiction': 0, 'template_language': 0, 'excessive_emotion': 0, 'gibberish_spam': 0, 'word_count': 6}",0.0
398,bagus produknya ori,5,0,bagus produknya ori,Real,0.9,1.0,"{'contradiction': 0, 'template_language': 0, 'excessive_emotion': 0, 'gibberish_spam': 0, 'word_count': 3}",0.0
399,pemula pakai ini baru 1 minggu belum terlihat hasilnya,5,0,pemula pakai ini baru 1 minggu belum terlihat hasilnya,Real,1.0,0.0,"{'contradiction': 0, 'template_language': 0, 'excessive_emotion': 0, 'gibberish_spam': 0, 'word_count': 9}",0.0
400,produk ini tuh bagus banget... marketingnta gak berisik tapi gong abis,5,0,produk ini tuh bagus banget... marketingnta gak berisik tapi gong abis,Real,1.0,0.0,"{'contradiction': 0, 'template_language': 0, 'excessive_emotion': 0, 'gibberish_spam': 0, 'word_count': 11}",0.0
401,"cepat sekali sampenya, batang lengkap, makasi seller.",5,0,"cepat sekali sampenya, batang lengkap, makasi seller.",Real,1.0,0.0,"{'contradiction': 0, 'template_language': 0, 'excessive_emotion': 0, 'gibberish_spam': 0, 'word_count': 7}",0.0
402,mantap... kiriman lengkap dan inak di pakai,5,0,mantap... kiriman lengkap dan inak di pakai,Real,1.0,0.0,"{'contradiction': 0, 'template_language': 0, 'excessive_emotion': 0, 'gibberish_spam': 0, 'word_count': 7}",0.0
403,udah sampe cepet banget moga cocok,3,0,udah sampe cepet banget moga cocok,Real,1.0,0.0,"{'contradiction': 0, 'template_language': 0, 'excessive_emotion': 0, 'gibberish_spam': 0, 'word_count': 6}",0.0
404,"sesuai ekspektasi, pengiriman nya juga cepat 👍",5,0,"sesuai ekspektasi, pengiriman nya juga cepat 👍",Real,1.0,0.0,"{'contradiction': 0, 'template_language': 0, 'excessive_emotion': 0, 'gibberish_spam': 0, 'word_count': 7}",0.0
405,manfaat produk: bagus banget untuk wajah berminyak sudah habis 2pot sudah ada hasil 👍👍,5,0,manfaat produk: bagus banget untuk wajah berminyak sudah habis 2pot sudah ada hasil 👍👍,Real,1.0,0.0,"{'contradiction': 0, 'template_language': 0, 'excessive_emotion': 0, 'gibberish_spam': 0, 'word_count': 14}",0.0
406,"amanah, pertama kali nyoba pake skincare,semoga cocok🤭",5,0,"amanah, pertama kali nyoba pake skincare,semoga cocok🤭",Fake,0.812,4.24,"{'contradiction': 1, 'template_language': 0, 'excessive_emotion': 0, 'gibberish_spam': 0, 'word_count': 7}",0.413
407,wowww gak espek bangett produk sesuai ekspektasi kitaa,5,0,wowww gak espek bangett produk sesuai ekspektasi kitaa,Real,1.0,0.0,"{'contradiction': 0, 'template_language': 0, 'excessive_emotion': 0, 'gibberish_spam': 0, 'word_count': 8}",0.0
408,sangat tepat waktu bangett so cuteee😍,5,0,sangat tepat waktu bangett so cuteee😍,Real,1.0,0.0,"{'contradiction': 0, 'template_language': 0, 'excessive_emotion': 0, 'gibberish_spam': 0, 'word_count': 6}",0.0
409,"produk langganan aku, yg bikin kulit cerah dan sehat😍😍",5,0,"produk langganan aku, yg bikin kulit cerah dan sehat😍😍",Real,1.0,0.0,"{'contradiction': 0, 'template_language': 0, 'excessive_emotion': 0, 'gibberish_spam': 0, 'word_count': 9}",0.0
410,sesuai banget ..perdana pakek semoga cocok,4,0,sesuai banget ..perdana pakek semoga cocok,Fake,0.81,4.2,"{'contradiction': 1, 'template_language': 0, 'excessive_emotion': 0, 'gibberish_spam': 0, 'word_count': 6}",0.398
411,barang udah datang udah aku coba tapi kenapa palah tumbuh jerawat banyak dan gatal di kulit apa di kulit ku gak cocok,4,0,barang udah datang udah aku coba tapi kenapa palah tumbuh jerawat banyak dan gatal di kulit apa di k...,Real,1.0,0.0,"{'contradiction': 0, 'template_language': 0, 'excessive_emotion': 0, 'gibberish_spam': 0, 'word_count': 22}",0.0
412,udh dua kali pemakaian semoga tambah cocok,5,0,udh dua kali pemakaian semoga tambah cocok,Real,1.0,0.0,"{'contradiction': 0, 'template_language': 0, 'excessive_emotion': 0, 'gibberish_spam': 0, 'word_count': 7}",0.0
413,barang nya sesuai dengan di gambar dan amanah,5,0,barang nya sesuai dengan di gambar dan amanah,Real,1.0,0.0,"{'contradiction': 0, 'template_language': 0, 'excessive_emotion': 0, 'gibberish_spam': 0, 'word_count': 8}",0.0
414,bagus banget produknya g2g cocok dimuka aku. bkin glowing🥰🫶🏻,5,0,bagus banget produknya g2g cocok dimuka aku. bkin glowing🥰🫶🏻,Real,1.0,0.0,"{'contradiction': 0, 'template_language': 0, 'excessive_emotion': 1, 'gibberish_spam': 0, 'word_count': 9}",0.0
415,"barangnya bagus,,sya baru sekali coba semoga cocok di kulitku",5,0,"barangnya bagus,,sya baru sekali coba semoga cocok di kulitku",Fake,0.804,4.09,"{'contradiction': 1, 'template_language': 0, 'excessive_emotion': 0, 'gibberish_spam': 0, 'word_count': 9}",0.363
416,bikin lembab d.kulit.. sudah cocok pke produk ini ..mantul pkoknya 👍,5,0,bikin lembab d.kulit.. sudah cocok pke produk ini ..mantul pkoknya 👍,Real,1.0,0.0,"{'contradiction': 0, 'template_language': 0, 'excessive_emotion': 0, 'gibberish_spam': 0, 'word_count': 11}",0.0
417,bagus si tp yg cleanser bocor pas sampe😮‍💨,5,0,bagus si tp yg cleanser bocor pas sampe😮‍💨,Real,1.0,0.0,"{'contradiction': 0, 'template_language': 0, 'excessive_emotion': 0, 'gibberish_spam': 0, 'word_count': 8}",0.0
418,baru nyobain semoga anak ku cocok pake skincarenya,5,0,baru nyobain semoga anak ku cocok pake skincarenya,Real,1.0,0.0,"{'contradiction': 0, 'template_language': 0, 'excessive_emotion': 0, 'gibberish_spam': 0, 'word_count': 8}",0.0
419,"pesanan nya sesuai,ngga mengecewakan semoga cocok ya di aku yg masih pemula ini🙏😊",5,0,"pesanan nya sesuai,ngga mengecewakan semoga cocok ya di aku yg masih pemula ini🙏😊",Fake,0.89,5.8,"{'contradiction': 1, 'template_language': 0, 'excessive_emotion': 0, 'gibberish_spam': 0, 'word_count': 13}",0.266
420,"manfaat produk: bagus banget untuk mencerahkan wajah alhamdulillah cocok banget dikulit aku, dan udah berlangganan.",5,0,"manfaat produk: bagus banget untuk mencerahkan wajah alhamdulillah cocok banget dikulit aku, dan uda...",Real,1.0,0.0,"{'contradiction': 0, 'template_language': 0, 'excessive_emotion': 0, 'gibberish_spam': 0, 'word_count': 15}",0.0
421,baik,5,0,baik,Fake,0.95,7.16,"{'contradiction': 0, 'template_language': 0, 'excessive_emotion': 0, 'gibberish_spam': 1, 'word_count': 1}",0.388
422,"puas buangett kakk,87k an udah dapet pcs, dteng nya juga cepet, gaak ada mines nya sama sekali, pokoknya luvluv deh buat tokonyaa😃😃",5,0,"puas buangett kakk,87k an udah dapet pcs, dteng nya juga cepet, gaak ada mines nya sama sekali, poko...",Real,1.0,0.0,"{'contradiction': 0, 'template_language': 0, 'excessive_emotion': 0, 'gibberish_spam': 0, 'word_count': 22}",0.0
423,pertama kali nyoba mudah2an cocok,5,0,pertama kali nyoba mudah2an cocok,Real,0.9,1.0,"{'contradiction': 0, 'template_language': 0, 'excessive_emotion': 0, 'gibberish_spam': 0, 'word_count': 5}",0.0
424,"kemasan ok blm d pake mudh""n cocok",4,0,"kemasan ok blm d pake mudh""n cocok",Real,1.0,0.0,"{'contradiction': 0, 'template_language': 0, 'excessive_emotion': 0, 'gibberish_spam': 0, 'word_count': 7}",0.0
425,"pengiriman aman cepat sampai, first time coba g2g semoga cocok ya next kalo cocok aku pasti balik order lagi",5,0,"pengiriman aman cepat sampai, first time coba g2g semoga cocok ya next kalo cocok aku pasti balik or...",Fake,0.801,4.02,"{'contradiction': 1, 'template_language': 0, 'excessive_emotion': 0, 'gibberish_spam': 0, 'word_count': 19}",0.34
426,baru saya ulas karna sy coba dulu setelah 1minggu pemakaian wajah sy ad perubahan kok lebih cerah alhamdulillah cocok,5,0,baru saya ulas karna sy coba dulu setelah 1minggu pemakaian wajah sy ad perubahan kok lebih cerah al...,Real,1.0,0.0,"{'contradiction': 0, 'template_language': 0, 'excessive_emotion': 0, 'gibberish_spam': 0, 'word_count': 19}",0.0
427,dari kesekian produk yg aku pakai gk ada yg cock....ampe di g2glow baru bisa menjawab keluhan kulit ku.jatuh cinta banget ma produk ini,5,0,dari kesekian produk yg aku pakai gk ada yg cock....ampe di g2glow baru bisa menjawab keluhan kulit ...,Real,1.0,0.0,"{'contradiction': 0, 'template_language': 0, 'excessive_emotion': 0, 'gibberish_spam': 0, 'word_count': 23}",0.0
428,manfaat produk: bikin kulit kalian glowing!!,5,0,manfaat produk: bikin kulit kalian glowing!!,Real,1.0,0.0,"{'contradiction': 0, 'template_language': 0, 'excessive_emotion': 0, 'gibberish_spam': 0, 'word_count': 6}",0.0
429,alhamdulillah paket nya sudah dateng moga aja cocok,4,0,alhamdulillah paket nya sudah dateng moga aja cocok,Real,1.0,0.0,"{'contradiction': 0, 'template_language': 0, 'excessive_emotion': 0, 'gibberish_spam': 0, 'word_count': 8}",0.0
430,"paket sudah dateng,semoga cocok dikulitkuu 🫶🏻",4,0,"paket sudah dateng,semoga cocok dikulitkuu 🫶🏻",Fake,0.802,4.04,"{'contradiction': 1, 'template_language': 0, 'excessive_emotion': 0, 'gibberish_spam': 0, 'word_count': 6}",0.348
431,"alhamdulillah paket datang dengan kondisi baik, barang sesuai pesanan, baru coba sepakat gini, bismillah semoga cocok 🤗",5,0,"alhamdulillah paket datang dengan kondisi baik, barang sesuai pesanan, baru coba sepakat gini, bismi...",Fake,0.808,4.15,"{'contradiction': 1, 'template_language': 0, 'excessive_emotion': 0, 'gibberish_spam': 0, 'word_count': 17}",0.384
432,pecah,3,0,pecah,Fake,0.95,7.24,"{'contradiction': 0, 'template_language': 0, 'excessive_emotion': 0, 'gibberish_spam': 1, 'word_count': 1}",0.414
433,pengiriman cepat pakai j&t. produk sesuai dg yg dibeli. terima kasih,5,0,pengiriman cepat pakai j&t. produk sesuai dg yg dibeli. terima kasih,Real,1.0,0.0,"{'contradiction': 0, 'template_language': 0, 'excessive_emotion': 0, 'gibberish_spam': 0, 'word_count': 11}",0.0
434,paket sempel di terima dngn baik thanks for glad2 glow🙏❤️😘🥰,5,0,paket sempel di terima dngn baik thanks for glad2 glow🙏❤️😘🥰,Real,1.0,0.0,"{'contradiction': 0, 'template_language': 0, 'excessive_emotion': 0, 'gibberish_spam': 0, 'word_count': 10}",0.0
435,"bru coba body lotion nya... mdah""n ccok",5,0,"bru coba body lotion nya... mdah""n ccok",Real,1.0,0.0,"{'contradiction': 0, 'template_language': 0, 'excessive_emotion': 0, 'gibberish_spam': 0, 'word_count': 7}",0.0
436,manfaat produk: mencerahkan wajah..mantull,5,0,manfaat produk: mencerahkan wajah..mantull,Real,0.9,1.0,"{'contradiction': 0, 'template_language': 0, 'excessive_emotion': 0, 'gibberish_spam': 0, 'word_count': 4}",0.0
437,"maaf baru kasih ulasan, barang nyampe dengan slamat karena packingnya rapi, semoga cocok dan ada hasil dikulit aku, buat toko slalu amanah, buat kurir slalu ramah",5,0,"maaf baru kasih ulasan, barang nyampe dengan slamat karena packingnya rapi, semoga cocok dan ada has...",Fake,0.813,4.27,"{'contradiction': 1, 'template_language': 0, 'excessive_emotion': 0, 'gibberish_spam': 0, 'word_count': 26}",0.423
438,manfaat produk: mencerahkan jenis kulit: kusam,5,0,manfaat produk: mencerahkan jenis kulit: kusam,Real,1.0,0.0,"{'contradiction': 0, 'template_language': 0, 'excessive_emotion': 0, 'gibberish_spam': 0, 'word_count': 6}",0.0
439,"cocok d kulit, menghilangkan flek2 hitam d wajah, mencerah kan wajah kusam",5,0,"cocok d kulit, menghilangkan flek2 hitam d wajah, mencerah kan wajah kusam",Real,1.0,0.0,"{'contradiction': 0, 'template_language': 0, 'excessive_emotion': 0, 'gibberish_spam': 0, 'word_count': 12}",0.0
440,manfaat produk: membersihkan muka jenis kulit: semua,5,0,manfaat produk: membersihkan muka jenis kulit: semua,Real,1.0,0.0,"{'contradiction': 0, 'template_language': 0, 'excessive_emotion': 0, 'gibberish_spam': 0, 'word_count': 7}",0.0
441,bahan: lembut dingin,5,0,bahan: lembut dingin,Real,0.9,1.0,"{'contradiction': 0, 'template_language': 0, 'excessive_emotion': 0, 'gibberish_spam': 0, 'word_count': 3}",0.0
442,"jenis kulit: jenis kulit aku berminyak alhamdulillah setelah pakek sudah agak berkurang,,, mudah²n cocok di kulit badak aku😉😉",5,0,"jenis kulit: jenis kulit aku berminyak alhamdulillah setelah pakek sudah agak berkurang,,, mudah²n c...",Real,0.8,2.0,"{'contradiction': 0, 'template_language': 0, 'excessive_emotion': 0, 'gibberish_spam': 0, 'word_count': 18}",0.0
443,"barang sih bagus, tpi syang yg d pesan 4 pcs yg dtang cuma 2 pcs. kecwa sih, udh komplen juga tpi ttp yg sisa nya gk d kirim",3,0,"barang sih bagus, tpi syang yg d pesan 4 pcs yg dtang cuma 2 pcs. kecwa sih, udh komplen juga tpi tt...",Real,1.0,0.0,"{'contradiction': 0, 'template_language': 0, 'excessive_emotion': 0, 'gibberish_spam': 0, 'word_count': 28}",0.0
444,pengiriman cpt dan packingan rapi.aman sampe ditempat.mksh,5,0,pengiriman cpt dan packingan rapi.aman sampe ditempat.mksh,Real,1.0,0.0,"{'contradiction': 0, 'template_language': 0, 'excessive_emotion': 0, 'gibberish_spam': 0, 'word_count': 7}",0.0
445,manfaat produk: cocok untuk kulit wajah saya,5,0,manfaat produk: cocok untuk kulit wajah saya,Real,1.0,0.0,"{'contradiction': 0, 'template_language': 0, 'excessive_emotion': 0, 'gibberish_spam': 0, 'word_count': 7}",0.0
446,alhamdulillah paket udh datang baru kemaren pesen sekarng udh datang,5,0,alhamdulillah paket udh datang baru kemaren pesen sekarng udh datang,Real,1.0,0.0,"{'contradiction': 0, 'template_language': 0, 'excessive_emotion': 0, 'gibberish_spam': 0, 'word_count': 10}",0.0
447,manfaat produk: pokonya bagus banget de di kulitku,5,0,manfaat produk: pokonya bagus banget de di kulitku,Real,1.0,0.0,"{'contradiction': 0, 'template_language': 0, 'excessive_emotion': 0, 'gibberish_spam': 0, 'word_count': 8}",0.0
448,"barang nya sangat2 word tik,, pokok nya ngk nyesel belanja ditoko ini.",5,0,"barang nya sangat2 word tik,, pokok nya ngk nyesel belanja ditoko ini.",Real,1.0,0.0,"{'contradiction': 0, 'template_language': 0, 'excessive_emotion': 0, 'gibberish_spam': 0, 'word_count': 12}",0.0
449,barang udh dtng bgus cocok buat anaku selalu pke perduk ini,5,0,barang udh dtng bgus cocok buat anaku selalu pke perduk ini,Real,1.0,0.0,"{'contradiction': 0, 'template_language': 0, 'excessive_emotion': 0, 'gibberish_spam': 0, 'word_count': 11}",0.0
450,ini orderan yg ke 2 trnyata emg sebagus itu di muka jdi bersih dn cerah,5,0,ini orderan yg ke 2 trnyata emg sebagus itu di muka jdi bersih dn cerah,Real,1.0,0.0,"{'contradiction': 0, 'template_language': 0, 'excessive_emotion': 0, 'gibberish_spam': 0, 'word_count': 15}",0.0
451,"maaf baru kasi ulasan, alhamdulillah baru pertama kali coba moga cocok sperti yg diharapkan, kurir sangat baik",4,0,"maaf baru kasi ulasan, alhamdulillah baru pertama kali coba moga cocok sperti yg diharapkan, kurir s...",Real,1.0,0.0,"{'contradiction': 0, 'template_language': 0, 'excessive_emotion': 0, 'gibberish_spam': 0, 'word_count': 17}",0.0
452,barang tiba dengan baik alhamdulillah cocok ke kulit wajahku,4,0,barang tiba dengan baik alhamdulillah cocok ke kulit wajahku,Real,1.0,0.0,"{'contradiction': 0, 'template_language': 0, 'excessive_emotion': 0, 'gibberish_spam': 0, 'word_count': 9}",0.0
453,"alhamdulillah setelah cck bgt d muka sy selama ini muka sy beruntusan,flek hitam jg,sy pakai yg putih,sm yg pink ini cck mauka makin cerah kenyal smg trs cck",5,0,"alhamdulillah setelah cck bgt d muka sy selama ini muka sy beruntusan,flek hitam jg,sy pakai yg puti...",Real,1.0,0.0,"{'contradiction': 0, 'template_language': 0, 'excessive_emotion': 0, 'gibberish_spam': 0, 'word_count': 28}",0.0
454,masyallah barangnya sdah sampe rapi juga aman kemasan,5,0,masyallah barangnya sdah sampe rapi juga aman kemasan,Real,1.0,0.0,"{'contradiction': 0, 'template_language': 0, 'excessive_emotion': 0, 'gibberish_spam': 0, 'word_count': 8}",0.0
455,alhamdulillah nyampe baru mau nyoba semoga cocok dan alhamdulillah sabun nya udh pemakaian 1 buln alhamdulillah cocok,5,0,alhamdulillah nyampe baru mau nyoba semoga cocok dan alhamdulillah sabun nya udh pemakaian 1 buln al...,Fake,0.799,3.98,"{'contradiction': 1, 'template_language': 0, 'excessive_emotion': 0, 'gibberish_spam': 0, 'word_count': 17}",0.327
456,"mantul semua aman, sesuai yg d harap kan, 🥰neks order lgi klu udh abis🥰",5,0,"mantul semua aman, sesuai yg d harap kan, 🥰neks order lgi klu udh abis🥰",Real,1.0,0.0,"{'contradiction': 0, 'template_language': 0, 'excessive_emotion': 0, 'gibberish_spam': 0, 'word_count': 14}",0.0
457,"makasih, semoga cocok d kulit aku, baru pemakaian pertama",5,0,"makasih, semoga cocok d kulit aku, baru pemakaian pertama",Fake,0.801,4.02,"{'contradiction': 1, 'template_language': 0, 'excessive_emotion': 0, 'gibberish_spam': 0, 'word_count': 9}",0.341
458,"first time beli, semoga cocokk",5,0,"first time beli, semoga cocokk",Fake,0.841,4.82,"{'contradiction': 1, 'template_language': 0, 'excessive_emotion': 0, 'gibberish_spam': 0, 'word_count': 5}",0.274
459,"udah paket keberap ini sudah,best pokonya produk g2g😍",5,0,"udah paket keberap ini sudah,best pokonya produk g2g😍",Real,1.0,0.0,"{'contradiction': 0, 'template_language': 0, 'excessive_emotion': 0, 'gibberish_spam': 0, 'word_count': 8}",0.0
460,cocok pake 2g2 ini pembelian yg kedua moga aja tmbh cocok dan glowing,5,0,cocok pake 2g2 ini pembelian yg kedua moga aja tmbh cocok dan glowing,Real,1.0,0.0,"{'contradiction': 0, 'template_language': 0, 'excessive_emotion': 0, 'gibberish_spam': 0, 'word_count': 13}",0.0
461,terimakasih paketnya sudah sy terima dengan lengkap dan aman proses pengirimannya juga cepat👍,5,0,terimakasih paketnya sudah sy terima dengan lengkap dan aman proses pengirimannya juga cepat👍,Real,1.0,0.0,"{'contradiction': 0, 'template_language': 0, 'excessive_emotion': 0, 'gibberish_spam': 0, 'word_count': 13}",0.0
462,"sesuai dngn pesanan, semoga cocok dan ad perubahan 😊",5,0,"sesuai dngn pesanan, semoga cocok dan ad perubahan 😊",Fake,0.813,4.25,"{'contradiction': 1, 'template_language': 0, 'excessive_emotion': 0, 'gibberish_spam': 0, 'word_count': 9}",0.418
463,gx nyangka dg hrga yg murah bs dpt 1 paket,4,0,gx nyangka dg hrga yg murah bs dpt 1 paket,Real,1.0,0.0,"{'contradiction': 0, 'template_language': 0, 'excessive_emotion': 0, 'gibberish_spam': 0, 'word_count': 10}",0.0
464,"barang sudah baru nyampe, pdhal di keterangan sudah kemarin nyampenya",4,0,"barang sudah baru nyampe, pdhal di keterangan sudah kemarin nyampenya",Real,1.0,0.0,"{'contradiction': 0, 'template_language': 0, 'excessive_emotion': 0, 'gibberish_spam': 0, 'word_count': 10}",0.0
465,mantap sesuai pesanan udh dicoba juga cocok pokoknya🤩,5,0,mantap sesuai pesanan udh dicoba juga cocok pokoknya🤩,Real,1.0,0.0,"{'contradiction': 0, 'template_language': 0, 'excessive_emotion': 0, 'gibberish_spam': 0, 'word_count': 8}",0.0
466,"pokoknya dah jadi langganan kalo abis pasti co nya di sini karna gak pernah mengecewakan juga akun g2g asli, timaaciiiiii sellerrrr dan kurirrr🥰🥰🥰🥰",5,0,pokoknya dah jadi langganan kalo abis pasti co nya di sini karna gak pernah mengecewakan juga akun g...,Fake,0.95,11.81,"{'contradiction': 0, 'template_language': 0, 'excessive_emotion': 1, 'gibberish_spam': 1, 'word_count': 23}",0.269
467,udh abis 3pket g2g emang seenak itu dpkenya,5,0,udh abis 3pket g2g emang seenak itu dpkenya,Real,1.0,0.0,"{'contradiction': 0, 'template_language': 0, 'excessive_emotion': 0, 'gibberish_spam': 0, 'word_count': 8}",0.0
468,alhamdulilah pesenan udah diterima sesuwey dengan yang diposting,5,0,alhamdulilah pesenan udah diterima sesuwey dengan yang diposting,Real,1.0,0.0,"{'contradiction': 0, 'template_language': 0, 'excessive_emotion': 0, 'gibberish_spam': 0, 'word_count': 8}",0.0
469,sampai nya cepat banget peking ngan nya juga rapih,5,0,sampai nya cepat banget peking ngan nya juga rapih,Real,1.0,0.0,"{'contradiction': 0, 'template_language': 0, 'excessive_emotion': 0, 'gibberish_spam': 0, 'word_count': 9}",0.0
470,alhamdulillah semenjak pakai produk ini wajah kusam ku cerahan dan flek memudar,5,0,alhamdulillah semenjak pakai produk ini wajah kusam ku cerahan dan flek memudar,Real,1.0,0.0,"{'contradiction': 0, 'template_language': 0, 'excessive_emotion': 0, 'gibberish_spam': 0, 'word_count': 12}",0.0
471,alhamdulillah paket sudah datang sesuai pesanan buat anakku,5,0,alhamdulillah paket sudah datang sesuai pesanan buat anakku,Real,1.0,0.0,"{'contradiction': 0, 'template_language': 0, 'excessive_emotion': 0, 'gibberish_spam': 0, 'word_count': 8}",0.0
472,facial wash isi ny cuma setengahhhh tempat nya aja yang gedeeeee,4,0,facial wash isi ny cuma setengahhhh tempat nya aja yang gedeeeee,Fake,0.903,6.06,"{'contradiction': 0, 'template_language': 0, 'excessive_emotion': 0, 'gibberish_spam': 1, 'word_count': 11}",0.354
473,amanah cepat pengiriman jg sudah langganan,5,0,amanah cepat pengiriman jg sudah langganan,Real,1.0,0.0,"{'contradiction': 0, 'template_language': 0, 'excessive_emotion': 0, 'gibberish_spam': 0, 'word_count': 6}",0.0
474,"produk g2g emang ok, sdh hbis 2 paket alhmdulillah cocok next beli lgi",5,0,"produk g2g emang ok, sdh hbis 2 paket alhmdulillah cocok next beli lgi",Real,1.0,0.0,"{'contradiction': 0, 'template_language': 0, 'excessive_emotion': 0, 'gibberish_spam': 0, 'word_count': 13}",0.0
475,"mantep banget produknya,,cocok diwajah istriku❤️❤️",5,0,"mantep banget produknya,,cocok diwajah istriku❤️❤️",Real,0.9,1.0,"{'contradiction': 0, 'template_language': 0, 'excessive_emotion': 0, 'gibberish_spam': 0, 'word_count': 5}",0.0
476,cakkep sih dteng jg pas la..sayang ga dpt pouch,3,0,cakkep sih dteng jg pas la..sayang ga dpt pouch,Real,1.0,0.0,"{'contradiction': 0, 'template_language': 0, 'excessive_emotion': 0, 'gibberish_spam': 0, 'word_count': 9}",0.0
477,"baru pertama kali pakek, smgoa cocok di mukaku",5,0,"baru pertama kali pakek, smgoa cocok di mukaku",Real,1.0,0.0,"{'contradiction': 0, 'template_language': 0, 'excessive_emotion': 0, 'gibberish_spam': 0, 'word_count': 8}",0.0
478,sip mantap dah pngrmnya cepat hanya dua hri,5,0,sip mantap dah pngrmnya cepat hanya dua hri,Real,1.0,0.0,"{'contradiction': 0, 'template_language': 0, 'excessive_emotion': 0, 'gibberish_spam': 0, 'word_count': 8}",0.0
479,"allhammdulillah sampai dengan aman dan sesuai 🥰🥰, terima kasih seller 🙏🏻🙏🏻",5,0,"allhammdulillah sampai dengan aman dan sesuai 🥰🥰, terima kasih seller 🙏🏻🙏🏻",Real,1.0,0.0,"{'contradiction': 0, 'template_language': 0, 'excessive_emotion': 1, 'gibberish_spam': 0, 'word_count': 11}",0.0
480,bahan: lembut cpat mnyarap jga smga cocok nex order lg 👍👍👍,5,0,bahan: lembut cpat mnyarap jga smga cocok nex order lg 👍👍👍,Real,1.0,0.0,"{'contradiction': 0, 'template_language': 0, 'excessive_emotion': 1, 'gibberish_spam': 0, 'word_count': 11}",0.0
481,"gk tau udh yg keberapa kali pesen, pokoknya pasti jadi langganan karena cocok bgt di kulit saya",5,0,"gk tau udh yg keberapa kali pesen, pokoknya pasti jadi langganan karena cocok bgt di kulit saya",Real,1.0,0.0,"{'contradiction': 0, 'template_language': 0, 'excessive_emotion': 0, 'gibberish_spam': 0, 'word_count': 17}",0.0
482,"blom di coba,semoga cocok untuk cowok ku...🙏",5,0,"blom di coba,semoga cocok untuk cowok ku...🙏",Fake,0.806,4.12,"{'contradiction': 1, 'template_language': 0, 'excessive_emotion': 0, 'gibberish_spam': 0, 'word_count': 7}",0.372
483,bagus untuk kulit saya skin type: berminyak,5,0,bagus untuk kulit saya skin type: berminyak,Real,1.0,0.0,"{'contradiction': 0, 'template_language': 0, 'excessive_emotion': 0, 'gibberish_spam': 0, 'word_count': 7}",0.0
484,"barang nya udah nyampe pekingan nya aman, oke lah",5,0,"barang nya udah nyampe pekingan nya aman, oke lah",Real,1.0,0.0,"{'contradiction': 0, 'template_language': 0, 'excessive_emotion': 0, 'gibberish_spam': 0, 'word_count': 9}",0.0
485,"mf baru kasih ulasan nang datang sesuai pesanan pengemasan rapi pokoknya puas dg seller, kurir baik sudah langganan",5,0,"mf baru kasih ulasan nang datang sesuai pesanan pengemasan rapi pokoknya puas dg seller, kurir baik ...",Real,1.0,0.0,"{'contradiction': 0, 'template_language': 0, 'excessive_emotion': 0, 'gibberish_spam': 0, 'word_count': 18}",0.0
486,"impian aku dan suami ku tu pengen punya training bentuk joger,ada kantong besar kanan kiri biar bisa ngantongin duit dan hp jadi tangan ga ribet sekaligus bahan yg adem ....",5,0,"impian aku dan suami ku tu pengen punya training bentuk joger,ada kantong besar kanan kiri biar bisa...",Real,1.0,0.0,"{'contradiction': 0, 'template_language': 0, 'excessive_emotion': 0, 'gibberish_spam': 0, 'word_count': 30}",0.0
487,"sesuai pesanan, warna sesuai kurir langganan, pengiriman cepat buat jahitan oke bgt dijahit rapi dan diobras juga tapi buat kain menurut ku lumayan tipis sih, tapi sesuai...",5,1,"sesuai pesanan, warna sesuai kurir langganan, pengiriman cepat buat jahitan oke bgt dijahit rapi dan...",Real,1.0,0.0,"{'contradiction': 0, 'template_language': 0, 'excessive_emotion': 0, 'gibberish_spam': 0, 'word_count': 27}",0.0
488,"alhamdulillah pesenannya sudah sampai, tokonya sangat amanah & fast respon. bahannya juga adem, enak di pakai untuk kegiatan joging atau nongkrong ada sletingnya juga...",5,0,"alhamdulillah pesenannya sudah sampai, tokonya sangat amanah & fast respon. bahannya juga adem, enak...",Real,0.85,1.5,"{'contradiction': 0, 'template_language': 0, 'excessive_emotion': 0, 'gibberish_spam': 0, 'word_count': 24}",0.0
489,"barusan dateng tadi pagi, ternyata bahannya bagus guys, nyaman di pakai untuk sehari-hari, ukurannya juga pas dipakai, suka bangett",4,0,"barusan dateng tadi pagi, ternyata bahannya bagus guys, nyaman di pakai untuk sehari-hari, ukurannya...",Real,1.0,0.0,"{'contradiction': 0, 'template_language': 0, 'excessive_emotion': 0, 'gibberish_spam': 0, 'word_count': 19}",0.0
490,bentuk dan ukuran: bentuk dan ukuran pas.pas di pakai pas di kantong bahan: bagus jahitan rapi.pecikingan rapi warna: sesuai yg di gambar.4 pics.,5,0,bentuk dan ukuran: bentuk dan ukuran pas.pas di pakai pas di kantong bahan: bagus jahitan rapi.pecik...,Real,1.0,0.0,"{'contradiction': 0, 'template_language': 0, 'excessive_emotion': 0, 'gibberish_spam': 0, 'word_count': 23}",0.0
491,bentuk dan ukuran: xl bahan: tidak tipis dan tidak tebal warna: hitam dan abu muda alhamdulillah barang sesuai dan pengiriman cepat...sangat worth it dengan harga segitu,5,0,bentuk dan ukuran: xl bahan: tidak tipis dan tidak tebal warna: hitam dan abu muda alhamdulillah bar...,Real,1.0,0.0,"{'contradiction': 0, 'template_language': 0, 'excessive_emotion': 0, 'gibberish_spam': 0, 'word_count': 26}",0.0
492,alhamdulillah kk barang dan pketn sya udh mendarat sesuai dengan kebutuhan dan keinginan serta bahan bagus tebal dan berkualitas bgus bgt ok bgt dan tokonya amanah bgt in...,5,0,alhamdulillah kk barang dan pketn sya udh mendarat sesuai dengan kebutuhan dan keinginan serta bahan...,Real,1.0,0.0,"{'contradiction': 0, 'template_language': 0, 'excessive_emotion': 0, 'gibberish_spam': 0, 'word_count': 28}",0.0
493,alhamdulillah paket selana sesuai pesanan. makasih ya ka.bagus celananya. anak badannya boros banget. ambil xl muat longgar,5,0,alhamdulillah paket selana sesuai pesanan. makasih ya ka.bagus celananya. anak badannya boros banget...,Real,1.0,0.0,"{'contradiction': 0, 'template_language': 0, 'excessive_emotion': 0, 'gibberish_spam': 0, 'word_count': 17}",0.0
494,"kiriman sesuai, bahan bagus warna: ok semoga pas dipakai anakku. terima kasih seller sukses selalu",5,0,"kiriman sesuai, bahan bagus warna: ok semoga pas dipakai anakku. terima kasih seller sukses selalu",Real,1.0,0.0,"{'contradiction': 0, 'template_language': 0, 'excessive_emotion': 0, 'gibberish_spam': 0, 'word_count': 15}",0.0
495,alhamdulillah paket sdh sampai bentuk dan ukuran: uk. ternyata kekecilan buat aku pdhal sdh sesuai panduan bahan: lumayanlah dengan harga segitu dapat 2 warna: sesuai den...,5,0,alhamdulillah paket sdh sampai bentuk dan ukuran: uk. ternyata kekecilan buat aku pdhal sdh sesuai p...,Real,1.0,0.0,"{'contradiction': 0, 'template_language': 0, 'excessive_emotion': 0, 'gibberish_spam': 0, 'word_count': 26}",0.0
496,pesan sudah sampai dlm kondisi baik dan waktu yg cepat. terimakasih,5,0,pesan sudah sampai dlm kondisi baik dan waktu yg cepat. terimakasih,Real,1.0,0.0,"{'contradiction': 0, 'template_language': 0, 'excessive_emotion': 0, 'gibberish_spam': 0, 'word_count': 11}",0.0
497,"barang sudah sampai sesuai pesanan trimakasih, yg hitam tipis banget kainnya sesuai harga jg. 🙏",4,0,"barang sudah sampai sesuai pesanan trimakasih, yg hitam tipis banget kainnya sesuai harga jg. 🙏",Real,1.0,0.0,"{'contradiction': 0, 'template_language': 0, 'excessive_emotion': 0, 'gibberish_spam': 0, 'word_count': 15}",0.0
498,"alhamdulillah, paket sdh sampai ,semoga bermanfaat dan nyaman, awet dipakai, cuma tdk sesuai yg ditawarkan",5,0,"alhamdulillah, paket sdh sampai ,semoga bermanfaat dan nyaman, awet dipakai, cuma tdk sesuai yg dita...",Real,1.0,0.0,"{'contradiction': 0, 'template_language': 0, 'excessive_emotion': 0, 'gibberish_spam': 0, 'word_count': 15}",0.0
499,secara keseluruhan ok. cm ada cacat ada yg ga kejahit,4,0,secara keseluruhan ok. cm ada cacat ada yg ga kejahit,Real,1.0,0.0,"{'contradiction': 0, 'template_language': 0, 'excessive_emotion': 0, 'gibberish_spam': 0, 'word_count': 10}",0.0
500,"sangat kecewa , tdk sesuai sama yg di foto , barang tipis banget , bisa di kembalikan apa gmn 🙏 penilaian kurang bagus produknya",1,0,"sangat kecewa , tdk sesuai sama yg di foto , barang tipis banget , bisa di kembalikan apa gmn 🙏 peni...",Real,1.0,0.0,"{'contradiction': 0, 'template_language': 0, 'excessive_emotion': 0, 'gibberish_spam': 0, 'word_count': 24}",0.0
501,bahanya panas terus kantongnya ga tau dari kain bekas apaan panas polllll,1,0,bahanya panas terus kantongnya ga tau dari kain bekas apaan panas polllll,Fake,0.914,6.28,"{'contradiction': 0, 'template_language': 0, 'excessive_emotion': 0, 'gibberish_spam': 1, 'word_count': 12}",0.428
502,"terkutuklah engkau dan keluargamu dan seisi rumahmu, juga yg terlibat dalam penjualan ini, sampai ke empat keturunanmu, akan mengalami bencana dari sekarang sampai selama...",1,0,"terkutuklah engkau dan keluargamu dan seisi rumahmu, juga yg terlibat dalam penjualan ini, sampai ke...",Real,1.0,0.0,"{'contradiction': 0, 'template_language': 0, 'excessive_emotion': 0, 'gibberish_spam': 0, 'word_count': 24}",0.0
503,celananya sdh empat dengan selamat dan semoga barang sesuai dengan yg d harap kan. sebelumnya sya ucapkan terimakasih boss🙏🙏🙏,4,0,celananya sdh empat dengan selamat dan semoga barang sesuai dengan yg d harap kan. sebelumnya sya uc...,Real,1.0,0.0,"{'contradiction': 0, 'template_language': 0, 'excessive_emotion': 1, 'gibberish_spam': 0, 'word_count': 19}",0.0
504,barang nya tidak sesuai sma iklan .pas sampe jauh beda .bener2 kecewa,1,0,barang nya tidak sesuai sma iklan .pas sampe jauh beda .bener2 kecewa,Real,1.0,0.0,"{'contradiction': 0, 'template_language': 0, 'excessive_emotion': 0, 'gibberish_spam': 0, 'word_count': 12}",0.0
505,bentuk dan ukuran: pas bahan: nyaman dan lumayan tebal warna: bagus bahan bagus lumayan tebal sesuai harga,5,0,bentuk dan ukuran: pas bahan: nyaman dan lumayan tebal warna: bagus bahan bagus lumayan tebal sesuai...,Real,1.0,0.0,"{'contradiction': 0, 'template_language': 0, 'excessive_emotion': 0, 'gibberish_spam': 0, 'word_count': 17}",0.0
506,bentuk dan ukuran: sesuai bahan: bahan nyaman dan adem dipakai,5,0,bentuk dan ukuran: sesuai bahan: bahan nyaman dan adem dipakai,Real,1.0,0.0,"{'contradiction': 0, 'template_language': 0, 'excessive_emotion': 0, 'gibberish_spam': 0, 'word_count': 10}",0.0
507,"barang telah diterima dengan baik. masalah bahan tipis okelah sesuai harga. hanya saja kedepan mohon jahitan kantong diperbaiki agar jangan brudul begini,karena tentunya...",4,0,barang telah diterima dengan baik. masalah bahan tipis okelah sesuai harga. hanya saja kedepan mohon...,Real,1.0,0.0,"{'contradiction': 0, 'template_language': 0, 'excessive_emotion': 0, 'gibberish_spam': 0, 'word_count': 23}",0.0
508,pesanan sudah sampai dan diterima dengan baik. barang realpict. bahan nyaman dipakai. ukuran pas. recomended banget. terima kasih seller,5,0,pesanan sudah sampai dan diterima dengan baik. barang realpict. bahan nyaman dipakai. ukuran pas. re...,Real,0.726,2.74,"{'contradiction': 0, 'template_language': 1, 'excessive_emotion': 0, 'gibberish_spam': 0, 'word_count': 19}",0.247
509,paket sudah sampai barang ok sesuai dengan pesanan pengiriman cepat sesuai dengan estimasi waktu yang dijanjikan terimakasih seller toped dan abang kurir langgananku bent...,4,0,paket sudah sampai barang ok sesuai dengan pesanan pengiriman cepat sesuai dengan estimasi waktu yan...,Real,1.0,0.0,"{'contradiction': 0, 'template_language': 0, 'excessive_emotion': 0, 'gibberish_spam': 0, 'word_count': 24}",0.0
510,bentuk dan ukuran: sesuai dengan pesanan bahan: lumayan tebal n nyaman warna: sesuai pesanan,5,0,bentuk dan ukuran: sesuai dengan pesanan bahan: lumayan tebal n nyaman warna: sesuai pesanan,Real,1.0,0.0,"{'contradiction': 0, 'template_language': 0, 'excessive_emotion': 0, 'gibberish_spam': 0, 'word_count': 14}",0.0
511,alhamdulilah barang nya udah nyampe🤲pengiriman nya cepet bahan: bagus🥰 bentuk dan ukuran: ukuran nya pas👍,5,0,alhamdulilah barang nya udah nyampe🤲pengiriman nya cepet bahan: bagus🥰 bentuk dan ukuran: ukuran nya...,Real,1.0,0.0,"{'contradiction': 0, 'template_language': 0, 'excessive_emotion': 0, 'gibberish_spam': 0, 'word_count': 15}",0.0
512,"bahannya adem,ga tebal ga jg terawang.enak makenya..karet nya jg bagus",5,0,"bahannya adem,ga tebal ga jg terawang.enak makenya..karet nya jg bagus",Real,1.0,0.0,"{'contradiction': 0, 'template_language': 0, 'excessive_emotion': 0, 'gibberish_spam': 0, 'word_count': 10}",0.0
513,alhamdulillah paket ny sudah sampai..tpi ini ini trening y 😁 tpi gpp bahan ny lembut di pegang ny semoga awet ga gampang bolong/ sobek trima kasih buat smua,5,0,alhamdulillah paket ny sudah sampai..tpi ini ini trening y 😁 tpi gpp bahan ny lembut di pegang ny se...,Fake,0.814,4.28,"{'contradiction': 1, 'template_language': 0, 'excessive_emotion': 0, 'gibberish_spam': 0, 'word_count': 28}",0.428
514,"barang sih dah bagus sesuai dgn permintaan tpi bahan sepertinya bahan kaos agak tipis sedikit nerawang klw di gembrengin , pas di coba pas bnget longgar nga sempit nga ba...",5,0,barang sih dah bagus sesuai dgn permintaan tpi bahan sepertinya bahan kaos agak tipis sedikit nerawa...,Real,1.0,0.0,"{'contradiction': 0, 'template_language': 0, 'excessive_emotion': 0, 'gibberish_spam': 0, 'word_count': 30}",0.0
515,"orderan dah smp, respon penjual cepat.. pengiriman juga cepat.. bahan lumayan baguslah, sayangnya dipake sama suami aku cungklang/ngatung tinggi suami aku 173, malah muat...",5,0,"orderan dah smp, respon penjual cepat.. pengiriman juga cepat.. bahan lumayan baguslah, sayangnya di...",Real,1.0,0.0,"{'contradiction': 0, 'template_language': 0, 'excessive_emotion': 0, 'gibberish_spam': 0, 'word_count': 24}",0.0
516,"bagusss, bahannya lembut.",5,0,"bagusss, bahannya lembut.",Real,0.9,1.0,"{'contradiction': 0, 'template_language': 0, 'excessive_emotion': 0, 'gibberish_spam': 0, 'word_count': 3}",0.0
517,"lembut, pas, nyaman di pakai, pengiriman cepat, tidak ada cacat sama sekali pokoknya besss🥰",5,1,"lembut, pas, nyaman di pakai, pengiriman cepat, tidak ada cacat sama sekali pokoknya besss🥰",Real,1.0,0.0,"{'contradiction': 0, 'template_language': 0, 'excessive_emotion': 0, 'gibberish_spam': 0, 'word_count': 14}",0.0
518,bahan bagus sih tp jaitanya ringkih baru di coba aja bagian selakangan sudah nerawang jaitanya 🤦 jd mon maaf saya cuma kasih bintang 4,4,0,bahan bagus sih tp jaitanya ringkih baru di coba aja bagian selakangan sudah nerawang jaitanya 🤦 jd ...,Real,1.0,0.0,"{'contradiction': 0, 'template_language': 0, 'excessive_emotion': 0, 'gibberish_spam': 0, 'word_count': 24}",0.0
519,paket sdah datng..barang sesuai gambar..gk tipis juga gk tebal..,4,0,paket sdah datng..barang sesuai gambar..gk tipis juga gk tebal..,Real,1.0,0.0,"{'contradiction': 0, 'template_language': 0, 'excessive_emotion': 0, 'gibberish_spam': 0, 'word_count': 9}",0.0
520,celana uk jumbo tapi kok gak muat utk bb 80 kg untuk punya anak gadis yg bb nya 60 jadi bisa kepakai sangat disayangkan gak rekomendet banget😭,4,0,celana uk jumbo tapi kok gak muat utk bb 80 kg untuk punya anak gadis yg bb nya 60 jadi bisa kepakai...,Real,1.0,0.0,"{'contradiction': 0, 'template_language': 0, 'excessive_emotion': 0, 'gibberish_spam': 0, 'word_count': 27}",0.0
521,bahan: halus gk tebal tp juga gk trllu tipis.jrga segitu dpt 2 murah lah menurutku 👍🏼 warna: sesuai yg di foto. maaf bru sempat ngsih ulsan 😂 saran klo ut pria sbiknya...,5,0,bahan: halus gk tebal tp juga gk trllu tipis.jrga segitu dpt 2 murah lah menurutku 👍🏼 warna: sesuai ...,Real,1.0,0.0,"{'contradiction': 0, 'template_language': 0, 'excessive_emotion': 0, 'gibberish_spam': 0, 'word_count': 32}",0.0
522,makasih ya kak paketan nya sudah sampai tp bahan nya agak tipis ya,4,0,makasih ya kak paketan nya sudah sampai tp bahan nya agak tipis ya,Real,1.0,0.0,"{'contradiction': 0, 'template_language': 0, 'excessive_emotion': 0, 'gibberish_spam': 0, 'word_count': 13}",0.0
523,alhamdulilah udah nyampek paketan ku bentuk dan ukuran: ok pas bahan: halus dan adem warna: sesuai pesen terimakasih untuk tiktok &diseller buat tokohnya amanah,5,0,alhamdulilah udah nyampek paketan ku bentuk dan ukuran: ok pas bahan: halus dan adem warna: sesuai p...,Real,1.0,0.0,"{'contradiction': 0, 'template_language': 0, 'excessive_emotion': 0, 'gibberish_spam': 0, 'word_count': 24}",0.0
524,bentuk dan ukuran: sesuai pesanan bahan: bagus warna: sesuai pesanan,5,0,bentuk dan ukuran: sesuai pesanan bahan: bagus warna: sesuai pesanan,Real,1.0,0.0,"{'contradiction': 0, 'template_language': 0, 'excessive_emotion': 0, 'gibberish_spam': 0, 'word_count': 10}",0.0
525,bentuk dan ukuran: sesuai bahan: ok warna: sip karakteristik: mantab,5,0,bentuk dan ukuran: sesuai bahan: ok warna: sip karakteristik: mantab,Real,1.0,0.0,"{'contradiction': 0, 'template_language': 0, 'excessive_emotion': 0, 'gibberish_spam': 0, 'word_count': 10}",0.0
526,bahana tipis banget baru di pake buat joging trrus sobek di jalan malu maluin asli klao kurir ok,3,0,bahana tipis banget baru di pake buat joging trrus sobek di jalan malu maluin asli klao kurir ok,Real,1.0,0.0,"{'contradiction': 0, 'template_language': 0, 'excessive_emotion': 0, 'gibberish_spam': 0, 'word_count': 18}",0.0
527,bagus bahan nya adem dan lumayan lah dengan harga segitu jahitan nya kokoh,5,0,bagus bahan nya adem dan lumayan lah dengan harga segitu jahitan nya kokoh,Real,1.0,0.0,"{'contradiction': 0, 'template_language': 0, 'excessive_emotion': 0, 'gibberish_spam': 0, 'word_count': 13}",0.0
528,"pengiriman cepat, produk sesuai, packing rapih, bahan tipis, kasar",3,0,"pengiriman cepat, produk sesuai, packing rapih, bahan tipis, kasar",Real,1.0,0.0,"{'contradiction': 0, 'template_language': 0, 'excessive_emotion': 0, 'gibberish_spam': 0, 'word_count': 9}",0.0
529,bsgus dengan harga segitu ...gk tebel gk tipis jg ..,5,0,bsgus dengan harga segitu ...gk tebel gk tipis jg ..,Real,1.0,0.0,"{'contradiction': 0, 'template_language': 0, 'excessive_emotion': 0, 'gibberish_spam': 0, 'word_count': 10}",0.0
530,alhamdulillah paketnya sudah datang bahannya bagus transparan kurang penasaran aku coba mata saya di tutup dgn dua lapis bahan trainingnya ternyata masih bisa melihat je...,3,0,alhamdulillah paketnya sudah datang bahannya bagus transparan kurang penasaran aku coba mata saya di...,Real,1.0,0.0,"{'contradiction': 0, 'template_language': 0, 'excessive_emotion': 0, 'gibberish_spam': 0, 'word_count': 25}",0.0
531,"aseekk pesanann dahh mendaratt dengann amaann, ukurann pass banget, bahann lumayann tebell, saku juga ada resletingnya jadi ga takut jatuh/hilang, jahitan menurut aku kur...",5,0,"aseekk pesanann dahh mendaratt dengann amaann, ukurann pass banget, bahann lumayann tebell, saku jug...",Real,1.0,0.0,"{'contradiction': 0, 'template_language': 0, 'excessive_emotion': 0, 'gibberish_spam': 0, 'word_count': 24}",0.0
532,alhamdulillah...barang bagus halus lembut suka banget,5,0,alhamdulillah...barang bagus halus lembut suka banget,Real,1.0,0.0,"{'contradiction': 0, 'template_language': 0, 'excessive_emotion': 0, 'gibberish_spam': 0, 'word_count': 6}",0.0
533,mantap bahannya adem dan enak di pakai warna juga cakep next mau order lagi,5,0,mantap bahannya adem dan enak di pakai warna juga cakep next mau order lagi,Real,1.0,0.0,"{'contradiction': 0, 'template_language': 0, 'excessive_emotion': 0, 'gibberish_spam': 0, 'word_count': 14}",0.0
534,sudah sampai lumayan adem bahan nya cocok di pakai untuk santai,5,0,sudah sampai lumayan adem bahan nya cocok di pakai untuk santai,Real,1.0,0.0,"{'contradiction': 0, 'template_language': 0, 'excessive_emotion': 0, 'gibberish_spam': 0, 'word_count': 11}",0.0
535,"paketku sdh dtg, suka dan sellernya amanah bentuk dan ukuran: sesuai",5,0,"paketku sdh dtg, suka dan sellernya amanah bentuk dan ukuran: sesuai",Real,1.0,0.0,"{'contradiction': 0, 'template_language': 0, 'excessive_emotion': 0, 'gibberish_spam': 0, 'word_count': 11}",0.0
536,"barang datang, bagus tebal kainya, cuma warnanya hitam navy, yg datang navi abu""..🙆",5,0,"barang datang, bagus tebal kainya, cuma warnanya hitam navy, yg datang navi abu""..🙆",Real,1.0,0.0,"{'contradiction': 0, 'template_language': 0, 'excessive_emotion': 0, 'gibberish_spam': 0, 'word_count': 13}",0.0
537,sudah sampai bagus celananya..bahannya juga lembut..suka pokoknya..👍,5,0,sudah sampai bagus celananya..bahannya juga lembut..suka pokoknya..👍,Real,1.0,0.0,"{'contradiction': 0, 'template_language': 0, 'excessive_emotion': 0, 'gibberish_spam': 0, 'word_count': 7}",0.0
538,"alhamdulillah pesanan dah sampai, bagus dgn harga segitu gk keliatan murahan tromakadih seller dan trimakasih jg mas kurir semangat",5,0,"alhamdulillah pesanan dah sampai, bagus dgn harga segitu gk keliatan murahan tromakadih seller dan t...",Real,1.0,0.0,"{'contradiction': 0, 'template_language': 0, 'excessive_emotion': 0, 'gibberish_spam': 0, 'word_count': 19}",0.0
539,"alhamdulillah udh sampai dengan aman,kainnya lumayan tebal dn adem,celananya bagus dn nyaman d pakek,recom banged,thanks seller dn kurir sukses selalu",5,0,"alhamdulillah udh sampai dengan aman,kainnya lumayan tebal dn adem,celananya bagus dn nyaman d pakek...",Real,1.0,0.0,"{'contradiction': 0, 'template_language': 0, 'excessive_emotion': 0, 'gibberish_spam': 0, 'word_count': 20}",0.0
540,"barang sdh datang sesuai pesanan, ukuran nya jg pas, terima kasih",5,0,"barang sdh datang sesuai pesanan, ukuran nya jg pas, terima kasih",Real,1.0,0.0,"{'contradiction': 0, 'template_language': 0, 'excessive_emotion': 0, 'gibberish_spam': 0, 'word_count': 11}",0.0
541,bahan: lumayan tebel warna: sesuai pesanan,5,0,bahan: lumayan tebel warna: sesuai pesanan,Real,1.0,0.0,"{'contradiction': 0, 'template_language': 0, 'excessive_emotion': 0, 'gibberish_spam': 0, 'word_count': 6}",0.0
542,alhmdulilah. barang sampai dengan cepat juga bagus. terima kasih atas pelayanannya,5,0,alhmdulilah. barang sampai dengan cepat juga bagus. terima kasih atas pelayanannya,Real,1.0,0.0,"{'contradiction': 0, 'template_language': 0, 'excessive_emotion': 0, 'gibberish_spam': 0, 'word_count': 11}",0.0
543,"bentuk dan ukuran: sesuai, barangx bgus ...",5,0,"bentuk dan ukuran: sesuai, barangx bgus ...",Real,1.0,0.0,"{'contradiction': 0, 'template_language': 0, 'excessive_emotion': 0, 'gibberish_spam': 0, 'word_count': 7}",0.0
544,woooowwww bagus banget dengan harga semurah ini dan beneran dapat 2 pcs dong.. buat yang mau beli ayo di co jangan ragu,5,0,woooowwww bagus banget dengan harga semurah ini dan beneran dapat 2 pcs dong.. buat yang mau beli ay...,Fake,0.897,5.95,"{'contradiction': 0, 'template_language': 0, 'excessive_emotion': 0, 'gibberish_spam': 1, 'word_count': 22}",0.316
545,"bahan: bahan tipis menerawang, dalaman kantong dari kain bekas asal nempel, risleting tidak rapih, konsumen kecewa",1,0,"bahan: bahan tipis menerawang, dalaman kantong dari kain bekas asal nempel, risleting tidak rapih, k...",Real,1.0,0.0,"{'contradiction': 0, 'template_language': 0, 'excessive_emotion': 0, 'gibberish_spam': 0, 'word_count': 16}",0.0
546,"enak banget pas dipake nya , karet nya kaga terlalu kencang jadi enakan di pake",5,0,"enak banget pas dipake nya , karet nya kaga terlalu kencang jadi enakan di pake",Real,1.0,0.0,"{'contradiction': 0, 'template_language': 0, 'excessive_emotion': 0, 'gibberish_spam': 0, 'word_count': 15}",0.0
547,"barang bagus,cocok untuk bb 65 pas tidak kebesaran atau kekecilan kain lumayan halus cocok untuk olahraga atau kegiatan lapngan. dan harga sangat murah meriah tp kualitas...",5,0,"barang bagus,cocok untuk bb 65 pas tidak kebesaran atau kekecilan kain lumayan halus cocok untuk ola...",Real,1.0,0.0,"{'contradiction': 0, 'template_language': 0, 'excessive_emotion': 0, 'gibberish_spam': 0, 'word_count': 26}",0.0
548,bahan bagus tebel cuma kurang panjang ya ukuran pas,5,0,bahan bagus tebel cuma kurang panjang ya ukuran pas,Real,0.8,2.0,"{'contradiction': 0, 'template_language': 0, 'excessive_emotion': 0, 'gibberish_spam': 0, 'word_count': 9}",0.0
549,toko nya amanah sesuai dengan harga sukses trus buruan cek out sblm khbisan mantappp..,5,0,toko nya amanah sesuai dengan harga sukses trus buruan cek out sblm khbisan mantappp..,Real,1.0,0.0,"{'contradiction': 0, 'template_language': 0, 'excessive_emotion': 0, 'gibberish_spam': 0, 'word_count': 14}",0.0
550,modelnya real pict ada resleting di sakunya bagus hanya bahannya agak tipis klo kena cahaya nerawang/tembus pandang. selebihnya ok lah,5,0,modelnya real pict ada resleting di sakunya bagus hanya bahannya agak tipis klo kena cahaya nerawang...,Real,1.0,0.0,"{'contradiction': 0, 'template_language': 0, 'excessive_emotion': 0, 'gibberish_spam': 0, 'word_count': 20}",0.0
551,"alhamdulillah paketnya sudah sampai, bahannya tebal dan halus ..sesuai keinginan juga untuk harga juga sangat terjangkau ..makasih owner ..semoga toko tambah laris manis...",5,0,"alhamdulillah paketnya sudah sampai, bahannya tebal dan halus ..sesuai keinginan juga untuk harga ju...",Real,1.0,0.0,"{'contradiction': 0, 'template_language': 0, 'excessive_emotion': 0, 'gibberish_spam': 0, 'word_count': 23}",0.0
552,bentuk dan ukuran: sesuai dengan deskripsi bahan: lembut dan tipis banget warna: sesuai pesanan karakteristik: mudah di paham negara hukum tidak dapat dipisahkan dari pah...,5,0,bentuk dan ukuran: sesuai dengan deskripsi bahan: lembut dan tipis banget warna: sesuai pesanan kara...,Real,1.0,0.0,"{'contradiction': 0, 'template_language': 0, 'excessive_emotion': 0, 'gibberish_spam': 0, 'word_count': 25}",0.0
553,"bahan halus,tebal,sesuai pesanan semoga tetep amanah",5,0,"bahan halus,tebal,sesuai pesanan semoga tetep amanah",Real,1.0,0.0,"{'contradiction': 0, 'template_language': 0, 'excessive_emotion': 0, 'gibberish_spam': 0, 'word_count': 6}",0.0
554,"pesanan sudah sampai.bahan sangat tipis dan menerawang,tidak sesuai deskripsi.sangat mengecewakan",2,0,"pesanan sudah sampai.bahan sangat tipis dan menerawang,tidak sesuai deskripsi.sangat mengecewakan",Real,1.0,0.0,"{'contradiction': 0, 'template_language': 0, 'excessive_emotion': 0, 'gibberish_spam': 0, 'word_count': 10}",0.0
555,"bahan nya agak tipis sih,sesuai harga lah ,masih bisa dipakai sehari2,saran untuk yg beli sebaiknya up size agak gak kekecilan",5,0,"bahan nya agak tipis sih,sesuai harga lah ,masih bisa dipakai sehari2,saran untuk yg beli sebaiknya ...",Real,1.0,0.0,"{'contradiction': 0, 'template_language': 0, 'excessive_emotion': 0, 'gibberish_spam': 0, 'word_count': 20}",0.0
556,"bahan agak tipis sesuai lumayan bwt ganti² harga nya juga promo, untuk pengiriman nya cepat",5,0,"bahan agak tipis sesuai lumayan bwt ganti² harga nya juga promo, untuk pengiriman nya cepat",Real,1.0,0.0,"{'contradiction': 0, 'template_language': 0, 'excessive_emotion': 0, 'gibberish_spam': 0, 'word_count': 15}",0.0
557,bentuk dan ukuran: ukuran pas bahan: lumayan bagus dengan harga segitu warna: sesuai pesanan abu dan hitam,4,0,bentuk dan ukuran: ukuran pas bahan: lumayan bagus dengan harga segitu warna: sesuai pesanan abu dan...,Real,1.0,0.0,"{'contradiction': 0, 'template_language': 0, 'excessive_emotion': 0, 'gibberish_spam': 0, 'word_count': 17}",0.0
558,"trusted and recommended seller, service excellent and good quality as described",5,0,"trusted and recommended seller, service excellent and good quality as described",Real,1.0,0.0,"{'contradiction': 0, 'template_language': 0, 'excessive_emotion': 0, 'gibberish_spam': 0, 'word_count': 11}",0.0
559,bentuk dan ukuran: bagus dan sesuai ukuran bahan: lumayan bagus buat harian warna: juga oke,5,0,bentuk dan ukuran: bagus dan sesuai ukuran bahan: lumayan bagus buat harian warna: juga oke,Real,1.0,0.0,"{'contradiction': 0, 'template_language': 0, 'excessive_emotion': 0, 'gibberish_spam': 0, 'word_count': 15}",0.0
560,"mantap celana jogernya,pas banget ukuran nya, nyaman di pakai, terimakasih 🙏 jangan ragu beli di toko ini,amanah dan respon baik, semoga laris manis dan sukses terus 🤲",5,0,"mantap celana jogernya,pas banget ukuran nya, nyaman di pakai, terimakasih 🙏 jangan ragu beli di tok...",Real,1.0,0.0,"{'contradiction': 0, 'template_language': 0, 'excessive_emotion': 0, 'gibberish_spam': 0, 'word_count': 27}",0.0
561,"warna: warnanya yang satu tidak cocok dengan pesanan minta biru navy di kirim hitam, kalau abu tua sudah pas",4,0,"warna: warnanya yang satu tidak cocok dengan pesanan minta biru navy di kirim hitam, kalau abu tua s...",Real,1.0,0.0,"{'contradiction': 0, 'template_language': 0, 'excessive_emotion': 0, 'gibberish_spam': 0, 'word_count': 19}",0.0
562,celana nya bagus bahan tebal. nyaman di pake. makasih untuk toko nya....,5,0,celana nya bagus bahan tebal. nyaman di pake. makasih untuk toko nya....,Real,1.0,0.0,"{'contradiction': 0, 'template_language': 0, 'excessive_emotion': 0, 'gibberish_spam': 0, 'word_count': 12}",0.0
563,bentuk dan ukuran: ukuranya pas sm saya bahan: lumayan alus dan adem di pakai warna: warnanya cocok deh sesuai harapan,5,0,bentuk dan ukuran: ukuranya pas sm saya bahan: lumayan alus dan adem di pakai warna: warnanya cocok ...,Real,1.0,0.0,"{'contradiction': 0, 'template_language': 0, 'excessive_emotion': 0, 'gibberish_spam': 0, 'word_count': 20}",0.0
564,bentuk dan ukuran: pas bahan: halus warna: bagus,5,0,bentuk dan ukuran: pas bahan: halus warna: bagus,Real,1.0,0.0,"{'contradiction': 0, 'template_language': 0, 'excessive_emotion': 0, 'gibberish_spam': 0, 'word_count': 8}",0.0
565,celananya bagus kayaknya nggak terlalu panas terima kasih,5,0,celananya bagus kayaknya nggak terlalu panas terima kasih,Real,1.0,0.0,"{'contradiction': 0, 'template_language': 0, 'excessive_emotion': 0, 'gibberish_spam': 0, 'word_count': 8}",0.0
566,"barang cepat sampai, bahan tebel, dan bagus",5,0,"barang cepat sampai, bahan tebel, dan bagus",Real,1.0,0.0,"{'contradiction': 0, 'template_language': 0, 'excessive_emotion': 0, 'gibberish_spam': 0, 'word_count': 7}",0.0
567,bentuk dan ukuran: ukuran nya pas warna nya juga bagus bahan tebel pastinya suka bngt pokoknya mah.,5,0,bentuk dan ukuran: ukuran nya pas warna nya juga bagus bahan tebel pastinya suka bngt pokoknya mah.,Real,1.0,0.0,"{'contradiction': 0, 'template_language': 0, 'excessive_emotion': 0, 'gibberish_spam': 0, 'word_count': 17}",0.0
568,bentuk dan ukuran: ok.pas bahan: bagus warna: abu tua abu muda karakteristik: nyaman di pakai,5,0,bentuk dan ukuran: ok.pas bahan: bagus warna: abu tua abu muda karakteristik: nyaman di pakai,Real,1.0,0.0,"{'contradiction': 0, 'template_language': 0, 'excessive_emotion': 0, 'gibberish_spam': 0, 'word_count': 15}",0.0
569,"bagus ,nyaman ,dgn hrga segitu lumayan buat suami mancing,kecehan,kotor2an , ad lesliting.nya juga di kantong jdi aman buat nyimpan hp dompet / uang ngak jatuh 👍",5,0,"bagus ,nyaman ,dgn hrga segitu lumayan buat suami mancing,kecehan,kotor2an , ad lesliting.nya juga d...",Real,1.0,0.0,"{'contradiction': 0, 'template_language': 0, 'excessive_emotion': 0, 'gibberish_spam': 0, 'word_count': 26}",0.0
570,"celana traning bahan bagus sesuai harganya,tapi untuk masukan toko penjual ukuran 3xl kaya ukuran xl kak",5,0,"celana traning bahan bagus sesuai harganya,tapi untuk masukan toko penjual ukuran 3xl kaya ukuran xl...",Real,1.0,0.0,"{'contradiction': 0, 'template_language': 0, 'excessive_emotion': 0, 'gibberish_spam': 0, 'word_count': 16}",0.0
571,warna gak sesuai di gambar kecewa bngt di foto keliatan bagus dan tebal yg dateng malah tipis bnget malah warna nya beda. mf saya kasi bintang 2 soalnya saya kurang puas,2,0,warna gak sesuai di gambar kecewa bngt di foto keliatan bagus dan tebal yg dateng malah tipis bnget ...,Real,1.0,0.0,"{'contradiction': 0, 'template_language': 0, 'excessive_emotion': 0, 'gibberish_spam': 0, 'word_count': 31}",0.0
572,yang abu bagus tebel yg hitam agak tipis beda kain hh .gpp bagus murmer juga,5,0,yang abu bagus tebel yg hitam agak tipis beda kain hh .gpp bagus murmer juga,Real,1.0,0.0,"{'contradiction': 0, 'template_language': 0, 'excessive_emotion': 0, 'gibberish_spam': 0, 'word_count': 15}",0.0
573,"bagus, bahannya lumayan tebal, harga murah meriah... hanya saja pesannya hitam navy, yang dateng hitam abu tua... it's ok.... semoga lancar jaya",5,0,"bagus, bahannya lumayan tebal, harga murah meriah... hanya saja pesannya hitam navy, yang dateng hit...",Real,1.0,0.0,"{'contradiction': 0, 'template_language': 0, 'excessive_emotion': 0, 'gibberish_spam': 0, 'word_count': 22}",0.0
574,kurirnya ramah paket nya cepat kondisi baik harga sesuai dengan bahan nya,5,0,kurirnya ramah paket nya cepat kondisi baik harga sesuai dengan bahan nya,Real,1.0,0.0,"{'contradiction': 0, 'template_language': 0, 'excessive_emotion': 0, 'gibberish_spam': 0, 'word_count': 12}",0.0
575,"bentuk dan ukuran: sangat pas bahan: bagus warna: keduanya warna hitam, tapi gak apalah..",5,0,"bentuk dan ukuran: sangat pas bahan: bagus warna: keduanya warna hitam, tapi gak apalah..",Real,1.0,0.0,"{'contradiction': 0, 'template_language': 0, 'excessive_emotion': 0, 'gibberish_spam': 0, 'word_count': 14}",0.0
576,celana kecil ukuran untuk anak smp saya pesan xxl krena tulisan muat 70-85 ternyata tdk muat anak saya sma bb 68. kalau bb 70 saran saya ambil xxxl dan kalau tinggi 165 k...,2,0,celana kecil ukuran untuk anak smp saya pesan xxl krena tulisan muat 70-85 ternyata tdk muat anak sa...,Real,1.0,0.0,"{'contradiction': 0, 'template_language': 0, 'excessive_emotion': 0, 'gibberish_spam': 0, 'word_count': 33}",0.0
577,"baguuus, rekomended, bahan tidak tipis, jangan ragu beli di toko ini ya guys yaaa",5,0,"baguuus, rekomended, bahan tidak tipis, jangan ragu beli di toko ini ya guys yaaa",Real,1.0,0.0,"{'contradiction': 0, 'template_language': 0, 'excessive_emotion': 0, 'gibberish_spam': 0, 'word_count': 14}",0.0
578,contohx tebal tp yg datang tipis kukira sama dengan contohx,3,0,contohx tebal tp yg datang tipis kukira sama dengan contohx,Real,1.0,0.0,"{'contradiction': 0, 'template_language': 0, 'excessive_emotion': 0, 'gibberish_spam': 0, 'word_count': 10}",0.0
579,"alhamdulillah paket sdh di terima, bahan adem. makasih seller. makasih pak paket",5,0,"alhamdulillah paket sdh di terima, bahan adem. makasih seller. makasih pak paket",Real,1.0,0.0,"{'contradiction': 0, 'template_language': 0, 'excessive_emotion': 0, 'gibberish_spam': 0, 'word_count': 12}",0.0
580,"bentuk dan ukuran: beli uk 3xl ternyata tidak sesuai kak, 3xl nya kecil seperti uk xl jd tidak cukup bt aku.. sayang banget padahal celananya bagus bahan: bahannya bagus...",5,0,"bentuk dan ukuran: beli uk 3xl ternyata tidak sesuai kak, 3xl nya kecil seperti uk xl jd tidak cukup...",Real,0.8,2.0,"{'contradiction': 0, 'template_language': 0, 'excessive_emotion': 0, 'gibberish_spam': 0, 'word_count': 29}",0.0
581,celana nya tipis banget ... karet yg d bagian bawah sudah melar banget,4,0,celana nya tipis banget ... karet yg d bagian bawah sudah melar banget,Real,1.0,0.0,"{'contradiction': 0, 'template_language': 0, 'excessive_emotion': 0, 'gibberish_spam': 0, 'word_count': 13}",0.0
582,xl ini mah kecil...panjang nya jg kurang banyak ngatung banget klo dipake...,4,0,xl ini mah kecil...panjang nya jg kurang banyak ngatung banget klo dipake...,Real,0.8,2.0,"{'contradiction': 0, 'template_language': 0, 'excessive_emotion': 0, 'gibberish_spam': 0, 'word_count': 12}",0.0
583,"saya lihat di videonya ada saku dibelakang, ternyata setelah barang sampai tidak ada saku dibelakang...",3,0,"saya lihat di videonya ada saku dibelakang, ternyata setelah barang sampai tidak ada saku dibelakang...",Real,1.0,0.0,"{'contradiction': 0, 'template_language': 0, 'excessive_emotion': 0, 'gibberish_spam': 0, 'word_count': 15}",0.0
584,"alhamdulillah bahan celana nya sangat bagus sesuai harapan, terimakasih penjual nya sangat amanah.",5,0,"alhamdulillah bahan celana nya sangat bagus sesuai harapan, terimakasih penjual nya sangat amanah.",Real,1.0,0.0,"{'contradiction': 0, 'template_language': 0, 'excessive_emotion': 0, 'gibberish_spam': 0, 'word_count': 13}",0.0
585,ukuran nya gk bsa utk dipakai.pendek buat saya.bahan sesuai dengan harga,4,0,ukuran nya gk bsa utk dipakai.pendek buat saya.bahan sesuai dengan harga,Real,1.0,0.0,"{'contradiction': 0, 'template_language': 0, 'excessive_emotion': 0, 'gibberish_spam': 0, 'word_count': 11}",0.0
586,bentuk dan ukuran: pas bahan: lumayan sesuai harga warna: bagus karakteristik: anget jahitan rapi semoga awet,5,0,bentuk dan ukuran: pas bahan: lumayan sesuai harga warna: bagus karakteristik: anget jahitan rapi se...,Fake,0.812,4.24,"{'contradiction': 1, 'template_language': 0, 'excessive_emotion': 0, 'gibberish_spam': 0, 'word_count': 16}",0.413
587,kecewa ukuran xxxi ga muat masa ukuran 80-90kg padahal gedean ternyata kecil 😭,2,0,kecewa ukuran xxxi ga muat masa ukuran 80-90kg padahal gedean ternyata kecil 😭,Real,1.0,0.0,"{'contradiction': 0, 'template_language': 0, 'excessive_emotion': 0, 'gibberish_spam': 0, 'word_count': 13}",0.0
588,"barangnya sangat bgus bahannya adem,dan harganya sesuai dengan kualitas nya👍",5,0,"barangnya sangat bgus bahannya adem,dan harganya sesuai dengan kualitas nya👍",Real,1.0,0.0,"{'contradiction': 0, 'template_language': 0, 'excessive_emotion': 0, 'gibberish_spam': 0, 'word_count': 10}",0.0
589,"alhamdulillah barangnya sudah sampai, celananya bagus, saya suka, tokonya amanah 👍",5,0,"alhamdulillah barangnya sudah sampai, celananya bagus, saya suka, tokonya amanah 👍",Real,1.0,0.0,"{'contradiction': 0, 'template_language': 0, 'excessive_emotion': 0, 'gibberish_spam': 0, 'word_count': 11}",0.0
590,paket sdh diterima kemasan aman cma hrse aku pesen xl tpi ngk papa bisa buat ank bahane bagus jg ....mas kurir jg berlangganan,5,0,paket sdh diterima kemasan aman cma hrse aku pesen xl tpi ngk papa bisa buat ank bahane bagus jg ......,Real,1.0,0.0,"{'contradiction': 0, 'template_language': 0, 'excessive_emotion': 0, 'gibberish_spam': 0, 'word_count': 23}",0.0
591,pket tidak lengkap. yg dipesan isi 2 tp yg datang cuma 1. video unboxing ada tp knp g bisa diupload disini ya?? hnya bukti foto yg bisa diupload. produk ini sya return kr...,2,0,pket tidak lengkap. yg dipesan isi 2 tp yg datang cuma 1. video unboxing ada tp knp g bisa diupload ...,Real,1.0,0.0,"{'contradiction': 0, 'template_language': 0, 'excessive_emotion': 0, 'gibberish_spam': 0, 'word_count': 33}",0.0
592,jadi penjual yg jujur mosok barang nya sm gambarnya dan iklannya tidak sesuai,1,0,jadi penjual yg jujur mosok barang nya sm gambarnya dan iklannya tidak sesuai,Real,1.0,0.0,"{'contradiction': 0, 'template_language': 0, 'excessive_emotion': 0, 'gibberish_spam': 0, 'word_count': 13}",0.0
593,"bagus bahan tebal sesuai dengan gambar makasih buat tik tok, reseller nya semoga amanah",5,0,"bagus bahan tebal sesuai dengan gambar makasih buat tik tok, reseller nya semoga amanah",Real,1.0,0.0,"{'contradiction': 0, 'template_language': 0, 'excessive_emotion': 0, 'gibberish_spam': 0, 'word_count': 14}",0.0
594,terlalu tipis bahany ga sesuai gambar,3,0,terlalu tipis bahany ga sesuai gambar,Real,1.0,0.0,"{'contradiction': 0, 'template_language': 0, 'excessive_emotion': 0, 'gibberish_spam': 0, 'word_count': 6}",0.0
595,"barang datang dengan baik ,, kwalitas baik ,,mantap",5,0,"barang datang dengan baik ,, kwalitas baik ,,mantap",Real,1.0,0.0,"{'contradiction': 0, 'template_language': 0, 'excessive_emotion': 0, 'gibberish_spam': 0, 'word_count': 8}",0.0
596,barang sudah sampai hanya saja ukurannya agak kecil ya di bb 85,4,0,barang sudah sampai hanya saja ukurannya agak kecil ya di bb 85,Real,1.0,0.0,"{'contradiction': 0, 'template_language': 0, 'excessive_emotion': 0, 'gibberish_spam': 0, 'word_count': 12}",0.0
597,"makasi.... toko amanah barang sesuai yang di promosikan , pemgiriman paket aman ,walau,plastik sobek.barang ga cacat,lain kali bungkus di perkuat,makasih.",5,0,"makasi.... toko amanah barang sesuai yang di promosikan , pemgiriman paket aman ,walau,plastik sobek...",Real,1.0,0.0,"{'contradiction': 0, 'template_language': 0, 'excessive_emotion': 0, 'gibberish_spam': 0, 'word_count': 20}",0.0
598,barang nya udah datang pas warna nya bahan nya juga bagus dan baik,4,0,barang nya udah datang pas warna nya bahan nya juga bagus dan baik,Real,1.0,0.0,"{'contradiction': 0, 'template_language': 0, 'excessive_emotion': 0, 'gibberish_spam': 0, 'word_count': 13}",0.0
599,barang datang sesuwai harapan sangat amanah saku adaresletingnya juga,5,0,barang datang sesuwai harapan sangat amanah saku adaresletingnya juga,Real,1.0,0.0,"{'contradiction': 0, 'template_language': 0, 'excessive_emotion': 0, 'gibberish_spam': 0, 'word_count': 9}",0.0
600,bentuk dan ukuran: pas bahan: bagus warna: sesuai pesanan karakteristik: hangat di tubuh,5,0,bentuk dan ukuran: pas bahan: bagus warna: sesuai pesanan karakteristik: hangat di tubuh,Real,1.0,0.0,"{'contradiction': 0, 'template_language': 0, 'excessive_emotion': 0, 'gibberish_spam': 0, 'word_count': 13}",0.0
601,paket dah sampai bagus halus lembut enak dipakai,5,0,paket dah sampai bagus halus lembut enak dipakai,Real,1.0,0.0,"{'contradiction': 0, 'template_language': 0, 'excessive_emotion': 0, 'gibberish_spam': 0, 'word_count': 8}",0.0
602,"alhamdulillah barang nya sudah sampai sesuai pesanan, ukuran nya pas selalu amanah ya untuk toko nya terimakasih 😊",5,0,"alhamdulillah barang nya sudah sampai sesuai pesanan, ukuran nya pas selalu amanah ya untuk toko nya...",Real,1.0,0.0,"{'contradiction': 0, 'template_language': 0, 'excessive_emotion': 0, 'gibberish_spam': 0, 'word_count': 18}",0.0
603,barangnya baru sampe sangat puasss bahannya bagus tokonya amanah,5,0,barangnya baru sampe sangat puasss bahannya bagus tokonya amanah,Real,1.0,0.0,"{'contradiction': 0, 'template_language': 0, 'excessive_emotion': 0, 'gibberish_spam': 0, 'word_count': 9}",0.0
604,ukuran ngepas....kalau dipakai jongkok kurang nyaman agak kurang panjang sedikit....bahan agak tipis dan sesuai harga. tali nya seperti tali sepatu....semoga awet,3,0,ukuran ngepas....kalau dipakai jongkok kurang nyaman agak kurang panjang sedikit....bahan agak tipis...,Fake,0.8,4.0,"{'contradiction': 1, 'template_language': 0, 'excessive_emotion': 0, 'gibberish_spam': 0, 'word_count': 21}",0.333
605,alhamdulillah sudah diterima terimakasih bahan lumayan bagus dan enak dipake ...,5,0,alhamdulillah sudah diterima terimakasih bahan lumayan bagus dan enak dipake ...,Real,1.0,0.0,"{'contradiction': 0, 'template_language': 0, 'excessive_emotion': 0, 'gibberish_spam': 0, 'word_count': 11}",0.0
606,"sangat di sayangkan clana nya yg 1 bolong , mohon lain kali di cek dulu sebelum di kirim 🙏🏻🙏🏻",3,0,"sangat di sayangkan clana nya yg 1 bolong , mohon lain kali di cek dulu sebelum di kirim 🙏🏻🙏🏻",Real,1.0,0.0,"{'contradiction': 0, 'template_language': 0, 'excessive_emotion': 1, 'gibberish_spam': 0, 'word_count': 19}",0.0
607,bahan sesuai harga...walau terawang dikit....tp masih layak pakai ...murah banget pokoknya..,5,0,bahan sesuai harga...walau terawang dikit....tp masih layak pakai ...murah banget pokoknya..,Real,1.0,0.0,"{'contradiction': 0, 'template_language': 0, 'excessive_emotion': 0, 'gibberish_spam': 0, 'word_count': 11}",0.0
608,"bahan nya lumayan tebal adem nyerap keringat, kurir nya baik ramah",5,0,"bahan nya lumayan tebal adem nyerap keringat, kurir nya baik ramah",Real,1.0,0.0,"{'contradiction': 0, 'template_language': 0, 'excessive_emotion': 0, 'gibberish_spam': 0, 'word_count': 11}",0.0
609,"paket sudah di terima sesuai pesanan,bahan halus pengiriman tepat waktu,trima kasih semoga tetep amanah",5,0,"paket sudah di terima sesuai pesanan,bahan halus pengiriman tepat waktu,trima kasih semoga tetep ama...",Real,1.0,0.0,"{'contradiction': 0, 'template_language': 0, 'excessive_emotion': 0, 'gibberish_spam': 0, 'word_count': 14}",0.0
610,produk sesuai banget dengan yg di iklankan intinya produk bagus,5,0,produk sesuai banget dengan yg di iklankan intinya produk bagus,Real,1.0,0.0,"{'contradiction': 0, 'template_language': 0, 'excessive_emotion': 0, 'gibberish_spam': 0, 'word_count': 10}",0.0
611,saya pesan 2 paket isi 4 kok yang datang cuma isi 2 sih kak kecewa banget ..tolong yang 2 lagi di kirim .pengemasanya juga kurang rapi,1,0,saya pesan 2 paket isi 4 kok yang datang cuma isi 2 sih kak kecewa banget ..tolong yang 2 lagi di ki...,Real,1.0,0.0,"{'contradiction': 0, 'template_language': 0, 'excessive_emotion': 0, 'gibberish_spam': 0, 'word_count': 26}",0.0
612,kwalitas barang kurang bagus. rijek pulang,2,0,kwalitas barang kurang bagus. rijek pulang,Real,1.0,0.0,"{'contradiction': 0, 'template_language': 0, 'excessive_emotion': 0, 'gibberish_spam': 0, 'word_count': 6}",0.0
613,bentuk dan ukuran: pas bahan: adem warna: sesuai yg di foto,5,0,bentuk dan ukuran: pas bahan: adem warna: sesuai yg di foto,Real,1.0,0.0,"{'contradiction': 0, 'template_language': 0, 'excessive_emotion': 0, 'gibberish_spam': 0, 'word_count': 11}",0.0
614,bentuk dan ukuran: xl tpi kecil yach biarin lah yg penting enak d pakai nya,5,0,bentuk dan ukuran: xl tpi kecil yach biarin lah yg penting enak d pakai nya,Real,1.0,0.0,"{'contradiction': 0, 'template_language': 0, 'excessive_emotion': 0, 'gibberish_spam': 0, 'word_count': 15}",0.0
615,bentuk dan ukuran: pas bahan: bagus warna: sesuaikeun ya 🙂‍↕️🙂‍↕️,5,0,bentuk dan ukuran: pas bahan: bagus warna: sesuaikeun ya 🙂‍↕️🙂‍↕️,Real,1.0,0.0,"{'contradiction': 0, 'template_language': 0, 'excessive_emotion': 0, 'gibberish_spam': 0, 'word_count': 10}",0.0
616,masa allah kecil dan pendek padahal xxl yah sy selalu kecewaa,1,0,masa allah kecil dan pendek padahal xxl yah sy selalu kecewaa,Real,1.0,0.0,"{'contradiction': 0, 'template_language': 0, 'excessive_emotion': 0, 'gibberish_spam': 0, 'word_count': 11}",0.0
617,alhamdulillah celananya pas di anak aku pengiran juga cepat sukses selalu👍👍👍👍,5,0,alhamdulillah celananya pas di anak aku pengiran juga cepat sukses selalu👍👍👍👍,Real,1.0,0.0,"{'contradiction': 0, 'template_language': 0, 'excessive_emotion': 1, 'gibberish_spam': 0, 'word_count': 11}",0.0
618,"pesenan sesuai, tpi yg abu abu kekecilan",5,0,"pesenan sesuai, tpi yg abu abu kekecilan",Real,1.0,0.0,"{'contradiction': 0, 'template_language': 0, 'excessive_emotion': 0, 'gibberish_spam': 0, 'word_count': 7}",0.0
619,alhamdulillah.barang sdh sampai..bahan bagus sesuai harga..mksh tiktok.mksh bang kurir..,5,0,alhamdulillah.barang sdh sampai..bahan bagus sesuai harga..mksh tiktok.mksh bang kurir..,Real,1.0,0.0,"{'contradiction': 0, 'template_language': 0, 'excessive_emotion': 0, 'gibberish_spam': 0, 'word_count': 9}",0.0
620,bagus banget bahanya tebal ga kecewa,5,0,bagus banget bahanya tebal ga kecewa,Real,0.8,2.0,"{'contradiction': 0, 'template_language': 0, 'excessive_emotion': 0, 'gibberish_spam': 0, 'word_count': 6}",0.0
621,"allhamdulillah paket nya udah nyampai,barang nya bagus sesuai dengan harga,anak juga seneng langsung di pake🤭",5,0,"allhamdulillah paket nya udah nyampai,barang nya bagus sesuai dengan harga,anak juga seneng langsung...",Real,1.0,0.0,"{'contradiction': 0, 'template_language': 0, 'excessive_emotion': 0, 'gibberish_spam': 0, 'word_count': 15}",0.0
622,ini mah bisa buat ngaji.. pas dipake ankku,5,0,ini mah bisa buat ngaji.. pas dipake ankku,Real,1.0,0.0,"{'contradiction': 0, 'template_language': 0, 'excessive_emotion': 0, 'gibberish_spam': 0, 'word_count': 8}",0.0
623,barang dateng sesuai dan bagus sekali...terimakasih seller...sukses selalu dan laris manis,5,0,barang dateng sesuai dan bagus sekali...terimakasih seller...sukses selalu dan laris manis,Real,1.0,0.0,"{'contradiction': 0, 'template_language': 0, 'excessive_emotion': 0, 'gibberish_spam': 0, 'word_count': 11}",0.0
624,alhamdulillah paket celana senam saya sudahdatang saya kecewa baran yg dikirim tdk sesuai ukurannya yg saya l& pesan ukuran xxl bukan xl warna abu abu cocok tapi yg w...,2,0,alhamdulillah paket celana senam saya sudahdatang saya kecewa baran yg dikirim tdk sesuai ukurannya ...,Real,1.0,0.0,"{'contradiction': 0, 'template_language': 0, 'excessive_emotion': 0, 'gibberish_spam': 0, 'word_count': 29}",0.0
625,"barang sdh sampai, aman, makasih gan. bentuk dan ukuran: ok bahan: sesuai harga warna: ok karakteristik: ok",4,0,"barang sdh sampai, aman, makasih gan. bentuk dan ukuran: ok bahan: sesuai harga warna: ok karakteris...",Real,1.0,0.0,"{'contradiction': 0, 'template_language': 0, 'excessive_emotion': 0, 'gibberish_spam': 0, 'word_count': 17}",0.0
626,bahan sedang harga lumayan warna cukup bagus,4,0,bahan sedang harga lumayan warna cukup bagus,Real,1.0,0.0,"{'contradiction': 0, 'template_language': 0, 'excessive_emotion': 0, 'gibberish_spam': 0, 'word_count': 7}",0.0
627,alhamdulillah paketnya sudah sampai celana nya bagus gak kecewa,5,0,alhamdulillah paketnya sudah sampai celana nya bagus gak kecewa,Real,0.8,2.0,"{'contradiction': 0, 'template_language': 0, 'excessive_emotion': 0, 'gibberish_spam': 0, 'word_count': 9}",0.0
628,"murah dan bagus celananya,gk nyesel co,semoga selalu amanah",5,0,"murah dan bagus celananya,gk nyesel co,semoga selalu amanah",Real,1.0,0.0,"{'contradiction': 0, 'template_language': 0, 'excessive_emotion': 0, 'gibberish_spam': 0, 'word_count': 8}",0.0
629,"barang nya halus lmbut,, semoga awet,, terimakasih banyak bosku n si abang kurir nya jga",5,0,"barang nya halus lmbut,, semoga awet,, terimakasih banyak bosku n si abang kurir nya jga",Fake,0.809,4.17,"{'contradiction': 1, 'template_language': 0, 'excessive_emotion': 0, 'gibberish_spam': 0, 'word_count': 15}",0.391
630,bentuk dan ukuran: ukuran xxxl sama dgn ukuran xl bahan: bhan bagus,4,0,bentuk dan ukuran: ukuran xxxl sama dgn ukuran xl bahan: bhan bagus,Real,1.0,0.0,"{'contradiction': 0, 'template_language': 0, 'excessive_emotion': 0, 'gibberish_spam': 0, 'word_count': 12}",0.0
631,bentuk dan ukuran: pas bahan: kaos warna: sesuai bagus. smg gk kecilnya utk suami,5,0,bentuk dan ukuran: pas bahan: kaos warna: sesuai bagus. smg gk kecilnya utk suami,Real,1.0,0.0,"{'contradiction': 0, 'template_language': 0, 'excessive_emotion': 0, 'gibberish_spam': 0, 'word_count': 14}",0.0
632,barang nya sudah sampai kualitas nya lumayan harganya ekonomis pengiriman cepat kurir langganan mudah mudahan awet di pakai nya,4,0,barang nya sudah sampai kualitas nya lumayan harganya ekonomis pengiriman cepat kurir langganan muda...,Real,1.0,0.0,"{'contradiction': 0, 'template_language': 0, 'excessive_emotion': 0, 'gibberish_spam': 0, 'word_count': 19}",0.0
633,barang lumayan ...sesuai harga...ukuran xl nya kecil..klw mu order di sarankan ambil ukuran besar di tambah satu nomer biar pas,4,0,barang lumayan ...sesuai harga...ukuran xl nya kecil..klw mu order di sarankan ambil ukuran besar di...,Real,1.0,0.0,"{'contradiction': 0, 'template_language': 0, 'excessive_emotion': 0, 'gibberish_spam': 0, 'word_count': 20}",0.0
634,kurir ramah dan baik . produk sangat bagus,5,0,kurir ramah dan baik . produk sangat bagus,Fake,0.753,3.06,"{'contradiction': 0, 'template_language': 1, 'excessive_emotion': 0, 'gibberish_spam': 0, 'word_count': 8}",0.353
635,kurang panjang dikit aja barang lumayan ok,5,0,kurang panjang dikit aja barang lumayan ok,Real,0.8,2.0,"{'contradiction': 0, 'template_language': 0, 'excessive_emotion': 0, 'gibberish_spam': 0, 'word_count': 7}",0.0
636,jahitan rapi bagus...murahlah untuk harga segitu,5,0,jahitan rapi bagus...murahlah untuk harga segitu,Real,1.0,0.0,"{'contradiction': 0, 'template_language': 0, 'excessive_emotion': 0, 'gibberish_spam': 0, 'word_count': 6}",0.0
637,warna sesuai oesanan tp karetnya kurang bagus... sesuai hrga bahan: biasa aja,4,0,warna sesuai oesanan tp karetnya kurang bagus... sesuai hrga bahan: biasa aja,Real,0.8,2.0,"{'contradiction': 0, 'template_language': 0, 'excessive_emotion': 0, 'gibberish_spam': 0, 'word_count': 12}",0.0
638,sy pesan bb 90 yg di kirimkan bb 30/40 ya ngak muat lah buat sy tu pinggangnya kecil bangett,1,0,sy pesan bb 90 yg di kirimkan bb 30/40 ya ngak muat lah buat sy tu pinggangnya kecil bangett,Real,1.0,0.0,"{'contradiction': 0, 'template_language': 0, 'excessive_emotion': 0, 'gibberish_spam': 0, 'word_count': 19}",0.0
639,bgus sesuai sm pesanan bhn ya jg lmbut gk pnas bahan: bgus adem gk pnas,5,0,bgus sesuai sm pesanan bhn ya jg lmbut gk pnas bahan: bgus adem gk pnas,Real,1.0,0.0,"{'contradiction': 0, 'template_language': 0, 'excessive_emotion': 0, 'gibberish_spam': 0, 'word_count': 15}",0.0
640,cocok dan sesuai lah sm harga nya. lumayan oke,5,0,cocok dan sesuai lah sm harga nya. lumayan oke,Real,1.0,0.0,"{'contradiction': 0, 'template_language': 0, 'excessive_emotion': 0, 'gibberish_spam': 0, 'word_count': 9}",0.0
641,"bentuk dan ukuran: pas sesuai warna: sesuai pesanan all good, thanks",5,0,"bentuk dan ukuran: pas sesuai warna: sesuai pesanan all good, thanks",Real,1.0,0.0,"{'contradiction': 0, 'template_language': 0, 'excessive_emotion': 0, 'gibberish_spam': 0, 'word_count': 11}",0.0
642,"psket sfh ssmpet, bahannya lembut, mskasih ya kak",5,0,"psket sfh ssmpet, bahannya lembut, mskasih ya kak",Real,1.0,0.0,"{'contradiction': 0, 'template_language': 0, 'excessive_emotion': 0, 'gibberish_spam': 0, 'word_count': 8}",0.0
643,barang sudah sampai dengan selamat dan aman barang bagus sesuai deskripsi di toko,5,0,barang sudah sampai dengan selamat dan aman barang bagus sesuai deskripsi di toko,Real,1.0,0.0,"{'contradiction': 0, 'template_language': 0, 'excessive_emotion': 0, 'gibberish_spam': 0, 'word_count': 13}",0.0
644,"mohon maaf ,barang tidak sesuai ekspektasi",1,0,"mohon maaf ,barang tidak sesuai ekspektasi",Real,1.0,0.0,"{'contradiction': 0, 'template_language': 0, 'excessive_emotion': 0, 'gibberish_spam': 0, 'word_count': 6}",0.0
645,"gaya celana training trendy, pengiriman cepat, paket rapi, kurir ramah. dengan harga 57rb dpt 2 celana, murah itu.",5,0,"gaya celana training trendy, pengiriman cepat, paket rapi, kurir ramah. dengan harga 57rb dpt 2 cela...",Real,1.0,0.0,"{'contradiction': 0, 'template_language': 0, 'excessive_emotion': 0, 'gibberish_spam': 0, 'word_count': 18}",0.0
646,"barang bagus, sesuai pesanan... pengiriman jg cepat..👍",5,0,"barang bagus, sesuai pesanan... pengiriman jg cepat..👍",Real,1.0,0.0,"{'contradiction': 0, 'template_language': 0, 'excessive_emotion': 0, 'gibberish_spam': 0, 'word_count': 7}",0.0
647,"alhamdulillah dah sampe celana joger jogeran nya,ga sesuai sama iklan nya,bahan tipis, trimakasih kurir,sudah amanah dan sabar",3,0,"alhamdulillah dah sampe celana joger jogeran nya,ga sesuai sama iklan nya,bahan tipis, trimakasih ku...",Real,1.0,0.0,"{'contradiction': 0, 'template_language': 0, 'excessive_emotion': 0, 'gibberish_spam': 0, 'word_count': 17}",0.0
648,"barang sdh diterima, bagus, realpict, harga terjangkau",5,0,"barang sdh diterima, bagus, realpict, harga terjangkau",Real,0.714,2.86,"{'contradiction': 0, 'template_language': 1, 'excessive_emotion': 0, 'gibberish_spam': 0, 'word_count': 7}",0.287
649,"barangnya bagus sesuai yg di vt,dipakenya juga enak,moga ada rejeki lagi buat co berikutnya.",5,0,"barangnya bagus sesuai yg di vt,dipakenya juga enak,moga ada rejeki lagi buat co berikutnya.",Real,1.0,0.0,"{'contradiction': 0, 'template_language': 0, 'excessive_emotion': 0, 'gibberish_spam': 0, 'word_count': 14}",0.0
650,mantap...kwalitas ok.. pengiriman cpt.. kurir joss👍👍👍,5,0,mantap...kwalitas ok.. pengiriman cpt.. kurir joss👍👍👍,Real,1.0,0.0,"{'contradiction': 0, 'template_language': 0, 'excessive_emotion': 1, 'gibberish_spam': 0, 'word_count': 6}",0.0
651,"bgus,bhan tebal cocok d pki hari2..",4,0,"bgus,bhan tebal cocok d pki hari2..",Real,1.0,0.0,"{'contradiction': 0, 'template_language': 0, 'excessive_emotion': 0, 'gibberish_spam': 0, 'word_count': 6}",0.0
652,"maaf baru kasih ulasan, celananya bagus & harganya murah tapi tidak murahan 🙏🙏♥️♥️😍",5,0,"maaf baru kasih ulasan, celananya bagus & harganya murah tapi tidak murahan 🙏🙏♥️♥️😍",Real,1.0,0.0,"{'contradiction': 0, 'template_language': 0, 'excessive_emotion': 0, 'gibberish_spam': 0, 'word_count': 13}",0.0
653,"bagus untuk sehari2, next order untuk anak bujang",5,0,"bagus untuk sehari2, next order untuk anak bujang",Real,1.0,0.0,"{'contradiction': 0, 'template_language': 0, 'excessive_emotion': 0, 'gibberish_spam': 0, 'word_count': 8}",0.0
654,bentuk dan ukuran: sesuai pesanan warna: sesuai pesanan,5,0,bentuk dan ukuran: sesuai pesanan warna: sesuai pesanan,Real,1.0,0.0,"{'contradiction': 0, 'template_language': 0, 'excessive_emotion': 0, 'gibberish_spam': 0, 'word_count': 8}",0.0
655,barang diterima sesuai dengan pesanan seler telah menyiapkan pengiriman cepat paking rapi. pengiriman cepat dan kurir bagus.,5,0,barang diterima sesuai dengan pesanan seler telah menyiapkan pengiriman cepat paking rapi. pengirima...,Real,1.0,0.0,"{'contradiction': 0, 'template_language': 0, 'excessive_emotion': 0, 'gibberish_spam': 0, 'word_count': 17}",0.0
656,bahannya bgus lembut dan tidak menerawang...,5,0,bahannya bgus lembut dan tidak menerawang...,Real,1.0,0.0,"{'contradiction': 0, 'template_language': 0, 'excessive_emotion': 0, 'gibberish_spam': 0, 'word_count': 6}",0.0
657,produk realpicture..ukuran sesuai dan pengiriman cepat sampai..,5,0,produk realpicture..ukuran sesuai dan pengiriman cepat sampai..,Real,1.0,0.0,"{'contradiction': 0, 'template_language': 0, 'excessive_emotion': 0, 'gibberish_spam': 0, 'word_count': 7}",0.0
658,alhamdulillah barang bagus dan pengiriman cepat,5,0,alhamdulillah barang bagus dan pengiriman cepat,Real,1.0,0.0,"{'contradiction': 0, 'template_language': 0, 'excessive_emotion': 0, 'gibberish_spam': 0, 'word_count': 6}",0.0
659,"barangnya bagus sekali, sangat senang belanja disini, barangnya sesuai",5,0,"barangnya bagus sekali, sangat senang belanja disini, barangnya sesuai",Real,1.0,0.0,"{'contradiction': 0, 'template_language': 0, 'excessive_emotion': 0, 'gibberish_spam': 0, 'word_count': 9}",0.0
660,bentuk dan ukuran: sesuai dipesan warna: sesuai pesanan,5,0,bentuk dan ukuran: sesuai dipesan warna: sesuai pesanan,Real,1.0,0.0,"{'contradiction': 0, 'template_language': 0, 'excessive_emotion': 0, 'gibberish_spam': 0, 'word_count': 8}",0.0
661,"datang langsung dipakai,lumayan nyaman...",5,0,"datang langsung dipakai,lumayan nyaman...",Real,0.9,1.0,"{'contradiction': 0, 'template_language': 0, 'excessive_emotion': 0, 'gibberish_spam': 0, 'word_count': 4}",0.0
662,"pesanan sudah diterima sesuai yg di pesan,packing rapi , bintang yg berbicara, terimakasih seller, tiktok dan kurirnya",5,0,"pesanan sudah diterima sesuai yg di pesan,packing rapi , bintang yg berbicara, terimakasih seller, t...",Real,1.0,0.0,"{'contradiction': 0, 'template_language': 0, 'excessive_emotion': 0, 'gibberish_spam': 0, 'word_count': 17}",0.0
663,kok diselangkangan ada tambahan seperti ini bukan ukuran yg aku pesan,3,0,kok diselangkangan ada tambahan seperti ini bukan ukuran yg aku pesan,Real,1.0,0.0,"{'contradiction': 0, 'template_language': 0, 'excessive_emotion': 0, 'gibberish_spam': 0, 'word_count': 11}",0.0
664,"bahan tipis, tidak sesuai dengan di gambar",1,0,"bahan tipis, tidak sesuai dengan di gambar",Real,1.0,0.0,"{'contradiction': 0, 'template_language': 0, 'excessive_emotion': 0, 'gibberish_spam': 0, 'word_count': 7}",0.0
665,mantap bagus bgt buat harga segitu gak rugi,5,0,mantap bagus bgt buat harga segitu gak rugi,Real,1.0,0.0,"{'contradiction': 0, 'template_language': 0, 'excessive_emotion': 0, 'gibberish_spam': 0, 'word_count': 8}",0.0
666,sangat sangat buruk.... lainnya tipis tidak sesuai dengan gambar dan iklannya. parah,1,0,sangat sangat buruk.... lainnya tipis tidak sesuai dengan gambar dan iklannya. parah,Real,1.0,0.0,"{'contradiction': 0, 'template_language': 0, 'excessive_emotion': 0, 'gibberish_spam': 0, 'word_count': 12}",0.0
667,penjual nya bohong bukti nya mana beli celana dapet 2 pcs yg datang cuma 1 mana mana,2,0,penjual nya bohong bukti nya mana beli celana dapet 2 pcs yg datang cuma 1 mana mana,Real,1.0,0.0,"{'contradiction': 0, 'template_language': 0, 'excessive_emotion': 0, 'gibberish_spam': 0, 'word_count': 17}",0.0
668,"ada bolongnya, mhon lain x dicek ulang.",3,0,"ada bolongnya, mhon lain x dicek ulang.",Real,1.0,0.0,"{'contradiction': 0, 'template_language': 0, 'excessive_emotion': 0, 'gibberish_spam': 0, 'word_count': 7}",0.0
669,"sip ,cocok sesuai amanah tokonya",5,0,"sip ,cocok sesuai amanah tokonya",Real,0.9,1.0,"{'contradiction': 0, 'template_language': 0, 'excessive_emotion': 0, 'gibberish_spam': 0, 'word_count': 5}",0.0
670,"yg abu ok,pas agak ada longgar nya... yg hitam kok sempit",3,0,"yg abu ok,pas agak ada longgar nya... yg hitam kok sempit",Real,1.0,0.0,"{'contradiction': 0, 'template_language': 0, 'excessive_emotion': 0, 'gibberish_spam': 0, 'word_count': 11}",0.0
671,yg di kirim bukan celana kain tapi training gak sesuai video ...bahan sangat tipis,1,0,yg di kirim bukan celana kain tapi training gak sesuai video ...bahan sangat tipis,Real,1.0,0.0,"{'contradiction': 0, 'template_language': 0, 'excessive_emotion': 0, 'gibberish_spam': 0, 'word_count': 14}",0.0
672,paket nya dah sampai terimakasih sudah amanah paket nya sesuai semoga tokoh nya berkah selalu makin laris penjualan nya makasih juga sama abang kurirnya sudah langganan b...,5,0,paket nya dah sampai terimakasih sudah amanah paket nya sesuai semoga tokoh nya berkah selalu makin ...,Real,1.0,0.0,"{'contradiction': 0, 'template_language': 0, 'excessive_emotion': 0, 'gibberish_spam': 0, 'word_count': 27}",0.0
673,barangnya bagus cepat sampai kurirnya ramah.,5,0,barangnya bagus cepat sampai kurirnya ramah.,Real,1.0,0.0,"{'contradiction': 0, 'template_language': 0, 'excessive_emotion': 0, 'gibberish_spam': 0, 'word_count': 6}",0.0
674,"ukuran pas, sesuai pesanan... *wes ngunu ae",5,0,"ukuran pas, sesuai pesanan... *wes ngunu ae",Real,1.0,0.0,"{'contradiction': 0, 'template_language': 0, 'excessive_emotion': 0, 'gibberish_spam': 0, 'word_count': 7}",0.0
675,barang jelek masa celna panjang di kasihnya tidka sesuai ukuran kapok,1,0,barang jelek masa celna panjang di kasihnya tidka sesuai ukuran kapok,Real,1.0,0.0,"{'contradiction': 0, 'template_language': 0, 'excessive_emotion': 0, 'gibberish_spam': 0, 'word_count': 11}",0.0
676,"kapok beli ditoko ini,barangnya yg dikirim beda ama yg di spil/vt ,tak dpt dipercaya😡😡😡",1,0,"kapok beli ditoko ini,barangnya yg dikirim beda ama yg di spil/vt ,tak dpt dipercaya😡😡😡",Real,1.0,0.0,"{'contradiction': 0, 'template_language': 0, 'excessive_emotion': 1, 'gibberish_spam': 0, 'word_count': 14}",0.0
677,bentuk dan ukuran: sangaaaat paaas di pakeeee pokonya ga ngcewaiiinnn hargnya murah lagiiiiiii,5,0,bentuk dan ukuran: sangaaaat paaas di pakeeee pokonya ga ngcewaiiinnn hargnya murah lagiiiiiii,Fake,0.95,10.11,"{'contradiction': 0, 'template_language': 0, 'excessive_emotion': 0, 'gibberish_spam': 1, 'word_count': 13}",0.371
678,alhamdulillah paket sudah datang realpict kain juga tebel halus trimakasih kak,5,0,alhamdulillah paket sudah datang realpict kain juga tebel halus trimakasih kak,Real,1.0,0.0,"{'contradiction': 0, 'template_language': 0, 'excessive_emotion': 0, 'gibberish_spam': 0, 'word_count': 11}",0.0
679,paketnya sudah diterima dengan baik dan pengemasan rapi terima kasih supliernya,5,0,paketnya sudah diterima dengan baik dan pengemasan rapi terima kasih supliernya,Real,1.0,0.0,"{'contradiction': 0, 'template_language': 0, 'excessive_emotion': 0, 'gibberish_spam': 0, 'word_count': 11}",0.0
680,barang gk sesuai deskripsi,1,0,barang gk sesuai deskripsi,Real,0.9,1.0,"{'contradiction': 0, 'template_language': 0, 'excessive_emotion': 0, 'gibberish_spam': 0, 'word_count': 4}",0.0
681,"barang bagus banget,kain tebal",5,0,"barang bagus banget,kain tebal",Real,0.9,1.0,"{'contradiction': 0, 'template_language': 0, 'excessive_emotion': 0, 'gibberish_spam': 0, 'word_count': 4}",0.0
682,"lumayan baguss walalu tidak sesuwa,lev tiktok trimaksih",5,0,"lumayan baguss walalu tidak sesuwa,lev tiktok trimaksih",Real,1.0,0.0,"{'contradiction': 0, 'template_language': 0, 'excessive_emotion': 0, 'gibberish_spam': 0, 'word_count': 7}",0.0
683,"barang ok,toko amanah sesuai dgn gambar makasih",5,0,"barang ok,toko amanah sesuai dgn gambar makasih",Real,1.0,0.0,"{'contradiction': 0, 'template_language': 0, 'excessive_emotion': 0, 'gibberish_spam': 0, 'word_count': 7}",0.0
684,lumayan lah buat di pake sehari hari,5,0,lumayan lah buat di pake sehari hari,Real,1.0,0.0,"{'contradiction': 0, 'template_language': 0, 'excessive_emotion': 0, 'gibberish_spam': 0, 'word_count': 7}",0.0
685,kecewa pesen panjang dikirim pendek toko tidak amanah bahan nerwang,1,0,kecewa pesen panjang dikirim pendek toko tidak amanah bahan nerwang,Real,1.0,0.0,"{'contradiction': 0, 'template_language': 0, 'excessive_emotion': 0, 'gibberish_spam': 0, 'word_count': 10}",0.0
686,allhamdululah paket nya dah sampe celana nya bagus banget..mantap nanti aku mau pesen lagi,5,0,allhamdululah paket nya dah sampe celana nya bagus banget..mantap nanti aku mau pesen lagi,Real,1.0,0.0,"{'contradiction': 0, 'template_language': 0, 'excessive_emotion': 0, 'gibberish_spam': 0, 'word_count': 14}",0.0
687,barang sesuai pesanan fast respon,5,0,barang sesuai pesanan fast respon,Fake,0.787,3.75,"{'contradiction': 0, 'template_language': 0, 'excessive_emotion': 0, 'gibberish_spam': 0, 'word_count': 5}",0.415
688,bentuk dan ukuran: pas dipakai,5,1,bentuk dan ukuran: pas dipakai,Real,0.9,1.0,"{'contradiction': 0, 'template_language': 0, 'excessive_emotion': 0, 'gibberish_spam': 0, 'word_count': 5}",0.0
689,huh nipu ini si jelek bet tidak sesuai harapan tida amanah semogaa masuk neraka jahanam,1,0,huh nipu ini si jelek bet tidak sesuai harapan tida amanah semogaa masuk neraka jahanam,Real,1.0,0.0,"{'contradiction': 0, 'template_language': 0, 'excessive_emotion': 0, 'gibberish_spam': 0, 'word_count': 15}",0.0
690,harga murah...tapi bagus celanaya,5,0,harga murah...tapi bagus celanaya,Real,0.9,1.0,"{'contradiction': 0, 'template_language': 0, 'excessive_emotion': 0, 'gibberish_spam': 0, 'word_count': 4}",0.0
691,mintanya hitam abu tua yg dkirim abutua navy,3,0,mintanya hitam abu tua yg dkirim abutua navy,Real,1.0,0.0,"{'contradiction': 0, 'template_language': 0, 'excessive_emotion': 0, 'gibberish_spam': 0, 'word_count': 8}",0.0
692,penipu. yang dikirim tidak sesuai. yang dibeli training celana panjang. yang datang celana pendek jelek mahal lagi...,1,0,penipu. yang dikirim tidak sesuai. yang dibeli training celana panjang. yang datang celana pendek je...,Real,1.0,0.0,"{'contradiction': 0, 'template_language': 0, 'excessive_emotion': 0, 'gibberish_spam': 0, 'word_count': 17}",0.0
693,kecewa....celana gak sesuai ...maunya beli buat anak q yg bb 85....tp kok pres banget gk bisa buat jongkok... terpaksa q yg pakai..jd buat yg mau beli uk xxxl itu cuma mu...,3,0,kecewa....celana gak sesuai ...maunya beli buat anak q yg bb 85....tp kok pres banget gk bisa buat j...,Real,1.0,0.0,"{'contradiction': 0, 'template_language': 0, 'excessive_emotion': 0, 'gibberish_spam': 0, 'word_count': 31}",0.0
694,bentuk dan ukuran: bentuk tidak sesuai mengecewakan... mesen ukuran xl malah yg datang kecil.... seukuran anak saya...,1,0,bentuk dan ukuran: bentuk tidak sesuai mengecewakan... mesen ukuran xl malah yg datang kecil.... seu...,Real,1.0,0.0,"{'contradiction': 0, 'template_language': 0, 'excessive_emotion': 0, 'gibberish_spam': 0, 'word_count': 17}",0.0
695,"kak mana kok yg warna abu nya ga ada,cuma yg warna hitam aja 1 jadi satu lagi",1,0,"kak mana kok yg warna abu nya ga ada,cuma yg warna hitam aja 1 jadi satu lagi",Real,1.0,0.0,"{'contradiction': 0, 'template_language': 0, 'excessive_emotion': 0, 'gibberish_spam': 0, 'word_count': 17}",0.0
696,"celananya bagus banget suami suka next order lagi masih mau ngumpulin cuan dulu,...",5,0,"celananya bagus banget suami suka next order lagi masih mau ngumpulin cuan dulu,...",Real,1.0,0.0,"{'contradiction': 0, 'template_language': 0, 'excessive_emotion': 0, 'gibberish_spam': 0, 'word_count': 13}",0.0
697,"paket sudah sampai baru kasih ulasan, lumayan buat sehari² anak akoh",4,0,"paket sudah sampai baru kasih ulasan, lumayan buat sehari² anak akoh",Real,1.0,0.0,"{'contradiction': 0, 'template_language': 0, 'excessive_emotion': 0, 'gibberish_spam': 0, 'word_count': 11}",0.0
698,"paket sudh sampai ,sesuai pesanan pas di pake aq yg bb 55 kg..trima ksih 🙏",5,0,"paket sudh sampai ,sesuai pesanan pas di pake aq yg bb 55 kg..trima ksih 🙏",Real,1.0,0.0,"{'contradiction': 0, 'template_language': 0, 'excessive_emotion': 0, 'gibberish_spam': 0, 'word_count': 15}",0.0
699,kain nya tipis dan nerawang.....tidak sesuai dengan promonya......,1,0,kain nya tipis dan nerawang.....tidak sesuai dengan promonya......,Fake,0.929,6.57,"{'contradiction': 0, 'template_language': 0, 'excessive_emotion': 0, 'gibberish_spam': 1, 'word_count': 8}",0.525
700,maaf sy beli bintang 2 dari komen customer lain koq tebal sedangkan saya dpt yg yach.....? jahitannya jg....?,2,0,maaf sy beli bintang 2 dari komen customer lain koq tebal sedangkan saya dpt yg yach.....? jahitanny...,Fake,0.925,6.5,"{'contradiction': 0, 'template_language': 0, 'excessive_emotion': 0, 'gibberish_spam': 1, 'word_count': 18}",0.499
701,"bahane tipis nerawang, ngatung dipakenya",3,0,"bahane tipis nerawang, ngatung dipakenya",Real,0.9,1.0,"{'contradiction': 0, 'template_language': 0, 'excessive_emotion': 0, 'gibberish_spam': 0, 'word_count': 5}",0.0
702,bentuk dan ukuran: pas dan nyaman,3,0,bentuk dan ukuran: pas dan nyaman,Real,1.0,0.0,"{'contradiction': 0, 'template_language': 0, 'excessive_emotion': 0, 'gibberish_spam': 0, 'word_count': 6}",0.0
703,"tokonya kurang amanah beli nya 4 yg dateng 2 bayar,ttp harga 4 picic, terus sisanya kmna",1,0,"tokonya kurang amanah beli nya 4 yg dateng 2 bayar,ttp harga 4 picic, terus sisanya kmna",Real,1.0,0.0,"{'contradiction': 0, 'template_language': 0, 'excessive_emotion': 0, 'gibberish_spam': 0, 'word_count': 16}",0.0
704,barang sdh sampa bagus kulir ny ramah,5,0,barang sdh sampa bagus kulir ny ramah,Real,1.0,0.0,"{'contradiction': 0, 'template_language': 0, 'excessive_emotion': 0, 'gibberish_spam': 0, 'word_count': 7}",0.0
705,lumayan buat harga segitu walau ga sesuai penawaran,5,0,lumayan buat harga segitu walau ga sesuai penawaran,Real,1.0,0.0,"{'contradiction': 0, 'template_language': 0, 'excessive_emotion': 0, 'gibberish_spam': 0, 'word_count': 8}",0.0
706,barang gaak sesuai pada gambar. jangan belanja di toko ini,1,0,barang gaak sesuai pada gambar. jangan belanja di toko ini,Real,1.0,0.0,"{'contradiction': 0, 'template_language': 0, 'excessive_emotion': 0, 'gibberish_spam': 0, 'word_count': 10}",0.0
707,"barang dah smpai,sangat bagus sesuai pesanan",5,0,"barang dah smpai,sangat bagus sesuai pesanan",Real,1.0,0.0,"{'contradiction': 0, 'template_language': 0, 'excessive_emotion': 0, 'gibberish_spam': 0, 'word_count': 6}",0.0
708,katanya dapet 2 tapi yang datang satu toko nya tidak amanah,1,0,katanya dapet 2 tapi yang datang satu toko nya tidak amanah,Real,1.0,0.0,"{'contradiction': 0, 'template_language': 0, 'excessive_emotion': 0, 'gibberish_spam': 0, 'word_count': 11}",0.0
709,ini gimana yakk saya pesan nya 4 pcs tapi yg dateng cuma 2 pcs dan saya hrus byar 4 pcs.. tolong dikirim lagi yg 2 pcs,1,0,ini gimana yakk saya pesan nya 4 pcs tapi yg dateng cuma 2 pcs dan saya hrus byar 4 pcs.. tolong dik...,Real,1.0,0.0,"{'contradiction': 0, 'template_language': 0, 'excessive_emotion': 0, 'gibberish_spam': 0, 'word_count': 26}",0.0
710,alhamdlh brg smp smg awet jgn ragu bl disini y,5,0,alhamdlh brg smp smg awet jgn ragu bl disini y,Real,1.0,0.0,"{'contradiction': 0, 'template_language': 0, 'excessive_emotion': 0, 'gibberish_spam': 0, 'word_count': 10}",0.0
711,"kwalitas ok dgn hrg segitu, worth it sih",5,0,"kwalitas ok dgn hrg segitu, worth it sih",Real,1.0,0.0,"{'contradiction': 0, 'template_language': 0, 'excessive_emotion': 0, 'gibberish_spam': 0, 'word_count': 8}",0.0
712,saya pesan 2 paket khan pantesnya 4 pcs dapet kok ini 2 pcs aja yg dateng kecewa banget saya,1,0,saya pesan 2 paket khan pantesnya 4 pcs dapet kok ini 2 pcs aja yg dateng kecewa banget saya,Real,1.0,0.0,"{'contradiction': 0, 'template_language': 0, 'excessive_emotion': 0, 'gibberish_spam': 0, 'word_count': 19}",0.0
713,"kecil ukuran anak "" bukan buat orang dewasab",2,0,"kecil ukuran anak "" bukan buat orang dewasab",Real,1.0,0.0,"{'contradiction': 0, 'template_language': 0, 'excessive_emotion': 0, 'gibberish_spam': 0, 'word_count': 8}",0.0
714,apa gk salah kirim ya sy pesan clana panjang isi 2 yg dateng clana pendek isi 5,2,0,apa gk salah kirim ya sy pesan clana panjang isi 2 yg dateng clana pendek isi 5,Real,1.0,0.0,"{'contradiction': 0, 'template_language': 0, 'excessive_emotion': 0, 'gibberish_spam': 0, 'word_count': 17}",0.0
715,"maaf ya kak cln gak sesuai sama yg di viti,trs ukuran tdk sesuai,ukuran pling besar sendiri xxxl,bb 85 gak ckup",1,0,"maaf ya kak cln gak sesuai sama yg di viti,trs ukuran tdk sesuai,ukuran pling besar sendiri xxxl,bb ...",Real,1.0,0.0,"{'contradiction': 0, 'template_language': 0, 'excessive_emotion': 0, 'gibberish_spam': 0, 'word_count': 20}",0.0
716,"alhamdulillah barang bagus, suami suka",4,0,"alhamdulillah barang bagus, suami suka",Real,0.9,1.0,"{'contradiction': 0, 'template_language': 0, 'excessive_emotion': 0, 'gibberish_spam': 0, 'word_count': 5}",0.0
717,"penjual tidak amanah pesen xxl yang dateng malah ukuran m,",1,0,"penjual tidak amanah pesen xxl yang dateng malah ukuran m,",Real,1.0,0.0,"{'contradiction': 0, 'template_language': 0, 'excessive_emotion': 0, 'gibberish_spam': 0, 'word_count': 10}",0.0
718,trimakasih toko sangat amanah ini langsung saya pakai,5,0,trimakasih toko sangat amanah ini langsung saya pakai,Real,1.0,0.0,"{'contradiction': 0, 'template_language': 0, 'excessive_emotion': 0, 'gibberish_spam': 0, 'word_count': 8}",0.0
719,"lain kali sebelum kirim barang tolong lihat dengan teliti,,barang sobek di kirim",2,0,"lain kali sebelum kirim barang tolong lihat dengan teliti,,barang sobek di kirim",Real,1.0,0.0,"{'contradiction': 0, 'template_language': 0, 'excessive_emotion': 0, 'gibberish_spam': 0, 'word_count': 12}",0.0
720,"brang nya udah smpek,bahanya lembut,tapiii bahan tumbuh pandang,",2,0,"brang nya udah smpek,bahanya lembut,tapiii bahan tumbuh pandang,",Real,1.0,0.0,"{'contradiction': 0, 'template_language': 0, 'excessive_emotion': 0, 'gibberish_spam': 0, 'word_count': 8}",0.0
721,bagussssssssssssssssssssssssssssssssssssssssssssssssssssssssssssssssss,5,0,bagussssssssssssssssssssssssssssssssssssssssssssssssssssssssssssssssss,Fake,0.95,11.29,"{'contradiction': 0, 'template_language': 0, 'excessive_emotion': 0, 'gibberish_spam': 1, 'word_count': 1}",0.43
722,"barang dah sampai,harga nya bener murce..mksh seller & kurir",5,0,"barang dah sampai,harga nya bener murce..mksh seller & kurir",Real,1.0,0.0,"{'contradiction': 0, 'template_language': 0, 'excessive_emotion': 0, 'gibberish_spam': 0, 'word_count': 9}",0.0
723,bahan: lumayan tipis ya,4,0,bahan: lumayan tipis ya,Real,0.9,1.0,"{'contradiction': 0, 'template_language': 0, 'excessive_emotion': 0, 'gibberish_spam': 0, 'word_count': 4}",0.0
724,alhmdulillah barang nya sudah sampe bagus aku suka trimakasih,5,0,alhmdulillah barang nya sudah sampe bagus aku suka trimakasih,Real,1.0,0.0,"{'contradiction': 0, 'template_language': 0, 'excessive_emotion': 0, 'gibberish_spam': 0, 'word_count': 9}",0.0
725,cukup bagus sesuai dengan harganya,5,0,cukup bagus sesuai dengan harganya,Real,0.9,1.0,"{'contradiction': 0, 'template_language': 0, 'excessive_emotion': 0, 'gibberish_spam': 0, 'word_count': 5}",0.0
726,alhamdulillah barang nya udah sampai .. warna dan ukuran sesuai,5,0,alhamdulillah barang nya udah sampai .. warna dan ukuran sesuai,Real,1.0,0.0,"{'contradiction': 0, 'template_language': 0, 'excessive_emotion': 0, 'gibberish_spam': 0, 'word_count': 10}",0.0
727,"bahan bagus semua bagus hanya di bagian kantong kurang, kaya bakalan gampang berudul",5,0,"bahan bagus semua bagus hanya di bagian kantong kurang, kaya bakalan gampang berudul",Real,0.8,2.0,"{'contradiction': 0, 'template_language': 0, 'excessive_emotion': 0, 'gibberish_spam': 0, 'word_count': 13}",0.0
728,"paket sdh diterima terimakasih seller,dan kurir ramah gercep🙏🙏🙏",5,0,"paket sdh diterima terimakasih seller,dan kurir ramah gercep🙏🙏🙏",Real,1.0,0.0,"{'contradiction': 0, 'template_language': 0, 'excessive_emotion': 1, 'gibberish_spam': 0, 'word_count': 8}",0.0
729,bentuk tidak sesuai dan ukuran kecil kurang besar bahan: tidak sesuai dengan iklan warna: biasa,4,0,bentuk tidak sesuai dan ukuran kecil kurang besar bahan: tidak sesuai dengan iklan warna: biasa,Real,0.8,2.0,"{'contradiction': 0, 'template_language': 0, 'excessive_emotion': 0, 'gibberish_spam': 0, 'word_count': 15}",0.0
730,prodak bagus yang satu kecil satunya pas bahan oke adem enak di pakai,5,0,prodak bagus yang satu kecil satunya pas bahan oke adem enak di pakai,Real,1.0,0.0,"{'contradiction': 0, 'template_language': 0, 'excessive_emotion': 0, 'gibberish_spam': 0, 'word_count': 13}",0.0
731,"barang sesuai pesanan, kurir rama",5,0,"barang sesuai pesanan, kurir rama",Real,0.9,1.0,"{'contradiction': 0, 'template_language': 0, 'excessive_emotion': 0, 'gibberish_spam': 0, 'word_count': 5}",0.0
732,"bahanx halus dan adem,enak d pakai ngk panas",5,0,"bahanx halus dan adem,enak d pakai ngk panas",Real,1.0,0.0,"{'contradiction': 0, 'template_language': 0, 'excessive_emotion': 0, 'gibberish_spam': 0, 'word_count': 8}",0.0
733,bentuk dan ukuran: sesuai cuma kurang besar dikit bahan: nyaman,5,0,bentuk dan ukuran: sesuai cuma kurang besar dikit bahan: nyaman,Real,0.8,2.0,"{'contradiction': 0, 'template_language': 0, 'excessive_emotion': 0, 'gibberish_spam': 0, 'word_count': 10}",0.0
734,bentuk dan ukuran: panjang.y kurang bahan: tebal warna: sesuai di bio karakteristik: nyaman di pakai,5,0,bentuk dan ukuran: panjang.y kurang bahan: tebal warna: sesuai di bio karakteristik: nyaman di pakai,Real,0.8,2.0,"{'contradiction': 0, 'template_language': 0, 'excessive_emotion': 0, 'gibberish_spam': 0, 'word_count': 15}",0.0
735,celana bagus bahan tebal cocok dipakai untuk jogging dipakai di hawa dingin pengin order lagi makasih shoope kurir baik ramah karna udah langganan,5,0,celana bagus bahan tebal cocok dipakai untuk jogging dipakai di hawa dingin pengin order lagi makasi...,Real,1.0,0.0,"{'contradiction': 0, 'template_language': 0, 'excessive_emotion': 0, 'gibberish_spam': 0, 'word_count': 23}",0.0
736,"produknya bagus, tapi bahannya tipis, pengiriman cepat, terima kasih",5,0,"produknya bagus, tapi bahannya tipis, pengiriman cepat, terima kasih",Real,1.0,0.0,"{'contradiction': 0, 'template_language': 0, 'excessive_emotion': 0, 'gibberish_spam': 0, 'word_count': 9}",0.0
737,bentuk dan ukuran: bagus dan ukurannya kecil bahan: tipis menerawang karakteristik: bahan panas warna: ok,5,0,bentuk dan ukuran: bagus dan ukurannya kecil bahan: tipis menerawang karakteristik: bahan panas warn...,Real,1.0,0.0,"{'contradiction': 0, 'template_language': 0, 'excessive_emotion': 0, 'gibberish_spam': 0, 'word_count': 15}",0.0
738,"bahan kualitas baik, ukuran sesusi, harga terjangkau",5,0,"bahan kualitas baik, ukuran sesusi, harga terjangkau",Fake,0.767,3.34,"{'contradiction': 0, 'template_language': 1, 'excessive_emotion': 0, 'gibberish_spam': 0, 'word_count': 7}",0.446
739,bentuk dan ukuran: pas bahan: agak tipis tapi gak apa warna: sesuai dg pesanan,5,0,bentuk dan ukuran: pas bahan: agak tipis tapi gak apa warna: sesuai dg pesanan,Real,1.0,0.0,"{'contradiction': 0, 'template_language': 0, 'excessive_emotion': 0, 'gibberish_spam': 0, 'word_count': 14}",0.0
740,"alhamdulillah paket sudah sampai , bahannya aga tipis tapi adem dan nyaman dipake .",5,0,"alhamdulillah paket sudah sampai , bahannya aga tipis tapi adem dan nyaman dipake .",Real,1.0,0.0,"{'contradiction': 0, 'template_language': 0, 'excessive_emotion': 0, 'gibberish_spam': 0, 'word_count': 14}",0.0
741,"bentuk dan ukuran: pas sesuai dengan harga, tipis menerawaang tapi jahitan bagus dan rapi",5,0,"bentuk dan ukuran: pas sesuai dengan harga, tipis menerawaang tapi jahitan bagus dan rapi",Real,1.0,0.0,"{'contradiction': 0, 'template_language': 0, 'excessive_emotion': 0, 'gibberish_spam': 0, 'word_count': 14}",0.0
742,bahan: bagus dengan harga segitu bentuk dan ukuran: bentuk bagus ukurannya xxl tapi kecil aku pesen untuk orang dewasa tpi yang datang untuk anak-anak warna: warna sesue...,5,0,bahan: bagus dengan harga segitu bentuk dan ukuran: bentuk bagus ukurannya xxl tapi kecil aku pesen ...,Real,1.0,0.0,"{'contradiction': 0, 'template_language': 0, 'excessive_emotion': 0, 'gibberish_spam': 0, 'word_count': 27}",0.0
743,"bahan tipis, warna realpic ukuran sesuai lumayan lah hrg segitu dipakai buat sehari2",5,0,"bahan tipis, warna realpic ukuran sesuai lumayan lah hrg segitu dipakai buat sehari2",Real,1.0,0.0,"{'contradiction': 0, 'template_language': 0, 'excessive_emotion': 0, 'gibberish_spam': 0, 'word_count': 13}",0.0
744,"bentuk dan ukuran: pas bahan: bagus , nyaman di pakai warna: ok, sesuai pesanan",5,0,"bentuk dan ukuran: pas bahan: bagus , nyaman di pakai warna: ok, sesuai pesanan",Real,1.0,0.0,"{'contradiction': 0, 'template_language': 0, 'excessive_emotion': 0, 'gibberish_spam': 0, 'word_count': 14}",0.0
745,"bentuk dan ukuran: ukuran pas untuk bb 56 min,longgar dikit tp pas tidak kegedean,warna sangat sesuai dengan pesanan",4,0,"bentuk dan ukuran: ukuran pas untuk bb 56 min,longgar dikit tp pas tidak kegedean,warna sangat sesua...",Real,1.0,0.0,"{'contradiction': 0, 'template_language': 0, 'excessive_emotion': 0, 'gibberish_spam': 0, 'word_count': 18}",0.0
746,bentuk dan ukuran: pas dan nyaman warna: sesuai ekspetasi bahan: lembut dan nyaman,5,0,bentuk dan ukuran: pas dan nyaman warna: sesuai ekspetasi bahan: lembut dan nyaman,Real,1.0,0.0,"{'contradiction': 0, 'template_language': 0, 'excessive_emotion': 0, 'gibberish_spam': 0, 'word_count': 13}",0.0
747,bentuk dan ukuran: kurang sesuai bahan: bagus warna: kalem barangnya udah sampai bagus buat dipakai hari2 nyaman dan melar bahannya..cuma aga kecil dikit,5,0,bentuk dan ukuran: kurang sesuai bahan: bagus warna: kalem barangnya udah sampai bagus buat dipakai ...,Real,0.8,2.0,"{'contradiction': 0, 'template_language': 0, 'excessive_emotion': 0, 'gibberish_spam': 0, 'word_count': 23}",0.0
748,bahannya tipis warna hitam dan abu abu tua nyaman di pakai,4,0,bahannya tipis warna hitam dan abu abu tua nyaman di pakai,Real,1.0,0.0,"{'contradiction': 0, 'template_language': 0, 'excessive_emotion': 0, 'gibberish_spam': 0, 'word_count': 11}",0.0
749,tipis ya sesuai harga.. celana hitamnya sempit .. abu masih muat tpi ngerinya jg sekali pakai sobek jahitannya 😁,4,0,tipis ya sesuai harga.. celana hitamnya sempit .. abu masih muat tpi ngerinya jg sekali pakai sobek ...,Real,1.0,0.0,"{'contradiction': 0, 'template_language': 0, 'excessive_emotion': 0, 'gibberish_spam': 0, 'word_count': 19}",0.0
750,bahan: bahan bagus warna: sesuai peseno bentuk dan ukuran: longgar,5,0,bahan: bahan bagus warna: sesuai peseno bentuk dan ukuran: longgar,Real,1.0,0.0,"{'contradiction': 0, 'template_language': 0, 'excessive_emotion': 0, 'gibberish_spam': 0, 'word_count': 10}",0.0
751,barang sdh diterima dgn baik makasih seller dan bang kurirnya,5,0,barang sdh diterima dgn baik makasih seller dan bang kurirnya,Real,1.0,0.0,"{'contradiction': 0, 'template_language': 0, 'excessive_emotion': 0, 'gibberish_spam': 0, 'word_count': 10}",0.0
752,bahannya lumayan halus tapi tipis dan nerawang... bentuk dan ukuran: sesuai dengan pesanan bahan: tipis dan menerawang warna: sesuai dg gambar karakteristik: tipis dan ne...,4,0,bahannya lumayan halus tapi tipis dan nerawang... bentuk dan ukuran: sesuai dengan pesanan bahan: ti...,Real,1.0,0.0,"{'contradiction': 0, 'template_language': 0, 'excessive_emotion': 0, 'gibberish_spam': 0, 'word_count': 25}",0.0
753,"sesuai harga, barang tidak tipis,tidak tebal",5,0,"sesuai harga, barang tidak tipis,tidak tebal",Real,1.0,0.0,"{'contradiction': 0, 'template_language': 0, 'excessive_emotion': 0, 'gibberish_spam': 0, 'word_count': 6}",0.0
754,bentuk dan ukuran: agak press bahan: nyaman/pas warna: sesuai,4,0,bentuk dan ukuran: agak press bahan: nyaman/pas warna: sesuai,Real,1.0,0.0,"{'contradiction': 0, 'template_language': 0, 'excessive_emotion': 0, 'gibberish_spam': 0, 'word_count': 9}",0.0
755,langsung di pakek ama pak su...seneng bgt murah terima kasihh,5,0,langsung di pakek ama pak su...seneng bgt murah terima kasihh,Real,1.0,0.0,"{'contradiction': 0, 'template_language': 0, 'excessive_emotion': 0, 'gibberish_spam': 0, 'word_count': 10}",0.0
756,bentuk dan ukuran: sesuai bahan: halus enak di pake warna: sesuai,5,0,bentuk dan ukuran: sesuai bahan: halus enak di pake warna: sesuai,Real,1.0,0.0,"{'contradiction': 0, 'template_language': 0, 'excessive_emotion': 0, 'gibberish_spam': 0, 'word_count': 11}",0.0
757,paket udah sampe ukuran pas bahan lumayan sesuai harga cma sedikit di bagian kantong benang nya masih berantakan tpi bagus maksih seler semoga lancar jualan 🙏,5,0,paket udah sampe ukuran pas bahan lumayan sesuai harga cma sedikit di bagian kantong benang nya masi...,Real,1.0,0.0,"{'contradiction': 0, 'template_language': 0, 'excessive_emotion': 0, 'gibberish_spam': 0, 'word_count': 26}",0.0
758,bentuk dan ukuran: pas bahan: adem tebal warna: pas permintaan saya tak mau banyak komentar soalnya cocok banget buat saya,5,0,bentuk dan ukuran: pas bahan: adem tebal warna: pas permintaan saya tak mau banyak komentar soalnya ...,Real,1.0,0.0,"{'contradiction': 0, 'template_language': 0, 'excessive_emotion': 0, 'gibberish_spam': 0, 'word_count': 20}",0.0
759,"bahan nya adem dan tipis,lumayan buat sehari2 di rmh dan buat olah raga juga",5,0,"bahan nya adem dan tipis,lumayan buat sehari2 di rmh dan buat olah raga juga",Real,1.0,0.0,"{'contradiction': 0, 'template_language': 0, 'excessive_emotion': 0, 'gibberish_spam': 0, 'word_count': 14}",0.0
760,bahannya halus nyaman d pakai sehari hari,5,0,bahannya halus nyaman d pakai sehari hari,Real,1.0,0.0,"{'contradiction': 0, 'template_language': 0, 'excessive_emotion': 0, 'gibberish_spam': 0, 'word_count': 7}",0.0
761,"bahan nya tipis beda bgt sama yg di video, lumayan lah buat sehari hari mah",4,0,"bahan nya tipis beda bgt sama yg di video, lumayan lah buat sehari hari mah",Real,1.0,0.0,"{'contradiction': 0, 'template_language': 0, 'excessive_emotion': 0, 'gibberish_spam': 0, 'word_count': 15}",0.0
762,"bahan kainnya bagus, tidak tipis dan adem. worth it",5,0,"bahan kainnya bagus, tidak tipis dan adem. worth it",Real,1.0,0.0,"{'contradiction': 0, 'template_language': 0, 'excessive_emotion': 0, 'gibberish_spam': 0, 'word_count': 9}",0.0
763,sesuai harga sayang bahannya ga melar jg bahan nya panas. .,4,0,sesuai harga sayang bahannya ga melar jg bahan nya panas. .,Real,1.0,0.0,"{'contradiction': 0, 'template_language': 0, 'excessive_emotion': 0, 'gibberish_spam': 0, 'word_count': 11}",0.0
764,"bahan bgus halus cuma yg hitam tipis, yg abu abu lumayan tebel",5,0,"bahan bgus halus cuma yg hitam tipis, yg abu abu lumayan tebel",Real,1.0,0.0,"{'contradiction': 0, 'template_language': 0, 'excessive_emotion': 0, 'gibberish_spam': 0, 'word_count': 12}",0.0
765,"bentuk dan ukuran: ukurannya kecil,, saya pesan yang ukuran bb 60-80kg bahan: bahannya tipis jd menerawang trus tidak melar warna: warnanya sesuai",4,0,"bentuk dan ukuran: ukurannya kecil,, saya pesan yang ukuran bb 60-80kg bahan: bahannya tipis jd mene...",Real,1.0,0.0,"{'contradiction': 0, 'template_language': 0, 'excessive_emotion': 0, 'gibberish_spam': 0, 'word_count': 22}",0.0
766,bentuk dan ukuran: pas dgn ukurannya bahan: bagus warna: cocok dgn aku minta,4,0,bentuk dan ukuran: pas dgn ukurannya bahan: bagus warna: cocok dgn aku minta,Real,1.0,0.0,"{'contradiction': 0, 'template_language': 0, 'excessive_emotion': 0, 'gibberish_spam': 0, 'word_count': 13}",0.0
767,celana nya bagus enak di pake bahan nya juga bagus.. trimakasih juga buat kurir nya..,5,0,celana nya bagus enak di pake bahan nya juga bagus.. trimakasih juga buat kurir nya..,Real,1.0,0.0,"{'contradiction': 0, 'template_language': 0, 'excessive_emotion': 0, 'gibberish_spam': 0, 'word_count': 15}",0.0
768,alhamdulilah pesenan sudah sampe . bahan adem sesuai harga agak tipis dikit😁🙏,5,0,alhamdulilah pesenan sudah sampe . bahan adem sesuai harga agak tipis dikit😁🙏,Real,1.0,0.0,"{'contradiction': 0, 'template_language': 0, 'excessive_emotion': 0, 'gibberish_spam': 0, 'word_count': 12}",0.0
769,"untuk harga 50 2pcs worth it sih, tapi sayang bahan terlalu tipis bahkan nerawang. tp gak papa. ukuran sesuai, tapi keknya bakal melar kalo udh di cuci",4,0,"untuk harga 50 2pcs worth it sih, tapi sayang bahan terlalu tipis bahkan nerawang. tp gak papa. ukur...",Real,1.0,0.0,"{'contradiction': 0, 'template_language': 0, 'excessive_emotion': 0, 'gibberish_spam': 0, 'word_count': 27}",0.0
770,"bahannya adem,nyaman dipakai,pokoknya amanah trus buat tokonya.makasih",5,0,"bahannya adem,nyaman dipakai,pokoknya amanah trus buat tokonya.makasih",Real,1.0,0.0,"{'contradiction': 0, 'template_language': 0, 'excessive_emotion': 0, 'gibberish_spam': 0, 'word_count': 7}",0.0
771,paket sudah sampe pengiriman sangat cepat sayangnya bahan tipis,5,0,paket sudah sampe pengiriman sangat cepat sayangnya bahan tipis,Fake,0.751,3.01,"{'contradiction': 0, 'template_language': 1, 'excessive_emotion': 0, 'gibberish_spam': 0, 'word_count': 9}",0.338
772,bentuk dan ukuran: pas bahan: halus warna: sesuai karakteristik: bagus,5,0,bentuk dan ukuran: pas bahan: halus warna: sesuai karakteristik: bagus,Real,1.0,0.0,"{'contradiction': 0, 'template_language': 0, 'excessive_emotion': 0, 'gibberish_spam': 0, 'word_count': 10}",0.0
773,terimakasih barang sudah sampai.. lumayan tebel.mudah2 an awet..,5,0,terimakasih barang sudah sampai.. lumayan tebel.mudah2 an awet..,Real,1.0,0.0,"{'contradiction': 0, 'template_language': 0, 'excessive_emotion': 0, 'gibberish_spam': 0, 'word_count': 8}",0.0
774,"ukuran kurang gede agak tipis,tapi sesuai harga yah...",5,0,"ukuran kurang gede agak tipis,tapi sesuai harga yah...",Real,0.8,2.0,"{'contradiction': 0, 'template_language': 0, 'excessive_emotion': 0, 'gibberish_spam': 0, 'word_count': 8}",0.0
775,respons cepat n pengiriman cepat...bahannya tipis...,5,0,respons cepat n pengiriman cepat...bahannya tipis...,Real,1.0,0.0,"{'contradiction': 0, 'template_language': 0, 'excessive_emotion': 0, 'gibberish_spam': 0, 'word_count': 6}",0.0
776,"bagus bahannya, nyaman dipakainya,cepat pengiriman",5,0,"bagus bahannya, nyaman dipakainya,cepat pengiriman",Real,0.9,1.0,"{'contradiction': 0, 'template_language': 0, 'excessive_emotion': 0, 'gibberish_spam': 0, 'word_count': 5}",0.0
777,paketnya sudah sampe pekingnya rapi mantap👍👍👍👍👍👍👍👍👍👍👍👍👍👍👍👍👍👍,5,0,paketnya sudah sampe pekingnya rapi mantap👍👍👍👍👍👍👍👍👍👍👍👍👍👍👍👍👍👍,Fake,0.921,6.41,"{'contradiction': 0, 'template_language': 0, 'excessive_emotion': 1, 'gibberish_spam': 1, 'word_count': 6}",0.47
778,"barangnya udh saya terima dengan baik dan sesuai dengan pesanan bos,produk dijamin asli dan original bos,codnya super cepat sekali bos",5,0,"barangnya udh saya terima dengan baik dan sesuai dengan pesanan bos,produk dijamin asli dan original...",Real,1.0,0.0,"{'contradiction': 0, 'template_language': 0, 'excessive_emotion': 0, 'gibberish_spam': 0, 'word_count': 20}",0.0
779,"produk.nya saya suka kain.nya sangat tebal dan dingin, cuma yg dobel xxl kanyak.nya kurang besar untuk berat badan 70-80...",5,0,"produk.nya saya suka kain.nya sangat tebal dan dingin, cuma yg dobel xxl kanyak.nya kurang besar unt...",Real,0.8,2.0,"{'contradiction': 0, 'template_language': 0, 'excessive_emotion': 0, 'gibberish_spam': 0, 'word_count': 19}",0.0
780,rumayan murah bisa buat santai santai,5,0,rumayan murah bisa buat santai santai,Real,1.0,0.0,"{'contradiction': 0, 'template_language': 0, 'excessive_emotion': 0, 'gibberish_spam': 0, 'word_count': 6}",0.0
781,bahan: beli kedua kalinya... bahan nya ga sama dengan yg pertama beli... bahan nya klo dipegang kayak berbahan kardus? pertama beli bahan kaos bagus,4,0,bahan: beli kedua kalinya... bahan nya ga sama dengan yg pertama beli... bahan nya klo dipegang kaya...,Real,1.0,0.0,"{'contradiction': 0, 'template_language': 0, 'excessive_emotion': 0, 'gibberish_spam': 0, 'word_count': 24}",0.0
782,mksh paket nya sudah sampe barang lumayan bagus dgn harga segitu👍👍👍,5,0,mksh paket nya sudah sampe barang lumayan bagus dgn harga segitu👍👍👍,Real,1.0,0.0,"{'contradiction': 0, 'template_language': 0, 'excessive_emotion': 1, 'gibberish_spam': 0, 'word_count': 11}",0.0
783,bentuk dan ukuran: uk pas bahan: halus karakteristik: bagus warna: sesuai,5,0,bentuk dan ukuran: uk pas bahan: halus karakteristik: bagus warna: sesuai,Real,1.0,0.0,"{'contradiction': 0, 'template_language': 0, 'excessive_emotion': 0, 'gibberish_spam': 0, 'word_count': 11}",0.0
784,"toko amanah,bahan adem meskipun sedikit tipis sesuai lah sm harganya...barang dtg sesuai pesanan,packing aman...trimksh sukses trus ka",5,0,"toko amanah,bahan adem meskipun sedikit tipis sesuai lah sm harganya...barang dtg sesuai pesanan,pac...",Real,1.0,0.0,"{'contradiction': 0, 'template_language': 0, 'excessive_emotion': 0, 'gibberish_spam': 0, 'word_count': 17}",0.0
785,bahan: pas bagus bentuk dan ukuran: baik warna: cocok sesuai yg d pesan,5,0,bahan: pas bagus bentuk dan ukuran: baik warna: cocok sesuai yg d pesan,Real,1.0,0.0,"{'contradiction': 0, 'template_language': 0, 'excessive_emotion': 0, 'gibberish_spam': 0, 'word_count': 13}",0.0
786,yang hitam bahannya biasa yang abu agak tebal,5,0,yang hitam bahannya biasa yang abu agak tebal,Real,1.0,0.0,"{'contradiction': 0, 'template_language': 0, 'excessive_emotion': 0, 'gibberish_spam': 0, 'word_count': 8}",0.0
787,packing bagus...barang mantap..bahan halus & nyaman,5,0,packing bagus...barang mantap..bahan halus & nyaman,Real,1.0,0.0,"{'contradiction': 0, 'template_language': 0, 'excessive_emotion': 0, 'gibberish_spam': 0, 'word_count': 6}",0.0
788,calananya sangat bagus dan berkualitas nyaman d pakai suami suka dengan celana ya,5,0,calananya sangat bagus dan berkualitas nyaman d pakai suami suka dengan celana ya,Real,1.0,0.0,"{'contradiction': 0, 'template_language': 0, 'excessive_emotion': 0, 'gibberish_spam': 0, 'word_count': 13}",0.0
789,"sesuai pesanan,,,tapi kainnya agak tipis😔",5,0,"sesuai pesanan,,,tapi kainnya agak tipis😔",Real,0.9,1.0,"{'contradiction': 0, 'template_language': 0, 'excessive_emotion': 0, 'gibberish_spam': 0, 'word_count': 5}",0.0
790,"alhamdulillah paket aman rapih bahan bagus teball nyaman di pake makasih,",5,0,"alhamdulillah paket aman rapih bahan bagus teball nyaman di pake makasih,",Real,1.0,0.0,"{'contradiction': 0, 'template_language': 0, 'excessive_emotion': 0, 'gibberish_spam': 0, 'word_count': 11}",0.0
791,"bahan nya bagus cuma kok ukuran jumbo xxxl kelihatan kecil bukan jumbo,tapi bahan nya mantul habis",5,0,"bahan nya bagus cuma kok ukuran jumbo xxxl kelihatan kecil bukan jumbo,tapi bahan nya mantul habis",Real,1.0,0.0,"{'contradiction': 0, 'template_language': 0, 'excessive_emotion': 0, 'gibberish_spam': 0, 'word_count': 16}",0.0
792,bentuk dan ukuran: pas bahan: bagus warna: cocok,5,0,bentuk dan ukuran: pas bahan: bagus warna: cocok,Real,1.0,0.0,"{'contradiction': 0, 'template_language': 0, 'excessive_emotion': 0, 'gibberish_spam': 0, 'word_count': 8}",0.0
793,bagus nyaman di pakai tapi aga kebesaran tapi it's okey lah,5,0,bagus nyaman di pakai tapi aga kebesaran tapi it's okey lah,Real,1.0,0.0,"{'contradiction': 0, 'template_language': 0, 'excessive_emotion': 0, 'gibberish_spam': 0, 'word_count': 11}",0.0
794,bentuk dan ukuran: celana bagus sayang kurang panjang. pdhl ukuran 37. biasanya ukuran 35.,4,0,bentuk dan ukuran: celana bagus sayang kurang panjang. pdhl ukuran 37. biasanya ukuran 35.,Real,0.8,2.0,"{'contradiction': 0, 'template_language': 0, 'excessive_emotion': 0, 'gibberish_spam': 0, 'word_count': 14}",0.0
795,"maaf ya baru kalih ulasan saya ambil uk xl yg ktanya muat sampi bb 6080,tpi ternya kecil dan gk muat di anak saya yg bb ny 58,nyesel banget",4,0,"maaf ya baru kalih ulasan saya ambil uk xl yg ktanya muat sampi bb 6080,tpi ternya kecil dan gk muat...",Real,1.0,0.0,"{'contradiction': 0, 'template_language': 0, 'excessive_emotion': 0, 'gibberish_spam': 0, 'word_count': 28}",0.0
796,bentuk dan ukuran: pas bahan: bagus banget warna: sesuai,5,0,bentuk dan ukuran: pas bahan: bagus banget warna: sesuai,Real,1.0,0.0,"{'contradiction': 0, 'template_language': 0, 'excessive_emotion': 0, 'gibberish_spam': 0, 'word_count': 9}",0.0
797,"lumayan barangnya,untuk ukurnya xl kog kurng panjng dikit bentuk dan ukuran: bentuknya bagus tpi ukuranya xl kurng panjng dikit",4,0,"lumayan barangnya,untuk ukurnya xl kog kurng panjng dikit bentuk dan ukuran: bentuknya bagus tpi uku...",Real,1.0,0.0,"{'contradiction': 0, 'template_language': 0, 'excessive_emotion': 0, 'gibberish_spam': 0, 'word_count': 19}",0.0
798,celananya.. ok ukuran pas lainnya adem n nyaman di pakai harian,5,0,celananya.. ok ukuran pas lainnya adem n nyaman di pakai harian,Real,1.0,0.0,"{'contradiction': 0, 'template_language': 0, 'excessive_emotion': 0, 'gibberish_spam': 0, 'word_count': 11}",0.0
799,"pengiriman cepat dan packing rapi. alhamdulillah barang sudah sampai dgn aman. barangnya bagus bgt dan nyaman dipakai. bahannya tebal, terimakasih",5,0,pengiriman cepat dan packing rapi. alhamdulillah barang sudah sampai dgn aman. barangnya bagus bgt d...,Real,1.0,0.0,"{'contradiction': 0, 'template_language': 0, 'excessive_emotion': 0, 'gibberish_spam': 0, 'word_count': 20}",0.0
800,alhamdulillah barang udah nyampe cepat dan lancar.barang sesuai pesanan bahan nya tebal,5,0,alhamdulillah barang udah nyampe cepat dan lancar.barang sesuai pesanan bahan nya tebal,Real,1.0,0.0,"{'contradiction': 0, 'template_language': 0, 'excessive_emotion': 0, 'gibberish_spam': 0, 'word_count': 12}",0.0
801,"dengan harga segini, menurut q cocok dan nyaman juga di pakai😊",5,0,"dengan harga segini, menurut q cocok dan nyaman juga di pakai😊",Real,1.0,0.0,"{'contradiction': 0, 'template_language': 0, 'excessive_emotion': 0, 'gibberish_spam': 0, 'word_count': 11}",0.0
802,"bentuk dan ukuran: bentuk dn ukuran pas bb 55 ,cuma kantong dlmnya kurang nyaman , tolong disesuaikan dgn bahan nya biar serasi",4,0,"bentuk dan ukuran: bentuk dn ukuran pas bb 55 ,cuma kantong dlmnya kurang nyaman , tolong disesuaika...",Real,0.8,2.0,"{'contradiction': 0, 'template_language': 0, 'excessive_emotion': 0, 'gibberish_spam': 0, 'word_count': 22}",0.0
803,alhamdulliah celana nya bagus bahan ny jga bagus gk kecwa bli d toko ini😍,5,0,alhamdulliah celana nya bagus bahan ny jga bagus gk kecwa bli d toko ini😍,Real,1.0,0.0,"{'contradiction': 0, 'template_language': 0, 'excessive_emotion': 0, 'gibberish_spam': 0, 'word_count': 14}",0.0
804,bentuk dan ukuran: ukuran pas bahan: lumayan sesuai harga warna: sesuai gambar,5,0,bentuk dan ukuran: ukuran pas bahan: lumayan sesuai harga warna: sesuai gambar,Real,1.0,0.0,"{'contradiction': 0, 'template_language': 0, 'excessive_emotion': 0, 'gibberish_spam': 0, 'word_count': 12}",0.0
805,bahan tipis...dan kurang panjang nya di suami sy,4,0,bahan tipis...dan kurang panjang nya di suami sy,Real,0.8,2.0,"{'contradiction': 0, 'template_language': 0, 'excessive_emotion': 0, 'gibberish_spam': 0, 'word_count': 8}",0.0
806,alhamdulillah bahan bagus nyaman cuma agak cingkrang buat suami jd buat anak bujang aku,5,0,alhamdulillah bahan bagus nyaman cuma agak cingkrang buat suami jd buat anak bujang aku,Real,1.0,0.0,"{'contradiction': 0, 'template_language': 0, 'excessive_emotion': 0, 'gibberish_spam': 0, 'word_count': 14}",0.0
807,celananya sudah diterima walaupun tidak sama persis diganbar tp lumayan dgn harga segitu untuk ukuran besar kok terasa kecil pdhl ambil untuk bobot smp 80,4,0,celananya sudah diterima walaupun tidak sama persis diganbar tp lumayan dgn harga segitu untuk ukura...,Real,1.0,0.0,"{'contradiction': 0, 'template_language': 0, 'excessive_emotion': 0, 'gibberish_spam': 0, 'word_count': 25}",0.0
808,"alhamdulilah barangnya sudah sampai,bahan bagus sesuai harga,cuma,jaitan kantong dalam tidak diobras,jadi kurang rapi,mohon diperbaiki,🙏🙏",5,0,"alhamdulilah barangnya sudah sampai,bahan bagus sesuai harga,cuma,jaitan kantong dalam tidak diobras...",Real,0.8,2.0,"{'contradiction': 0, 'template_language': 0, 'excessive_emotion': 0, 'gibberish_spam': 0, 'word_count': 14}",0.0
809,celananya pas dan cocok untuk dipakai sehari2,5,0,celananya pas dan cocok untuk dipakai sehari2,Real,1.0,0.0,"{'contradiction': 0, 'template_language': 0, 'excessive_emotion': 0, 'gibberish_spam': 0, 'word_count': 7}",0.0
810,bentuk dan ukuran: xl bahan: tebal bagus lah warna: abu hitam,5,0,bentuk dan ukuran: xl bahan: tebal bagus lah warna: abu hitam,Real,1.0,0.0,"{'contradiction': 0, 'template_language': 0, 'excessive_emotion': 0, 'gibberish_spam': 0, 'word_count': 11}",0.0
811,brg sdh smp..bahan nya tipis ya agak nerawang,4,0,brg sdh smp..bahan nya tipis ya agak nerawang,Real,1.0,0.0,"{'contradiction': 0, 'template_language': 0, 'excessive_emotion': 0, 'gibberish_spam': 0, 'word_count': 8}",0.0
812,bentuk dan ukuran: pas bahan: halus warna: bgus,5,0,bentuk dan ukuran: pas bahan: halus warna: bgus,Real,1.0,0.0,"{'contradiction': 0, 'template_language': 0, 'excessive_emotion': 0, 'gibberish_spam': 0, 'word_count': 8}",0.0
813,kemarin beli xxxl ukuran pas yang kemarin buat jongkok aman sekarang beli lagi xxxl ukuranya lebih kecil yang sekarang buat jongkok pasti robek jahitan tengah pas selangk...,5,0,kemarin beli xxxl ukuran pas yang kemarin buat jongkok aman sekarang beli lagi xxxl ukuranya lebih k...,Real,1.0,0.0,"{'contradiction': 0, 'template_language': 0, 'excessive_emotion': 0, 'gibberish_spam': 0, 'word_count': 27}",0.0
814,"kirain tebal eh g taunya tipis,tp ga pa2 mng sesuai dng harga sih",4,0,"kirain tebal eh g taunya tipis,tp ga pa2 mng sesuai dng harga sih",Real,1.0,0.0,"{'contradiction': 0, 'template_language': 0, 'excessive_emotion': 0, 'gibberish_spam': 0, 'word_count': 13}",0.0
815,"bagus, nyaman digunakan dan harganya juga murce..",5,0,"bagus, nyaman digunakan dan harganya juga murce..",Real,1.0,0.0,"{'contradiction': 0, 'template_language': 0, 'excessive_emotion': 0, 'gibberish_spam': 0, 'word_count': 7}",0.0
816,bahan: bagus warna: sesuai karakteristik: bagus bentuk dan ukuran: kekecilan,4,0,bahan: bagus warna: sesuai karakteristik: bagus bentuk dan ukuran: kekecilan,Real,1.0,0.0,"{'contradiction': 0, 'template_language': 0, 'excessive_emotion': 0, 'gibberish_spam': 0, 'word_count': 10}",0.0
817,terima kasih barangnya sudah sampai di tempat bahannya bagus nyaman di pakai,5,0,terima kasih barangnya sudah sampai di tempat bahannya bagus nyaman di pakai,Real,1.0,0.0,"{'contradiction': 0, 'template_language': 0, 'excessive_emotion': 0, 'gibberish_spam': 0, 'word_count': 12}",0.0
818,promonya keren trnya cm training biasa bahannya tipis.,4,0,promonya keren trnya cm training biasa bahannya tipis.,Real,1.0,0.0,"{'contradiction': 0, 'template_language': 0, 'excessive_emotion': 0, 'gibberish_spam': 0, 'word_count': 8}",0.0
819,"celananya ga ssuai sma ukuran,kecil..bhanya juga aga tipis, pdhal sudah mlih ukuran xxl ... maav sya kash nilai 4",4,0,"celananya ga ssuai sma ukuran,kecil..bhanya juga aga tipis, pdhal sudah mlih ukuran xxl ... maav sya...",Real,1.0,0.0,"{'contradiction': 0, 'template_language': 0, 'excessive_emotion': 0, 'gibberish_spam': 0, 'word_count': 19}",0.0
820,"enak dipakai, halus lainnya, anakku senang",5,0,"enak dipakai, halus lainnya, anakku senang",Real,1.0,0.0,"{'contradiction': 0, 'template_language': 0, 'excessive_emotion': 0, 'gibberish_spam': 0, 'word_count': 6}",0.0
821,psanan cepat sampai. bahan bagus dan nyaman.,5,0,psanan cepat sampai. bahan bagus dan nyaman.,Real,1.0,0.0,"{'contradiction': 0, 'template_language': 0, 'excessive_emotion': 0, 'gibberish_spam': 0, 'word_count': 7}",0.0
822,"suami ku suka,,bs buat tidur jg bs buat joging juga..👍",5,0,"suami ku suka,,bs buat tidur jg bs buat joging juga..👍",Real,1.0,0.0,"{'contradiction': 0, 'template_language': 0, 'excessive_emotion': 0, 'gibberish_spam': 0, 'word_count': 10}",0.0
823,terima kasih trainingnya dah sampai bagus tp sayangnya agak tipis,5,0,terima kasih trainingnya dah sampai bagus tp sayangnya agak tipis,Real,1.0,0.0,"{'contradiction': 0, 'template_language': 0, 'excessive_emotion': 0, 'gibberish_spam': 0, 'word_count': 10}",0.0
824,"paketnya udah sampe dengan baik, bahannya tipis, ukuran 3xl tp kecil mks",5,0,"paketnya udah sampe dengan baik, bahannya tipis, ukuran 3xl tp kecil mks",Real,1.0,0.0,"{'contradiction': 0, 'template_language': 0, 'excessive_emotion': 0, 'gibberish_spam': 0, 'word_count': 12}",0.0
825,paket udah datang bagus tebal bahan halus adem,5,0,paket udah datang bagus tebal bahan halus adem,Real,1.0,0.0,"{'contradiction': 0, 'template_language': 0, 'excessive_emotion': 0, 'gibberish_spam': 0, 'word_count': 8}",0.0
826,"bagus sesuai harga,bahan adem jahitan rapi",5,0,"bagus sesuai harga,bahan adem jahitan rapi",Real,1.0,0.0,"{'contradiction': 0, 'template_language': 0, 'excessive_emotion': 0, 'gibberish_spam': 0, 'word_count': 6}",0.0
827,sesuai dengan harganya dan bisa digunakan,5,0,sesuai dengan harganya dan bisa digunakan,Real,1.0,0.0,"{'contradiction': 0, 'template_language': 0, 'excessive_emotion': 0, 'gibberish_spam': 0, 'word_count': 6}",0.0
828,"ukuran pas untuk bb 80an, bahan biasa tp gk tipis",5,0,"ukuran pas untuk bb 80an, bahan biasa tp gk tipis",Real,1.0,0.0,"{'contradiction': 0, 'template_language': 0, 'excessive_emotion': 0, 'gibberish_spam': 0, 'word_count': 10}",0.0
829,bentuk dan ukuran: pas bahan: lumayan warna: oke,5,0,bentuk dan ukuran: pas bahan: lumayan warna: oke,Real,1.0,0.0,"{'contradiction': 0, 'template_language': 0, 'excessive_emotion': 0, 'gibberish_spam': 0, 'word_count': 8}",0.0
830,lumayan dengan harga segitu. termasuk bagus,5,0,lumayan dengan harga segitu. termasuk bagus,Real,1.0,0.0,"{'contradiction': 0, 'template_language': 0, 'excessive_emotion': 0, 'gibberish_spam': 0, 'word_count': 6}",0.0
831,"paket di terima dg baik no cacat, kualitas barang tergolong bagus",5,0,"paket di terima dg baik no cacat, kualitas barang tergolong bagus",Real,1.0,0.0,"{'contradiction': 0, 'template_language': 0, 'excessive_emotion': 0, 'gibberish_spam': 0, 'word_count': 11}",0.0
832,bahan bagus👍..... sayang kekecilan😎😎,5,0,bahan bagus👍..... sayang kekecilan😎😎,Fake,0.95,7.35,"{'contradiction': 0, 'template_language': 0, 'excessive_emotion': 0, 'gibberish_spam': 1, 'word_count': 4}",0.45
833,"sangat adem digunakan, ikurannya pas, jaritannya bagus, terima kasih ya kaka",5,0,"sangat adem digunakan, ikurannya pas, jaritannya bagus, terima kasih ya kaka",Real,1.0,0.0,"{'contradiction': 0, 'template_language': 0, 'excessive_emotion': 0, 'gibberish_spam': 0, 'word_count': 11}",0.0
834,bahan: bagus pokonya the best lah untuk di pake sehari hari,5,0,bahan: bagus pokonya the best lah untuk di pake sehari hari,Real,1.0,0.0,"{'contradiction': 0, 'template_language': 0, 'excessive_emotion': 0, 'gibberish_spam': 0, 'word_count': 11}",0.0
835,pesanan sdh dtg ukuran pas sesuai pesanan warna bagus bahan bagus sesuai hrga smg toko n kurir sukses,5,0,pesanan sdh dtg ukuran pas sesuai pesanan warna bagus bahan bagus sesuai hrga smg toko n kurir sukse...,Real,1.0,0.0,"{'contradiction': 0, 'template_language': 0, 'excessive_emotion': 0, 'gibberish_spam': 0, 'word_count': 18}",0.0
836,bahan: lumayan bagus bentuk dan ukuran: pas warna: oke suami saya suka,5,0,bahan: lumayan bagus bentuk dan ukuran: pas warna: oke suami saya suka,Real,1.0,0.0,"{'contradiction': 0, 'template_language': 0, 'excessive_emotion': 0, 'gibberish_spam': 0, 'word_count': 12}",0.0
837,motifnya bagus sayang tempat talinya lepas satu 🙏🙏🙏🙏,5,0,motifnya bagus sayang tempat talinya lepas satu 🙏🙏🙏🙏,Real,1.0,0.0,"{'contradiction': 0, 'template_language': 0, 'excessive_emotion': 1, 'gibberish_spam': 0, 'word_count': 8}",0.0
838,kualitasx tipis jahitanx kurang kuat.lumayan bagus,3,0,kualitasx tipis jahitanx kurang kuat.lumayan bagus,Real,1.0,0.0,"{'contradiction': 0, 'template_language': 0, 'excessive_emotion': 0, 'gibberish_spam': 0, 'word_count': 6}",0.0
839,bentuk dan ukuran: ga sesuai bahan nya ke cewa sy,5,0,bentuk dan ukuran: ga sesuai bahan nya ke cewa sy,Real,1.0,0.0,"{'contradiction': 0, 'template_language': 0, 'excessive_emotion': 0, 'gibberish_spam': 0, 'word_count': 10}",0.0
840,celana joger yg bagus pas dan nyaman dipakai,5,0,celana joger yg bagus pas dan nyaman dipakai,Real,1.0,0.0,"{'contradiction': 0, 'template_language': 0, 'excessive_emotion': 0, 'gibberish_spam': 0, 'word_count': 8}",0.0
841,bahan: baguss warna: sesuaii bentuk dan ukuran: pas saat dipakai,5,0,bahan: baguss warna: sesuaii bentuk dan ukuran: pas saat dipakai,Real,1.0,0.0,"{'contradiction': 0, 'template_language': 0, 'excessive_emotion': 0, 'gibberish_spam': 0, 'word_count': 10}",0.0
842,"barang sdh sampai dan muat dipakai anak saya, hanya saja jahitan dipinggang mudah rusak dan benangnya terbuka.",5,0,"barang sdh sampai dan muat dipakai anak saya, hanya saja jahitan dipinggang mudah rusak dan benangny...",Real,1.0,0.0,"{'contradiction': 0, 'template_language': 0, 'excessive_emotion': 0, 'gibberish_spam': 0, 'word_count': 17}",0.0
843,"celananya keren..nyaman dipake,trimakasih seller..",5,0,"celananya keren..nyaman dipake,trimakasih seller..",Real,0.9,1.0,"{'contradiction': 0, 'template_language': 0, 'excessive_emotion': 0, 'gibberish_spam': 0, 'word_count': 4}",0.0
844,bentuk dan ukuran: pas bgt bahan: lumayan warna: bagus,5,0,bentuk dan ukuran: pas bgt bahan: lumayan warna: bagus,Real,1.0,0.0,"{'contradiction': 0, 'template_language': 0, 'excessive_emotion': 0, 'gibberish_spam': 0, 'word_count': 9}",0.0
845,"bagus bahan nya, lumayan utk hrga segitu 63rb dpt 2,bisa ganti²",5,0,"bagus bahan nya, lumayan utk hrga segitu 63rb dpt 2,bisa ganti²",Real,1.0,0.0,"{'contradiction': 0, 'template_language': 0, 'excessive_emotion': 0, 'gibberish_spam': 0, 'word_count': 11}",0.0
846,bahan bagus ternyata iri celana untuk olahraga sedangkan yg saya pesen celana untuk sehari hari atw pergi,4,0,bahan bagus ternyata iri celana untuk olahraga sedangkan yg saya pesen celana untuk sehari hari atw ...,Real,1.0,0.0,"{'contradiction': 0, 'template_language': 0, 'excessive_emotion': 0, 'gibberish_spam': 0, 'word_count': 17}",0.0
847,"produk tipis gak sesuai dengan iklannya,kependekan.tapi bisalah buat pergi ke kebun.",3,0,"produk tipis gak sesuai dengan iklannya,kependekan.tapi bisalah buat pergi ke kebun.",Real,1.0,0.0,"{'contradiction': 0, 'template_language': 0, 'excessive_emotion': 0, 'gibberish_spam': 0, 'word_count': 11}",0.0
848,bentuk dan ukuran: pas bahan: ok warna: sesuai,5,0,bentuk dan ukuran: pas bahan: ok warna: sesuai,Real,1.0,0.0,"{'contradiction': 0, 'template_language': 0, 'excessive_emotion': 0, 'gibberish_spam': 0, 'word_count': 8}",0.0
849,barang sdah sampe kurir ramah sya puas banget murah tpi kwalitas bagus,5,0,barang sdah sampe kurir ramah sya puas banget murah tpi kwalitas bagus,Real,1.0,0.0,"{'contradiction': 0, 'template_language': 0, 'excessive_emotion': 0, 'gibberish_spam': 0, 'word_count': 12}",0.0
850,"sesuai pokoknya ,kurir baik sukses tuk semuanya",5,0,"sesuai pokoknya ,kurir baik sukses tuk semuanya",Real,1.0,0.0,"{'contradiction': 0, 'template_language': 0, 'excessive_emotion': 0, 'gibberish_spam': 0, 'word_count': 7}",0.0
851,"bentuk dan ukuran: sesuai bahan: lumayan lah ya warna: hitam,abu² tua",4,0,"bentuk dan ukuran: sesuai bahan: lumayan lah ya warna: hitam,abu² tua",Real,1.0,0.0,"{'contradiction': 0, 'template_language': 0, 'excessive_emotion': 0, 'gibberish_spam': 0, 'word_count': 11}",0.0
852,"kain bagus adem dan lembut, ukuran pas harga murah gak nyesel belanja di toko ini kurirpun baik ramah makasih tik tok",5,0,"kain bagus adem dan lembut, ukuran pas harga murah gak nyesel belanja di toko ini kurirpun baik rama...",Real,1.0,0.0,"{'contradiction': 0, 'template_language': 0, 'excessive_emotion': 0, 'gibberish_spam': 0, 'word_count': 21}",0.0
853,sip mantap.maaf gk bisa di sertai foto.soal nya kameranya jelek😀😀😀😀,5,0,sip mantap.maaf gk bisa di sertai foto.soal nya kameranya jelek😀😀😀😀,Real,1.0,0.0,"{'contradiction': 0, 'template_language': 0, 'excessive_emotion': 1, 'gibberish_spam': 0, 'word_count': 10}",0.0
854,"alhamdulillah paket udh nyampe lgsg di buka ,bagus halus nyaman di pakai recommended banget deh",5,0,"alhamdulillah paket udh nyampe lgsg di buka ,bagus halus nyaman di pakai recommended banget deh",Fake,0.753,3.06,"{'contradiction': 0, 'template_language': 1, 'excessive_emotion': 0, 'gibberish_spam': 0, 'word_count': 15}",0.355
855,lumayan enak dipakai' bentuk dan ukuran bisa pas banget buat aku,5,0,lumayan enak dipakai' bentuk dan ukuran bisa pas banget buat aku,Real,1.0,0.0,"{'contradiction': 0, 'template_language': 0, 'excessive_emotion': 0, 'gibberish_spam': 0, 'word_count': 11}",0.0
856,"kualitas sesuai harga, barang sesuai pesanan, pengiriman cepat dan amanah, terimakasih.",5,0,"kualitas sesuai harga, barang sesuai pesanan, pengiriman cepat dan amanah, terimakasih.",Real,1.0,0.0,"{'contradiction': 0, 'template_language': 0, 'excessive_emotion': 0, 'gibberish_spam': 0, 'word_count': 11}",0.0
857,alhamdulillah barangnya udh nyampe kk.bahannya tipis.tp lumayan harga segitu,5,0,alhamdulillah barangnya udh nyampe kk.bahannya tipis.tp lumayan harga segitu,Real,1.0,0.0,"{'contradiction': 0, 'template_language': 0, 'excessive_emotion': 0, 'gibberish_spam': 0, 'word_count': 9}",0.0
858,"enak di pakai ,sesuai murah tidakk murahan dapet bonus lgi",5,0,"enak di pakai ,sesuai murah tidakk murahan dapet bonus lgi",Real,1.0,0.0,"{'contradiction': 0, 'template_language': 0, 'excessive_emotion': 0, 'gibberish_spam': 0, 'word_count': 10}",0.0
859,katanya bagus bahannya tebal ko tipis jahitannya jg pada mengkerut,3,0,katanya bagus bahannya tebal ko tipis jahitannya jg pada mengkerut,Real,1.0,0.0,"{'contradiction': 0, 'template_language': 0, 'excessive_emotion': 0, 'gibberish_spam': 0, 'word_count': 10}",0.0
860,warna: ok bahan: ok bentuk dan ukuran: ok,5,0,warna: ok bahan: ok bentuk dan ukuran: ok,Real,1.0,0.0,"{'contradiction': 0, 'template_language': 0, 'excessive_emotion': 0, 'gibberish_spam': 0, 'word_count': 8}",0.0
861,alhamdulilah barang nya dah sampe sesuwai pesanan,5,0,alhamdulilah barang nya dah sampe sesuwai pesanan,Real,1.0,0.0,"{'contradiction': 0, 'template_language': 0, 'excessive_emotion': 0, 'gibberish_spam': 0, 'word_count': 7}",0.0
862,barangnya sih lumayan cuma ukuran xxxl ko kecil yahh kayanya g muat untuk anak saya,5,0,barangnya sih lumayan cuma ukuran xxxl ko kecil yahh kayanya g muat untuk anak saya,Real,1.0,0.0,"{'contradiction': 0, 'template_language': 0, 'excessive_emotion': 0, 'gibberish_spam': 0, 'word_count': 15}",0.0
863,"size paling besar masih kekecilan buat saya☝️😅 mungkin kegemukan ya (bb 88kg, tb 175cm, pinggang uk. 38). muat sih, tp pas jongkok muncul celengan dibelakang 🤪😜😁🤣bah...",5,0,"size paling besar masih kekecilan buat saya☝️😅 mungkin kegemukan ya (bb 88kg, tb 175cm, pinggang uk....",Real,1.0,0.0,"{'contradiction': 0, 'template_language': 0, 'excessive_emotion': 1, 'gibberish_spam': 0, 'word_count': 26}",0.0
864,"ada harga ada kwalitas,bagus gk kecewa👍",5,0,"ada harga ada kwalitas,bagus gk kecewa👍",Real,0.8,2.0,"{'contradiction': 0, 'template_language': 0, 'excessive_emotion': 0, 'gibberish_spam': 0, 'word_count': 6}",0.0
865,"barang sesuai, harga terjangkau, penjual amanah mantab",5,0,"barang sesuai, harga terjangkau, penjual amanah mantab",Fake,0.763,3.26,"{'contradiction': 0, 'template_language': 1, 'excessive_emotion': 0, 'gibberish_spam': 0, 'word_count': 7}",0.419
866,"bahan lumayan bagus, cuma sayang yg dateng tidak sesuai iklan..🫢🙏",4,0,"bahan lumayan bagus, cuma sayang yg dateng tidak sesuai iklan..🫢🙏",Real,0.8,2.0,"{'contradiction': 0, 'template_language': 0, 'excessive_emotion': 0, 'gibberish_spam': 0, 'word_count': 10}",0.0
867,"bahanya lumayan tapi kok gk sesuai di foto ya,ambil ukuran xl kok krng besar",5,0,"bahanya lumayan tapi kok gk sesuai di foto ya,ambil ukuran xl kok krng besar",Real,1.0,0.0,"{'contradiction': 0, 'template_language': 0, 'excessive_emotion': 0, 'gibberish_spam': 0, 'word_count': 14}",0.0
868,"bahan: sesuai dengan harga, semoga awet... bentuk dan ukuran: belum di coba",5,0,"bahan: sesuai dengan harga, semoga awet... bentuk dan ukuran: belum di coba",Fake,0.824,4.48,"{'contradiction': 1, 'template_language': 0, 'excessive_emotion': 0, 'gibberish_spam': 0, 'word_count': 12}",0.492
869,pas cocok buat anak saya bahan lumayan bagus,5,0,pas cocok buat anak saya bahan lumayan bagus,Real,1.0,0.0,"{'contradiction': 0, 'template_language': 0, 'excessive_emotion': 0, 'gibberish_spam': 0, 'word_count': 8}",0.0
870,kesekian kalinya ak order barangnya bagus kurirnya juga ramah sesuai pesanan tokonya amanah🙏anakku bb 70 muat bnget nyaman ukuran xl,5,0,kesekian kalinya ak order barangnya bagus kurirnya juga ramah sesuai pesanan tokonya amanah🙏anakku b...,Real,1.0,0.0,"{'contradiction': 0, 'template_language': 0, 'excessive_emotion': 0, 'gibberish_spam': 0, 'word_count': 20}",0.0
871,"suami suka sama celana ini, katanya dipake malam hari hangat. bisa buat tidur, olah raga, jalan2 santai",5,0,"suami suka sama celana ini, katanya dipake malam hari hangat. bisa buat tidur, olah raga, jalan2 san...",Real,1.0,0.0,"{'contradiction': 0, 'template_language': 0, 'excessive_emotion': 0, 'gibberish_spam': 0, 'word_count': 17}",0.0
872,bahan: tipis gak tebal sama sekali 👎 warna: abu abu dan hitam bentuk dan ukuran: ukuran kurang panjang karakteristik: menarik masa gak dapet stiker padahal aku udah kiri...,3,0,bahan: tipis gak tebal sama sekali 👎 warna: abu abu dan hitam bentuk dan ukuran: ukuran kurang panja...,Real,1.0,0.0,"{'contradiction': 0, 'template_language': 0, 'excessive_emotion': 0, 'gibberish_spam': 0, 'word_count': 28}",0.0
873,"barang bagus tapi sayg ga sesuai sama yg di lihat,kirain bahan mulus melar,tapi ga papa mungkin sesuai sama harga",3,0,"barang bagus tapi sayg ga sesuai sama yg di lihat,kirain bahan mulus melar,tapi ga papa mungkin sesu...",Real,1.0,0.0,"{'contradiction': 0, 'template_language': 0, 'excessive_emotion': 0, 'gibberish_spam': 0, 'word_count': 19}",0.0
874,kolor yg dekat mata kaki terlalu sempit kurang lebar kaki jadi susah masuk,3,0,kolor yg dekat mata kaki terlalu sempit kurang lebar kaki jadi susah masuk,Real,1.0,0.0,"{'contradiction': 0, 'template_language': 0, 'excessive_emotion': 0, 'gibberish_spam': 0, 'word_count': 13}",0.0
875,"material: ternyata tipis bahan nya, dan xl dipake tinggi 168 masih nyantung kaki nya..",3,0,"material: ternyata tipis bahan nya, dan xl dipake tinggi 168 masih nyantung kaki nya..",Real,1.0,0.0,"{'contradiction': 0, 'template_language': 0, 'excessive_emotion': 0, 'gibberish_spam': 0, 'word_count': 14}",0.0
876,bentuk dan ukuran: pass bahan: bagus warna: sesuai orderan karakteristik: baguss,5,0,bentuk dan ukuran: pass bahan: bagus warna: sesuai orderan karakteristik: baguss,Real,1.0,0.0,"{'contradiction': 0, 'template_language': 0, 'excessive_emotion': 0, 'gibberish_spam': 0, 'word_count': 11}",0.0
877,warna uk bentuk dan ukuran: pas dan cocok banget,5,0,warna uk bentuk dan ukuran: pas dan cocok banget,Real,1.0,0.0,"{'contradiction': 0, 'template_language': 0, 'excessive_emotion': 0, 'gibberish_spam': 0, 'word_count': 9}",0.0
878,bahan nya biasa aja tipis banget kirain gak setipis itu gak sesuai iklan bahan nya co,3,0,bahan nya biasa aja tipis banget kirain gak setipis itu gak sesuai iklan bahan nya co,Real,1.0,0.0,"{'contradiction': 0, 'template_language': 0, 'excessive_emotion': 0, 'gibberish_spam': 0, 'word_count': 16}",0.0
879,"mohon maaf sebelumnya, celananya bahan tipis, jahitannya juga kurang bagus gampang robek dan bolong di tengah selakangan, baru dipakai 3 jam, itupun hanya duduk"" saja...",3,0,"mohon maaf sebelumnya, celananya bahan tipis, jahitannya juga kurang bagus gampang robek dan bolong ...",Real,1.0,0.0,"{'contradiction': 0, 'template_language': 0, 'excessive_emotion': 0, 'gibberish_spam': 0, 'word_count': 25}",0.0
880,"bahannya bagus, puas sebagai konsumen👍👍",5,0,"bahannya bagus, puas sebagai konsumen👍👍",Real,0.9,1.0,"{'contradiction': 0, 'template_language': 0, 'excessive_emotion': 0, 'gibberish_spam': 0, 'word_count': 5}",0.0
881,pesanan sdh diterima seller amanah bahan cukup bagus terima ksh selkerp,5,0,pesanan sdh diterima seller amanah bahan cukup bagus terima ksh selkerp,Real,1.0,0.0,"{'contradiction': 0, 'template_language': 0, 'excessive_emotion': 0, 'gibberish_spam': 0, 'word_count': 11}",0.0
882,"bahan: difoto kelihatan bagus tapi pas dtg,bahannya gk sesuai.klo ukuran pas",3,0,"bahan: difoto kelihatan bagus tapi pas dtg,bahannya gk sesuai.klo ukuran pas",Real,1.0,0.0,"{'contradiction': 0, 'template_language': 0, 'excessive_emotion': 0, 'gibberish_spam': 0, 'word_count': 11}",0.0
883,"barang bagus sesuai pdsanan trima kasih k, muda2han awet ukuran pas, bentuknya bagus",5,0,"barang bagus sesuai pdsanan trima kasih k, muda2han awet ukuran pas, bentuknya bagus",Real,1.0,0.0,"{'contradiction': 0, 'template_language': 0, 'excessive_emotion': 0, 'gibberish_spam': 0, 'word_count': 13}",0.0
884,kain tebal bagus buat sehari.... suami juga suka nyaman di pakek,5,0,kain tebal bagus buat sehari.... suami juga suka nyaman di pakek,Real,1.0,0.0,"{'contradiction': 0, 'template_language': 0, 'excessive_emotion': 0, 'gibberish_spam': 0, 'word_count': 11}",0.0
885,pengiriman cepat sampai tujuan ukuran pas namun barangnya kurang bagus dan tipis,3,0,pengiriman cepat sampai tujuan ukuran pas namun barangnya kurang bagus dan tipis,Real,1.0,0.0,"{'contradiction': 0, 'template_language': 0, 'excessive_emotion': 0, 'gibberish_spam': 0, 'word_count': 12}",0.0
886,"alhsmdulillah udah datang,bahannya cukup tebal,serat kain rapat,wort it buat harga segitu",5,0,"alhsmdulillah udah datang,bahannya cukup tebal,serat kain rapat,wort it buat harga segitu",Real,1.0,0.0,"{'contradiction': 0, 'template_language': 0, 'excessive_emotion': 0, 'gibberish_spam': 0, 'word_count': 11}",0.0
887,mantap ...sesuai pesanan kemasan rapi sederhana dan pengiriman jg cpt,5,0,mantap ...sesuai pesanan kemasan rapi sederhana dan pengiriman jg cpt,Real,1.0,0.0,"{'contradiction': 0, 'template_language': 0, 'excessive_emotion': 0, 'gibberish_spam': 0, 'word_count': 10}",0.0
888,barang bagus pengiriman cepat,5,0,barang bagus pengiriman cepat,Real,0.9,1.0,"{'contradiction': 0, 'template_language': 0, 'excessive_emotion': 0, 'gibberish_spam': 0, 'word_count': 4}",0.0
889,"bsrang bagus,sesuai pesanan,pengiriman cepat",5,0,"bsrang bagus,sesuai pesanan,pengiriman cepat",Real,0.9,1.0,"{'contradiction': 0, 'template_language': 0, 'excessive_emotion': 0, 'gibberish_spam': 0, 'word_count': 4}",0.0
890,bentuk dan ukuran: ok bahan: ok warna: sesuai karakteristik: pas,5,0,bentuk dan ukuran: ok bahan: ok warna: sesuai karakteristik: pas,Real,1.0,0.0,"{'contradiction': 0, 'template_language': 0, 'excessive_emotion': 0, 'gibberish_spam': 0, 'word_count': 10}",0.0
891,"celanya udah sampai,barang kainya tipis sesuai harga,tak kirain bahanya halus tebal kaya yg lagi live kan,bang kurirnya udah langanan baik sopan 👍😍",3,0,"celanya udah sampai,barang kainya tipis sesuai harga,tak kirain bahanya halus tebal kaya yg lagi liv...",Real,1.0,0.0,"{'contradiction': 0, 'template_language': 0, 'excessive_emotion': 0, 'gibberish_spam': 0, 'word_count': 22}",0.0
892,"baik alhamdulillah ,next beli lagi ,toko amanah",4,0,"baik alhamdulillah ,next beli lagi ,toko amanah",Real,1.0,0.0,"{'contradiction': 0, 'template_language': 0, 'excessive_emotion': 0, 'gibberish_spam': 0, 'word_count': 7}",0.0
893,bentuk dan ukuran: sesuai ekspektasi warna: menarik bahan: soft,5,0,bentuk dan ukuran: sesuai ekspektasi warna: menarik bahan: soft,Real,1.0,0.0,"{'contradiction': 0, 'template_language': 0, 'excessive_emotion': 0, 'gibberish_spam': 0, 'word_count': 9}",0.0
894,pesanan tiba dgn kondisi baik. pesan hitam dan abu² yg datang biru dan abu² tapi kualitas sama...its ok. terima kasih seller,5,0,pesanan tiba dgn kondisi baik. pesan hitam dan abu² yg datang biru dan abu² tapi kualitas sama...its...,Real,1.0,0.0,"{'contradiction': 0, 'template_language': 0, 'excessive_emotion': 0, 'gibberish_spam': 0, 'word_count': 21}",0.0
895,bahan tipis,4,0,bahan tipis,Real,0.9,1.0,"{'contradiction': 0, 'template_language': 0, 'excessive_emotion': 0, 'gibberish_spam': 0, 'word_count': 2}",0.0
896,bahannya tipis banget twrus kantongnya bagian dalam dari kain sisa2 sesuai harga lah....,3,0,bahannya tipis banget twrus kantongnya bagian dalam dari kain sisa2 sesuai harga lah....,Real,1.0,0.0,"{'contradiction': 0, 'template_language': 0, 'excessive_emotion': 0, 'gibberish_spam': 0, 'word_count': 13}",0.0
897,barang udah datang tapi di aku ngepres bgt.... padahal untuk bb 80-90 sedang bbku hanya 75....tapi lainnya bagus tebal,5,0,barang udah datang tapi di aku ngepres bgt.... padahal untuk bb 80-90 sedang bbku hanya 75....tapi l...,Real,1.0,0.0,"{'contradiction': 0, 'template_language': 0, 'excessive_emotion': 0, 'gibberish_spam': 0, 'word_count': 19}",0.0
898,bentuk dan ukuran: lumayan bahan: lumayan warna: sesuai,4,0,bentuk dan ukuran: lumayan bahan: lumayan warna: sesuai,Real,1.0,0.0,"{'contradiction': 0, 'template_language': 0, 'excessive_emotion': 0, 'gibberish_spam': 0, 'word_count': 8}",0.0
899,bentuk lumayan bagus. bahan sederhana berkuakitas sesuai dengan harga.,5,0,bentuk lumayan bagus. bahan sederhana berkuakitas sesuai dengan harga.,Real,1.0,0.0,"{'contradiction': 0, 'template_language': 0, 'excessive_emotion': 0, 'gibberish_spam': 0, 'word_count': 9}",0.0
900,bahan: lembut warna: soft bentuk dan ukuran: pas,5,0,bahan: lembut warna: soft bentuk dan ukuran: pas,Real,1.0,0.0,"{'contradiction': 0, 'template_language': 0, 'excessive_emotion': 0, 'gibberish_spam': 0, 'word_count': 8}",0.0
901,bentuk dan ukuran: pas bahan: lunayan warna: sesuai pesanan karakteristik: ccok buat celana santai,5,0,bentuk dan ukuran: pas bahan: lunayan warna: sesuai pesanan karakteristik: ccok buat celana santai,Real,1.0,0.0,"{'contradiction': 0, 'template_language': 0, 'excessive_emotion': 0, 'gibberish_spam': 0, 'word_count': 14}",0.0
902,pas ukurannya dan warnanya kiriman cepat kurir ramah,5,0,pas ukurannya dan warnanya kiriman cepat kurir ramah,Real,1.0,0.0,"{'contradiction': 0, 'template_language': 0, 'excessive_emotion': 0, 'gibberish_spam': 0, 'word_count': 8}",0.0
903,paket sudah datang sesuai jadwal dan gambar dan bahan lumayan sesuai harga juga kurir ramah sudah langganan,5,0,paket sudah datang sesuai jadwal dan gambar dan bahan lumayan sesuai harga juga kurir ramah sudah la...,Real,1.0,0.0,"{'contradiction': 0, 'template_language': 0, 'excessive_emotion': 0, 'gibberish_spam': 0, 'word_count': 17}",0.0
904,"bagus celana y, mau co ukuran anak umur 12 tahun ada ga",5,0,"bagus celana y, mau co ukuran anak umur 12 tahun ada ga",Real,1.0,0.0,"{'contradiction': 0, 'template_language': 0, 'excessive_emotion': 0, 'gibberish_spam': 0, 'word_count': 12}",0.0
905,pas ukuran nya nyaman di pakai nya trimakasih buat semua,5,0,pas ukuran nya nyaman di pakai nya trimakasih buat semua,Real,1.0,0.0,"{'contradiction': 0, 'template_language': 0, 'excessive_emotion': 0, 'gibberish_spam': 0, 'word_count': 10}",0.0
906,"untuk kualitas bahannya agak tipis dan ukurannya juga tidak sesuai bbyang d cantumin di deskripsi,sedikit aga kecewa sih,itu kayanya buat ukuran tanggung,karena kalo buat...",3,0,"untuk kualitas bahannya agak tipis dan ukurannya juga tidak sesuai bbyang d cantumin di deskripsi,se...",Real,1.0,0.0,"{'contradiction': 0, 'template_language': 0, 'excessive_emotion': 0, 'gibberish_spam': 0, 'word_count': 24}",0.0
907,wow barang bagus alhamdulillah dgn harga segitu asli murah banget . terima kasih ²..,5,0,wow barang bagus alhamdulillah dgn harga segitu asli murah banget . terima kasih ²..,Real,1.0,0.0,"{'contradiction': 0, 'template_language': 0, 'excessive_emotion': 0, 'gibberish_spam': 0, 'word_count': 14}",0.0
908,terimakasih paket nya udah nyampe dengan baik tapi kok kayak kecil ya,4,0,terimakasih paket nya udah nyampe dengan baik tapi kok kayak kecil ya,Real,1.0,0.0,"{'contradiction': 0, 'template_language': 0, 'excessive_emotion': 0, 'gibberish_spam': 0, 'word_count': 12}",0.0
909,lmyn bgs kok dgn harga segitu.. cm syng nya kurang pnjg di aku jd agak gantung klo dipake.. overall yg lain oke sih dpt 2 dgn harga segitu,5,0,lmyn bgs kok dgn harga segitu.. cm syng nya kurang pnjg di aku jd agak gantung klo dipake.. overall ...,Real,0.8,2.0,"{'contradiction': 0, 'template_language': 0, 'excessive_emotion': 0, 'gibberish_spam': 0, 'word_count': 28}",0.0
910,bahan tipis ukuran gede tpi pas datang kecil...lebih ke sesuai sih sama harga..tpi jadi g akan mau beli lagi,3,0,bahan tipis ukuran gede tpi pas datang kecil...lebih ke sesuai sih sama harga..tpi jadi g akan mau b...,Real,1.0,0.0,"{'contradiction': 0, 'template_language': 0, 'excessive_emotion': 0, 'gibberish_spam': 0, 'word_count': 19}",0.0
911,"celananya lumayan, cuma bahannya agak tipis dan tidak ada kantung dibelakang sbgmn dlm iklannya",3,0,"celananya lumayan, cuma bahannya agak tipis dan tidak ada kantung dibelakang sbgmn dlm iklannya",Real,1.0,0.0,"{'contradiction': 0, 'template_language': 0, 'excessive_emotion': 0, 'gibberish_spam': 0, 'word_count': 14}",0.0
912,bentuk dan ukuran: sesuai bagus dan yaman di pakai,5,0,bentuk dan ukuran: sesuai bagus dan yaman di pakai,Real,1.0,0.0,"{'contradiction': 0, 'template_language': 0, 'excessive_emotion': 0, 'gibberish_spam': 0, 'word_count': 9}",0.0
913,baru bisa beri ulasan barang sudah mendarat 3hr lalu barang bagus bahan juga kurir ramah dan ada sedikit gak cocok di contoh nya ada sablonya tp datang polosan tp ga papa,3,0,baru bisa beri ulasan barang sudah mendarat 3hr lalu barang bagus bahan juga kurir ramah dan ada sed...,Real,1.0,0.0,"{'contradiction': 0, 'template_language': 0, 'excessive_emotion': 0, 'gibberish_spam': 0, 'word_count': 31}",0.0
914,ukuran xl kecil.ini buat anak2.bahan jg tipis,3,0,ukuran xl kecil.ini buat anak2.bahan jg tipis,Real,1.0,0.0,"{'contradiction': 0, 'template_language': 0, 'excessive_emotion': 0, 'gibberish_spam': 0, 'word_count': 7}",0.0
915,"bagus ,cakep ,puas",5,0,"bagus ,cakep ,puas",Real,0.9,1.0,"{'contradiction': 0, 'template_language': 0, 'excessive_emotion': 0, 'gibberish_spam': 0, 'word_count': 3}",0.0
916,barang sudah diterima dan lumayan bagus buat sehari hari .. bahan sesuai dengan harga iya..,5,0,barang sudah diterima dan lumayan bagus buat sehari hari .. bahan sesuai dengan harga iya..,Real,1.0,0.0,"{'contradiction': 0, 'template_language': 0, 'excessive_emotion': 0, 'gibberish_spam': 0, 'word_count': 15}",0.0
917,"tidak tebal, tapi lumayan bagus. belum tahu akan awet tidaknya nanti.",5,0,"tidak tebal, tapi lumayan bagus. belum tahu akan awet tidaknya nanti.",Real,1.0,0.0,"{'contradiction': 0, 'template_language': 0, 'excessive_emotion': 0, 'gibberish_spam': 0, 'word_count': 11}",0.0
918,shape and size: oke material: oke color: oke,5,0,shape and size: oke material: oke color: oke,Real,1.0,0.0,"{'contradiction': 0, 'template_language': 0, 'excessive_emotion': 0, 'gibberish_spam': 0, 'word_count': 8}",0.0
919,kecil buat bb 55 saja kekecilan...apalagi sesuai keterangan. 60-80 ga muat dan pendek xl ini pasnya buat bb 40an tolong bikin baju yang sesuai keterangan ya jadi kita ga...,3,0,kecil buat bb 55 saja kekecilan...apalagi sesuai keterangan. 60-80 ga muat dan pendek xl ini pasnya ...,Real,1.0,0.0,"{'contradiction': 0, 'template_language': 0, 'excessive_emotion': 0, 'gibberish_spam': 0, 'word_count': 29}",0.0
920,bentuk dan ukuran: ok bahan: adem warna: sesuai pesanan,5,0,bentuk dan ukuran: ok bahan: adem warna: sesuai pesanan,Real,1.0,0.0,"{'contradiction': 0, 'template_language': 0, 'excessive_emotion': 0, 'gibberish_spam': 0, 'word_count': 9}",0.0
921,sangat sangat bagus sekali.....tebal juga .... pas buat olahraga..... pokoknya bagus,5,0,sangat sangat bagus sekali.....tebal juga .... pas buat olahraga..... pokoknya bagus,Fake,0.903,6.06,"{'contradiction': 0, 'template_language': 0, 'excessive_emotion': 0, 'gibberish_spam': 1, 'word_count': 11}",0.352
922,barang nya bagus dan kurir ramah packing juga rapi,5,0,barang nya bagus dan kurir ramah packing juga rapi,Real,1.0,0.0,"{'contradiction': 0, 'template_language': 0, 'excessive_emotion': 0, 'gibberish_spam': 0, 'word_count': 9}",0.0
923,karakteristik: mantap murah bngt,5,0,karakteristik: mantap murah bngt,Real,0.9,1.0,"{'contradiction': 0, 'template_language': 0, 'excessive_emotion': 0, 'gibberish_spam': 0, 'word_count': 4}",0.0
924,"karna bulan puasa pengiriman lambatt, tapi gpp sii and sesuai harga dengan kualitas.",5,0,"karna bulan puasa pengiriman lambatt, tapi gpp sii and sesuai harga dengan kualitas.",Real,1.0,0.0,"{'contradiction': 0, 'template_language': 0, 'excessive_emotion': 0, 'gibberish_spam': 0, 'word_count': 13}",0.0
925,celana nya kecil bhn tipis waktu leve bhn bagus.penjualnya bohong,3,0,celana nya kecil bhn tipis waktu leve bhn bagus.penjualnya bohong,Real,1.0,0.0,"{'contradiction': 0, 'template_language': 0, 'excessive_emotion': 0, 'gibberish_spam': 0, 'word_count': 10}",0.0
926,"celananya udah bagus, cuma sayang belum di pakai koceknya udah sobek",4,0,"celananya udah bagus, cuma sayang belum di pakai koceknya udah sobek",Real,1.0,0.0,"{'contradiction': 0, 'template_language': 0, 'excessive_emotion': 0, 'gibberish_spam': 0, 'word_count': 11}",0.0
927,"ukuran sama tp besarnya celana berbeda,size sama tp celana di kirim beda..tp msh na di pake sih alias di hibahkan..tp gpp.. lain kali di samain ya biar gak kapok.. mksh.",5,0,"ukuran sama tp besarnya celana berbeda,size sama tp celana di kirim beda..tp msh na di pake sih alia...",Real,1.0,0.0,"{'contradiction': 0, 'template_language': 0, 'excessive_emotion': 0, 'gibberish_spam': 0, 'word_count': 30}",0.0
928,"bagus bahanya, cocok dgn harganya dan amana tokonya",5,0,"bagus bahanya, cocok dgn harganya dan amana tokonya",Real,1.0,0.0,"{'contradiction': 0, 'template_language': 0, 'excessive_emotion': 0, 'gibberish_spam': 0, 'word_count': 8}",0.0
929,bentuk dan ukuran: kekecilan bahan: lumayan bagus warna: bagus karakteristik: biasa,3,0,bentuk dan ukuran: kekecilan bahan: lumayan bagus warna: bagus karakteristik: biasa,Real,1.0,0.0,"{'contradiction': 0, 'template_language': 0, 'excessive_emotion': 0, 'gibberish_spam': 0, 'word_count': 11}",0.0
930,paket sdh sampai sore tadi tp sayang tdk sesuai yg di iklankan.di iklan ada kantong belakang .trus ukuran xxl kok pendek padahal berat badan 75 .aq pilih ukuran xxl di si...,3,0,paket sdh sampai sore tadi tp sayang tdk sesuai yg di iklankan.di iklan ada kantong belakang .trus u...,Real,1.0,0.0,"{'contradiction': 0, 'template_language': 0, 'excessive_emotion': 0, 'gibberish_spam': 0, 'word_count': 31}",0.0
931,sayang xl kurang gede selebihnya c ok semua,5,0,sayang xl kurang gede selebihnya c ok semua,Real,0.8,2.0,"{'contradiction': 0, 'template_language': 0, 'excessive_emotion': 0, 'gibberish_spam': 0, 'word_count': 8}",0.0
932,alhamdulillah brg udah sampai.. bentuk dan ukuran: pas d q bahan: adem d pakai warna: sesuai pesanan,5,0,alhamdulillah brg udah sampai.. bentuk dan ukuran: pas d q bahan: adem d pakai warna: sesuai pesanan,Real,1.0,0.0,"{'contradiction': 0, 'template_language': 0, 'excessive_emotion': 0, 'gibberish_spam': 0, 'word_count': 17}",0.0
933,bahan nya tipis tidak sesuai sama yg di foto,3,0,bahan nya tipis tidak sesuai sama yg di foto,Real,1.0,0.0,"{'contradiction': 0, 'template_language': 0, 'excessive_emotion': 0, 'gibberish_spam': 0, 'word_count': 9}",0.0
934,barang dalh sesuai dgn yg di pesan barang lumayan harga segitu murah bahan alus lembut,5,0,barang dalh sesuai dgn yg di pesan barang lumayan harga segitu murah bahan alus lembut,Real,1.0,0.0,"{'contradiction': 0, 'template_language': 0, 'excessive_emotion': 0, 'gibberish_spam': 0, 'word_count': 15}",0.0
935,"celananya bagis, cm talinya kurang bagus. semoga lebih baik lg talinya. next order lg...",5,0,"celananya bagis, cm talinya kurang bagus. semoga lebih baik lg talinya. next order lg...",Real,0.8,2.0,"{'contradiction': 0, 'template_language': 0, 'excessive_emotion': 0, 'gibberish_spam': 0, 'word_count': 14}",0.0
936,"ya mending lah sesuai harga ,tipis tapi gak papa",3,0,"ya mending lah sesuai harga ,tipis tapi gak papa",Real,1.0,0.0,"{'contradiction': 0, 'template_language': 0, 'excessive_emotion': 0, 'gibberish_spam': 0, 'word_count': 9}",0.0
937,bentuk dan ukuran: hitam nya kecil abunya besar. ukurannya ndak sama datangnya,3,0,bentuk dan ukuran: hitam nya kecil abunya besar. ukurannya ndak sama datangnya,Real,1.0,0.0,"{'contradiction': 0, 'template_language': 0, 'excessive_emotion': 0, 'gibberish_spam': 0, 'word_count': 12}",0.0
938,bahannya bagus dan adem semoga jadi langganan ya ka🥰,5,0,bahannya bagus dan adem semoga jadi langganan ya ka🥰,Real,1.0,0.0,"{'contradiction': 0, 'template_language': 0, 'excessive_emotion': 0, 'gibberish_spam': 0, 'word_count': 9}",0.0
939,barang tepat waktu dan product yg warna abu tua kekecilan yang biru pas,4,0,barang tepat waktu dan product yg warna abu tua kekecilan yang biru pas,Real,1.0,0.0,"{'contradiction': 0, 'template_language': 0, 'excessive_emotion': 0, 'gibberish_spam': 0, 'word_count': 13}",0.0
940,gagal bos masa ukuran xxxl kcil banget,2,0,gagal bos masa ukuran xxxl kcil banget,Real,1.0,0.0,"{'contradiction': 0, 'template_language': 0, 'excessive_emotion': 0, 'gibberish_spam': 0, 'word_count': 7}",0.0
941,terlalu kecil tidak sesuai dan jahitan nya kurang rapi,3,0,terlalu kecil tidak sesuai dan jahitan nya kurang rapi,Real,1.0,0.0,"{'contradiction': 0, 'template_language': 0, 'excessive_emotion': 0, 'gibberish_spam': 0, 'word_count': 9}",0.0
942,"sesuailah dg harganya,bahanya juga lumayan tebal dg harga segitu warna dan ukuran sesuai pesanan,q suka🫰🫰🫰",5,0,"sesuailah dg harganya,bahanya juga lumayan tebal dg harga segitu warna dan ukuran sesuai pesanan,q s...",Real,1.0,0.0,"{'contradiction': 0, 'template_language': 0, 'excessive_emotion': 1, 'gibberish_spam': 0, 'word_count': 15}",0.0
943,"wes siip ar bahannya kaos seperti traning ternyata, blum bisa utk celana formal",5,0,"wes siip ar bahannya kaos seperti traning ternyata, blum bisa utk celana formal",Real,1.0,0.0,"{'contradiction': 0, 'template_language': 0, 'excessive_emotion': 0, 'gibberish_spam': 0, 'word_count': 13}",0.0
944,diterima dg baik namun kekecilan untuk istri pas jadi istri yg pake aku yg pake ngatung sejengkal,5,0,diterima dg baik namun kekecilan untuk istri pas jadi istri yg pake aku yg pake ngatung sejengkal,Real,1.0,0.0,"{'contradiction': 0, 'template_language': 0, 'excessive_emotion': 0, 'gibberish_spam': 0, 'word_count': 17}",0.0
945,bahan: adem warna: sesuai bentuk dan ukuran: pas di bb,4,0,bahan: adem warna: sesuai bentuk dan ukuran: pas di bb,Real,1.0,0.0,"{'contradiction': 0, 'template_language': 0, 'excessive_emotion': 0, 'gibberish_spam': 0, 'word_count': 10}",0.0
946,"warna sesuai pesana,ukuran krang pnjang dkit,bhanny tipis 🙏🙏🙏",3,0,"warna sesuai pesana,ukuran krang pnjang dkit,bhanny tipis 🙏🙏🙏",Real,1.0,0.0,"{'contradiction': 0, 'template_language': 0, 'excessive_emotion': 1, 'gibberish_spam': 0, 'word_count': 8}",0.0
947,kain nya agak tipis tp lumayan bagus sesuai dengan fto,3,0,kain nya agak tipis tp lumayan bagus sesuai dengan fto,Real,1.0,0.0,"{'contradiction': 0, 'template_language': 0, 'excessive_emotion': 0, 'gibberish_spam': 0, 'word_count': 10}",0.0
948,celananya gak sesuai gambar saya kecewa tokonya gak amanah kain tipis celana buat kekebun 👇🏾,3,0,celananya gak sesuai gambar saya kecewa tokonya gak amanah kain tipis celana buat kekebun 👇🏾,Real,1.0,0.0,"{'contradiction': 0, 'template_language': 0, 'excessive_emotion': 0, 'gibberish_spam': 0, 'word_count': 15}",0.0
949,bagusss bangettt bahan nya poko nya toko nya amanah banget 👍👍👍👍👍,5,0,bagusss bangettt bahan nya poko nya toko nya amanah banget 👍👍👍👍👍,Fake,0.917,6.34,"{'contradiction': 0, 'template_language': 0, 'excessive_emotion': 1, 'gibberish_spam': 1, 'word_count': 11}",0.447
950,bentuk dan ukuran: untuk ukuran yg biru dongker dg yg hitam lebih besar yg biru dongker.yg biru dlm kemasan yg yg itam los tdk dikemas dn tdk ada keterangan ukurannya.,4,0,bentuk dan ukuran: untuk ukuran yg biru dongker dg yg hitam lebih besar yg biru dongker.yg biru dlm ...,Real,1.0,0.0,"{'contradiction': 0, 'template_language': 0, 'excessive_emotion': 0, 'gibberish_spam': 0, 'word_count': 30}",0.0
951,barang lumayan bagus.....tapi kok tidak seperti iklanya,4,0,barang lumayan bagus.....tapi kok tidak seperti iklanya,Fake,0.919,6.37,"{'contradiction': 0, 'template_language': 0, 'excessive_emotion': 0, 'gibberish_spam': 1, 'word_count': 7}",0.458
952,bentuk dan ukuran: okeh bahan: okeh warna: sesuai karakteristik: baik,5,0,bentuk dan ukuran: okeh bahan: okeh warna: sesuai karakteristik: baik,Real,1.0,0.0,"{'contradiction': 0, 'template_language': 0, 'excessive_emotion': 0, 'gibberish_spam': 0, 'word_count': 10}",0.0
953,"bahanya bgus halus ,ukuranya pas warna: cocok",5,0,"bahanya bgus halus ,ukuranya pas warna: cocok",Real,1.0,0.0,"{'contradiction': 0, 'template_language': 0, 'excessive_emotion': 0, 'gibberish_spam': 0, 'word_count': 7}",0.0
954,"bahan: kurang tebal bias ae bentuk dan ukuran: bias ukuran mgo ""pas ukurannya",3,0,"bahan: kurang tebal bias ae bentuk dan ukuran: bias ukuran mgo ""pas ukurannya",Real,1.0,0.0,"{'contradiction': 0, 'template_language': 0, 'excessive_emotion': 0, 'gibberish_spam': 0, 'word_count': 13}",0.0
955,maaf y aku kasih bintang 3 soalnya bahannya ko beda y dr yg sebelumnya aku beli 2...yg pertama beli 2 hitam n navy bagus tebal bahanya karetnya dipinggang bagus.skrng bel...,3,0,maaf y aku kasih bintang 3 soalnya bahannya ko beda y dr yg sebelumnya aku beli 2...yg pertama beli ...,Real,1.0,0.0,"{'contradiction': 0, 'template_language': 0, 'excessive_emotion': 0, 'gibberish_spam': 0, 'word_count': 30}",0.0
956,sudah ambil ukuran xxxl masih g muat😅😅,4,0,sudah ambil ukuran xxxl masih g muat😅😅,Real,1.0,0.0,"{'contradiction': 0, 'template_language': 0, 'excessive_emotion': 0, 'gibberish_spam': 0, 'word_count': 7}",0.0
957,bentuk dan ukuran: sama seperti di gambar,5,0,bentuk dan ukuran: sama seperti di gambar,Real,1.0,0.0,"{'contradiction': 0, 'template_language': 0, 'excessive_emotion': 0, 'gibberish_spam': 0, 'word_count': 7}",0.0
958,"sekedar kasih saran yaa,tolong dong kantong celananya di cek,kok bolong ya... untung saja kunci motor yg saya tarok gk jatuh, mksh, celananya bagus sayangnya kantong nya...",4,0,"sekedar kasih saran yaa,tolong dong kantong celananya di cek,kok bolong ya... untung saja kunci moto...",Real,1.0,0.0,"{'contradiction': 0, 'template_language': 0, 'excessive_emotion': 0, 'gibberish_spam': 0, 'word_count': 26}",0.0
959,bagus sesuai pesanan saya suka bgt belinya di lebih gede dri yg biasa kita paki,5,0,bagus sesuai pesanan saya suka bgt belinya di lebih gede dri yg biasa kita paki,Real,1.0,0.0,"{'contradiction': 0, 'template_language': 0, 'excessive_emotion': 0, 'gibberish_spam': 0, 'word_count': 15}",0.0
960,barang bagus adem buat keseharian . pengiriman sangat cepat sekali,5,0,barang bagus adem buat keseharian . pengiriman sangat cepat sekali,Fake,0.753,3.06,"{'contradiction': 0, 'template_language': 1, 'excessive_emotion': 0, 'gibberish_spam': 0, 'word_count': 10}",0.354
961,bahan lumayan tdk nerawang yah trus adem juga d pake nya,5,0,bahan lumayan tdk nerawang yah trus adem juga d pake nya,Real,1.0,0.0,"{'contradiction': 0, 'template_language': 0, 'excessive_emotion': 0, 'gibberish_spam': 0, 'word_count': 11}",0.0
962,mashaallah produk ny bagus kk mesti murah gk asal jh jaitan ny bagus peking ny bagus pokonya lancar yh ka ku pasti akan dtng lagi beli suami saya sampai bahagia sekali kk...,5,0,mashaallah produk ny bagus kk mesti murah gk asal jh jaitan ny bagus peking ny bagus pokonya lancar ...,Real,1.0,0.0,"{'contradiction': 0, 'template_language': 0, 'excessive_emotion': 0, 'gibberish_spam': 0, 'word_count': 32}",0.0
963,cukup bagus dengan harga segitu. sama maklum dengan harga segitu bisa dapet celana .,5,0,cukup bagus dengan harga segitu. sama maklum dengan harga segitu bisa dapet celana .,Real,1.0,0.0,"{'contradiction': 0, 'template_language': 0, 'excessive_emotion': 0, 'gibberish_spam': 0, 'word_count': 14}",0.0
964,60rb dpt 2 dngn harga segitu lumayan sih buat ganti sehari-hari .gk nyesel sih beli d toko ini.laris manis ya 🙏🏻,5,0,60rb dpt 2 dngn harga segitu lumayan sih buat ganti sehari-hari .gk nyesel sih beli d toko ini.laris...,Real,1.0,0.0,"{'contradiction': 0, 'template_language': 0, 'excessive_emotion': 0, 'gibberish_spam': 0, 'word_count': 21}",0.0
965,pengiriman nya cepat...untuk bahan ya lumayan,4,0,pengiriman nya cepat...untuk bahan ya lumayan,Real,1.0,0.0,"{'contradiction': 0, 'template_language': 0, 'excessive_emotion': 0, 'gibberish_spam': 0, 'word_count': 6}",0.0
966,"kualitas barang sesuai harga,, mau beli yg kualitas bagus ya yang mahal",3,0,"kualitas barang sesuai harga,, mau beli yg kualitas bagus ya yang mahal",Real,1.0,0.0,"{'contradiction': 0, 'template_language': 0, 'excessive_emotion': 0, 'gibberish_spam': 0, 'word_count': 12}",0.0
967,"barangnya udah nyampe , kurirnya baik udh langganan,tapi celananya ada yg bolong sedikit masih bisa di jahit sendiri ada mesin jahit di rumah",5,0,"barangnya udah nyampe , kurirnya baik udh langganan,tapi celananya ada yg bolong sedikit masih bisa ...",Real,1.0,0.0,"{'contradiction': 0, 'template_language': 0, 'excessive_emotion': 0, 'gibberish_spam': 0, 'word_count': 23}",0.0
968,"paket nya sudah sampai, tapi kurir nya kurang jujur. masak harganya 65.044 disuruh bayar 66.000. dasar kurir mau banyak untung.",4,0,"paket nya sudah sampai, tapi kurir nya kurang jujur. masak harganya 65.044 disuruh bayar 66.000. das...",Real,0.8,2.0,"{'contradiction': 0, 'template_language': 0, 'excessive_emotion': 0, 'gibberish_spam': 0, 'word_count': 20}",0.0
969,"trimakasih penjual, barang sudah sampai pas bahan: lumayan sesuai harga",5,0,"trimakasih penjual, barang sudah sampai pas bahan: lumayan sesuai harga",Real,1.0,0.0,"{'contradiction': 0, 'template_language': 0, 'excessive_emotion': 0, 'gibberish_spam': 0, 'word_count': 10}",0.0
970,"pilih warna abu² dan hitam, dtgnya abu² biru.😑bahan lmyan tipis ...sesuailah dgn hrga sgtu",4,0,"pilih warna abu² dan hitam, dtgnya abu² biru.😑bahan lmyan tipis ...sesuailah dgn hrga sgtu",Real,1.0,0.0,"{'contradiction': 0, 'template_language': 0, 'excessive_emotion': 0, 'gibberish_spam': 0, 'word_count': 14}",0.0
971,"kain tipis dan menerawang, utk uk xxl ini kecil bgt, pdhl sengaja pilih yg size nya besar",3,0,"kain tipis dan menerawang, utk uk xxl ini kecil bgt, pdhl sengaja pilih yg size nya besar",Real,1.0,0.0,"{'contradiction': 0, 'template_language': 0, 'excessive_emotion': 0, 'gibberish_spam': 0, 'word_count': 17}",0.0
972,"barang sesuai dg harganya,, kecewa karena barang tiba jauh dr estimasi yg ditentukan...sy gk puas dg jasa ekspedisi ninja",3,0,"barang sesuai dg harganya,, kecewa karena barang tiba jauh dr estimasi yg ditentukan...sy gk puas dg...",Real,1.0,0.0,"{'contradiction': 0, 'template_language': 0, 'excessive_emotion': 0, 'gibberish_spam': 0, 'word_count': 19}",0.0
973,tidak sesuai pesanan yg di tawarkan..,5,0,tidak sesuai pesanan yg di tawarkan..,Real,0.8,2.0,"{'contradiction': 0, 'template_language': 0, 'excessive_emotion': 0, 'gibberish_spam': 0, 'word_count': 6}",0.0
974,bentuk dan ukuran: sma dengan ukuran 60-80,3,0,bentuk dan ukuran: sma dengan ukuran 60-80,Real,1.0,0.0,"{'contradiction': 0, 'template_language': 0, 'excessive_emotion': 0, 'gibberish_spam': 0, 'word_count': 7}",0.0
975,bahan bagus dipakainya enak,5,0,bahan bagus dipakainya enak,Real,0.9,1.0,"{'contradiction': 0, 'template_language': 0, 'excessive_emotion': 0, 'gibberish_spam': 0, 'word_count': 4}",0.0
976,bahannya lumayan cmn beda sama yg d contoh,4,0,bahannya lumayan cmn beda sama yg d contoh,Real,1.0,0.0,"{'contradiction': 0, 'template_language': 0, 'excessive_emotion': 0, 'gibberish_spam': 0, 'word_count': 8}",0.0
977,tidak sesuai dengan ukuran.. tidak mungkin ini xxxl... selangkangannya sempit... alamat cepet sobek...,4,0,tidak sesuai dengan ukuran.. tidak mungkin ini xxxl... selangkangannya sempit... alamat cepet sobek....,Real,0.8,2.0,"{'contradiction': 0, 'template_language': 0, 'excessive_emotion': 0, 'gibberish_spam': 0, 'word_count': 13}",0.0
978,saya beli yg ke dua tpi barangnya sama gak zonk terima kasih sudah amanah kurirnya ramah,5,0,saya beli yg ke dua tpi barangnya sama gak zonk terima kasih sudah amanah kurirnya ramah,Real,1.0,0.0,"{'contradiction': 0, 'template_language': 0, 'excessive_emotion': 0, 'gibberish_spam': 0, 'word_count': 16}",0.0
979,"brang oke, bahanya adem, tebel, sesuai pesanan...... tdk mengecewakn... mksh",5,0,"brang oke, bahanya adem, tebel, sesuai pesanan...... tdk mengecewakn... mksh",Fake,0.92,6.39,"{'contradiction': 0, 'template_language': 0, 'excessive_emotion': 0, 'gibberish_spam': 1, 'word_count': 10}",0.464
980,bagus lumayan enak dipakai buat olah raga,4,0,bagus lumayan enak dipakai buat olah raga,Real,1.0,0.0,"{'contradiction': 0, 'template_language': 0, 'excessive_emotion': 0, 'gibberish_spam': 0, 'word_count': 7}",0.0
981,"baik,ok pas ukurannya warna yg dikirim sesuai dengan yg q pesan smoga laris n jaya smoga amanah terus",5,0,"baik,ok pas ukurannya warna yg dikirim sesuai dengan yg q pesan smoga laris n jaya smoga amanah teru...",Real,0.85,1.5,"{'contradiction': 0, 'template_language': 0, 'excessive_emotion': 0, 'gibberish_spam': 0, 'word_count': 18}",0.0
982,alhamdulillah paketnya udah nyampai...barang sesuai pesanan dan harganya sangt terjangkau...,5,0,alhamdulillah paketnya udah nyampai...barang sesuai pesanan dan harganya sangt terjangkau...,Real,1.0,0.0,"{'contradiction': 0, 'template_language': 0, 'excessive_emotion': 0, 'gibberish_spam': 0, 'word_count': 10}",0.0
983,packing rapih.pengiriman cepat.bahan celana lumayan lah sesuai harga,3,0,packing rapih.pengiriman cepat.bahan celana lumayan lah sesuai harga,Real,1.0,0.0,"{'contradiction': 0, 'template_language': 0, 'excessive_emotion': 0, 'gibberish_spam': 0, 'word_count': 8}",0.0
984,ternyata ukuran nya utk anak umur 13 thn na,4,0,ternyata ukuran nya utk anak umur 13 thn na,Real,1.0,0.0,"{'contradiction': 0, 'template_language': 0, 'excessive_emotion': 0, 'gibberish_spam': 0, 'word_count': 9}",0.0
985,alhamdulillah celana nya sampai tepat waktu dan gk mengecewakan bagi saya yg baru pertama kali order celana halus pas di pakai saya,5,0,alhamdulillah celana nya sampai tepat waktu dan gk mengecewakan bagi saya yg baru pertama kali order...,Real,0.8,2.0,"{'contradiction': 0, 'template_language': 0, 'excessive_emotion': 0, 'gibberish_spam': 0, 'word_count': 22}",0.0
986,"mantap barang bagus ga buat kantong kering, nyaman dipakai, kwalitas juga apik, dan tekstur lembut jadi misalkan mau di jalan gitu nda takut lagi saya tidak waswas, terim...",5,0,"mantap barang bagus ga buat kantong kering, nyaman dipakai, kwalitas juga apik, dan tekstur lembut j...",Real,1.0,0.0,"{'contradiction': 0, 'template_language': 0, 'excessive_emotion': 0, 'gibberish_spam': 0, 'word_count': 28}",0.0
987,awalnya memang tertarik sama harganya yang super murah dan tampilannya yang menarik. ada banyak juga pilihan aroma. respon penjual cukup baik. pengirimman cukup baik dan...,4,2,awalnya memang tertarik sama harganya yang super murah dan tampilannya yang menarik. ada banyak juga...,Real,1.0,0.0,"{'contradiction': 0, 'template_language': 0, 'excessive_emotion': 0, 'gibberish_spam': 0, 'word_count': 25}",0.0
988,"wangi cukup maskulin tp ada sedikit bunga²nya/feminin, tp tipis aja. bisa dipakai buat sehari² atau nongki² santai. indoor bisa tahan 3-4 jam, outdoor panas kayak sekaran...",5,7,"wangi cukup maskulin tp ada sedikit bunga²nya/feminin, tp tipis aja. bisa dipakai buat sehari² atau ...",Real,1.0,0.0,"{'contradiction': 0, 'template_language': 0, 'excessive_emotion': 0, 'gibberish_spam': 0, 'word_count': 26}",0.0
989,"barang sudah barang sudah diterima dengan baik, sesuai pesanan wanginya enak menyegarkan sesuai ekspektasi lah bisa jadi rekomendasi kaum adam cuma sayang kemasan kardus...",5,1,"barang sudah barang sudah diterima dengan baik, sesuai pesanan wanginya enak menyegarkan sesuai eksp...",Real,1.0,0.0,"{'contradiction': 0, 'template_language': 0, 'excessive_emotion': 0, 'gibberish_spam': 0, 'word_count': 24}",0.0
990,"wangi parfum ini yang tahan lama, parfum ini memiliki wangi yang cocok untuk untuk semua acara, aroma nya enak saat di ruangan ber-ac, aroma wanginya tidak menyengat bang...",5,3,"wangi parfum ini yang tahan lama, parfum ini memiliki wangi yang cocok untuk untuk semua acara, arom...",Real,1.0,0.0,"{'contradiction': 0, 'template_language': 0, 'excessive_emotion': 0, 'gibberish_spam': 0, 'word_count': 28}",0.0
991,produk bagus banget apalagi bau parfum untuk pengirim tolong. bungkus nya lebih rapi dan teratur punya saya datang nya sampe kebuka dikit,5,0,produk bagus banget apalagi bau parfum untuk pengirim tolong. bungkus nya lebih rapi dan teratur pun...,Real,1.0,0.0,"{'contradiction': 0, 'template_language': 0, 'excessive_emotion': 0, 'gibberish_spam': 0, 'word_count': 22}",0.0
992,"walaupun pas nyampe agak penyok dikit gpp asal isinya aman, wanginya pun juga gk terlalu over, pokoknya pas deh",5,0,"walaupun pas nyampe agak penyok dikit gpp asal isinya aman, wanginya pun juga gk terlalu over, pokok...",Real,1.0,0.0,"{'contradiction': 0, 'template_language': 0, 'excessive_emotion': 0, 'gibberish_spam': 0, 'word_count': 19}",0.0
993,"kualiatas nya oke wangi nyaa nempel banget, cocok banget buat kaum priaa, recomend banget ja",5,0,"kualiatas nya oke wangi nyaa nempel banget, cocok banget buat kaum priaa, recomend banget ja",Real,1.0,0.0,"{'contradiction': 0, 'template_language': 0, 'excessive_emotion': 0, 'gibberish_spam': 0, 'word_count': 15}",0.0
994,"pelayanannya bagus, produk sangat bagus dan dikirim dengan perlindungan yg cukup aman, sejauh ini saya puas dengan produk dan pelayanannya, suka sm yg vanilla tp yg sensu...",5,0,"pelayanannya bagus, produk sangat bagus dan dikirim dengan perlindungan yg cukup aman, sejauh ini sa...",Fake,0.767,3.35,"{'contradiction': 0, 'template_language': 1, 'excessive_emotion': 0, 'gibberish_spam': 0, 'word_count': 27}",0.449
995,ini lumayan bau nya dan juga saat awal bau nya mantull untuk pengirim tolong. bungkus nya lebih rapi dan teratur punya saya datang nya sampe kebuka dikit,4,0,ini lumayan bau nya dan juga saat awal bau nya mantull untuk pengirim tolong. bungkus nya lebih rapi...,Real,1.0,0.0,"{'contradiction': 0, 'template_language': 0, 'excessive_emotion': 0, 'gibberish_spam': 0, 'word_count': 27}",0.0
996,"produk ini berbahan yang berkualitas bagus , harganya diskonan , packingnya aman, wangi nya enak, pengiirimannya juga cepat",5,0,"produk ini berbahan yang berkualitas bagus , harganya diskonan , packingnya aman, wangi nya enak, pe...",Real,1.0,0.0,"{'contradiction': 0, 'template_language': 0, 'excessive_emotion': 0, 'gibberish_spam': 0, 'word_count': 18}",0.0
997,"wanginya enak gak terlalu nyegrak, harganya murah dapet 50%, awet dari pagi sampe sore",5,3,"wanginya enak gak terlalu nyegrak, harganya murah dapet 50%, awet dari pagi sampe sore",Real,1.0,0.0,"{'contradiction': 0, 'template_language': 0, 'excessive_emotion': 0, 'gibberish_spam': 0, 'word_count': 14}",0.0
998,mantap bau harum pekatnya pas ga terlalu menyengat doi pasti langsung cium dan nempel truss,5,0,mantap bau harum pekatnya pas ga terlalu menyengat doi pasti langsung cium dan nempel truss,Real,1.0,0.0,"{'contradiction': 0, 'template_language': 0, 'excessive_emotion': 0, 'gibberish_spam': 0, 'word_count': 15}",0.0
999,pengiriman cepat pelayanan ramah dan responsif barang sesuai packaging pakai bubble wrap jadi aman kondisi barang dalam keadaan baik tidak mengecewakan beli barang disi...,5,0,pengiriman cepat pelayanan ramah dan responsif barang sesuai packaging pakai bubble wrap jadi aman k...,Real,0.8,2.0,"{'contradiction': 0, 'template_language': 0, 'excessive_emotion': 0, 'gibberish_spam': 0, 'word_count': 24}",0.0
1000,"pertama kali beli parfum seumur hidup & wanginya gw suka,ga begitu menyengat masih toleran,entah akan kecium wanginya oleh orang lain/tidak karena hidung gw udah ba&#...",5,1,"pertama kali beli parfum seumur hidup & wanginya gw suka,ga begitu menyengat masih toleran,entah aka...",Real,1.0,0.0,"{'contradiction': 0, 'template_language': 0, 'excessive_emotion': 0, 'gibberish_spam': 0, 'word_count': 25}",0.0
1001,real product with etalase✅ agannya fast respon banget baru tc udah langsung status menunggu kurir dan fast chat👍🏻 packing safe juga diterima safe✅ dgn waktu antar jit ✅...,5,0,real product with etalase✅ agannya fast respon banget baru tc udah langsung status menunggu kurir da...,Real,0.85,1.5,"{'contradiction': 0, 'template_language': 0, 'excessive_emotion': 0, 'gibberish_spam': 0, 'word_count': 28}",0.0
1002,"pengemasan bagus, aroma nya gak terlalu menyengat, tahan lama hanya 4,5 jam sih oke lah",5,2,"pengemasan bagus, aroma nya gak terlalu menyengat, tahan lama hanya 4,5 jam sih oke lah",Real,1.0,0.0,"{'contradiction': 0, 'template_language': 0, 'excessive_emotion': 0, 'gibberish_spam': 0, 'word_count': 15}",0.0
1003,"packing aman, pengiriman cepat, kualitas sesuai merk",5,0,"packing aman, pengiriman cepat, kualitas sesuai merk",Real,1.0,0.0,"{'contradiction': 0, 'template_language': 0, 'excessive_emotion': 0, 'gibberish_spam': 0, 'word_count': 7}",0.0
1004,"barang sampai, kemasan bagus pake bubble wrap menggunakan kardus jg jadi aman banget lah ya",5,2,"barang sampai, kemasan bagus pake bubble wrap menggunakan kardus jg jadi aman banget lah ya",Real,1.0,0.0,"{'contradiction': 0, 'template_language': 0, 'excessive_emotion': 0, 'gibberish_spam': 0, 'word_count': 15}",0.0
1005,"wangi manly banget , agak menusuk sih tapi nyaman sih wanginya , cocok buat outdoor kalo menurut ku si , thank you evangeline 😘",5,1,"wangi manly banget , agak menusuk sih tapi nyaman sih wanginya , cocok buat outdoor kalo menurut ku ...",Real,1.0,0.0,"{'contradiction': 0, 'template_language': 0, 'excessive_emotion': 0, 'gibberish_spam': 0, 'word_count': 24}",0.0
1006,"wangi nya tahan lama, segar bau gaharu, harga sangat terjangkau",5,1,"wangi nya tahan lama, segar bau gaharu, harga sangat terjangkau",Real,1.0,0.0,"{'contradiction': 0, 'template_language': 0, 'excessive_emotion': 0, 'gibberish_spam': 0, 'word_count': 10}",0.0
1007,"mantull pesanan ku sudah sampai dengan baik dan amanah, wangi nya sangat elegan dan macho banget, cocok di pakai semua aktivitas, apalagi saat berkeringat makin nyebar w...",5,0,"mantull pesanan ku sudah sampai dengan baik dan amanah, wangi nya sangat elegan dan macho banget, co...",Real,1.0,0.0,"{'contradiction': 0, 'template_language': 0, 'excessive_emotion': 0, 'gibberish_spam': 0, 'word_count': 27}",0.0
1008,"enak wanginya,botolnya bagus,packaging cukup aman",5,0,"enak wanginya,botolnya bagus,packaging cukup aman",Real,0.9,1.0,"{'contradiction': 0, 'template_language': 0, 'excessive_emotion': 0, 'gibberish_spam': 0, 'word_count': 5}",0.0
1009,"barang sesuai dgn pesanan packing amanah bau parfumnya wangi sekali saya suka dgn baunya cocok buat pria,sdh tidak diragukan lagi kualitasnya ditoko ini 👍🏻👍🏻👍🏻",5,0,barang sesuai dgn pesanan packing amanah bau parfumnya wangi sekali saya suka dgn baunya cocok buat ...,Real,1.0,0.0,"{'contradiction': 0, 'template_language': 0, 'excessive_emotion': 1, 'gibberish_spam': 0, 'word_count': 24}",0.0
1010,barang sudah diterima dan sesuai dengan pesanan wanginya soft enak harumnya terimakasih buat penjual dan mudah mudahan wanginya awet walaupun dipakai kerja lapangan kuali...,4,0,barang sudah diterima dan sesuai dengan pesanan wanginya soft enak harumnya terimakasih buat penjual...,Real,1.0,0.0,"{'contradiction': 0, 'template_language': 0, 'excessive_emotion': 0, 'gibberish_spam': 0, 'word_count': 24}",0.0
1011,produk di terima dengan selamat wanginya enak original packing rapih mantap dah ga kaleng kaleng,5,0,produk di terima dengan selamat wanginya enak original packing rapih mantap dah ga kaleng kaleng,Real,1.0,0.0,"{'contradiction': 0, 'template_language': 0, 'excessive_emotion': 0, 'gibberish_spam': 0, 'word_count': 15}",0.0
1012,belum pernah kecewa sih sama wanginya yg sweet dan berkarakter. selalu jadi salahsatu pilihan parfum terbaik untuk aktifitas saya yang mostly diluar ruangan. hanya saja s...,5,0,belum pernah kecewa sih sama wanginya yg sweet dan berkarakter. selalu jadi salahsatu pilihan parfum...,Real,0.8,2.0,"{'contradiction': 0, 'template_language': 0, 'excessive_emotion': 0, 'gibberish_spam': 0, 'word_count': 26}",0.0
1013,"packing rapi, proses cepat, wanginya tipe strong, lebih enak braven oud wood",5,0,"packing rapi, proses cepat, wanginya tipe strong, lebih enak braven oud wood",Real,1.0,0.0,"{'contradiction': 0, 'template_language': 0, 'excessive_emotion': 0, 'gibberish_spam': 0, 'word_count': 12}",0.0
1014,"coba-coba karena pas ada promo sudah sering pakai evangeline yang black sakura sama black musk dan black vanilla, dan ternyata sumpah cocok banget aroma yang ini sama say...",5,0,coba-coba karena pas ada promo sudah sering pakai evangeline yang black sakura sama black musk dan b...,Real,1.0,0.0,"{'contradiction': 0, 'template_language': 0, 'excessive_emotion': 0, 'gibberish_spam': 0, 'word_count': 28}",0.0
1015,"real product etalase👍🏻cassenya kaca, 2 productnya saya suka😍dapet harga diskon👍🏻✔️ baru disemprot dikit, ntar diuji ketahanannya semoga awet wanginya. agan sellerny...",5,0,"real product etalase👍🏻cassenya kaca, 2 productnya saya suka😍dapet harga diskon👍🏻✔️ baru disemprot di...",Fake,0.777,3.55,"{'contradiction': 1, 'template_language': 0, 'excessive_emotion': 0, 'gibberish_spam': 0, 'word_count': 21}",0.182
1016,"parfumnya sudah keterima dengan baik dan kondisi baik juga, wanginya ya wangilah😁😁, pokoknya top markotop, oke terima kasih 😁🙏🙏",5,0,"parfumnya sudah keterima dengan baik dan kondisi baik juga, wanginya ya wangilah😁😁, pokoknya top mar...",Real,1.0,0.0,"{'contradiction': 0, 'template_language': 0, 'excessive_emotion': 1, 'gibberish_spam': 0, 'word_count': 19}",0.0
1017,"barang sesuai deskripsi, wangi. ga bisa upload video unboxing, tokopedia ngelag.",5,0,"barang sesuai deskripsi, wangi. ga bisa upload video unboxing, tokopedia ngelag.",Real,1.0,0.0,"{'contradiction': 0, 'template_language': 0, 'excessive_emotion': 0, 'gibberish_spam': 0, 'word_count': 11}",0.0
1018,wangi soft.. tahan lama..enak.. ga rusak baju.. good seller..recommended,5,0,wangi soft.. tahan lama..enak.. ga rusak baju.. good seller..recommended,Real,1.0,0.0,"{'contradiction': 0, 'template_language': 0, 'excessive_emotion': 0, 'gibberish_spam': 0, 'word_count': 9}",0.0
1019,"kualitas sesuai harga, lumayan wangi untuk parfum harga 30rban, pengiriman cepat 1 hari sampai the best kurir lah",5,0,"kualitas sesuai harga, lumayan wangi untuk parfum harga 30rban, pengiriman cepat 1 hari sampai the b...",Real,1.0,0.0,"{'contradiction': 0, 'template_language': 0, 'excessive_emotion': 0, 'gibberish_spam': 0, 'word_count': 18}",0.0
1020,barang bagus.. wangi tahan lama.. dan pengemasan rapi aman dan cepat sampai tujuan,5,0,barang bagus.. wangi tahan lama.. dan pengemasan rapi aman dan cepat sampai tujuan,Real,1.0,0.0,"{'contradiction': 0, 'template_language': 0, 'excessive_emotion': 0, 'gibberish_spam': 0, 'word_count': 13}",0.0
1021,baru nyobain wangi sensual oud ternyata strong banget di awal tapi tetap kalem di akhir cocoknya ini sih buat umur 20 ke atas sama dipakai buat acara formal,5,4,baru nyobain wangi sensual oud ternyata strong banget di awal tapi tetap kalem di akhir cocoknya ini...,Real,1.0,0.0,"{'contradiction': 0, 'template_language': 0, 'excessive_emotion': 0, 'gibberish_spam': 0, 'word_count': 28}",0.0
1022,wanginya lumayan enak dan bagus untuk dipakai sehari-hari tapi bagusnya kalau dipakai malam hari,5,0,wanginya lumayan enak dan bagus untuk dipakai sehari-hari tapi bagusnya kalau dipakai malam hari,Real,1.0,0.0,"{'contradiction': 0, 'template_language': 0, 'excessive_emotion': 0, 'gibberish_spam': 0, 'word_count': 14}",0.0
1023,"barang sampai dengan selamat & utuh, pengemasan aman bubble tebal wangi enak dikelasnya, rekomen untuk sehari hari",5,0,"barang sampai dengan selamat & utuh, pengemasan aman bubble tebal wangi enak dikelasnya, rekomen unt...",Real,1.0,0.0,"{'contradiction': 0, 'template_language': 0, 'excessive_emotion': 0, 'gibberish_spam': 0, 'word_count': 17}",0.0
1024,"produk diterima dengan kondisi baik dan sesuai pesanan, packingnya juga aman, buat yang mau beli langsung aja cekout rekomended pokonya",5,0,"produk diterima dengan kondisi baik dan sesuai pesanan, packingnya juga aman, buat yang mau beli lan...",Real,1.0,0.0,"{'contradiction': 0, 'template_language': 0, 'excessive_emotion': 0, 'gibberish_spam': 0, 'word_count': 20}",0.0
1025,"packing nya rapih ada bubble wrap menggunakan kardus aroma nya pas belum coba apakah tahan lama tidak, jika parfum tahan lama otw beli lagi deh",5,1,packing nya rapih ada bubble wrap menggunakan kardus aroma nya pas belum coba apakah tahan lama tida...,Fake,0.813,4.27,"{'contradiction': 1, 'template_language': 0, 'excessive_emotion': 0, 'gibberish_spam': 0, 'word_count': 25}",0.422
1026,barangnya sudah sampai sesuai ekspektasi... wanginya lembut dan tahan lama.... pengiriman sangat aman kalau di layani tokped sangat aman dalam hal pengiriman.terima kasih...,5,1,barangnya sudah sampai sesuai ekspektasi... wanginya lembut dan tahan lama.... pengiriman sangat ama...,Real,1.0,0.0,"{'contradiction': 0, 'template_language': 0, 'excessive_emotion': 0, 'gibberish_spam': 0, 'word_count': 23}",0.0
1027,"wangi nya seger cocok banget dan braven ini memang mantull,, 😍😍😍langsung double..!! terimakasih bravencollection",5,0,"wangi nya seger cocok banget dan braven ini memang mantull,, 😍😍😍langsung double..!! terimakasih brav...",Real,1.0,0.0,"{'contradiction': 0, 'template_language': 0, 'excessive_emotion': 1, 'gibberish_spam': 0, 'word_count': 14}",0.0
1028,"kualitas tahan lama, fresh banget wangi nya, cucok untuk shalat 5 waktu",5,1,"kualitas tahan lama, fresh banget wangi nya, cucok untuk shalat 5 waktu",Real,1.0,0.0,"{'contradiction': 0, 'template_language': 0, 'excessive_emotion': 0, 'gibberish_spam': 0, 'word_count': 12}",0.0
1029,"toko nya gercep bgt, baru klik bayar lsg proses, langsung kirim besok dah sampe.. mantapp ! wangi varian vanila wood ini sedikit kuat dan lumayan tahan lama di baju.",5,0,"toko nya gercep bgt, baru klik bayar lsg proses, langsung kirim besok dah sampe.. mantapp ! wangi va...",Real,1.0,0.0,"{'contradiction': 0, 'template_language': 0, 'excessive_emotion': 0, 'gibberish_spam': 0, 'word_count': 29}",0.0
1030,"harumnya segar ada bau woody cocok saya suka,,ketahanan cukup lama",5,0,"harumnya segar ada bau woody cocok saya suka,,ketahanan cukup lama",Real,1.0,0.0,"{'contradiction': 0, 'template_language': 0, 'excessive_emotion': 0, 'gibberish_spam': 0, 'word_count': 10}",0.0
1031,"alhamdulillah paket udah sampe, wangi nya enak kualitas produk: enak pol",5,0,"alhamdulillah paket udah sampe, wangi nya enak kualitas produk: enak pol",Real,1.0,0.0,"{'contradiction': 0, 'template_language': 0, 'excessive_emotion': 0, 'gibberish_spam': 0, 'word_count': 11}",0.0
1032,packing aman pengiriman cepat rasanya enak dipakenya trnyata .........,5,0,packing aman pengiriman cepat rasanya enak dipakenya trnyata .........,Fake,0.898,5.96,"{'contradiction': 0, 'template_language': 0, 'excessive_emotion': 0, 'gibberish_spam': 1, 'word_count': 9}",0.321
1033,barang sesuai deskripsi.. sdh sering repeat order.. wanginya enak2.. mantab.. tq,5,7,barang sesuai deskripsi.. sdh sering repeat order.. wanginya enak2.. mantab.. tq,Real,1.0,0.0,"{'contradiction': 0, 'template_language': 0, 'excessive_emotion': 0, 'gibberish_spam': 0, 'word_count': 11}",0.0
1034,sangat puas dengan barangnya dan sangat suka dengan wangi dari parfumenya,5,0,sangat puas dengan barangnya dan sangat suka dengan wangi dari parfumenya,Real,1.0,0.0,"{'contradiction': 0, 'template_language': 0, 'excessive_emotion': 0, 'gibberish_spam': 0, 'word_count': 11}",0.0
1035,"barang cepat sampai, sesuai dengan gambar, dan packing nya rapih.",5,0,"barang cepat sampai, sesuai dengan gambar, dan packing nya rapih.",Real,1.0,0.0,"{'contradiction': 0, 'template_language': 0, 'excessive_emotion': 0, 'gibberish_spam': 0, 'word_count': 10}",0.0
1036,"respon cepat,pengiriman cepat dan tepat,kualitas parfum/brng mantap, terimakasihhhhh🥰🥰🙏🙏👌👌",5,3,"respon cepat,pengiriman cepat dan tepat,kualitas parfum/brng mantap, terimakasihhhhh🥰🥰🙏🙏👌👌",Fake,0.915,6.3,"{'contradiction': 0, 'template_language': 0, 'excessive_emotion': 1, 'gibberish_spam': 1, 'word_count': 8}",0.434
1037,"mantep bgt ini seller, order langsung kirim dan sehari sampai pula, thx gan.. packingnya bagus, rapih jadi aman barangnya",5,0,"mantep bgt ini seller, order langsung kirim dan sehari sampai pula, thx gan.. packingnya bagus, rapi...",Real,1.0,0.0,"{'contradiction': 0, 'template_language': 0, 'excessive_emotion': 0, 'gibberish_spam': 0, 'word_count': 19}",0.0
1038,"sesuai dengan pesanan wangi enak, kurir mantap dan respon penjual baik.",5,0,"sesuai dengan pesanan wangi enak, kurir mantap dan respon penjual baik.",Real,1.0,0.0,"{'contradiction': 0, 'template_language': 0, 'excessive_emotion': 0, 'gibberish_spam': 0, 'word_count': 11}",0.0
1039,"nyari tester aroma di toserba tapi belinya online…karena lebih murah 😁😁 suka wanginya nyegerin. pengiriman cepat, packing safety",5,0,nyari tester aroma di toserba tapi belinya online…karena lebih murah 😁😁 suka wanginya nyegerin. peng...,Real,1.0,0.0,"{'contradiction': 0, 'template_language': 0, 'excessive_emotion': 0, 'gibberish_spam': 0, 'word_count': 18}",0.0
1040,kualitas produk: bagus mantep wanginya seger awet,4,0,kualitas produk: bagus mantep wanginya seger awet,Real,1.0,0.0,"{'contradiction': 0, 'template_language': 0, 'excessive_emotion': 0, 'gibberish_spam': 0, 'word_count': 7}",0.0
1041,"recommended. sesuai pesanan, fast respon. wangi menyegarkan. suegerrr. sesuai pesanan",5,0,"recommended. sesuai pesanan, fast respon. wangi menyegarkan. suegerrr. sesuai pesanan",Real,0.85,1.5,"{'contradiction': 0, 'template_language': 0, 'excessive_emotion': 0, 'gibberish_spam': 0, 'word_count': 10}",0.0
1042,wangi nya enak. kayaknya lebih cocok jadi parfum untuk kegiatan di malam hari.,5,0,wangi nya enak. kayaknya lebih cocok jadi parfum untuk kegiatan di malam hari.,Real,1.0,0.0,"{'contradiction': 0, 'template_language': 0, 'excessive_emotion': 0, 'gibberish_spam': 0, 'word_count': 13}",0.0
1043,"🤗good job💚🧡❤🖤💛 udah pernah beli disini krn memang murah, cepat, paket rapih dan profesional.. 🙏🏻thanks dan semoga semakin larisssss",5,1,"🤗good job💚🧡❤🖤💛 udah pernah beli disini krn memang murah, cepat, paket rapih dan profesional.. 🙏🏻than...",Fake,0.89,5.81,"{'contradiction': 0, 'template_language': 0, 'excessive_emotion': 0, 'gibberish_spam': 1, 'word_count': 19}",0.269
1044,sesuai harapan. packing ok. aroma soft. akan beli lagi.,5,1,sesuai harapan. packing ok. aroma soft. akan beli lagi.,Real,1.0,0.0,"{'contradiction': 0, 'template_language': 0, 'excessive_emotion': 0, 'gibberish_spam': 0, 'word_count': 9}",0.0
1045,"wanginya lumayan enak, lumayan tahan kira kira 2 jam, pengiriman cepat satu hari sampai",5,0,"wanginya lumayan enak, lumayan tahan kira kira 2 jam, pengiriman cepat satu hari sampai",Real,1.0,0.0,"{'contradiction': 0, 'template_language': 0, 'excessive_emotion': 0, 'gibberish_spam': 0, 'word_count': 14}",0.0
1046,"wangi, packing bagus sesuai ekspektasi nanti klo abis kayaknya bakalan beli lg deh mantap",4,0,"wangi, packing bagus sesuai ekspektasi nanti klo abis kayaknya bakalan beli lg deh mantap",Real,1.0,0.0,"{'contradiction': 0, 'template_language': 0, 'excessive_emotion': 0, 'gibberish_spam': 0, 'word_count': 14}",0.0
1047,wanginya uenaaaakkkkkkkk... dan fast respon buat sellernya...,5,1,wanginya uenaaaakkkkkkkk... dan fast respon buat sellernya...,Fake,0.95,7.55,"{'contradiction': 0, 'template_language': 0, 'excessive_emotion': 0, 'gibberish_spam': 1, 'word_count': 7}",0.349
1048,apakah rog 9 fe mendukung fitur mhl ? apakah rog 9 fe mendukung fitur mhl ? apakah rog 9 fe mendukung fitur mhl ?,5,0,apakah rog 9 fe mendukung fitur mhl ? apakah rog 9 fe mendukung fitur mhl ? apakah rog 9 fe mendukun...,Real,1.0,0.0,"{'contradiction': 0, 'template_language': 0, 'excessive_emotion': 0, 'gibberish_spam': 0, 'word_count': 24}",0.0
1049,"pesanan telah sampai, packing rapih aman tidak ada kecacatan. wanginya enak",5,0,"pesanan telah sampai, packing rapih aman tidak ada kecacatan. wanginya enak",Real,1.0,0.0,"{'contradiction': 0, 'template_language': 0, 'excessive_emotion': 0, 'gibberish_spam': 0, 'word_count': 11}",0.0
1050,paket sdah sampai dengan aman parfume braven series 100ml pria wanginya enak😁😆,5,0,paket sdah sampai dengan aman parfume braven series 100ml pria wanginya enak😁😆,Real,1.0,0.0,"{'contradiction': 0, 'template_language': 0, 'excessive_emotion': 0, 'gibberish_spam': 0, 'word_count': 12}",0.0
1051,barang sesuai pesanan dan deskripsi. terimakasih ya,5,0,barang sesuai pesanan dan deskripsi. terimakasih ya,Real,1.0,0.0,"{'contradiction': 0, 'template_language': 0, 'excessive_emotion': 0, 'gibberish_spam': 0, 'word_count': 7}",0.0
1052,"packing aman, wanginya terlalu strong buat saya",5,0,"packing aman, wanginya terlalu strong buat saya",Real,1.0,0.0,"{'contradiction': 0, 'template_language': 0, 'excessive_emotion': 0, 'gibberish_spam': 0, 'word_count': 7}",0.0
1053,"packing kardus dan bubble warp,respon cepat,namun aromanya kurang sesuai harapan",4,0,"packing kardus dan bubble warp,respon cepat,namun aromanya kurang sesuai harapan",Real,0.8,2.0,"{'contradiction': 0, 'template_language': 0, 'excessive_emotion': 0, 'gibberish_spam': 0, 'word_count': 10}",0.0
1054,bagus bagus bagus bagus bagus baguebbahusb,5,0,bagus bagus bagus bagus bagus baguebbahusb,Real,1.0,0.0,"{'contradiction': 0, 'template_language': 0, 'excessive_emotion': 0, 'gibberish_spam': 0, 'word_count': 6}",0.0
1055,"kualitas produk: bagus sesuai deskripsi wanginya sesuai deskripsi, beneran 100ml ga dikurangi, longetivity emang ga selama itu wajar lah edp yang masih terjangkau, cocok...",5,0,"kualitas produk: bagus sesuai deskripsi wanginya sesuai deskripsi, beneran 100ml ga dikurangi, longe...",Real,0.8,2.0,"{'contradiction': 0, 'template_language': 0, 'excessive_emotion': 0, 'gibberish_spam': 0, 'word_count': 24}",0.0
1056,"aman lah, bagus botol juga gaada baret/pecah, tp ga sesuai ekspektasi di live diterangkan aromanya ada manis manisnya tp ternyata aromanya fresh bgt, gpp lah",4,0,"aman lah, bagus botol juga gaada baret/pecah, tp ga sesuai ekspektasi di live diterangkan aromanya a...",Real,1.0,0.0,"{'contradiction': 0, 'template_language': 0, 'excessive_emotion': 0, 'gibberish_spam': 0, 'word_count': 25}",0.0
1057,"kualitas produk: bagus pengiriman cepat, packing rapi, toko amanah, wangi banget dan kurir ramah",5,0,"kualitas produk: bagus pengiriman cepat, packing rapi, toko amanah, wangi banget dan kurir ramah",Real,1.0,0.0,"{'contradiction': 0, 'template_language': 0, 'excessive_emotion': 0, 'gibberish_spam': 0, 'word_count': 14}",0.0
1058,"gampang pakai botol gak berat, bau wangi",5,0,"gampang pakai botol gak berat, bau wangi",Real,1.0,0.0,"{'contradiction': 0, 'template_language': 0, 'excessive_emotion': 0, 'gibberish_spam': 0, 'word_count': 7}",0.0
1059,"barang nya dah saya terima,, kemasan utuh , packing rapih,, seller nya fast respon, pengiriman nya cepat, wangi enak bnget ,,mantap",5,0,"barang nya dah saya terima,, kemasan utuh , packing rapih,, seller nya fast respon, pengiriman nya c...",Real,0.85,1.5,"{'contradiction': 0, 'template_language': 0, 'excessive_emotion': 0, 'gibberish_spam': 0, 'word_count': 21}",0.0
1060,fast respon .....seller rmh ....produk amn .....pki bbble wrap ....wngi sger ....trmksh .....,5,0,fast respon .....seller rmh ....produk amn .....pki bbble wrap ....wngi sger ....trmksh .....,Fake,0.95,8.09,"{'contradiction': 0, 'template_language': 0, 'excessive_emotion': 0, 'gibberish_spam': 1, 'word_count': 13}",0.53
1061,pengiriman barang cepat pengemasan produk baik keseluruhan okke entah orderan yg keberapa kali . puas bnget barang nya bagus harga murah aku orderin lagi sama tmn2,5,0,pengiriman barang cepat pengemasan produk baik keseluruhan okke entah orderan yg keberapa kali . pua...,Real,1.0,0.0,"{'contradiction': 0, 'template_language': 0, 'excessive_emotion': 0, 'gibberish_spam': 0, 'word_count': 26}",0.0
1062,barang sesuai wanginya suka sangat recommended lah,5,0,barang sesuai wanginya suka sangat recommended lah,Real,1.0,0.0,"{'contradiction': 0, 'template_language': 0, 'excessive_emotion': 0, 'gibberish_spam': 0, 'word_count': 7}",0.0
1063,"barang sdh sampai, ada sedikit kerusakan di bagian tutup nya pecah,, tpi gpp",5,0,"barang sdh sampai, ada sedikit kerusakan di bagian tutup nya pecah,, tpi gpp",Real,1.0,0.0,"{'contradiction': 0, 'template_language': 0, 'excessive_emotion': 0, 'gibberish_spam': 0, 'word_count': 13}",0.0
1064,kualitas produk: wanginya enak banget seharian ditanya pake parfum apa,5,0,kualitas produk: wanginya enak banget seharian ditanya pake parfum apa,Real,1.0,0.0,"{'contradiction': 0, 'template_language': 0, 'excessive_emotion': 0, 'gibberish_spam': 0, 'word_count': 10}",0.0
1065,"harga murah, pengiriman cepat, penjual responsif, top daah",5,1,"harga murah, pengiriman cepat, penjual responsif, top daah",Real,1.0,0.0,"{'contradiction': 0, 'template_language': 0, 'excessive_emotion': 0, 'gibberish_spam': 0, 'word_count': 8}",0.0
1066,"pengiriman cepat, barang sesuai pesanan, kondisi produk aman, cukup puas dgn produknya, sekian terimakasih 🙏🙇✨",4,0,"pengiriman cepat, barang sesuai pesanan, kondisi produk aman, cukup puas dgn produknya, sekian terim...",Real,1.0,0.0,"{'contradiction': 0, 'template_language': 0, 'excessive_emotion': 0, 'gibberish_spam': 0, 'word_count': 15}",0.0
1067,pesanan tiba secara cepat. parfum wangi dan awet. dikemas dengan aman.pastilah..karna dilayani oleh tokopedia. thanks seller.thanks toped. sehat selalu abang kurir.,5,1,pesanan tiba secara cepat. parfum wangi dan awet. dikemas dengan aman.pastilah..karna dilayani oleh ...,Real,1.0,0.0,"{'contradiction': 0, 'template_language': 0, 'excessive_emotion': 0, 'gibberish_spam': 0, 'word_count': 21}",0.0
1068,"wangi nya pas, cocok, ga terlalu nyengat, mantap pokonya",5,0,"wangi nya pas, cocok, ga terlalu nyengat, mantap pokonya",Real,1.0,0.0,"{'contradiction': 0, 'template_language': 0, 'excessive_emotion': 0, 'gibberish_spam': 0, 'word_count': 9}",0.0
1069,"baru nyoba, semoga bisa awet wangi nya dan bikin cewek cewek mendekat. jadi banyak cewek deh",5,0,"baru nyoba, semoga bisa awet wangi nya dan bikin cewek cewek mendekat. jadi banyak cewek deh",Real,1.0,0.0,"{'contradiction': 0, 'template_language': 0, 'excessive_emotion': 0, 'gibberish_spam': 0, 'word_count': 16}",0.0
1070,kualitas produk: sangat bagus dan kalem cocok buat undangan,5,0,kualitas produk: sangat bagus dan kalem cocok buat undangan,Real,1.0,0.0,"{'contradiction': 0, 'template_language': 0, 'excessive_emotion': 0, 'gibberish_spam': 0, 'word_count': 9}",0.0
1071,pengiriman cepet tambah parfum nya bau nya enak,5,0,pengiriman cepet tambah parfum nya bau nya enak,Real,1.0,0.0,"{'contradiction': 0, 'template_language': 0, 'excessive_emotion': 0, 'gibberish_spam': 0, 'word_count': 8}",0.0
1072,"memang jaminan kualitas dan mutu. evangeline dan tokopedia tau cara memanjakan customer. udah dapet diskon gede, gratis ongkir, eh cepat sampai pula dan packingnya aman....",5,0,memang jaminan kualitas dan mutu. evangeline dan tokopedia tau cara memanjakan customer. udah dapet ...,Real,1.0,0.0,"{'contradiction': 0, 'template_language': 0, 'excessive_emotion': 0, 'gibberish_spam': 0, 'word_count': 25}",0.0
1073,kualitas produk: sangat bagus.. wanginya enak,5,0,kualitas produk: sangat bagus.. wanginya enak,Real,1.0,0.0,"{'contradiction': 0, 'template_language': 0, 'excessive_emotion': 0, 'gibberish_spam': 0, 'word_count': 6}",0.0
1074,"kualitas produk: mantap packingnya safe, barang sesuai pesenan,semoga cocok dan bisa bila lagi disini,,all in top👍",5,0,"kualitas produk: mantap packingnya safe, barang sesuai pesenan,semoga cocok dan bisa bila lagi disin...",Fake,0.809,4.17,"{'contradiction': 1, 'template_language': 0, 'excessive_emotion': 0, 'gibberish_spam': 0, 'word_count': 16}",0.391
1075,wanginya enak yg vanila braee kalo yg sensual ini kaya belgio rasanya. pokoknya enak vanila,5,0,wanginya enak yg vanila braee kalo yg sensual ini kaya belgio rasanya. pokoknya enak vanila,Real,1.0,0.0,"{'contradiction': 0, 'template_language': 0, 'excessive_emotion': 0, 'gibberish_spam': 0, 'word_count': 15}",0.0
1076,alhamdulillah aman barang nya wangi en semoga cocok en bisa beli lg,4,0,alhamdulillah aman barang nya wangi en semoga cocok en bisa beli lg,Fake,0.8,4.0,"{'contradiction': 1, 'template_language': 0, 'excessive_emotion': 0, 'gibberish_spam': 0, 'word_count': 12}",0.335
1077,"kualitas produk: bagus dan ok barang sudah diterima dg baik,di bungkus dg rapi,di lapisi dg karton lagi, wanginya saya suka",5,0,"kualitas produk: bagus dan ok barang sudah diterima dg baik,di bungkus dg rapi,di lapisi dg karton l...",Real,1.0,0.0,"{'contradiction': 0, 'template_language': 0, 'excessive_emotion': 0, 'gibberish_spam': 0, 'word_count': 20}",0.0
1078,"👍sesui pesanan, wanginya kalem cocok untuk acara pengajian wanginya juga lumayan tahan lama dan harga nya termasuk sangat murah tapi berkualitas 👍👍👌⭐⭐⭐⭐⭐",5,0,"👍sesui pesanan, wanginya kalem cocok untuk acara pengajian wanginya juga lumayan tahan lama dan harg...",Fake,0.905,6.11,"{'contradiction': 0, 'template_language': 0, 'excessive_emotion': 1, 'gibberish_spam': 1, 'word_count': 22}",0.37
1079,wanginya suka bgt... kemasan juga ok.. diterima dgn aman,5,0,wanginya suka bgt... kemasan juga ok.. diterima dgn aman,Real,1.0,0.0,"{'contradiction': 0, 'template_language': 0, 'excessive_emotion': 0, 'gibberish_spam': 0, 'word_count': 9}",0.0
1080,kualitas produk: sesuai dengan yg di iklan aroma enak.,5,0,kualitas produk: sesuai dengan yg di iklan aroma enak.,Real,1.0,0.0,"{'contradiction': 0, 'template_language': 0, 'excessive_emotion': 0, 'gibberish_spam': 0, 'word_count': 9}",0.0
1081,enak parah... udh pasti terjangkau... parfum ini sangat rekomen bgt....,5,0,enak parah... udh pasti terjangkau... parfum ini sangat rekomen bgt....,Real,1.0,0.0,"{'contradiction': 0, 'template_language': 0, 'excessive_emotion': 0, 'gibberish_spam': 0, 'word_count': 10}",0.0
1082,barang yang dikirim sesuai dengan pesanan barang sampai dengan aman kualitas oke,5,0,barang yang dikirim sesuai dengan pesanan barang sampai dengan aman kualitas oke,Real,1.0,0.0,"{'contradiction': 0, 'template_language': 0, 'excessive_emotion': 0, 'gibberish_spam': 0, 'word_count': 12}",0.0
1083,paket sudah datang sesuai pesanan bahan bagus wangi lumayan,5,0,paket sudah datang sesuai pesanan bahan bagus wangi lumayan,Real,1.0,0.0,"{'contradiction': 0, 'template_language': 0, 'excessive_emotion': 0, 'gibberish_spam': 0, 'word_count': 9}",0.0
1084,"aroma wanginya mantap, cocok dipakai pria dan dapat bergaya maskulin.",4,0,"aroma wanginya mantap, cocok dipakai pria dan dapat bergaya maskulin.",Real,1.0,0.0,"{'contradiction': 0, 'template_language': 0, 'excessive_emotion': 0, 'gibberish_spam': 0, 'word_count': 10}",0.0
1085,"wangi banget, tahan lama, pokoknga rekomen banget deh, cobain gais",5,1,"wangi banget, tahan lama, pokoknga rekomen banget deh, cobain gais",Real,1.0,0.0,"{'contradiction': 0, 'template_language': 0, 'excessive_emotion': 0, 'gibberish_spam': 0, 'word_count': 10}",0.0
1086,"barang sesuai pesanan,, pengiriman lebih cepat,, semoga berkah",5,0,"barang sesuai pesanan,, pengiriman lebih cepat,, semoga berkah",Real,1.0,0.0,"{'contradiction': 0, 'template_language': 0, 'excessive_emotion': 0, 'gibberish_spam': 0, 'word_count': 8}",0.0
1087,kualitas produk: bagus... wanginya sensual bgt,5,0,kualitas produk: bagus... wanginya sensual bgt,Real,1.0,0.0,"{'contradiction': 0, 'template_language': 0, 'excessive_emotion': 0, 'gibberish_spam': 0, 'word_count': 6}",0.0
1088,pengiriman nya cepat setelah di coba wanginya tahan lama makasih kk,5,0,pengiriman nya cepat setelah di coba wanginya tahan lama makasih kk,Real,1.0,0.0,"{'contradiction': 0, 'template_language': 0, 'excessive_emotion': 0, 'gibberish_spam': 0, 'word_count': 11}",0.0
1089,"wanginya gal awet, 1 jam dah g wangi. kayaknya bisa sih dicampur tanah kuburan dikit🗿",4,0,"wanginya gal awet, 1 jam dah g wangi. kayaknya bisa sih dicampur tanah kuburan dikit🗿",Real,1.0,0.0,"{'contradiction': 0, 'template_language': 0, 'excessive_emotion': 0, 'gibberish_spam': 0, 'word_count': 15}",0.0
1090,saran kalau bisa botolnya di balut plastik bubble wrap juga supaya ketika kena benturan tidak pecah langsung minimal ada pelindung setelah kasihan customer lain yg dari l...,2,0,saran kalau bisa botolnya di balut plastik bubble wrap juga supaya ketika kena benturan tidak pecah ...,Real,1.0,0.0,"{'contradiction': 0, 'template_language': 0, 'excessive_emotion': 0, 'gibberish_spam': 0, 'word_count': 27}",0.0
1091,wanginya mantap lumayan tahan lama yang biru cocok di lagi hari,5,0,wanginya mantap lumayan tahan lama yang biru cocok di lagi hari,Real,1.0,0.0,"{'contradiction': 0, 'template_language': 0, 'excessive_emotion': 0, 'gibberish_spam': 0, 'word_count': 11}",0.0
1092,barang terima allmdulilah pengiriman cepat terima kasih,5,0,barang terima allmdulilah pengiriman cepat terima kasih,Real,1.0,0.0,"{'contradiction': 0, 'template_language': 0, 'excessive_emotion': 0, 'gibberish_spam': 0, 'word_count': 7}",0.0
1093,"wangi membuat tahan lama, dan makin pd",5,0,"wangi membuat tahan lama, dan makin pd",Real,1.0,0.0,"{'contradiction': 0, 'template_language': 0, 'excessive_emotion': 0, 'gibberish_spam': 0, 'word_count': 7}",0.0
1094,"botol botolnya, kecewa untuk pengirimannya padahal untuk varian yg ini enak wanginya",1,0,"botol botolnya, kecewa untuk pengirimannya padahal untuk varian yg ini enak wanginya",Real,1.0,0.0,"{'contradiction': 0, 'template_language': 0, 'excessive_emotion': 0, 'gibberish_spam': 0, 'word_count': 12}",0.0
1095,paket udh sampai sesuai dgn iklan wanginya mantap citrusi mudah2xan awet wanginya makasi seller sehat2x abang kurirnya,5,0,paket udh sampai sesuai dgn iklan wanginya mantap citrusi mudah2xan awet wanginya makasi seller seha...,Real,1.0,0.0,"{'contradiction': 0, 'template_language': 0, 'excessive_emotion': 0, 'gibberish_spam': 0, 'word_count': 17}",0.0
1096,barang udah sampai.dan aroma farpumnya sip dah...,5,0,barang udah sampai.dan aroma farpumnya sip dah...,Real,1.0,0.0,"{'contradiction': 0, 'template_language': 0, 'excessive_emotion': 0, 'gibberish_spam': 0, 'word_count': 7}",0.0
1097,"sesuka itu sama wangi nya yg soft ,",5,0,"sesuka itu sama wangi nya yg soft ,",Real,1.0,0.0,"{'contradiction': 0, 'template_language': 0, 'excessive_emotion': 0, 'gibberish_spam': 0, 'word_count': 8}",0.0
1098,pengiriman cepat juga pesanan sesuai,5,0,pengiriman cepat juga pesanan sesuai,Real,0.9,1.0,"{'contradiction': 0, 'template_language': 0, 'excessive_emotion': 0, 'gibberish_spam': 0, 'word_count': 5}",0.0
1099,paket sudah diterima dengan baik dan rapi. terima pesanan coklat,5,0,paket sudah diterima dengan baik dan rapi. terima pesanan coklat,Real,1.0,0.0,"{'contradiction': 0, 'template_language': 0, 'excessive_emotion': 0, 'gibberish_spam': 0, 'word_count': 10}",0.0
1100,kualitas produk: buaguss👍🏻,5,0,kualitas produk: buaguss👍🏻,Real,0.9,1.0,"{'contradiction': 0, 'template_language': 0, 'excessive_emotion': 0, 'gibberish_spam': 0, 'word_count': 3}",0.0
1101,barang sampai dengan selamat wangi sangat enak next order lagi,5,1,barang sampai dengan selamat wangi sangat enak next order lagi,Real,1.0,0.0,"{'contradiction': 0, 'template_language': 0, 'excessive_emotion': 0, 'gibberish_spam': 0, 'word_count': 10}",0.0
1102,"kualitas produk: bagus dan wangi, saya suka. untuk pengiriman agak disayangkan, botol nya hampir pecah dan waktu unboxing hampir melukai tangan",4,0,"kualitas produk: bagus dan wangi, saya suka. untuk pengiriman agak disayangkan, botol nya hampir pec...",Real,1.0,0.0,"{'contradiction': 0, 'template_language': 0, 'excessive_emotion': 0, 'gibberish_spam': 0, 'word_count': 21}",0.0
1103,"barng sesuai pesanan dan aromanya sangat enak banget banget halus lembut,dan yang pasti respon reseller cepet tanggap dan pengiriman sangat cepat di luar prediksi",5,0,"barng sesuai pesanan dan aromanya sangat enak banget banget halus lembut,dan yang pasti respon resel...",Fake,0.751,3.02,"{'contradiction': 0, 'template_language': 1, 'excessive_emotion': 0, 'gibberish_spam': 0, 'word_count': 24}",0.339
1104,"untuk packing rapi aman gak pecah, untuk ketahanan belom tau brpa jam smoga aj awet dan tahan lama,wanginya pas strong dan kalem jd enak kalo awet dan tahan lama next pes...",4,0,"untuk packing rapi aman gak pecah, untuk ketahanan belom tau brpa jam smoga aj awet dan tahan lama,w...",Real,1.0,0.0,"{'contradiction': 0, 'template_language': 0, 'excessive_emotion': 0, 'gibberish_spam': 0, 'word_count': 31}",0.0
1105,"nyoba beli 2 parfum sekaligus ternyata yang satu kondisinya pecah setelah di kirim ketika terima paket wangi nya sudah keluar dr kardus sebelum di unboxing, untuk wangi n...",5,0,nyoba beli 2 parfum sekaligus ternyata yang satu kondisinya pecah setelah di kirim ketika terima pak...,Real,1.0,0.0,"{'contradiction': 0, 'template_language': 0, 'excessive_emotion': 0, 'gibberish_spam': 0, 'word_count': 28}",0.0
1106,"penjual responsif & komunikatif. pengiriman sesuai jadwal & aman. kemasan super aman - bubblewrap super tebal. produk sesuai, bagus!.",5,0,penjual responsif & komunikatif. pengiriman sesuai jadwal & aman. kemasan super aman - bubblewrap su...,Real,1.0,0.0,"{'contradiction': 0, 'template_language': 0, 'excessive_emotion': 0, 'gibberish_spam': 0, 'word_count': 19}",0.0
1107,"wangi, dan tahan lama, packaging nya juga aman safety dan tidak ada bocor",4,0,"wangi, dan tahan lama, packaging nya juga aman safety dan tidak ada bocor",Real,1.0,0.0,"{'contradiction': 0, 'template_language': 0, 'excessive_emotion': 0, 'gibberish_spam': 0, 'word_count': 13}",0.0
1108,wangi enak.. harganya terjangkau untuk 100 ml.. ga nyesel jadi belinya.. next mau beli lagi kalo ud habis,5,0,wangi enak.. harganya terjangkau untuk 100 ml.. ga nyesel jadi belinya.. next mau beli lagi kalo ud ...,Real,1.0,0.0,"{'contradiction': 0, 'template_language': 0, 'excessive_emotion': 0, 'gibberish_spam': 0, 'word_count': 18}",0.0
1109,"paket diterima dengan aman pakai bubble warp, seller responsif, recommended! fast delivery. thx",5,0,"paket diterima dengan aman pakai bubble warp, seller responsif, recommended! fast delivery. thx",Real,1.0,0.0,"{'contradiction': 0, 'template_language': 0, 'excessive_emotion': 0, 'gibberish_spam': 0, 'word_count': 13}",0.0
1110,"wanginya mistis, kali ini nyoba wangi dari varian yg berbeda dari yg sdh punya. cocok dipake dlm keseharian atau buat acara² tertentu juga bisa.",5,0,"wanginya mistis, kali ini nyoba wangi dari varian yg berbeda dari yg sdh punya. cocok dipake dlm kes...",Real,1.0,0.0,"{'contradiction': 0, 'template_language': 0, 'excessive_emotion': 0, 'gibberish_spam': 0, 'word_count': 24}",0.0
1111,"puas segala galanya, response seller dan pengiriman gercep, packing amat rapi & aman sampai tujuan. wangi parfumnya bikin ketagihan tuk menciumnya",5,0,"puas segala galanya, response seller dan pengiriman gercep, packing amat rapi & aman sampai tujuan. ...",Real,1.0,0.0,"{'contradiction': 0, 'template_language': 0, 'excessive_emotion': 0, 'gibberish_spam': 0, 'word_count': 21}",0.0
1112,respon penjual sat set. packing aman & raoi. disertai bubble wrap. pengiriman standar. kualitas barang oke meskipun tetep lebih suka varian yang black series dan code...,5,1,respon penjual sat set. packing aman & raoi. disertai bubble wrap. pengiriman standar. kualitas bara...,Real,1.0,0.0,"{'contradiction': 0, 'template_language': 0, 'excessive_emotion': 0, 'gibberish_spam': 0, 'word_count': 26}",0.0
1113,packing rapi sehingga barang terkirim tidak rusak memang tokopedia selalu memberi pelayanan lebih buat pelanggannya,5,0,packing rapi sehingga barang terkirim tidak rusak memang tokopedia selalu memberi pelayanan lebih bu...,Real,1.0,0.0,"{'contradiction': 0, 'template_language': 0, 'excessive_emotion': 0, 'gibberish_spam': 0, 'word_count': 15}",0.0
1114,"paket sesuai ,tiba cepat ,tidak perlu takut pecah ,karena peking aman wangi enak ,yang suka kondangan atu berpergian parfum ini cocok bisa juga buat sklh .jang ragu lagi...",5,0,"paket sesuai ,tiba cepat ,tidak perlu takut pecah ,karena peking aman wangi enak ,yang suka kondanga...",Real,1.0,0.0,"{'contradiction': 0, 'template_language': 0, 'excessive_emotion': 0, 'gibberish_spam': 0, 'word_count': 28}",0.0
1115,"botol nya kelihatan premium, bau nya enak, berani dan lembut",5,0,"botol nya kelihatan premium, bau nya enak, berani dan lembut",Real,1.0,0.0,"{'contradiction': 0, 'template_language': 0, 'excessive_emotion': 0, 'gibberish_spam': 0, 'word_count': 10}",0.0
1116,respon seller cepat. proses pengiriman super sat set. packing sangat aman...yg botol kaca dobel buble wrap. oke banget nih toko. thumbs up.,5,0,respon seller cepat. proses pengiriman super sat set. packing sangat aman...yg botol kaca dobel bubl...,Real,1.0,0.0,"{'contradiction': 0, 'template_language': 0, 'excessive_emotion': 0, 'gibberish_spam': 0, 'word_count': 22}",0.0
1117,"sayangnya dibungkus dengan kardus/kotak parfumenya braven, ternyata hanya dengan plastik+bublee. selain itu masih ok",4,0,"sayangnya dibungkus dengan kardus/kotak parfumenya braven, ternyata hanya dengan plastik+bublee. sel...",Real,1.0,0.0,"{'contradiction': 0, 'template_language': 0, 'excessive_emotion': 0, 'gibberish_spam': 0, 'word_count': 14}",0.0
1118,1. seller fast respon 2. cepat pengiriman 3. paking aman 4 barang komplit tanpa cacat terima kasih,5,0,1. seller fast respon 2. cepat pengiriman 3. paking aman 4 barang komplit tanpa cacat terima kasih,Real,0.85,1.5,"{'contradiction': 0, 'template_language': 0, 'excessive_emotion': 0, 'gibberish_spam': 0, 'word_count': 17}",0.0
1119,"semprotan awal, kuat wangi oud nya, beberapa menit kemudian mulai manis. kulit tiap org beda2, tp dikulit saya ketahanan nya gak lama, untuk edp hanya bertahan di 1 jam a...",5,0,"semprotan awal, kuat wangi oud nya, beberapa menit kemudian mulai manis. kulit tiap org beda2, tp di...",Real,1.0,0.0,"{'contradiction': 0, 'template_language': 0, 'excessive_emotion': 0, 'gibberish_spam': 0, 'word_count': 30}",0.0
1120,"kemasan rapih anti pecah, botol cantik, wangi harum. vendor ok",5,0,"kemasan rapih anti pecah, botol cantik, wangi harum. vendor ok",Real,1.0,0.0,"{'contradiction': 0, 'template_language': 0, 'excessive_emotion': 0, 'gibberish_spam': 0, 'word_count': 10}",0.0
1121,"kedua paling enak menurut pribadi saya, setelah barber. dan tetap favorit saya adalah braven oud wood. 😁👍",5,1,"kedua paling enak menurut pribadi saya, setelah barber. dan tetap favorit saya adalah braven oud woo...",Real,1.0,0.0,"{'contradiction': 0, 'template_language': 0, 'excessive_emotion': 0, 'gibberish_spam': 0, 'word_count': 17}",0.0
1122,baik saja belum cukup jika ada yang lebih baik,5,0,baik saja belum cukup jika ada yang lebih baik,Real,1.0,0.0,"{'contradiction': 0, 'template_language': 0, 'excessive_emotion': 0, 'gibberish_spam': 0, 'word_count': 9}",0.0
1123,"wanginya khas,enak,tahan lama",5,0,"wanginya khas,enak,tahan lama",Real,0.9,1.0,"{'contradiction': 0, 'template_language': 0, 'excessive_emotion': 0, 'gibberish_spam': 0, 'word_count': 3}",0.0
1124,"barang sesuai pesanan, respon penjual sangat baik, dan pengiriman sangat cepat, paking juga sangat aman..",5,0,"barang sesuai pesanan, respon penjual sangat baik, dan pengiriman sangat cepat, paking juga sangat a...",Fake,0.768,3.36,"{'contradiction': 0, 'template_language': 1, 'excessive_emotion': 0, 'gibberish_spam': 0, 'word_count': 15}",0.452
1125,"kualitas bagus sesuai dengan saran si ade ade an itu, worth buat harga segini, sedikit saran packgacing nya ditebelin dikit tp udh bagus kok mantappp",5,0,"kualitas bagus sesuai dengan saran si ade ade an itu, worth buat harga segini, sedikit saran packgac...",Real,1.0,0.0,"{'contradiction': 0, 'template_language': 0, 'excessive_emotion': 0, 'gibberish_spam': 0, 'word_count': 25}",0.0
1126,"packaging nya rapih dan rapet banget jadi barangnya aman sampai di rumah. aseli keren dah sellernya kualitas produk: udah nggak usah diragukan, makanya langsung beli bot...",5,0,packaging nya rapih dan rapet banget jadi barangnya aman sampai di rumah. aseli keren dah sellernya ...,Real,1.0,0.0,"{'contradiction': 0, 'template_language': 0, 'excessive_emotion': 0, 'gibberish_spam': 0, 'word_count': 26}",0.0
1127,"barang kualitas ok, sesuai deskripsi, spray normal, packing super aman. semoga wangi nya tahan lama. thnks.",5,0,"barang kualitas ok, sesuai deskripsi, spray normal, packing super aman. semoga wangi nya tahan lama....",Fake,0.771,3.42,"{'contradiction': 0, 'template_language': 1, 'excessive_emotion': 0, 'gibberish_spam': 0, 'word_count': 16}",0.473
1128,"packingan aman , rapi en wrap tebal. aroma khas, elegan dan tahan lama. seller ramah en gercep. tq seller",5,0,"packingan aman , rapi en wrap tebal. aroma khas, elegan dan tahan lama. seller ramah en gercep. tq s...",Real,1.0,0.0,"{'contradiction': 0, 'template_language': 0, 'excessive_emotion': 0, 'gibberish_spam': 0, 'word_count': 19}",0.0
1129,🙏proses pesanan cepat respon penjualnya top packaging rapi 👍👍👍 mbake tarengkiu👍👍👍,5,0,🙏proses pesanan cepat respon penjualnya top packaging rapi 👍👍👍 mbake tarengkiu👍👍👍,Real,1.0,0.0,"{'contradiction': 0, 'template_language': 0, 'excessive_emotion': 1, 'gibberish_spam': 0, 'word_count': 11}",0.0
1130,"kualitas produk: bagus wangi, pembungkusan kuat dan kualitas baik alhamdulillah sesuai pesanan",5,0,"kualitas produk: bagus wangi, pembungkusan kuat dan kualitas baik alhamdulillah sesuai pesanan",Real,1.0,0.0,"{'contradiction': 0, 'template_language': 0, 'excessive_emotion': 0, 'gibberish_spam': 0, 'word_count': 12}",0.0
1131,"cair, cocok untuk daily, siang malam masih masuk, wangi gak harus mahal",5,0,"cair, cocok untuk daily, siang malam masih masuk, wangi gak harus mahal",Real,1.0,0.0,"{'contradiction': 0, 'template_language': 0, 'excessive_emotion': 0, 'gibberish_spam': 0, 'word_count': 12}",0.0
1132,"barber wanginya enak cuy, mirip² parfum bulgary aqua, tp lebih bold, wanginya fresh, musky, woody, maskulin, ketahanan lumayan lama, walau sdh dibasuh air wudhu tetep nem...",5,1,"barber wanginya enak cuy, mirip² parfum bulgary aqua, tp lebih bold, wanginya fresh, musky, woody, m...",Real,1.0,0.0,"{'contradiction': 0, 'template_language': 0, 'excessive_emotion': 0, 'gibberish_spam': 0, 'word_count': 26}",0.0
1133,"parfumnya wangi banget. wangi buat cowo tapi bukan yang sangat strong, seger ga bikin pusing sama sekali. wanginya cukup tahan lama, packing aman pengiriman cepat. parf...",5,0,"parfumnya wangi banget. wangi buat cowo tapi bukan yang sangat strong, seger ga bikin pusing sama se...",Real,1.0,0.0,"{'contradiction': 0, 'template_language': 0, 'excessive_emotion': 0, 'gibberish_spam': 0, 'word_count': 26}",0.0
1134,"gue kira botolnya bakal pecah karna pengiriman jauh, ternyata aman mantap, untuk wangi cuma 2 jam doang tpi wajar parfum under 50k dan wort it dapet 100ml😈😈 gue kasih b...",5,0,"gue kira botolnya bakal pecah karna pengiriman jauh, ternyata aman mantap, untuk wangi cuma 2 jam do...",Real,1.0,0.0,"{'contradiction': 0, 'template_language': 0, 'excessive_emotion': 0, 'gibberish_spam': 0, 'word_count': 30}",0.0
1135,"enak banget wanginya, agak kalem, gak nyesel deh beli disini, apalagi isi 100ml harganya murah banget",5,0,"enak banget wanginya, agak kalem, gak nyesel deh beli disini, apalagi isi 100ml harganya murah bange...",Real,1.0,0.0,"{'contradiction': 0, 'template_language': 0, 'excessive_emotion': 0, 'gibberish_spam': 0, 'word_count': 16}",0.0
1136,"alhamdulillah sesuai pesanan, packaging rapi dan aman, plus pengiriman kurir cepat. berkah selalu, thx",4,0,"alhamdulillah sesuai pesanan, packaging rapi dan aman, plus pengiriman kurir cepat. berkah selalu, t...",Real,1.0,0.0,"{'contradiction': 0, 'template_language': 0, 'excessive_emotion': 0, 'gibberish_spam': 0, 'word_count': 14}",0.0
1137,"puas banget. beli parfum dua, dapat hadiah hand sanitizer 2. kata istri, kok paketnya gede banget. packaging juga oke, pengiriman cepat. pokoknya recommended",5,0,"puas banget. beli parfum dua, dapat hadiah hand sanitizer 2. kata istri, kok paketnya gede banget. p...",Real,1.0,0.0,"{'contradiction': 0, 'template_language': 0, 'excessive_emotion': 0, 'gibberish_spam': 0, 'word_count': 23}",0.0
1138,"barang sesuai orderan, tudak pecah pengiriman cepat",5,0,"barang sesuai orderan, tudak pecah pengiriman cepat",Real,1.0,0.0,"{'contradiction': 0, 'template_language': 0, 'excessive_emotion': 0, 'gibberish_spam': 0, 'word_count': 7}",0.0
1139,pengiriman cepat kurir ramah aman gk lecet,5,0,pengiriman cepat kurir ramah aman gk lecet,Real,1.0,0.0,"{'contradiction': 0, 'template_language': 0, 'excessive_emotion': 0, 'gibberish_spam': 0, 'word_count': 7}",0.0
1140,"packaging barang nya rapih banget, barang sesuai dengan produk yang seharusnya mantap",5,0,"packaging barang nya rapih banget, barang sesuai dengan produk yang seharusnya mantap",Real,1.0,0.0,"{'contradiction': 0, 'template_language': 0, 'excessive_emotion': 0, 'gibberish_spam': 0, 'word_count': 12}",0.0
1141,"parfum nya sudah datang tadi, aromanya enak dan seger tadi udah panik karena kardus nya udah penyok,dan untungnya di double wrap jadi aman dan gak pecah",4,0,"parfum nya sudah datang tadi, aromanya enak dan seger tadi udah panik karena kardus nya udah penyok,...",Real,1.0,0.0,"{'contradiction': 0, 'template_language': 0, 'excessive_emotion': 0, 'gibberish_spam': 0, 'word_count': 26}",0.0
1142,"wanginya enak, cuma saya kurang cocok, sellernya fast respon...next time pasti beli lagi. recommended!!",5,0,"wanginya enak, cuma saya kurang cocok, sellernya fast respon...next time pasti beli lagi. recommende...",Fake,0.775,3.5,"{'contradiction': 0, 'template_language': 0, 'excessive_emotion': 0, 'gibberish_spam': 0, 'word_count': 14}",0.0
1143,"fast respon, pengiriman cepat, wangi nya jg enak",5,1,"fast respon, pengiriman cepat, wangi nya jg enak",Real,0.85,1.5,"{'contradiction': 0, 'template_language': 0, 'excessive_emotion': 0, 'gibberish_spam': 0, 'word_count': 8}",0.0
1144,"produk bagus , wanginya agak kurang, bagus yang sensual oud",4,0,"produk bagus , wanginya agak kurang, bagus yang sensual oud",Real,0.8,2.0,"{'contradiction': 0, 'template_language': 0, 'excessive_emotion': 0, 'gibberish_spam': 0, 'word_count': 10}",0.0
1145,pengirimanya cepat paketnya juga aman ga bocor harumnya wangi dahh,5,0,pengirimanya cepat paketnya juga aman ga bocor harumnya wangi dahh,Real,1.0,0.0,"{'contradiction': 0, 'template_language': 0, 'excessive_emotion': 0, 'gibberish_spam': 0, 'word_count': 10}",0.0
1146,toko amanah bau wangi bau serasa dihutan kalo strong lagi joss ini seperti produc kenzo hutan,5,0,toko amanah bau wangi bau serasa dihutan kalo strong lagi joss ini seperti produc kenzo hutan,Real,1.0,0.0,"{'contradiction': 0, 'template_language': 0, 'excessive_emotion': 0, 'gibberish_spam': 0, 'word_count': 16}",0.0
1147,kualitas produk: sanga bagus dan wanginya tahan lama,5,0,kualitas produk: sanga bagus dan wanginya tahan lama,Real,1.0,0.0,"{'contradiction': 0, 'template_language': 0, 'excessive_emotion': 0, 'gibberish_spam': 0, 'word_count': 8}",0.0
1148,"komunikasi cepat dan ramah, barang sampai dengan aman, untuk aromanya unik saya sangat suka 😁",5,0,"komunikasi cepat dan ramah, barang sampai dengan aman, untuk aromanya unik saya sangat suka 😁",Real,1.0,0.0,"{'contradiction': 0, 'template_language': 0, 'excessive_emotion': 0, 'gibberish_spam': 0, 'word_count': 15}",0.0
1149,kualitas produk: wangi nya tahan lama sesuai ekspetasi,5,0,kualitas produk: wangi nya tahan lama sesuai ekspetasi,Real,1.0,0.0,"{'contradiction': 0, 'template_language': 0, 'excessive_emotion': 0, 'gibberish_spam': 0, 'word_count': 8}",0.0
1150,"barang nya ok, respon penjual cepat, sangat direkomendasi",5,0,"barang nya ok, respon penjual cepat, sangat direkomendasi",Real,1.0,0.0,"{'contradiction': 0, 'template_language': 0, 'excessive_emotion': 0, 'gibberish_spam': 0, 'word_count': 8}",0.0
1151,untuk pengiriman cepat packing nya cukup rapi aroma nya lumayan enak dan seger,4,0,untuk pengiriman cepat packing nya cukup rapi aroma nya lumayan enak dan seger,Real,1.0,0.0,"{'contradiction': 0, 'template_language': 0, 'excessive_emotion': 0, 'gibberish_spam': 0, 'word_count': 13}",0.0
1152,produk diterima dengan baik dan kemasan aman dengan double wrapping. wanginya cukup enak,5,0,produk diterima dengan baik dan kemasan aman dengan double wrapping. wanginya cukup enak,Real,1.0,0.0,"{'contradiction': 0, 'template_language': 0, 'excessive_emotion': 0, 'gibberish_spam': 0, 'word_count': 13}",0.0
1153,"packingnya bagus (pakai dos, bubble wrap) sehingga barang tidak pecah 👍🏻.",5,0,"packingnya bagus (pakai dos, bubble wrap) sehingga barang tidak pecah 👍🏻.",Real,1.0,0.0,"{'contradiction': 0, 'template_language': 0, 'excessive_emotion': 0, 'gibberish_spam': 0, 'word_count': 11}",0.0
1154,sesuai dg di skripsi.... pengiriman cepat.... respon penjual bagus... packing istimewa........ for all.... goodss,5,0,sesuai dg di skripsi.... pengiriman cepat.... respon penjual bagus... packing istimewa........ for a...,Fake,0.923,6.46,"{'contradiction': 0, 'template_language': 0, 'excessive_emotion': 0, 'gibberish_spam': 1, 'word_count': 14}",0.487
1155,"kualitas baik, suka wanginya,,reseller mantap packing nya,,,, sukses terusss",5,0,"kualitas baik, suka wanginya,,reseller mantap packing nya,,,, sukses terusss",Real,1.0,0.0,"{'contradiction': 0, 'template_language': 0, 'excessive_emotion': 0, 'gibberish_spam': 0, 'word_count': 9}",0.0
1156,"mantap packing super aman, wangi enak nggak eneg, satset dech",5,0,"mantap packing super aman, wangi enak nggak eneg, satset dech",Fake,0.764,3.28,"{'contradiction': 0, 'template_language': 1, 'excessive_emotion': 0, 'gibberish_spam': 0, 'word_count': 10}",0.425
1157,"wangi nya enak, lumayan untuk harga segini dapat 100 ml",5,0,"wangi nya enak, lumayan untuk harga segini dapat 100 ml",Real,1.0,0.0,"{'contradiction': 0, 'template_language': 0, 'excessive_emotion': 0, 'gibberish_spam': 0, 'word_count': 10}",0.0
1158,barang sampai dengan selamat tanpa ada yg rusak. sangat amanah semoga tambah sukses buat toko ini,5,0,barang sampai dengan selamat tanpa ada yg rusak. sangat amanah semoga tambah sukses buat toko ini,Real,1.0,0.0,"{'contradiction': 0, 'template_language': 0, 'excessive_emotion': 0, 'gibberish_spam': 0, 'word_count': 16}",0.0
1159,"terimakasih, paket sudah tiba....packing aman dan aroma lumayan enak, sesuailah dengan harga dan untuk daya tahan ada di 3 jam ada jg yg lebihh",5,4,"terimakasih, paket sudah tiba....packing aman dan aroma lumayan enak, sesuailah dengan harga dan unt...",Real,1.0,0.0,"{'contradiction': 0, 'template_language': 0, 'excessive_emotion': 0, 'gibberish_spam': 0, 'word_count': 24}",0.0
1160,"wanginya pas awal"" kaya bau pomade trus lama"" makin enak behhh, pengirimannya cepat lagi+packingnya make dus ama bubblewrap jdi nya ga pecah",5,0,"wanginya pas awal"" kaya bau pomade trus lama"" makin enak behhh, pengirimannya cepat lagi+packingnya ...",Real,1.0,0.0,"{'contradiction': 0, 'template_language': 0, 'excessive_emotion': 0, 'gibberish_spam': 0, 'word_count': 22}",0.0
1161,"kualitas produk: bagus wangi ,buat cwek² nempel awoakowk,thanks seller 🎉",5,0,"kualitas produk: bagus wangi ,buat cwek² nempel awoakowk,thanks seller 🎉",Real,1.0,0.0,"{'contradiction': 0, 'template_language': 0, 'excessive_emotion': 0, 'gibberish_spam': 0, 'word_count': 10}",0.0
1162,kualitas produk: lumayan sebanding dengan harganya..,5,0,kualitas produk: lumayan sebanding dengan harganya..,Real,1.0,0.0,"{'contradiction': 0, 'template_language': 0, 'excessive_emotion': 0, 'gibberish_spam': 0, 'word_count': 6}",0.0
1163,"barang selamat sampai tujuan, alhamdulillah aman gada yng rusak atau apa,,, terimakasih🙏",4,0,"barang selamat sampai tujuan, alhamdulillah aman gada yng rusak atau apa,,, terimakasih🙏",Real,1.0,0.0,"{'contradiction': 0, 'template_language': 0, 'excessive_emotion': 0, 'gibberish_spam': 0, 'word_count': 12}",0.0
1164,"wangi tp cepat hilang. beli ini karena buat olahraga, lagi suka jogging kayaknya cocok dgn wangi ini.",4,0,"wangi tp cepat hilang. beli ini karena buat olahraga, lagi suka jogging kayaknya cocok dgn wangi ini...",Real,1.0,0.0,"{'contradiction': 0, 'template_language': 0, 'excessive_emotion': 0, 'gibberish_spam': 0, 'word_count': 17}",0.0
1165,"barangnya bagus, respon dan pengiriman cepat.",5,0,"barangnya bagus, respon dan pengiriman cepat.",Real,1.0,0.0,"{'contradiction': 0, 'template_language': 0, 'excessive_emotion': 0, 'gibberish_spam': 0, 'word_count': 6}",0.0
1166,"alhamdulillah barang nya sudah sampai , peking nya aman ditambah bubblewrap tebel banget jadi aman samapi tujuan farfum nya wangi , terimakasih seller semoga toko nya mak...",5,0,"alhamdulillah barang nya sudah sampai , peking nya aman ditambah bubblewrap tebel banget jadi aman s...",Real,1.0,0.0,"{'contradiction': 0, 'template_language': 0, 'excessive_emotion': 0, 'gibberish_spam': 0, 'word_count': 27}",0.0
1167,ok bangget n sesuai description n recommended seller n terima kasih,5,1,ok bangget n sesuai description n recommended seller n terima kasih,Real,1.0,0.0,"{'contradiction': 0, 'template_language': 0, 'excessive_emotion': 0, 'gibberish_spam': 0, 'word_count': 11}",0.0
1168,"packaging keren, barang aman wanginya enak fresh banget",5,0,"packaging keren, barang aman wanginya enak fresh banget",Real,1.0,0.0,"{'contradiction': 0, 'template_language': 0, 'excessive_emotion': 0, 'gibberish_spam': 0, 'word_count': 8}",0.0
1169,"wanginya enak anak bujangku suka, packing teramat rapih & aman xuma beli 1 pake kardus & dibubble dong, paketnya juga cepet bgt nyampenya",5,0,"wanginya enak anak bujangku suka, packing teramat rapih & aman xuma beli 1 pake kardus & dibubble do...",Real,1.0,0.0,"{'contradiction': 0, 'template_language': 0, 'excessive_emotion': 0, 'gibberish_spam': 0, 'word_count': 23}",0.0
1170,sampai dengan tepat waktu barangnya bagus wanginya enak kayak di barbershop,5,0,sampai dengan tepat waktu barangnya bagus wanginya enak kayak di barbershop,Real,1.0,0.0,"{'contradiction': 0, 'template_language': 0, 'excessive_emotion': 0, 'gibberish_spam': 0, 'word_count': 11}",0.0
1171,"pengirimannya sat set banget, emang kurir nya tokopedia cepet banget kirimnya. untuk sensual oud ini lebih ke seger dan fresh banget aroma nya. cocok untuk para bapak2 ya...",5,0,"pengirimannya sat set banget, emang kurir nya tokopedia cepet banget kirimnya. untuk sensual oud ini...",Real,1.0,0.0,"{'contradiction': 0, 'template_language': 0, 'excessive_emotion': 0, 'gibberish_spam': 0, 'word_count': 28}",0.0
1172,alhamduliah sesuai dengan pesena dan cukup baik kemasan nya..semoga berkah buat penjualnya.makasih udh amanah.,5,0,alhamduliah sesuai dengan pesena dan cukup baik kemasan nya..semoga berkah buat penjualnya.makasih u...,Real,1.0,0.0,"{'contradiction': 0, 'template_language': 0, 'excessive_emotion': 0, 'gibberish_spam': 0, 'word_count': 14}",0.0
1173,"pengiriman cepat, packingnya aman, kondisi barang sesuai, aromnya hmm parfum bapak2 supir taksi blue bird wkwkw",5,0,"pengiriman cepat, packingnya aman, kondisi barang sesuai, aromnya hmm parfum bapak2 supir taksi blue...",Real,1.0,0.0,"{'contradiction': 0, 'template_language': 0, 'excessive_emotion': 0, 'gibberish_spam': 0, 'word_count': 16}",0.0
1174,"wangi nyaa enakk ga nyengat pas cocok juga untuk hari hari, packing juga sangat aman rapi dan selamat sampai tujuan 👏👏🔥🔥👍👍👍",5,0,"wangi nyaa enakk ga nyengat pas cocok juga untuk hari hari, packing juga sangat aman rapi dan selama...",Real,1.0,0.0,"{'contradiction': 0, 'template_language': 0, 'excessive_emotion': 1, 'gibberish_spam': 0, 'word_count': 21}",0.0
1175,sudah di terima..barang aman tanpa cacat..terima kasih..super cepat responya dan pengirimannya..👍👍,5,0,sudah di terima..barang aman tanpa cacat..terima kasih..super cepat responya dan pengirimannya..👍👍,Real,1.0,0.0,"{'contradiction': 0, 'template_language': 0, 'excessive_emotion': 0, 'gibberish_spam': 0, 'word_count': 11}",0.0
1176,"mantap, barang sampai dengan aman dan tidak ada yang pecah.👍👍👍",5,0,"mantap, barang sampai dengan aman dan tidak ada yang pecah.👍👍👍",Real,1.0,0.0,"{'contradiction': 0, 'template_language': 0, 'excessive_emotion': 1, 'gibberish_spam': 0, 'word_count': 10}",0.0
1177,"alhamdulillah. mantap, pengirimannya cepat, packingnya aman pakai bubblewap. barang sesuai deskripsi. terimakasih banyak gan. 🙏🏼",5,0,"alhamdulillah. mantap, pengirimannya cepat, packingnya aman pakai bubblewap. barang sesuai deskripsi...",Real,1.0,0.0,"{'contradiction': 0, 'template_language': 0, 'excessive_emotion': 0, 'gibberish_spam': 0, 'word_count': 15}",0.0
1178,sesuai pesanan dan packing baik.. pengiriman cpt semoga cocok dngn wanginny,5,0,sesuai pesanan dan packing baik.. pengiriman cpt semoga cocok dngn wanginny,Fake,0.81,4.2,"{'contradiction': 1, 'template_language': 0, 'excessive_emotion': 0, 'gibberish_spam': 0, 'word_count': 11}",0.4
1179,"alhamdulillah barang datang dengan selamat, sesuai pesanan, dan tidak ada yg pecah 😁 aromanya pun juga mantappp 👍🏻👍🏻👍🏻",5,0,"alhamdulillah barang datang dengan selamat, sesuai pesanan, dan tidak ada yg pecah 😁 aromanya pun ju...",Real,1.0,0.0,"{'contradiction': 0, 'template_language': 0, 'excessive_emotion': 1, 'gibberish_spam': 0, 'word_count': 18}",0.0
1180,sangat cocok untuk dipakai wangi dan harum,5,0,sangat cocok untuk dipakai wangi dan harum,Real,1.0,0.0,"{'contradiction': 0, 'template_language': 0, 'excessive_emotion': 0, 'gibberish_spam': 0, 'word_count': 7}",0.0
1181,"baik, wanginya cowok banget. ketahanan lumayan lama. buat yang nyari parfum harga ekonomis kualitas bagus rekomend nih.",5,0,"baik, wanginya cowok banget. ketahanan lumayan lama. buat yang nyari parfum harga ekonomis kualitas ...",Real,1.0,0.0,"{'contradiction': 0, 'template_language': 0, 'excessive_emotion': 0, 'gibberish_spam': 0, 'word_count': 17}",0.0
1182,"salah satu parfum favorite, dari wangi elegan, kualitas bagus",5,0,"salah satu parfum favorite, dari wangi elegan, kualitas bagus",Real,1.0,0.0,"{'contradiction': 0, 'template_language': 0, 'excessive_emotion': 0, 'gibberish_spam': 0, 'word_count': 9}",0.0
1183,"barang cepat sampai, wanginya mantap, dan sesuai dengan orderan, semoga makin sering ada promo nya ya",5,0,"barang cepat sampai, wanginya mantap, dan sesuai dengan orderan, semoga makin sering ada promo nya y...",Real,1.0,0.0,"{'contradiction': 0, 'template_language': 0, 'excessive_emotion': 0, 'gibberish_spam': 0, 'word_count': 16}",0.0
1184,cepet nyampenya wanginya juga enak lagi dapat diskon langsung aja sikat dah....,5,0,cepet nyampenya wanginya juga enak lagi dapat diskon langsung aja sikat dah....,Real,1.0,0.0,"{'contradiction': 0, 'template_language': 0, 'excessive_emotion': 0, 'gibberish_spam': 0, 'word_count': 12}",0.0
1185,pengantaran cepat. barang diterima dgn baik. parfum wanginya enak. cocok untuk pria,5,0,pengantaran cepat. barang diterima dgn baik. parfum wanginya enak. cocok untuk pria,Real,1.0,0.0,"{'contradiction': 0, 'template_language': 0, 'excessive_emotion': 0, 'gibberish_spam': 0, 'word_count': 12}",0.0
1186,packing bagus rapi aman.. baru unboxing belum nyoba wangi .. semoga wangi nya sesuai iklan penjual 🙏,5,0,packing bagus rapi aman.. baru unboxing belum nyoba wangi .. semoga wangi nya sesuai iklan penjual 🙏,Real,1.0,0.0,"{'contradiction': 0, 'template_language': 0, 'excessive_emotion': 0, 'gibberish_spam': 0, 'word_count': 17}",0.0
1187,"pengiriman cepat, packing mantap, dapat bonus pula, terimakasih",5,0,"pengiriman cepat, packing mantap, dapat bonus pula, terimakasih",Real,1.0,0.0,"{'contradiction': 0, 'template_language': 0, 'excessive_emotion': 0, 'gibberish_spam': 0, 'word_count': 8}",0.0
1188,"cepet banget udh smpe. penjual gk slow respon lgsg sat set diterima, diproses trus kirim. sehari sampai",5,0,"cepet banget udh smpe. penjual gk slow respon lgsg sat set diterima, diproses trus kirim. sehari sam...",Real,1.0,0.0,"{'contradiction': 0, 'template_language': 0, 'excessive_emotion': 0, 'gibberish_spam': 0, 'word_count': 17}",0.0
1189,"sudah sampai alhamdulillah, barang ori,mantapp, mudah2 wanginya awet smpe magrib",5,0,"sudah sampai alhamdulillah, barang ori,mantapp, mudah2 wanginya awet smpe magrib",Real,1.0,0.0,"{'contradiction': 0, 'template_language': 0, 'excessive_emotion': 0, 'gibberish_spam': 0, 'word_count': 10}",0.0
1190,"alahamdulillah paket sudah diterima, aroma wangi namun tidak kuat,standar aja. terimakasih",5,0,"alahamdulillah paket sudah diterima, aroma wangi namun tidak kuat,standar aja. terimakasih",Real,1.0,0.0,"{'contradiction': 0, 'template_language': 0, 'excessive_emotion': 0, 'gibberish_spam': 0, 'word_count': 11}",0.0
1191,"barang diterima dgn baik, pengemasan baik dan aman, wanginya segar. cocok utk bersantai dan kesannya fresh.",5,0,"barang diterima dgn baik, pengemasan baik dan aman, wanginya segar. cocok utk bersantai dan kesannya...",Real,1.0,0.0,"{'contradiction': 0, 'template_language': 0, 'excessive_emotion': 0, 'gibberish_spam': 0, 'word_count': 16}",0.0
1192,paketnya sudah nyampe pekingan nya sangat rapih tahan lama wanginya sukses trus tokonya,5,0,paketnya sudah nyampe pekingan nya sangat rapih tahan lama wanginya sukses trus tokonya,Real,1.0,0.0,"{'contradiction': 0, 'template_language': 0, 'excessive_emotion': 0, 'gibberish_spam': 0, 'word_count': 13}",0.0
1193,wrap berlapis dan tebal...jadi aman banget.wanginya khas cowok banget,5,0,wrap berlapis dan tebal...jadi aman banget.wanginya khas cowok banget,Real,1.0,0.0,"{'contradiction': 0, 'template_language': 0, 'excessive_emotion': 0, 'gibberish_spam': 0, 'word_count': 9}",0.0
1194,"mantap kak barang aman dan sesuai,pengiriman cepat",4,0,"mantap kak barang aman dan sesuai,pengiriman cepat",Real,1.0,0.0,"{'contradiction': 0, 'template_language': 0, 'excessive_emotion': 0, 'gibberish_spam': 0, 'word_count': 7}",0.0
1195,"makasih paket sudah sampai,dari segi pelayanan pengemasan sangat aman, pengiriman cepat,wangi sesuai selera.",5,0,"makasih paket sudah sampai,dari segi pelayanan pengemasan sangat aman, pengiriman cepat,wangi sesuai...",Real,1.0,0.0,"{'contradiction': 0, 'template_language': 0, 'excessive_emotion': 0, 'gibberish_spam': 0, 'word_count': 13}",0.0
1196,"kualitas produk: pkt udah dtrm dlm kondisi bgs ,produkny oke aromanya luar biasa sueger bgt...",5,0,"kualitas produk: pkt udah dtrm dlm kondisi bgs ,produkny oke aromanya luar biasa sueger bgt...",Real,1.0,0.0,"{'contradiction': 0, 'template_language': 0, 'excessive_emotion': 0, 'gibberish_spam': 0, 'word_count': 15}",0.0
1197,barang sudah sampai tepat waktu. sudah dicoba wangi tahan sampai 6-8 jam kualitas bagus rekomend..,5,0,barang sudah sampai tepat waktu. sudah dicoba wangi tahan sampai 6-8 jam kualitas bagus rekomend..,Real,1.0,0.0,"{'contradiction': 0, 'template_language': 0, 'excessive_emotion': 0, 'gibberish_spam': 0, 'word_count': 15}",0.0
1198,"baguss barangnya pas sudah sampai, cepat jgaa pengirimannyaa baguss",5,0,"baguss barangnya pas sudah sampai, cepat jgaa pengirimannyaa baguss",Real,1.0,0.0,"{'contradiction': 0, 'template_language': 0, 'excessive_emotion': 0, 'gibberish_spam': 0, 'word_count': 9}",0.0
1199,"pengirimannya cepat, wanginya tahan lama.",5,0,"pengirimannya cepat, wanginya tahan lama.",Real,0.9,1.0,"{'contradiction': 0, 'template_language': 0, 'excessive_emotion': 0, 'gibberish_spam': 0, 'word_count': 5}",0.0
1200,"mantab, barang datangnya biasa aja si ga cepet ga lama juga, barang datang aman tidak cacat dan mantab",5,0,"mantab, barang datangnya biasa aja si ga cepet ga lama juga, barang datang aman tidak cacat dan mant...",Real,1.0,0.0,"{'contradiction': 0, 'template_language': 0, 'excessive_emotion': 0, 'gibberish_spam': 0, 'word_count': 18}",0.0
1201,"aromanya tahan lama bgt,gak nyesel beli inimah dengan harga segitu 😁😁",5,0,"aromanya tahan lama bgt,gak nyesel beli inimah dengan harga segitu 😁😁",Real,1.0,0.0,"{'contradiction': 0, 'template_language': 0, 'excessive_emotion': 0, 'gibberish_spam': 0, 'word_count': 11}",0.0
1202,"paket udh nympek, pengiriman cepat, baru kmren pesen skrng udh smpek wangi nya keren",5,0,"paket udh nympek, pengiriman cepat, baru kmren pesen skrng udh smpek wangi nya keren",Real,1.0,0.0,"{'contradiction': 0, 'template_language': 0, 'excessive_emotion': 0, 'gibberish_spam': 0, 'word_count': 14}",0.0
1203,"wanginya enak, calm, tidak menusuk hidung. proses pengiriman juga cepat.",5,0,"wanginya enak, calm, tidak menusuk hidung. proses pengiriman juga cepat.",Real,1.0,0.0,"{'contradiction': 0, 'template_language': 0, 'excessive_emotion': 0, 'gibberish_spam': 0, 'word_count': 10}",0.0
1204,"paket sampai dengan selamat,wangi ok,kecepatan pengiriman sangat cepat,good job",5,0,"paket sampai dengan selamat,wangi ok,kecepatan pengiriman sangat cepat,good job",Fake,0.755,3.1,"{'contradiction': 0, 'template_language': 1, 'excessive_emotion': 0, 'gibberish_spam': 0, 'word_count': 9}",0.367
1205,"barang sesuai, wangi segar, 100ml, nagus, layanan juga ok. tks",5,0,"barang sesuai, wangi segar, 100ml, nagus, layanan juga ok. tks",Real,1.0,0.0,"{'contradiction': 0, 'template_language': 0, 'excessive_emotion': 0, 'gibberish_spam': 0, 'word_count': 10}",0.0
1206,"bagus,sebelumnyaa udahh pernahh belii rekomended bangett dengann harga segituu,jaga kualitas teruss pokonyaa",5,0,"bagus,sebelumnyaa udahh pernahh belii rekomended bangett dengann harga segituu,jaga kualitas teruss ...",Real,1.0,0.0,"{'contradiction': 0, 'template_language': 0, 'excessive_emotion': 0, 'gibberish_spam': 0, 'word_count': 12}",0.0
1207,"untuk yg jenis ini botol parfumnya keren dari biasanya yg saya beli. terus kalo buat saya baunya itu bikin seger yg nyium, gara” keracunan mas setiawan ade emang nih",5,1,untuk yg jenis ini botol parfumnya keren dari biasanya yg saya beli. terus kalo buat saya baunya itu...,Real,1.0,0.0,"{'contradiction': 0, 'template_language': 0, 'excessive_emotion': 0, 'gibberish_spam': 0, 'word_count': 29}",0.0
1208,paket udah nyampe puasa dan sesuai pesanan kurir pun sangat ramah,5,0,paket udah nyampe puasa dan sesuai pesanan kurir pun sangat ramah,Real,1.0,0.0,"{'contradiction': 0, 'template_language': 0, 'excessive_emotion': 0, 'gibberish_spam': 0, 'word_count': 11}",0.0
1209,"baguss, harum, pengiriman nya cepet banget",5,0,"baguss, harum, pengiriman nya cepet banget",Real,1.0,0.0,"{'contradiction': 0, 'template_language': 0, 'excessive_emotion': 0, 'gibberish_spam': 0, 'word_count': 6}",0.0
1210,baunya manis seger ada vanilla nya. untuk tahan lamanya belum tau belum di tes soalnya,5,0,baunya manis seger ada vanilla nya. untuk tahan lamanya belum tau belum di tes soalnya,Real,1.0,0.0,"{'contradiction': 0, 'template_language': 0, 'excessive_emotion': 0, 'gibberish_spam': 0, 'word_count': 15}",0.0
1211,wangi nya elegant terkesan mewah👍toko nya amanah cepat & tepat wktu,5,0,wangi nya elegant terkesan mewah👍toko nya amanah cepat & tepat wktu,Real,1.0,0.0,"{'contradiction': 0, 'template_language': 0, 'excessive_emotion': 0, 'gibberish_spam': 0, 'word_count': 11}",0.0
1212,re order yg wangi bentar tapi enak pengiriman sat set,5,0,re order yg wangi bentar tapi enak pengiriman sat set,Real,1.0,0.0,"{'contradiction': 0, 'template_language': 0, 'excessive_emotion': 0, 'gibberish_spam': 0, 'word_count': 10}",0.0
1213,"good pesanan sesuai,barang di terima dalam kondisi baik",5,0,"good pesanan sesuai,barang di terima dalam kondisi baik",Real,1.0,0.0,"{'contradiction': 0, 'template_language': 0, 'excessive_emotion': 0, 'gibberish_spam': 0, 'word_count': 8}",0.0
1214,sampe di lokasi barang aman selamat pengiriman sat set cepat tepat,5,0,sampe di lokasi barang aman selamat pengiriman sat set cepat tepat,Real,1.0,0.0,"{'contradiction': 0, 'template_language': 0, 'excessive_emotion': 0, 'gibberish_spam': 0, 'word_count': 11}",0.0
1215,"barangnya mantap, packing ok, pengiriman joss, terima kasih breven",5,0,"barangnya mantap, packing ok, pengiriman joss, terima kasih breven",Real,1.0,0.0,"{'contradiction': 0, 'template_language': 0, 'excessive_emotion': 0, 'gibberish_spam': 0, 'word_count': 9}",0.0
1216,mantap packing tebel jadi aman wangi lumayan,5,0,mantap packing tebel jadi aman wangi lumayan,Real,1.0,0.0,"{'contradiction': 0, 'template_language': 0, 'excessive_emotion': 0, 'gibberish_spam': 0, 'word_count': 7}",0.0
1217,"barang udah sampai,wanginya enak sekali cok cocok untuk gw ngampus nih segar setiap hari",5,0,"barang udah sampai,wanginya enak sekali cok cocok untuk gw ngampus nih segar setiap hari",Real,1.0,0.0,"{'contradiction': 0, 'template_language': 0, 'excessive_emotion': 0, 'gibberish_spam': 0, 'word_count': 14}",0.0
1218,barang telah sampai dengan baik di sayangkan telat dua hari dari masa yang tertulis. terima kasih toko pedia,5,0,barang telah sampai dengan baik di sayangkan telat dua hari dari masa yang tertulis. terima kasih to...,Real,1.0,0.0,"{'contradiction': 0, 'template_language': 0, 'excessive_emotion': 0, 'gibberish_spam': 0, 'word_count': 18}",0.0
1219,"kemasannya rapi dan aman. kondisi produk bagus, tidak cacat dan tidak pecah. semoga aroma parfumnya tahan lama. terima kasih.",5,0,"kemasannya rapi dan aman. kondisi produk bagus, tidak cacat dan tidak pecah. semoga aroma parfumnya ...",Real,1.0,0.0,"{'contradiction': 0, 'template_language': 0, 'excessive_emotion': 0, 'gibberish_spam': 0, 'word_count': 19}",0.0
1220,"parfumnya lumayan wangi, dan tidak panas di kulit. harganya terjangkau, packing juga aman pake bubble wrap",5,0,"parfumnya lumayan wangi, dan tidak panas di kulit. harganya terjangkau, packing juga aman pake bubbl...",Real,1.0,0.0,"{'contradiction': 0, 'template_language': 0, 'excessive_emotion': 0, 'gibberish_spam': 0, 'word_count': 16}",0.0
1221,"nyobain, ternyata baunya cocok, terimakasih",5,0,"nyobain, ternyata baunya cocok, terimakasih",Real,0.9,1.0,"{'contradiction': 0, 'template_language': 0, 'excessive_emotion': 0, 'gibberish_spam': 0, 'word_count': 5}",0.0
1222,paket sudah sampai dengan selamat paking bagus kualitas produk: wangi mantap,5,0,paket sudah sampai dengan selamat paking bagus kualitas produk: wangi mantap,Real,1.0,0.0,"{'contradiction': 0, 'template_language': 0, 'excessive_emotion': 0, 'gibberish_spam': 0, 'word_count': 11}",0.0
1223,semprot di kulit aromanya semerbak...semprotan awal baunya tegas..tapi lama2 soft dan merdu sekali baunya...,5,0,semprot di kulit aromanya semerbak...semprotan awal baunya tegas..tapi lama2 soft dan merdu sekali b...,Real,1.0,0.0,"{'contradiction': 0, 'template_language': 0, 'excessive_emotion': 0, 'gibberish_spam': 0, 'word_count': 14}",0.0
1224,"literally emang baunya abang abangan barber, seger ringan",4,0,"literally emang baunya abang abangan barber, seger ringan",Real,1.0,0.0,"{'contradiction': 0, 'template_language': 0, 'excessive_emotion': 0, 'gibberish_spam': 0, 'word_count': 8}",0.0
1225,"gimana ini packaging nya bisa sampe belah gini tutup nya,jadi wangi di kemasan nya itu nyebar kayak bocor",4,0,"gimana ini packaging nya bisa sampe belah gini tutup nya,jadi wangi di kemasan nya itu nyebar kayak ...",Real,1.0,0.0,"{'contradiction': 0, 'template_language': 0, 'excessive_emotion': 0, 'gibberish_spam': 0, 'word_count': 18}",0.0
1226,"baunya tidak menyengat, enak dicium cocok dipake untuk panas",5,0,"baunya tidak menyengat, enak dicium cocok dipake untuk panas",Real,1.0,0.0,"{'contradiction': 0, 'template_language': 0, 'excessive_emotion': 0, 'gibberish_spam': 0, 'word_count': 9}",0.0
1227,barang dikemas dengan baik. dilapisin bublewrap cukup tebal guna meminimalisir benturan pada saat proses perpindahan tangan dari penjual kepada jasa ekspedisi dan diterus...,5,1,barang dikemas dengan baik. dilapisin bublewrap cukup tebal guna meminimalisir benturan pada saat pr...,Real,1.0,0.0,"{'contradiction': 0, 'template_language': 0, 'excessive_emotion': 0, 'gibberish_spam': 0, 'word_count': 23}",0.0
1228,masya allah wanginya tahan lama dan uangnya mewah banget sumpah 🔥🔥🥰🙏,5,0,masya allah wanginya tahan lama dan uangnya mewah banget sumpah 🔥🔥🥰🙏,Real,1.0,0.0,"{'contradiction': 0, 'template_language': 0, 'excessive_emotion': 1, 'gibberish_spam': 0, 'word_count': 11}",0.0
1229,"kualitas produk: mantep bangeett wanginya tahan lama, terus rada kenceng ya (nyengat dikit) tapi enak",5,0,"kualitas produk: mantep bangeett wanginya tahan lama, terus rada kenceng ya (nyengat dikit) tapi ena...",Real,1.0,0.0,"{'contradiction': 0, 'template_language': 0, 'excessive_emotion': 0, 'gibberish_spam': 0, 'word_count': 15}",0.0
1230,"barang udah sampe, harum tahan lama, cocok",5,0,"barang udah sampe, harum tahan lama, cocok",Real,1.0,0.0,"{'contradiction': 0, 'template_language': 0, 'excessive_emotion': 0, 'gibberish_spam': 0, 'word_count': 7}",0.0
1231,"aroma nya sangat pas dan wanginya bikin candu di hidung dan aromanya tahan lama,cocok buat kalian yang suka jalan² keluar,pokoknya rekomendasi lah👍😁",5,0,"aroma nya sangat pas dan wanginya bikin candu di hidung dan aromanya tahan lama,cocok buat kalian ya...",Real,1.0,0.0,"{'contradiction': 0, 'template_language': 0, 'excessive_emotion': 0, 'gibberish_spam': 0, 'word_count': 22}",0.0
1232,sesuai dengan pesanan tidak ada yg pecah alhamdulillah,5,0,sesuai dengan pesanan tidak ada yg pecah alhamdulillah,Real,1.0,0.0,"{'contradiction': 0, 'template_language': 0, 'excessive_emotion': 0, 'gibberish_spam': 0, 'word_count': 8}",0.0
1233,"pengemasan sangat aman,aromanya oke,suka 👍🏻",5,0,"pengemasan sangat aman,aromanya oke,suka 👍🏻",Real,0.9,1.0,"{'contradiction': 0, 'template_language': 0, 'excessive_emotion': 0, 'gibberish_spam': 0, 'word_count': 5}",0.0
1234,"parfumnya wanginya enak pas dipake, notes nya juga sesuai, yang french oak ada notes buah²an tipis dengan bau melati dan base-nya ada aroma amber yang hangat",5,0,"parfumnya wanginya enak pas dipake, notes nya juga sesuai, yang french oak ada notes buah²an tipis d...",Real,1.0,0.0,"{'contradiction': 0, 'template_language': 0, 'excessive_emotion': 0, 'gibberish_spam': 0, 'word_count': 26}",0.0
1235,"pesen tangal 9 september. datang tanggal 23 september 1 minggu lebih, wangi parfum pun nggak tahan lama minimal 30 menit lah . ini baru pakai 15 menit udah hilang wangi...",2,1,"pesen tangal 9 september. datang tanggal 23 september 1 minggu lebih, wangi parfum pun nggak tahan l...",Real,1.0,0.0,"{'contradiction': 0, 'template_language': 0, 'excessive_emotion': 0, 'gibberish_spam': 0, 'word_count': 30}",0.0
1236,"kualitas produk: aroma wanginya enak kalo pemakaian pas tidak lebih,bottle visualnya juga cocok pokoknya mantap braven barber",5,0,"kualitas produk: aroma wanginya enak kalo pemakaian pas tidak lebih,bottle visualnya juga cocok poko...",Real,1.0,0.0,"{'contradiction': 0, 'template_language': 0, 'excessive_emotion': 0, 'gibberish_spam': 0, 'word_count': 17}",0.0
1237,kualitas produk: mantap wanginya yg aku suka,5,0,kualitas produk: mantap wanginya yg aku suka,Real,1.0,0.0,"{'contradiction': 0, 'template_language': 0, 'excessive_emotion': 0, 'gibberish_spam': 0, 'word_count': 7}",0.0
1238,"terbaik memang untuk parfum diharga murah begini wanginya enak, cuman gak se kuat kemasan yang terdahulu menurut saya... overall masih aman untuk seharian",5,0,"terbaik memang untuk parfum diharga murah begini wanginya enak, cuman gak se kuat kemasan yang terda...",Real,1.0,0.0,"{'contradiction': 0, 'template_language': 0, 'excessive_emotion': 0, 'gibberish_spam': 0, 'word_count': 23}",0.0
1239,"awalnya baunya agak fresh tapi tidak terlalu strong, lalu beralih ke inti yang agak earthy, sedikit khas melati yang tipis dan aroma dasar yang cukup sensual, cocok digun...",5,0,"awalnya baunya agak fresh tapi tidak terlalu strong, lalu beralih ke inti yang agak earthy, sedikit ...",Real,1.0,0.0,"{'contradiction': 0, 'template_language': 0, 'excessive_emotion': 0, 'gibberish_spam': 0, 'word_count': 28}",0.0
1240,"mantab, packing super aman doble buble warp sensual oud wanginya soft enak banget french pak wanginya seger",5,0,"mantab, packing super aman doble buble warp sensual oud wanginya soft enak banget french pak wanginy...",Fake,0.757,3.14,"{'contradiction': 0, 'template_language': 1, 'excessive_emotion': 0, 'gibberish_spam': 0, 'word_count': 17}",0.38
1241,product sangat bagus dan sesuai dengan deskripsi penjelasan serta pengiriman sangat cepat sampai diterima dalam keadaan yang sangat aman sangat direkomendasikan untuk di...,5,0,product sangat bagus dan sesuai dengan deskripsi penjelasan serta pengiriman sangat cepat sampai dit...,Fake,0.765,3.3,"{'contradiction': 0, 'template_language': 1, 'excessive_emotion': 0, 'gibberish_spam': 0, 'word_count': 23}",0.434
1242,kualitas produk: aman gak pecah wanginya enak gak bikin enek mantap deh pokoknya,5,0,kualitas produk: aman gak pecah wanginya enak gak bikin enek mantap deh pokoknya,Real,1.0,0.0,"{'contradiction': 0, 'template_language': 0, 'excessive_emotion': 0, 'gibberish_spam': 0, 'word_count': 13}",0.0
1243,"bubble wrap packing, tp kardusnya jelek jadi masih ada kemungkinan pecah, wanginya ok, semoga tahan lama ya sesuai iklan",5,0,"bubble wrap packing, tp kardusnya jelek jadi masih ada kemungkinan pecah, wanginya ok, semoga tahan ...",Fake,0.847,4.94,"{'contradiction': 1, 'template_language': 0, 'excessive_emotion': 0, 'gibberish_spam': 0, 'word_count': 19}",0.647
1244,"gapernah bosen langganan parfum braven. tp baru kali ini nyoba yg varian barber ini, ternyata enak wanginya maskulin calm. next coba order yg polo deh. 👍🏻👍🏻",5,0,"gapernah bosen langganan parfum braven. tp baru kali ini nyoba yg varian barber ini, ternyata enak w...",Real,1.0,0.0,"{'contradiction': 0, 'template_language': 0, 'excessive_emotion': 1, 'gibberish_spam': 0, 'word_count': 26}",0.0
1245,"mantapppp pesanan sesuai,wangiiii banget sumpah ga nyesel,rekomen bangett makasi seller, pengiriman cepatttt sekali",5,0,"mantapppp pesanan sesuai,wangiiii banget sumpah ga nyesel,rekomen bangett makasi seller, pengiriman ...",Fake,0.95,10.04,"{'contradiction': 0, 'template_language': 0, 'excessive_emotion': 0, 'gibberish_spam': 1, 'word_count': 13}",0.348
1246,"pengiriman serta respon penjualnya bagus banget sih, sesuai pesanan saya suka. tapi sayang untuk tertera free 1 parfumnya ga ada, ntah apakah benar itu free 1 parfum sela...",5,0,"pengiriman serta respon penjualnya bagus banget sih, sesuai pesanan saya suka. tapi sayang untuk ter...",Real,1.0,0.0,"{'contradiction': 0, 'template_language': 0, 'excessive_emotion': 0, 'gibberish_spam': 0, 'word_count': 28}",0.0
1247,"respon seller cepat, pengemasan bagus & aman dengan bubble wrap tebal dan kardus, harga terjangkau, wangi & aroma parfum enak, cocok untuk cowok aktif. ada aroma...",5,0,"respon seller cepat, pengemasan bagus & aman dengan bubble wrap tebal dan kardus, harga terjangkau, ...",Real,0.749,2.51,"{'contradiction': 0, 'template_language': 1, 'excessive_emotion': 0, 'gibberish_spam': 0, 'word_count': 26}",0.171
1248,"wangi oudnya terasa sekali. untuk durasi ketahanan aroma masih diuji berapa jam. so far so good. recommended seller, fast response, safety packing.",5,0,wangi oudnya terasa sekali. untuk durasi ketahanan aroma masih diuji berapa jam. so far so good. rec...,Real,0.85,1.5,"{'contradiction': 0, 'template_language': 0, 'excessive_emotion': 0, 'gibberish_spam': 0, 'word_count': 22}",0.0
1249,barang bagus packing rapih wangi parfum nya mirip khf ijo cuma sdkt lebih strong,5,2,barang bagus packing rapih wangi parfum nya mirip khf ijo cuma sdkt lebih strong,Real,1.0,0.0,"{'contradiction': 0, 'template_language': 0, 'excessive_emotion': 0, 'gibberish_spam': 0, 'word_count': 14}",0.0
1250,"seller gercep, suka belanja di toko ini, parfum wangi banget aroma tdk menyengat sesuai , wangi awet",5,0,"seller gercep, suka belanja di toko ini, parfum wangi banget aroma tdk menyengat sesuai , wangi awet",Real,1.0,0.0,"{'contradiction': 0, 'template_language': 0, 'excessive_emotion': 0, 'gibberish_spam': 0, 'word_count': 17}",0.0
1251,"barang ori, packing aman tdk pecah dan pengiriman cepat",5,0,"barang ori, packing aman tdk pecah dan pengiriman cepat",Real,1.0,0.0,"{'contradiction': 0, 'template_language': 0, 'excessive_emotion': 0, 'gibberish_spam': 0, 'word_count': 9}",0.0
1252,"bau alcohol masih cukup kuat, cukup menyengat, gak cocok buat yg gak suka bau menyengat",4,0,"bau alcohol masih cukup kuat, cukup menyengat, gak cocok buat yg gak suka bau menyengat",Real,1.0,0.0,"{'contradiction': 0, 'template_language': 0, 'excessive_emotion': 0, 'gibberish_spam': 0, 'word_count': 15}",0.0
1253,"pengemasqn aman sekali pakai buble wrap+kardus. dikirim pake gtl same day, dipakcking subuh sorenya sampe. terimakasih banyak yaaa.",5,0,"pengemasqn aman sekali pakai buble wrap+kardus. dikirim pake gtl same day, dipakcking subuh sorenya ...",Real,1.0,0.0,"{'contradiction': 0, 'template_language': 0, 'excessive_emotion': 0, 'gibberish_spam': 0, 'word_count': 18}",0.0
1254,"barang dalam kondisi sangat bagus, respon cepat, pengiriman cepat juga. recommend",5,0,"barang dalam kondisi sangat bagus, respon cepat, pengiriman cepat juga. recommend",Real,1.0,0.0,"{'contradiction': 0, 'template_language': 0, 'excessive_emotion': 0, 'gibberish_spam': 0, 'word_count': 11}",0.0
1255,"halaman promo hoax , invoice resmi gudang ada tertera barang keluar tapi actual barang tidak di berikan . komplain melalui admin tokopedia juga sekongkol dengan penjual ,...",1,4,"halaman promo hoax , invoice resmi gudang ada tertera barang keluar tapi actual barang tidak di beri...",Real,1.0,0.0,"{'contradiction': 0, 'template_language': 0, 'excessive_emotion': 0, 'gibberish_spam': 0, 'word_count': 27}",0.0
1256,kualitas produk: wangi lumayan tahan lama sesuai deskripsi seller fast respon baru pesan barang langsung dikirim,5,0,kualitas produk: wangi lumayan tahan lama sesuai deskripsi seller fast respon baru pesan barang lang...,Real,0.85,1.5,"{'contradiction': 0, 'template_language': 0, 'excessive_emotion': 0, 'gibberish_spam': 0, 'word_count': 16}",0.0
1257,"enak fresh maskulin versatile bisa buat apapun olahraga,sekolah,nongkrong spl nya oke dikulit gua tahan 4-5 jam tapi kecium orang paling 1-2 jam pertama jadi respray aja,...",5,0,"enak fresh maskulin versatile bisa buat apapun olahraga,sekolah,nongkrong spl nya oke dikulit gua ta...",Real,1.0,0.0,"{'contradiction': 0, 'template_language': 0, 'excessive_emotion': 0, 'gibberish_spam': 0, 'word_count': 26}",0.0
1258,"wangi nya enak gampang di terima hidung, awet banget wangi nya suka banget dan harganya juga murah admin nya juga ramah",5,0,"wangi nya enak gampang di terima hidung, awet banget wangi nya suka banget dan harganya juga murah a...",Real,1.0,0.0,"{'contradiction': 0, 'template_language': 0, 'excessive_emotion': 0, 'gibberish_spam': 0, 'word_count': 21}",0.0
1259,mantapp rekomendasi bangett nihh,5,0,mantapp rekomendasi bangett nihh,Real,0.9,1.0,"{'contradiction': 0, 'template_language': 0, 'excessive_emotion': 0, 'gibberish_spam': 0, 'word_count': 4}",0.0
1260,pengiriman cepat kurir sangat baik ramah parfume berkelas harga merakyat,5,0,pengiriman cepat kurir sangat baik ramah parfume berkelas harga merakyat,Real,1.0,0.0,"{'contradiction': 0, 'template_language': 0, 'excessive_emotion': 0, 'gibberish_spam': 0, 'word_count': 10}",0.0
1261,wangi nya manis tapi cuma ga lama.. untuk harga segitu udah dapet 100ml udah bagus.. packing mantap 1 bubble wrap nya di gulung sampe muat 1 kotak.. tapi sayang ga ada k...,5,0,wangi nya manis tapi cuma ga lama.. untuk harga segitu udah dapet 100ml udah bagus.. packing mantap ...,Real,1.0,0.0,"{'contradiction': 0, 'template_language': 0, 'excessive_emotion': 0, 'gibberish_spam': 0, 'word_count': 32}",0.0
1262,oke oke oke oke oke 9ke oke oke oke oke oke oke,5,0,oke oke oke oke oke 9ke oke oke oke oke oke oke,Real,1.0,0.0,"{'contradiction': 0, 'template_language': 0, 'excessive_emotion': 0, 'gibberish_spam': 0, 'word_count': 12}",0.0
1263,"barang sudah sampai tapi tutup pecah ,untung bukan botolnya yg pecah",5,0,"barang sudah sampai tapi tutup pecah ,untung bukan botolnya yg pecah",Real,1.0,0.0,"{'contradiction': 0, 'template_language': 0, 'excessive_emotion': 0, 'gibberish_spam': 0, 'word_count': 11}",0.0
1264,"sangat sesuai, namun daya tahan nya kayak kurang lama",4,1,"sangat sesuai, namun daya tahan nya kayak kurang lama",Real,0.8,2.0,"{'contradiction': 0, 'template_language': 0, 'excessive_emotion': 0, 'gibberish_spam': 0, 'word_count': 9}",0.0
1265,"barang original , packing baik ,recomended seller",5,0,"barang original , packing baik ,recomended seller",Real,1.0,0.0,"{'contradiction': 0, 'template_language': 0, 'excessive_emotion': 0, 'gibberish_spam': 0, 'word_count': 7}",0.0
1266,"kualitas produk: mantap, enak bau nya. seperti bapak bapak pas jumatan",5,0,"kualitas produk: mantap, enak bau nya. seperti bapak bapak pas jumatan",Real,1.0,0.0,"{'contradiction': 0, 'template_language': 0, 'excessive_emotion': 0, 'gibberish_spam': 0, 'word_count': 11}",0.0
1267,kualitas produk: bagus wangi,5,0,kualitas produk: bagus wangi,Real,0.9,1.0,"{'contradiction': 0, 'template_language': 0, 'excessive_emotion': 0, 'gibberish_spam': 0, 'word_count': 4}",0.0
1268,wangi parfum enak & kalem. tolong pengemasan lbh aman lg krn 1 parfum pecah di leher botol / bottle neck serta tolong seller lbh responsif lg kalau ada complain dr pe...,1,0,wangi parfum enak & kalem. tolong pengemasan lbh aman lg krn 1 parfum pecah di leher botol / bottle ...,Real,1.0,0.0,"{'contradiction': 0, 'template_language': 0, 'excessive_emotion': 0, 'gibberish_spam': 0, 'word_count': 31}",0.0
1269,bau nya enak dan cocok di pake buat jalan,5,0,bau nya enak dan cocok di pake buat jalan,Real,1.0,0.0,"{'contradiction': 0, 'template_language': 0, 'excessive_emotion': 0, 'gibberish_spam': 0, 'word_count': 9}",0.0
1270,pengiriman nya sih cepet barang nya jg sesuai bagus. tp untuk box minyak wangi nya sebelum di trima uda kebuka syukur nya sih barang nya aman. ga pecah,4,0,pengiriman nya sih cepet barang nya jg sesuai bagus. tp untuk box minyak wangi nya sebelum di trima ...,Real,1.0,0.0,"{'contradiction': 0, 'template_language': 0, 'excessive_emotion': 0, 'gibberish_spam': 0, 'word_count': 28}",0.0
1271,"barang sesuai deskripsi, wanginya enak baru mau coba bisa tahan brp lama di ruangan ber ac, respon penjual cepat. kekurangan pd kurir jne barang sampai berhenti proses 1...",5,0,"barang sesuai deskripsi, wanginya enak baru mau coba bisa tahan brp lama di ruangan ber ac, respon p...",Real,0.8,2.0,"{'contradiction': 0, 'template_language': 0, 'excessive_emotion': 0, 'gibberish_spam': 0, 'word_count': 28}",0.0
1272,respon cepat n barang sesuai paking bagus cuman wanginya kurang suka tapi segi harga worth it tks,4,0,respon cepat n barang sesuai paking bagus cuman wanginya kurang suka tapi segi harga worth it tks,Real,0.8,2.0,"{'contradiction': 0, 'template_language': 0, 'excessive_emotion': 0, 'gibberish_spam': 0, 'word_count': 17}",0.0
1273,buat yg polo menurut gua setelah pake malah mirip bau orang selesai mandi wkwkwk. enak jadi kyk fresh baunya,5,1,buat yg polo menurut gua setelah pake malah mirip bau orang selesai mandi wkwkwk. enak jadi kyk fres...,Real,1.0,0.0,"{'contradiction': 0, 'template_language': 0, 'excessive_emotion': 0, 'gibberish_spam': 0, 'word_count': 19}",0.0
1274,sampai dengan aman dam sesuai pesanan....baru pertama coba wanginya enak dan harganya ramah dikantong cocok buat dipake harian.....terima kasih,5,4,sampai dengan aman dam sesuai pesanan....baru pertama coba wanginya enak dan harganya ramah dikanton...,Fake,0.899,5.97,"{'contradiction': 0, 'template_language': 0, 'excessive_emotion': 0, 'gibberish_spam': 1, 'word_count': 19}",0.325
1275,kualitas produk: baunya segar tidak mengecewakan respon admin juga bagus mantaplah pertahankan kualitas bagus ini 👍,5,0,kualitas produk: baunya segar tidak mengecewakan respon admin juga bagus mantaplah pertahankan kuali...,Real,0.8,2.0,"{'contradiction': 0, 'template_language': 0, 'excessive_emotion': 0, 'gibberish_spam': 0, 'word_count': 16}",0.0
1276,"bagus cuman ga dapat box nya aja, udh dipake mayan awet wangi nya, ntar saya coba varian lain kualitas produk: ok",4,0,"bagus cuman ga dapat box nya aja, udh dipake mayan awet wangi nya, ntar saya coba varian lain kualit...",Real,1.0,0.0,"{'contradiction': 0, 'template_language': 0, 'excessive_emotion': 0, 'gibberish_spam': 0, 'word_count': 21}",0.0
1277,"kualitas produk: bagus produk bagus sesuai dgn fto dan deskripsi, pengiriman cepat",5,0,"kualitas produk: bagus produk bagus sesuai dgn fto dan deskripsi, pengiriman cepat",Real,1.0,0.0,"{'contradiction': 0, 'template_language': 0, 'excessive_emotion': 0, 'gibberish_spam': 0, 'word_count': 12}",0.0
1278,"brng nympe dngn slmt,mntp bgt pokonya wangi ny jg seger g bikin pusing",5,0,"brng nympe dngn slmt,mntp bgt pokonya wangi ny jg seger g bikin pusing",Real,1.0,0.0,"{'contradiction': 0, 'template_language': 0, 'excessive_emotion': 0, 'gibberish_spam': 0, 'word_count': 13}",0.0
1279,"mantap, wangi, berfungsi dengan baik, real picture, over all ok pisan",5,0,"mantap, wangi, berfungsi dengan baik, real picture, over all ok pisan",Real,1.0,0.0,"{'contradiction': 0, 'template_language': 0, 'excessive_emotion': 0, 'gibberish_spam': 0, 'word_count': 11}",0.0
1280,kualitas produk: sangat bagus barang sudah sampai dengan baik packing nya rapih wangi nya juga enak dan cool thanks buat seller nya sudah amanah,5,0,kualitas produk: sangat bagus barang sudah sampai dengan baik packing nya rapih wangi nya juga enak ...,Real,1.0,0.0,"{'contradiction': 0, 'template_language': 0, 'excessive_emotion': 0, 'gibberish_spam': 0, 'word_count': 24}",0.0
1281,"thankyou min, pengiriman cepat, aman karena ber bubble warp, free 1 juga lagi",5,0,"thankyou min, pengiriman cepat, aman karena ber bubble warp, free 1 juga lagi",Real,1.0,0.0,"{'contradiction': 0, 'template_language': 0, 'excessive_emotion': 0, 'gibberish_spam': 0, 'word_count': 13}",0.0
1282,"setelah saya coba dari fresh open unboxing, harum yang dihasilkan sangat soft dan cocok dipakai buat casual, kerja, maupun sekolah, di waktu pagi hari, sore, maupun malam...",5,0,"setelah saya coba dari fresh open unboxing, harum yang dihasilkan sangat soft dan cocok dipakai buat...",Real,1.0,0.0,"{'contradiction': 0, 'template_language': 0, 'excessive_emotion': 0, 'gibberish_spam': 0, 'word_count': 27}",0.0
1283,wanginya top pengiriman cepat the best pokonya...,5,0,wanginya top pengiriman cepat the best pokonya...,Real,1.0,0.0,"{'contradiction': 0, 'template_language': 0, 'excessive_emotion': 0, 'gibberish_spam': 0, 'word_count': 7}",0.0
1284,"wanginya kaya bgt untuk parfum 30rb, cocok dipake buat ngedate malem2👌🏻",5,0,"wanginya kaya bgt untuk parfum 30rb, cocok dipake buat ngedate malem2👌🏻",Real,1.0,0.0,"{'contradiction': 0, 'template_language': 0, 'excessive_emotion': 0, 'gibberish_spam': 0, 'word_count': 11}",0.0
1285,haruman nya sesuai dengan harga dan sesuai dengan gambar👍👍,5,0,haruman nya sesuai dengan harga dan sesuai dengan gambar👍👍,Real,1.0,0.0,"{'contradiction': 0, 'template_language': 0, 'excessive_emotion': 0, 'gibberish_spam': 0, 'word_count': 9}",0.0
1286,"parfum original, sesuai pesanan, tiba tepat waktu, packaging rapi & seller responsive recommended seller !! 👍🏼👍🏼",4,0,"parfum original, sesuai pesanan, tiba tepat waktu, packaging rapi & seller responsive recommended se...",Real,1.0,0.0,"{'contradiction': 0, 'template_language': 0, 'excessive_emotion': 1, 'gibberish_spam': 0, 'word_count': 16}",0.0
1287,barng aman bubblewarp tebel. recomend guys,5,0,barng aman bubblewarp tebel. recomend guys,Real,1.0,0.0,"{'contradiction': 0, 'template_language': 0, 'excessive_emotion': 0, 'gibberish_spam': 0, 'word_count': 6}",0.0
1288,kualitas produk: seriusan wanginya cocok awet seharian nempel dibadan,5,0,kualitas produk: seriusan wanginya cocok awet seharian nempel dibadan,Real,1.0,0.0,"{'contradiction': 0, 'template_language': 0, 'excessive_emotion': 0, 'gibberish_spam': 0, 'word_count': 9}",0.0
1289,beli 2 varian: braven vanila wood baunya seperti parfum bau jeruk untuk mobil. dan braven platinum baunya seperti parfum gatsby jaman dulu yang biasanya sering ditemukan...,4,1,beli 2 varian: braven vanila wood baunya seperti parfum bau jeruk untuk mobil. dan braven platinum b...,Real,1.0,0.0,"{'contradiction': 0, 'template_language': 0, 'excessive_emotion': 0, 'gibberish_spam': 0, 'word_count': 26}",0.0
1290,"suami sama bapak parfumnya ini , katanya suka sama wanginya, soal keawetan keknya sekitar 3-4jam an, bau nempel dibaju tp sekitar ga ngecium gmn ya wkwk. tp aku sebagai c...",5,0,"suami sama bapak parfumnya ini , katanya suka sama wanginya, soal keawetan keknya sekitar 3-4jam an,...",Real,1.0,0.0,"{'contradiction': 0, 'template_language': 0, 'excessive_emotion': 0, 'gibberish_spam': 0, 'word_count': 30}",0.0
1291,karena kualitas produk nya sesuai dan tidak ada keresusakan sedikit pun,5,0,karena kualitas produk nya sesuai dan tidak ada keresusakan sedikit pun,Real,1.0,0.0,"{'contradiction': 0, 'template_language': 0, 'excessive_emotion': 0, 'gibberish_spam': 0, 'word_count': 11}",0.0
1292,bau nya mirip kayak axe cuman aggak terlalu over,5,0,bau nya mirip kayak axe cuman aggak terlalu over,Real,1.0,0.0,"{'contradiction': 0, 'template_language': 0, 'excessive_emotion': 0, 'gibberish_spam': 0, 'word_count': 9}",0.0
1293,"oke sesuai pesanan, pertama kali coba beli",5,0,"oke sesuai pesanan, pertama kali coba beli",Real,1.0,0.0,"{'contradiction': 0, 'template_language': 0, 'excessive_emotion': 0, 'gibberish_spam': 0, 'word_count': 7}",0.0
1294,wanginya enak bgt.. di pakai sehari hari,5,0,wanginya enak bgt.. di pakai sehari hari,Real,1.0,0.0,"{'contradiction': 0, 'template_language': 0, 'excessive_emotion': 0, 'gibberish_spam': 0, 'word_count': 7}",0.0
1295,the best packaging and the best quality !!!,5,0,the best packaging and the best quality !!!,Real,1.0,0.0,"{'contradiction': 0, 'template_language': 0, 'excessive_emotion': 0, 'gibberish_spam': 0, 'word_count': 8}",0.0
1296,"baunya enak , tapi untuk ketahanan bau nya ga begitu lama , tapi untuk harga di bawah 50k udah bagus sih.",5,0,"baunya enak , tapi untuk ketahanan bau nya ga begitu lama , tapi untuk harga di bawah 50k udah bagus...",Real,1.0,0.0,"{'contradiction': 0, 'template_language': 0, 'excessive_emotion': 0, 'gibberish_spam': 0, 'word_count': 21}",0.0
1297,kualitas produk: baik,5,0,kualitas produk: baik,Real,0.9,1.0,"{'contradiction': 0, 'template_language': 0, 'excessive_emotion': 0, 'gibberish_spam': 0, 'word_count': 3}",0.0
1298,"wanginya seger, dipake abis mandi enakk cocok kayaknya",5,0,"wanginya seger, dipake abis mandi enakk cocok kayaknya",Real,1.0,0.0,"{'contradiction': 0, 'template_language': 0, 'excessive_emotion': 0, 'gibberish_spam': 0, 'word_count': 8}",0.0
1299,cok baunya enak banget njir gilee gw ga nyesel sama sekali kayak parfum 200k wkwk makasih ya braven gw bakal beli lagi gw sebenarnya awal awal ragu ragu ehh ternyata eman...,5,0,cok baunya enak banget njir gilee gw ga nyesel sama sekali kayak parfum 200k wkwk makasih ya braven ...,Real,1.0,0.0,"{'contradiction': 0, 'template_language': 0, 'excessive_emotion': 0, 'gibberish_spam': 0, 'word_count': 31}",0.0
1300,pokoknya murah beli online dibanding toko sebelah. wanginya juga mantab. langsung beli 4 2 buat saya dan 2 lagi buat istri. packing super aman jadi gak pecah.,5,0,pokoknya murah beli online dibanding toko sebelah. wanginya juga mantab. langsung beli 4 2 buat saya...,Real,0.705,2.95,"{'contradiction': 0, 'template_language': 1, 'excessive_emotion': 0, 'gibberish_spam': 0, 'word_count': 27}",0.317
1301,mantap mantap mantap mantap mantap mantap mantap mantap mantap mantap mantap mantap mantap mantap mantap mantap mantap mantap mantap mantap mantap mantap mantap mantap ma...,5,0,mantap mantap mantap mantap mantap mantap mantap mantap mantap mantap mantap mantap mantap mantap ma...,Real,1.0,0.0,"{'contradiction': 0, 'template_language': 0, 'excessive_emotion': 0, 'gibberish_spam': 0, 'word_count': 25}",0.0
1302,"paket diterima dengan baik packing aman banget, untuk aromanya pertama dicoba lumayan menyengat tapi pas udah nempel kulit enak juga.",5,0,"paket diterima dengan baik packing aman banget, untuk aromanya pertama dicoba lumayan menyengat tapi...",Real,1.0,0.0,"{'contradiction': 0, 'template_language': 0, 'excessive_emotion': 0, 'gibberish_spam': 0, 'word_count': 20}",0.0
1303,"jujur parfumnya enak banget sesuai yang di rekomendasikan orang lain, cocok untuk malem hari tapi siang juga oke saja dipakai",5,0,"jujur parfumnya enak banget sesuai yang di rekomendasikan orang lain, cocok untuk malem hari tapi si...",Real,1.0,0.0,"{'contradiction': 0, 'template_language': 0, 'excessive_emotion': 0, 'gibberish_spam': 0, 'word_count': 20}",0.0
1304,"wanginya hangat tidak begitu menusuk hidup, kalem. packaging dus berbuble warp.",5,0,"wanginya hangat tidak begitu menusuk hidup, kalem. packaging dus berbuble warp.",Real,1.0,0.0,"{'contradiction': 0, 'template_language': 0, 'excessive_emotion': 0, 'gibberish_spam': 0, 'word_count': 11}",0.0
1305,"pengiriman super cepat, barang.sesuai diskirpsi . toko fast respon rekomendasi seller",5,0,"pengiriman super cepat, barang.sesuai diskirpsi . toko fast respon rekomendasi seller",Real,0.85,1.5,"{'contradiction': 0, 'template_language': 0, 'excessive_emotion': 0, 'gibberish_spam': 0, 'word_count': 11}",0.0
1306,harga kualitas produk nya terbaik ajiebbbb,5,0,harga kualitas produk nya terbaik ajiebbbb,Fake,0.914,6.28,"{'contradiction': 0, 'template_language': 0, 'excessive_emotion': 0, 'gibberish_spam': 1, 'word_count': 6}",0.428
1307,"baunya fresh dan lumayan tajem, bagus buat yang suka keluar panas""",5,0,"baunya fresh dan lumayan tajem, bagus buat yang suka keluar panas""",Real,1.0,0.0,"{'contradiction': 0, 'template_language': 0, 'excessive_emotion': 0, 'gibberish_spam': 0, 'word_count': 11}",0.0
1308,"nyari parfum ini susah banget, ehh tau ny dpt di toko ini best lah wangi ny kuat cocok buat aktivitas outdoor",5,1,"nyari parfum ini susah banget, ehh tau ny dpt di toko ini best lah wangi ny kuat cocok buat aktivita...",Real,1.0,0.0,"{'contradiction': 0, 'template_language': 0, 'excessive_emotion': 0, 'gibberish_spam': 0, 'word_count': 21}",0.0
1309,"wanginya lembut dan tahan lama, pengirimannya cepat, kualitasnya bagus",5,0,"wanginya lembut dan tahan lama, pengirimannya cepat, kualitasnya bagus",Real,1.0,0.0,"{'contradiction': 0, 'template_language': 0, 'excessive_emotion': 0, 'gibberish_spam': 0, 'word_count': 9}",0.0
1310,"barang sesuai deskripsi, fast respon, pengiriman cepat. thank's, sukses selalu.",4,0,"barang sesuai deskripsi, fast respon, pengiriman cepat. thank's, sukses selalu.",Real,0.85,1.5,"{'contradiction': 0, 'template_language': 0, 'excessive_emotion': 0, 'gibberish_spam': 0, 'word_count': 10}",0.0
1311,wanginya enak dan tahan lama,5,0,wanginya enak dan tahan lama,Real,0.9,1.0,"{'contradiction': 0, 'template_language': 0, 'excessive_emotion': 0, 'gibberish_spam': 0, 'word_count': 5}",0.0
1312,gimana ini pekingn nya gk rapih pas di buka botol minyak wangi nyah pecah,1,0,gimana ini pekingn nya gk rapih pas di buka botol minyak wangi nyah pecah,Real,1.0,0.0,"{'contradiction': 0, 'template_language': 0, 'excessive_emotion': 0, 'gibberish_spam': 0, 'word_count': 14}",0.0
1313,"produk sesuai ekspektasi, respon penjual cepat",5,0,"produk sesuai ekspektasi, respon penjual cepat",Real,1.0,0.0,"{'contradiction': 0, 'template_language': 0, 'excessive_emotion': 0, 'gibberish_spam': 0, 'word_count': 6}",0.0
1314,👉 defenisi cowok rapi 👈 ketahanan 2 jam cuaca panas 12x spray. buat team braven ayo buat edisi khusus exstrait de parfume.,5,0,👉 defenisi cowok rapi 👈 ketahanan 2 jam cuaca panas 12x spray. buat team braven ayo buat edisi khusu...,Real,1.0,0.0,"{'contradiction': 0, 'template_language': 0, 'excessive_emotion': 0, 'gibberish_spam': 0, 'word_count': 22}",0.0
1315,"barang dalam kondisi bagus, pengiriman cepat, pengemasan rapi",5,0,"barang dalam kondisi bagus, pengiriman cepat, pengemasan rapi",Real,1.0,0.0,"{'contradiction': 0, 'template_language': 0, 'excessive_emotion': 0, 'gibberish_spam': 0, 'word_count': 8}",0.0
1316,"alhamdulillah paket sudah di terima, packing nya rapi, wangi parfum nya juga enak...",5,0,"alhamdulillah paket sudah di terima, packing nya rapi, wangi parfum nya juga enak...",Real,1.0,0.0,"{'contradiction': 0, 'template_language': 0, 'excessive_emotion': 0, 'gibberish_spam': 0, 'word_count': 13}",0.0
1317,mantap sesuai ekspektasi kualitas produk: bagus bnget,5,0,mantap sesuai ekspektasi kualitas produk: bagus bnget,Real,1.0,0.0,"{'contradiction': 0, 'template_language': 0, 'excessive_emotion': 0, 'gibberish_spam': 0, 'word_count': 7}",0.0
1318,"1botol.parfum pria braven varian french oak kemasan 100ml sesuai pesanan,produknya bagus,wanginya harum menyegarkan tubuh nyaman digunakan dan tahan lama kualitasnya baik...",5,1,"1botol.parfum pria braven varian french oak kemasan 100ml sesuai pesanan,produknya bagus,wanginya ha...",Real,1.0,0.0,"{'contradiction': 0, 'template_language': 0, 'excessive_emotion': 0, 'gibberish_spam': 0, 'word_count': 21}",0.0
1319,"oke lah lumayan, manis fresh untuk satu dua jam dan drydownya tipis banget",4,0,"oke lah lumayan, manis fresh untuk satu dua jam dan drydownya tipis banget",Real,1.0,0.0,"{'contradiction': 0, 'template_language': 0, 'excessive_emotion': 0, 'gibberish_spam': 0, 'word_count': 13}",0.0
1320,"wangy enak lembut, ga menyengat, cocok dipakai seharian",5,0,"wangy enak lembut, ga menyengat, cocok dipakai seharian",Real,1.0,0.0,"{'contradiction': 0, 'template_language': 0, 'excessive_emotion': 0, 'gibberish_spam': 0, 'word_count': 8}",0.0
1321,"bintang 5, produk sesuai deskripsi, packaging aman, pengiriman cepat. recomend seller. terimakasih",5,0,"bintang 5, produk sesuai deskripsi, packaging aman, pengiriman cepat. recomend seller. terimakasih",Real,1.0,0.0,"{'contradiction': 0, 'template_language': 0, 'excessive_emotion': 0, 'gibberish_spam': 0, 'word_count': 12}",0.0
1322,bagus barang nyampek sesuai foto dan harumnya nempel banget,5,0,bagus barang nyampek sesuai foto dan harumnya nempel banget,Real,1.0,0.0,"{'contradiction': 0, 'template_language': 0, 'excessive_emotion': 0, 'gibberish_spam': 0, 'word_count': 9}",0.0
1323,"wangi , packaging rapih cepat pengiriman .. cocok untuk pria yang kerja dilapang. mayan tahan lama",5,0,"wangi , packaging rapih cepat pengiriman .. cocok untuk pria yang kerja dilapang. mayan tahan lama",Real,1.0,0.0,"{'contradiction': 0, 'template_language': 0, 'excessive_emotion': 0, 'gibberish_spam': 0, 'word_count': 16}",0.0
1324,"barang oke banget , pengemasann rapi dan safety, bau nya juga lumayan awet",5,2,"barang oke banget , pengemasann rapi dan safety, bau nya juga lumayan awet",Real,1.0,0.0,"{'contradiction': 0, 'template_language': 0, 'excessive_emotion': 0, 'gibberish_spam': 0, 'word_count': 13}",0.0
1325,"barang sesuai dengan foto & deskripsi, packingan rapi terlatih, barang terjaga dari berantakan dan acak acakan, sehingga pembeli senang dan puas",5,1,"barang sesuai dengan foto & deskripsi, packingan rapi terlatih, barang terjaga dari berantakan dan a...",Real,1.0,0.0,"{'contradiction': 0, 'template_language': 0, 'excessive_emotion': 0, 'gibberish_spam': 0, 'word_count': 21}",0.0
1326,parfum berkualitas nyaman dipakai buat sehari hari.,5,0,parfum berkualitas nyaman dipakai buat sehari hari.,Real,1.0,0.0,"{'contradiction': 0, 'template_language': 0, 'excessive_emotion': 0, 'gibberish_spam': 0, 'word_count': 7}",0.0
1327,anak2 suka wanginya. waangiiiiii.... packing aman dan rapih,5,0,anak2 suka wanginya. waangiiiiii.... packing aman dan rapih,Fake,0.903,6.06,"{'contradiction': 0, 'template_language': 0, 'excessive_emotion': 0, 'gibberish_spam': 1, 'word_count': 8}",0.352
1328,produk parfumnya bagus wanginya tidak menyengat 👍,5,1,produk parfumnya bagus wanginya tidak menyengat 👍,Real,1.0,0.0,"{'contradiction': 0, 'template_language': 0, 'excessive_emotion': 0, 'gibberish_spam': 0, 'word_count': 7}",0.0
1329,"wanginya enak untuk harga yang murah, namun harus evaluasi kurir yang dipilih, rumah di bogor tapi paket bisa nyasar dulu ke sulawesi, lalu untuk labelnya ada yang cacat...",4,0,"wanginya enak untuk harga yang murah, namun harus evaluasi kurir yang dipilih, rumah di bogor tapi p...",Real,1.0,0.0,"{'contradiction': 0, 'template_language': 0, 'excessive_emotion': 0, 'gibberish_spam': 0, 'word_count': 28}",0.0
1330,"kualitas packing aman, dikasih bubble warp, untuk wanginya rekomen semua,",5,1,"kualitas packing aman, dikasih bubble warp, untuk wanginya rekomen semua,",Real,1.0,0.0,"{'contradiction': 0, 'template_language': 0, 'excessive_emotion': 0, 'gibberish_spam': 0, 'word_count': 10}",0.0
1331,ini parfum aromanya wuiihhh..enak banget sumpah..2 2 behhh...masuk banget.,5,0,ini parfum aromanya wuiihhh..enak banget sumpah..2 2 behhh...masuk banget.,Real,1.0,0.0,"{'contradiction': 0, 'template_language': 0, 'excessive_emotion': 0, 'gibberish_spam': 0, 'word_count': 9}",0.0
1332,"barang sesuai kualitas pesanan, untuk di harga 30rb lumayan lah pelayanan toko juga cepat terbaik lah",5,2,"barang sesuai kualitas pesanan, untuk di harga 30rb lumayan lah pelayanan toko juga cepat terbaik la...",Real,1.0,0.0,"{'contradiction': 0, 'template_language': 0, 'excessive_emotion': 0, 'gibberish_spam': 0, 'word_count': 16}",0.0
1333,"dapet promo murah, pengiriman cepat, desain bagus, tp wanginya ga terlalu lama,",4,1,"dapet promo murah, pengiriman cepat, desain bagus, tp wanginya ga terlalu lama,",Real,1.0,0.0,"{'contradiction': 0, 'template_language': 0, 'excessive_emotion': 0, 'gibberish_spam': 0, 'word_count': 12}",0.0
1334,"paket mendarat dengan aman, dan sampainya cepat semoga barang selanjutnya yang saya pesan bisa sampai secepatnya",5,0,"paket mendarat dengan aman, dan sampainya cepat semoga barang selanjutnya yang saya pesan bisa sampa...",Real,1.0,0.0,"{'contradiction': 0, 'template_language': 0, 'excessive_emotion': 0, 'gibberish_spam': 0, 'word_count': 16}",0.0
1335,"alhamdulillah barang sudah sampai, packaging super aman,seller amanah,barang sesuai pesan,pengiriman cepat",5,0,"alhamdulillah barang sudah sampai, packaging super aman,seller amanah,barang sesuai pesan,pengiriman...",Real,1.0,0.0,"{'contradiction': 0, 'template_language': 0, 'excessive_emotion': 0, 'gibberish_spam': 0, 'word_count': 11}",0.0
1336,wanginya enak dan tahan lama cocok untuk indoor maupun outdoor,5,0,wanginya enak dan tahan lama cocok untuk indoor maupun outdoor,Real,1.0,0.0,"{'contradiction': 0, 'template_language': 0, 'excessive_emotion': 0, 'gibberish_spam': 0, 'word_count': 10}",0.0
1337,"wanginya okay banget, cuma sayang tutupnya pecah.",5,0,"wanginya okay banget, cuma sayang tutupnya pecah.",Real,1.0,0.0,"{'contradiction': 0, 'template_language': 0, 'excessive_emotion': 0, 'gibberish_spam': 0, 'word_count': 7}",0.0
1338,"bagus banget bro, langsung sampai gg gg murah pula, wanginya masih sama sama produk 3-6 bulan lalu",5,0,"bagus banget bro, langsung sampai gg gg murah pula, wanginya masih sama sama produk 3-6 bulan lalu",Real,1.0,0.0,"{'contradiction': 0, 'template_language': 0, 'excessive_emotion': 0, 'gibberish_spam': 0, 'word_count': 17}",0.0
1339,"diawal emg wanginya sangat menyengat,tapi setelah beberapa menit dia jadi wangi yg enak",5,1,"diawal emg wanginya sangat menyengat,tapi setelah beberapa menit dia jadi wangi yg enak",Real,1.0,0.0,"{'contradiction': 0, 'template_language': 0, 'excessive_emotion': 0, 'gibberish_spam': 0, 'word_count': 13}",0.0
1340,kualitas produk: bagus pengiriman juga cepat kurir juga ramah dan baik,5,0,kualitas produk: bagus pengiriman juga cepat kurir juga ramah dan baik,Real,1.0,0.0,"{'contradiction': 0, 'template_language': 0, 'excessive_emotion': 0, 'gibberish_spam': 0, 'word_count': 11}",0.0
1341,"ga ada yg bisa di komplain dri toko ini,,,pengiriman sesuai,cepat,,paking nya sangat bagus good job lh pokonya toko rekomen dri sy",5,0,"ga ada yg bisa di komplain dri toko ini,,,pengiriman sesuai,cepat,,paking nya sangat bagus good job ...",Real,1.0,0.0,"{'contradiction': 0, 'template_language': 0, 'excessive_emotion': 0, 'gibberish_spam': 0, 'word_count': 21}",0.0
1342,"wangi seger cocok buat siang hari, repeat order",4,0,"wangi seger cocok buat siang hari, repeat order",Real,1.0,0.0,"{'contradiction': 0, 'template_language': 0, 'excessive_emotion': 0, 'gibberish_spam': 0, 'word_count': 8}",0.0
1343,kualitas produk: produk bagus baunya biasa kayak gasby.. saya pikir vanila..,4,0,kualitas produk: produk bagus baunya biasa kayak gasby.. saya pikir vanila..,Real,1.0,0.0,"{'contradiction': 0, 'template_language': 0, 'excessive_emotion': 0, 'gibberish_spam': 0, 'word_count': 11}",0.0
1344,"penjual fast respon, wangi parfumnya cocok harganya juga sesuai dikantong😁",5,0,"penjual fast respon, wangi parfumnya cocok harganya juga sesuai dikantong😁",Fake,0.839,4.78,"{'contradiction': 0, 'template_language': 1, 'excessive_emotion': 0, 'gibberish_spam': 0, 'word_count': 10}",0.426
1345,maaf baru sempet kasih ulasan.. barang bagus sesuai pesanan cuma saya kurang senengnya disini ini toko begitu pesan langsung ga bisa dibatalin.. ga dikasih jeda waktu.. p...,5,0,maaf baru sempet kasih ulasan.. barang bagus sesuai pesanan cuma saya kurang senengnya disini ini to...,Real,0.8,2.0,"{'contradiction': 0, 'template_language': 0, 'excessive_emotion': 0, 'gibberish_spam': 0, 'word_count': 27}",0.0
1346,packing aman pengiriman ok barang sesuai pesanan wanginya mantapp,5,0,packing aman pengiriman ok barang sesuai pesanan wanginya mantapp,Real,1.0,0.0,"{'contradiction': 0, 'template_language': 0, 'excessive_emotion': 0, 'gibberish_spam': 0, 'word_count': 9}",0.0
1347,"packaging safety, aroma hmm kurang si, ga lama jg aromanya",4,0,"packaging safety, aroma hmm kurang si, ga lama jg aromanya",Real,0.8,2.0,"{'contradiction': 0, 'template_language': 0, 'excessive_emotion': 0, 'gibberish_spam': 0, 'word_count': 10}",0.0
1348,kualitas produk: bagus wanginya enak kayak di barber,4,0,kualitas produk: bagus wanginya enak kayak di barber,Real,1.0,0.0,"{'contradiction': 0, 'template_language': 0, 'excessive_emotion': 0, 'gibberish_spam': 0, 'word_count': 8}",0.0
1349,akhirnya sampe jg pas ini wanginya buat sehari hari 👌👌 pengiriman cepat dan barang aman👌 pengemasan jg rapih aman,5,0,akhirnya sampe jg pas ini wanginya buat sehari hari 👌👌 pengiriman cepat dan barang aman👌 pengemasan ...,Real,1.0,0.0,"{'contradiction': 0, 'template_language': 0, 'excessive_emotion': 0, 'gibberish_spam': 0, 'word_count': 19}",0.0
1350,sesuai dengan deskripsi. wanginya enak. botol kaca.,5,0,sesuai dengan deskripsi. wanginya enak. botol kaca.,Real,1.0,0.0,"{'contradiction': 0, 'template_language': 0, 'excessive_emotion': 0, 'gibberish_spam': 0, 'word_count': 7}",0.0
1351,"seller baik, gercep, barang sesuai deskripsi, wanginya ok, pengiriman super cepat, packing aman, selebih nya bintang yg berbicara. mksh seller n tokped",5,0,"seller baik, gercep, barang sesuai deskripsi, wanginya ok, pengiriman super cepat, packing aman, sel...",Real,1.0,0.0,"{'contradiction': 0, 'template_language': 0, 'excessive_emotion': 0, 'gibberish_spam': 0, 'word_count': 22}",0.0
1352,"wanginya ok, packing rapi dan aman, pegiriman cepat, recommend seller",5,1,"wanginya ok, packing rapi dan aman, pegiriman cepat, recommend seller",Real,1.0,0.0,"{'contradiction': 0, 'template_language': 0, 'excessive_emotion': 0, 'gibberish_spam': 0, 'word_count': 10}",0.0
1353,"kualitas produk: baik wanginya enak, pengiriman cepat",5,0,"kualitas produk: baik wanginya enak, pengiriman cepat",Real,1.0,0.0,"{'contradiction': 0, 'template_language': 0, 'excessive_emotion': 0, 'gibberish_spam': 0, 'word_count': 7}",0.0
1354,"respon dan pengirimannya cepat, packing rapi trus wanginya enak dan seger. terima kasih",5,0,"respon dan pengirimannya cepat, packing rapi trus wanginya enak dan seger. terima kasih",Real,1.0,0.0,"{'contradiction': 0, 'template_language': 0, 'excessive_emotion': 0, 'gibberish_spam': 0, 'word_count': 13}",0.0
1355,kualitas produk: mantap kualitas sesuai harga wanginya juga ok,5,0,kualitas produk: mantap kualitas sesuai harga wanginya juga ok,Real,1.0,0.0,"{'contradiction': 0, 'template_language': 0, 'excessive_emotion': 0, 'gibberish_spam': 0, 'word_count': 9}",0.0
1356,"parfum nya wangi x,bungkus nya safety,respon nya ramah dan cepat.mntap x lah, recommended ya",5,1,"parfum nya wangi x,bungkus nya safety,respon nya ramah dan cepat.mntap x lah, recommended ya",Real,1.0,0.0,"{'contradiction': 0, 'template_language': 0, 'excessive_emotion': 0, 'gibberish_spam': 0, 'word_count': 14}",0.0
1357,wanginya condong ke sweet dan agak tebel. memang pas untuk moment2 sensual,5,3,wanginya condong ke sweet dan agak tebel. memang pas untuk moment2 sensual,Real,1.0,0.0,"{'contradiction': 0, 'template_language': 0, 'excessive_emotion': 0, 'gibberish_spam': 0, 'word_count': 12}",0.0
1358,wangi harum dan segar. barang diterima dalam keadaan baik. packing aman. terima kasih reseller abang kurir dan tiktok,5,0,wangi harum dan segar. barang diterima dalam keadaan baik. packing aman. terima kasih reseller abang...,Real,1.0,0.0,"{'contradiction': 0, 'template_language': 0, 'excessive_emotion': 0, 'gibberish_spam': 0, 'word_count': 18}",0.0
1359,"baunya harum, enak, segar ( tidak menyengat) dan tahan lama. pengemasan sangat baik, pengiriman juga sangat cepat. terimakasih banyak seller.",5,0,"baunya harum, enak, segar ( tidak menyengat) dan tahan lama. pengemasan sangat baik, pengiriman juga...",Real,1.0,0.0,"{'contradiction': 0, 'template_language': 0, 'excessive_emotion': 0, 'gibberish_spam': 0, 'word_count': 20}",0.0
1360,"kualitas produk: pengiriman cepat, produk sesuai",5,0,"kualitas produk: pengiriman cepat, produk sesuai",Real,1.0,0.0,"{'contradiction': 0, 'template_language': 0, 'excessive_emotion': 0, 'gibberish_spam': 0, 'word_count': 6}",0.0
1361,packing aman rapi pengiriman cepat barang sesuai dengan pesanan sudah langganan beli parfum di toko ini mohon dijaga konsistensi nya dan semoga semakin banyak yang berlan...,5,0,packing aman rapi pengiriman cepat barang sesuai dengan pesanan sudah langganan beli parfum di toko ...,Real,1.0,0.0,"{'contradiction': 0, 'template_language': 0, 'excessive_emotion': 0, 'gibberish_spam': 0, 'word_count': 26}",0.0
1362,harumnya enak untuk sehari hari dan cukup tahan lama. pengiriman cepat dan packing aman,5,0,harumnya enak untuk sehari hari dan cukup tahan lama. pengiriman cepat dan packing aman,Real,1.0,0.0,"{'contradiction': 0, 'template_language': 0, 'excessive_emotion': 0, 'gibberish_spam': 0, 'word_count': 14}",0.0
1363,aromanya cukup menyejukkan dengan ketahanan yang lama sesuai dengan harganya,5,0,aromanya cukup menyejukkan dengan ketahanan yang lama sesuai dengan harganya,Real,1.0,0.0,"{'contradiction': 0, 'template_language': 0, 'excessive_emotion': 0, 'gibberish_spam': 0, 'word_count': 10}",0.0
1364,"keduanya wanginya enak, yg barber wanginya santai jg marinenya pass, cocok buat pas lagi nyantai. yg polo jg wanginya kalem elegant enak cocok buat bepergian",5,0,"keduanya wanginya enak, yg barber wanginya santai jg marinenya pass, cocok buat pas lagi nyantai. yg...",Real,1.0,0.0,"{'contradiction': 0, 'template_language': 0, 'excessive_emotion': 0, 'gibberish_spam': 0, 'word_count': 25}",0.0
1365,kualitas produk: sangat harum suka sekali dengan aroma nya. packing rapi dan aman.,5,0,kualitas produk: sangat harum suka sekali dengan aroma nya. packing rapi dan aman.,Real,1.0,0.0,"{'contradiction': 0, 'template_language': 0, 'excessive_emotion': 0, 'gibberish_spam': 0, 'word_count': 13}",0.0
1366,wanginya enak banget..... mantap juut....,5,0,wanginya enak banget..... mantap juut....,Fake,0.95,7.11,"{'contradiction': 0, 'template_language': 0, 'excessive_emotion': 0, 'gibberish_spam': 1, 'word_count': 5}",0.368
1367,"barang sampai dengan selamat tanpa ada kerusakan. respon penjual sangat baik, parfume nya enak wangi dan pengiriman nya juga sangat cepat. terima kasih banyak🙏😊😁",5,0,"barang sampai dengan selamat tanpa ada kerusakan. respon penjual sangat baik, parfume nya enak wangi...",Real,1.0,0.0,"{'contradiction': 0, 'template_language': 0, 'excessive_emotion': 1, 'gibberish_spam': 0, 'word_count': 24}",0.0
1368,"respon cepat, packing aman bgt, wanginya cocok",5,0,"respon cepat, packing aman bgt, wanginya cocok",Real,1.0,0.0,"{'contradiction': 0, 'template_language': 0, 'excessive_emotion': 0, 'gibberish_spam': 0, 'word_count': 7}",0.0
1369,"mantap, kualitas sesuai, wangi enak cocok buat siang hari",5,0,"mantap, kualitas sesuai, wangi enak cocok buat siang hari",Real,1.0,0.0,"{'contradiction': 0, 'template_language': 0, 'excessive_emotion': 0, 'gibberish_spam': 0, 'word_count': 9}",0.0
1370,"wangi segar harum enak,, pengiriman cepat,, pengemasan barang bagus baik,,",5,0,"wangi segar harum enak,, pengiriman cepat,, pengemasan barang bagus baik,,",Real,1.0,0.0,"{'contradiction': 0, 'template_language': 0, 'excessive_emotion': 0, 'gibberish_spam': 0, 'word_count': 10}",0.0
1371,"paking sangat amannn banget, tebel banget bubble wrapnya, jadi gak akan pecah botolnya",5,1,"paking sangat amannn banget, tebel banget bubble wrapnya, jadi gak akan pecah botolnya",Real,1.0,0.0,"{'contradiction': 0, 'template_language': 0, 'excessive_emotion': 0, 'gibberish_spam': 0, 'word_count': 13}",0.0
1372,kualitas produk: bagus aroma agak menyengat untuk saya pribadi,4,0,kualitas produk: bagus aroma agak menyengat untuk saya pribadi,Real,1.0,0.0,"{'contradiction': 0, 'template_language': 0, 'excessive_emotion': 0, 'gibberish_spam': 0, 'word_count': 9}",0.0
1373,kualitas produk: wanginya soft ga terlalu nyengat cocok di baju dripada di kulit,5,0,kualitas produk: wanginya soft ga terlalu nyengat cocok di baju dripada di kulit,Real,1.0,0.0,"{'contradiction': 0, 'template_language': 0, 'excessive_emotion': 0, 'gibberish_spam': 0, 'word_count': 13}",0.0
1374,wanginya sangat berkelas. mantap sekali ini. sesuai deskripsi. seller respon sangat cepat dan helpfull. bintang 7 kalau boleh. sukses buat seller,5,2,wanginya sangat berkelas. mantap sekali ini. sesuai deskripsi. seller respon sangat cepat dan helpfu...,Real,1.0,0.0,"{'contradiction': 0, 'template_language': 0, 'excessive_emotion': 0, 'gibberish_spam': 0, 'word_count': 21}",0.0
1375,"kualitas produk: sesuai, wangi tahan lama pengiriman: cepat, sesuai",5,0,"kualitas produk: sesuai, wangi tahan lama pengiriman: cepat, sesuai",Real,1.0,0.0,"{'contradiction': 0, 'template_language': 0, 'excessive_emotion': 0, 'gibberish_spam': 0, 'word_count': 9}",0.0
1376,produk sesuai deskripsi packing rapi dan pengiriman cepat terima kasih,5,0,produk sesuai deskripsi packing rapi dan pengiriman cepat terima kasih,Real,1.0,0.0,"{'contradiction': 0, 'template_language': 0, 'excessive_emotion': 0, 'gibberish_spam': 0, 'word_count': 10}",0.0
1377,"barang sampai dengan selamat, thanks,ga nyengat dan tahan lama cocok buat anak sekolahan kya gw tapi bau nya ga sesuai ekspektasi ee-tapi it doesn't matter and i don&...",5,0,"barang sampai dengan selamat, thanks,ga nyengat dan tahan lama cocok buat anak sekolahan kya gw tapi...",Real,1.0,0.0,"{'contradiction': 0, 'template_language': 0, 'excessive_emotion': 0, 'gibberish_spam': 0, 'word_count': 28}",0.0
1378,"mgkin alangkah baiknya packing buble warp nya nya dipertebal lagi ya kak, overall wangi nya kalem, proses nya cepet, recommended seller & recommended parfum, bintang...",5,0,"mgkin alangkah baiknya packing buble warp nya nya dipertebal lagi ya kak, overall wangi nya kalem, p...",Real,1.0,0.0,"{'contradiction': 0, 'template_language': 0, 'excessive_emotion': 0, 'gibberish_spam': 0, 'word_count': 25}",0.0
1379,"orderan cpt sampai , ini knp sy pilih yg lbh mahal sdikit dari hrg yg lain krn pelayanan nya yg super cpt dan memuas kan",5,0,"orderan cpt sampai , ini knp sy pilih yg lbh mahal sdikit dari hrg yg lain krn pelayanan nya yg supe...",Real,1.0,0.0,"{'contradiction': 0, 'template_language': 0, 'excessive_emotion': 0, 'gibberish_spam': 0, 'word_count': 25}",0.0
1380,"paket nya sudah sampai, tapi sayang nya yg satu nya pecah",5,0,"paket nya sudah sampai, tapi sayang nya yg satu nya pecah",Real,1.0,0.0,"{'contradiction': 0, 'template_language': 0, 'excessive_emotion': 0, 'gibberish_spam': 0, 'word_count': 11}",0.0
1381,kualitas produk: baguss bangett.. puass.. wangi pass.. mewah.. pokonya bintang tujuh belas.. kalau ada. recomended,5,0,kualitas produk: baguss bangett.. puass.. wangi pass.. mewah.. pokonya bintang tujuh belas.. kalau a...,Real,1.0,0.0,"{'contradiction': 0, 'template_language': 0, 'excessive_emotion': 0, 'gibberish_spam': 0, 'word_count': 15}",0.0
1382,aroma enak & unik pengiriman juga cepat krn dr toped langsung,5,0,aroma enak & unik pengiriman juga cepat krn dr toped langsung,Real,1.0,0.0,"{'contradiction': 0, 'template_language': 0, 'excessive_emotion': 0, 'gibberish_spam': 0, 'word_count': 11}",0.0
1383,"wanginya manis cocok buay anak cowok smp, sayang cuma tahan kurang lebih 2-3 jam",5,0,"wanginya manis cocok buay anak cowok smp, sayang cuma tahan kurang lebih 2-3 jam",Real,0.8,2.0,"{'contradiction': 0, 'template_language': 0, 'excessive_emotion': 0, 'gibberish_spam': 0, 'word_count': 14}",0.0
1384,"barang sesuai deskripsi, packing aman dilapis bubble..pengiriman tepat waktu, thanks",5,0,"barang sesuai deskripsi, packing aman dilapis bubble..pengiriman tepat waktu, thanks",Real,1.0,0.0,"{'contradiction': 0, 'template_language': 0, 'excessive_emotion': 0, 'gibberish_spam': 0, 'word_count': 10}",0.0
1385,"braven french oak ""parfum ini punya aroma woody yang elegan dan maskulin. wangi kayunya tahan lama, cocok buat aktivitas sehari-hari atau acara formal. packaging-nya...",5,0,"braven french oak ""parfum ini punya aroma woody yang elegan dan maskulin. wangi kayunya tahan lama, ...",Real,1.0,0.0,"{'contradiction': 0, 'template_language': 0, 'excessive_emotion': 0, 'gibberish_spam': 0, 'word_count': 24}",0.0
1386,"kualitas produk: baik, ketahanan di kulit saya lumayan lama, untuk wangi sih buat cowo banget fresh gitu, untuk harga segini worth to buy, mantaps",5,0,"kualitas produk: baik, ketahanan di kulit saya lumayan lama, untuk wangi sih buat cowo banget fresh ...",Real,1.0,0.0,"{'contradiction': 0, 'template_language': 0, 'excessive_emotion': 0, 'gibberish_spam': 0, 'word_count': 24}",0.0
1387,oke mantab enak wangi seger,5,0,oke mantab enak wangi seger,Real,0.9,1.0,"{'contradiction': 0, 'template_language': 0, 'excessive_emotion': 0, 'gibberish_spam': 0, 'word_count': 5}",0.0
1388,"suka sama wanginya,cocok untuk.pria,penjual fast respon,packing rapi,mantull",5,0,"suka sama wanginya,cocok untuk.pria,penjual fast respon,packing rapi,mantull",Fake,0.838,4.76,"{'contradiction': 0, 'template_language': 1, 'excessive_emotion': 0, 'gibberish_spam': 0, 'word_count': 7}",0.419
1389,"wanginya cocok, manis. meskipun katanya ini parfum minimarket dan murah tapi untuk harga segini sangat baik.",5,0,"wanginya cocok, manis. meskipun katanya ini parfum minimarket dan murah tapi untuk harga segini sang...",Real,1.0,0.0,"{'contradiction': 0, 'template_language': 0, 'excessive_emotion': 0, 'gibberish_spam': 0, 'word_count': 16}",0.0
1390,"penjual fast respon, pengiriman cepat, parfum wangi",5,0,"penjual fast respon, pengiriman cepat, parfum wangi",Fake,0.839,4.78,"{'contradiction': 0, 'template_language': 1, 'excessive_emotion': 0, 'gibberish_spam': 0, 'word_count': 7}",0.426
1391,"baru coba varian ini di saranin sama admin nya, wangi nya enak nempel di baju dan wangi nya like a man banget, terimakasih evangeline",5,0,"baru coba varian ini di saranin sama admin nya, wangi nya enak nempel di baju dan wangi nya like a m...",Real,1.0,0.0,"{'contradiction': 0, 'template_language': 0, 'excessive_emotion': 0, 'gibberish_spam': 0, 'word_count': 24}",0.0
1392,"wanginya enak, cocok yang suka soft dan g terlalu nusuk hidung. murah. pengiriman cepat.",5,0,"wanginya enak, cocok yang suka soft dan g terlalu nusuk hidung. murah. pengiriman cepat.",Real,1.0,0.0,"{'contradiction': 0, 'template_language': 0, 'excessive_emotion': 0, 'gibberish_spam': 0, 'word_count': 14}",0.0
1393,barangnya bagus. aromanya maskulin dan elegan sejak awal pemakaian.,5,0,barangnya bagus. aromanya maskulin dan elegan sejak awal pemakaian.,Real,1.0,0.0,"{'contradiction': 0, 'template_language': 0, 'excessive_emotion': 0, 'gibberish_spam': 0, 'word_count': 9}",0.0
1394,wanginya enak .. harum.. cocok dipake cowok,5,1,wanginya enak .. harum.. cocok dipake cowok,Real,1.0,0.0,"{'contradiction': 0, 'template_language': 0, 'excessive_emotion': 0, 'gibberish_spam': 0, 'word_count': 7}",0.0
1395,packing barangnnya dbuat lebih rapi dan savety lgi kdpanny,3,0,packing barangnnya dbuat lebih rapi dan savety lgi kdpanny,Real,1.0,0.0,"{'contradiction': 0, 'template_language': 0, 'excessive_emotion': 0, 'gibberish_spam': 0, 'word_count': 9}",0.0
1396,"wanginya enak dan manis meskipun ini parfum pria. pengirimannya cepat dan seller juga kurir komunikatif. terima kasih seller, kurir dan tokopedia. semoga sukses selalu 🤗...",5,0,wanginya enak dan manis meskipun ini parfum pria. pengirimannya cepat dan seller juga kurir komunika...,Real,1.0,0.0,"{'contradiction': 0, 'template_language': 0, 'excessive_emotion': 0, 'gibberish_spam': 0, 'word_count': 25}",0.0
1397,allhamdulilah lumayan dapet harga 400 perak parfum nya juga wangi makasih toko pedia& seller sukses selalu 😂,5,0,allhamdulilah lumayan dapet harga 400 perak parfum nya juga wangi makasih toko pedia& seller sukses ...,Real,1.0,0.0,"{'contradiction': 0, 'template_language': 0, 'excessive_emotion': 0, 'gibberish_spam': 0, 'word_count': 17}",0.0
1398,packing bagus pakai bubble..barang aman sampai lokasi...smogaa wanginya awet..klo wanginya suka..klo cocok bisa nanti beli lagi...makasih seller ...,5,0,packing bagus pakai bubble..barang aman sampai lokasi...smogaa wanginya awet..klo wanginya suka..klo...,Real,1.0,0.0,"{'contradiction': 0, 'template_language': 0, 'excessive_emotion': 0, 'gibberish_spam': 0, 'word_count': 18}",0.0
1399,done paket terima pengiriman cepet cuman 1 hari udah sampe sellernya grecep dan ori parfumnya wanginya kaya agak semebrak di hidung klo cium deket,5,0,done paket terima pengiriman cepet cuman 1 hari udah sampe sellernya grecep dan ori parfumnya wangin...,Real,1.0,0.0,"{'contradiction': 0, 'template_language': 0, 'excessive_emotion': 0, 'gibberish_spam': 0, 'word_count': 24}",0.0
1400,"seneng banget, admin fast respon. dari co langsung gercep di proses dan masuk antrian pengiriman di jam yg sama. 1 hari barang dah sampe",5,0,"seneng banget, admin fast respon. dari co langsung gercep di proses dan masuk antrian pengiriman di ...",Real,0.85,1.5,"{'contradiction': 0, 'template_language': 0, 'excessive_emotion': 0, 'gibberish_spam': 0, 'word_count': 24}",0.0
1401,"product nya bagus, wanginya maskulin, lumayan tahan lama di ruangan..terimakasih ya",5,0,"product nya bagus, wanginya maskulin, lumayan tahan lama di ruangan..terimakasih ya",Real,1.0,0.0,"{'contradiction': 0, 'template_language': 0, 'excessive_emotion': 0, 'gibberish_spam': 0, 'word_count': 11}",0.0
1402,barang sesuai pesanan n packing aman untuk pengiriman cepat,5,0,barang sesuai pesanan n packing aman untuk pengiriman cepat,Real,1.0,0.0,"{'contradiction': 0, 'template_language': 0, 'excessive_emotion': 0, 'gibberish_spam': 0, 'word_count': 9}",0.0
1403,"mantap pengiriman cepat,serta babel rip nya juga tebel jadi aman",5,0,"mantap pengiriman cepat,serta babel rip nya juga tebel jadi aman",Real,1.0,0.0,"{'contradiction': 0, 'template_language': 0, 'excessive_emotion': 0, 'gibberish_spam': 0, 'word_count': 10}",0.0
1404,sesuai pesanan cepat sampai toko amanah terima kasih semuanya,5,0,sesuai pesanan cepat sampai toko amanah terima kasih semuanya,Real,1.0,0.0,"{'contradiction': 0, 'template_language': 0, 'excessive_emotion': 0, 'gibberish_spam': 0, 'word_count': 9}",0.0
1405,wanginya mantap. sdh 2x belanja di toko ini hasilnya ngga mengecewakan.. sangat di rekomendasikan belanja disini buat teman2 yg cari parfum original murah berkualitas.,5,0,wanginya mantap. sdh 2x belanja di toko ini hasilnya ngga mengecewakan.. sangat di rekomendasikan be...,Real,0.8,2.0,"{'contradiction': 0, 'template_language': 0, 'excessive_emotion': 0, 'gibberish_spam': 0, 'word_count': 24}",0.0
1406,"mantap juga wanginya juga enak, recomend sih buat kalian yg pada nyari parfum buat olharga ini cocok sih wanginya juga bisa tahan sampe 5-7jm tergantung aktivitas kalian...",5,0,"mantap juga wanginya juga enak, recomend sih buat kalian yg pada nyari parfum buat olharga ini cocok...",Real,1.0,0.0,"{'contradiction': 0, 'template_language': 0, 'excessive_emotion': 0, 'gibberish_spam': 0, 'word_count': 27}",0.0
1407,"respon dan pengirimannya cepat, barang sesuai dan wanginya ok serta sudah biasa beli disini. terima kasih",5,0,"respon dan pengirimannya cepat, barang sesuai dan wanginya ok serta sudah biasa beli disini. terima ...",Real,1.0,0.0,"{'contradiction': 0, 'template_language': 0, 'excessive_emotion': 0, 'gibberish_spam': 0, 'word_count': 16}",0.0
1408,bagus barangnya lengkap dan sampainya cepat dan tanpa ada kendala sama sekali,5,0,bagus barangnya lengkap dan sampainya cepat dan tanpa ada kendala sama sekali,Real,1.0,0.0,"{'contradiction': 0, 'template_language': 0, 'excessive_emotion': 0, 'gibberish_spam': 0, 'word_count': 12}",0.0
1409,"barang sudah diterima, packing aman, dan pengiriman cpt bgt. untuk produk sesuai, wangi cwo banget, puas belanja di sini. next order lagi ya",5,0,"barang sudah diterima, packing aman, dan pengiriman cpt bgt. untuk produk sesuai, wangi cwo banget, ...",Real,1.0,0.0,"{'contradiction': 0, 'template_language': 0, 'excessive_emotion': 0, 'gibberish_spam': 0, 'word_count': 23}",0.0
1410,"sudah sampai min wangi mantap, saya juga baru punya yang black series juga min nanti kalo habis saya beli disini lagi ya min 🤙😎🤙",5,0,"sudah sampai min wangi mantap, saya juga baru punya yang black series juga min nanti kalo habis saya...",Real,1.0,0.0,"{'contradiction': 0, 'template_language': 0, 'excessive_emotion': 1, 'gibberish_spam': 0, 'word_count': 24}",0.0
1411,"fresh, kualitas mantap, cocok untuk siang ke sore hari",5,0,"fresh, kualitas mantap, cocok untuk siang ke sore hari",Real,1.0,0.0,"{'contradiction': 0, 'template_language': 0, 'excessive_emotion': 0, 'gibberish_spam': 0, 'word_count': 9}",0.0
1412,"bagus, ada peningkatan packingnya pakai bublewrap per item. jadi ga ada yang pecah",5,0,"bagus, ada peningkatan packingnya pakai bublewrap per item. jadi ga ada yang pecah",Real,1.0,0.0,"{'contradiction': 0, 'template_language': 0, 'excessive_emotion': 0, 'gibberish_spam': 0, 'word_count': 13}",0.0
1413,"mantappp, pengiriman cepat, packing juga aman banget, wangy nya enak semua",5,1,"mantappp, pengiriman cepat, packing juga aman banget, wangy nya enak semua",Real,1.0,0.0,"{'contradiction': 0, 'template_language': 0, 'excessive_emotion': 0, 'gibberish_spam': 0, 'word_count': 11}",0.0
1414,"pengiriman cepat, wanginya cocok utk dikondisi apapun (versatile). packaging bagus",5,0,"pengiriman cepat, wanginya cocok utk dikondisi apapun (versatile). packaging bagus",Real,1.0,0.0,"{'contradiction': 0, 'template_language': 0, 'excessive_emotion': 0, 'gibberish_spam': 0, 'word_count': 10}",0.0
1415,"alhamdulillah barang sudah sampek dgn selamat, kualitas bagus. yg mau order jgn ragu ragu buruan. wanginya enak cocok buat dipakek sehari hari. terima kasi seller 🙏🏻🙏�...",5,0,"alhamdulillah barang sudah sampek dgn selamat, kualitas bagus. yg mau order jgn ragu ragu buruan. wa...",Real,1.0,0.0,"{'contradiction': 0, 'template_language': 0, 'excessive_emotion': 1, 'gibberish_spam': 0, 'word_count': 26}",0.0
1416,"kualitas produk: sangat baik, wangi nya enak, pasti bklaan repeat order.",5,0,"kualitas produk: sangat baik, wangi nya enak, pasti bklaan repeat order.",Real,1.0,0.0,"{'contradiction': 0, 'template_language': 0, 'excessive_emotion': 0, 'gibberish_spam': 0, 'word_count': 11}",0.0
1417,"bau nya wangi, beda pokoknya. bisa dipakai semua orang",5,0,"bau nya wangi, beda pokoknya. bisa dipakai semua orang",Real,1.0,0.0,"{'contradiction': 0, 'template_language': 0, 'excessive_emotion': 0, 'gibberish_spam': 0, 'word_count': 9}",0.0
1418,"barang sesuai orderan, packingan rapi dan terlatih, barang terlindung dari benturan benda keras dan terlindung dari goncangan yang membuat barang berantakan, rekomen mant...",5,0,"barang sesuai orderan, packingan rapi dan terlatih, barang terlindung dari benturan benda keras dan ...",Real,1.0,0.0,"{'contradiction': 0, 'template_language': 0, 'excessive_emotion': 0, 'gibberish_spam': 0, 'word_count': 23}",0.0
1419,"wanginya enak, tapi gk tau tahan berapa lama, baru nyoba",5,0,"wanginya enak, tapi gk tau tahan berapa lama, baru nyoba",Real,1.0,0.0,"{'contradiction': 0, 'template_language': 0, 'excessive_emotion': 0, 'gibberish_spam': 0, 'word_count': 10}",0.0
1420,"alhamdulillah sampai dengan selamat, mayan daripada manyun",5,0,"alhamdulillah sampai dengan selamat, mayan daripada manyun",Real,1.0,0.0,"{'contradiction': 0, 'template_language': 0, 'excessive_emotion': 0, 'gibberish_spam': 0, 'word_count': 7}",0.0
1421,"sesuai pesanan, sayang type wanginya yg saya kurang suka.. over all bagus.. tks",5,0,"sesuai pesanan, sayang type wanginya yg saya kurang suka.. over all bagus.. tks",Real,0.8,2.0,"{'contradiction': 0, 'template_language': 0, 'excessive_emotion': 0, 'gibberish_spam': 0, 'word_count': 13}",0.0
1422,"mantap harumnya strong, sangat direkomendasikan untuk dibeli",5,0,"mantap harumnya strong, sangat direkomendasikan untuk dibeli",Real,1.0,0.0,"{'contradiction': 0, 'template_language': 0, 'excessive_emotion': 0, 'gibberish_spam': 0, 'word_count': 7}",0.0
1423,"wangi bgt seneng sm wanginya, lumayan tahan lama juga,, next order lagi,, yg pasti fast delivery & fast response 🙏👍💯",5,0,"wangi bgt seneng sm wanginya, lumayan tahan lama juga,, next order lagi,, yg pasti fast delivery & f...",Real,0.85,1.5,"{'contradiction': 0, 'template_language': 0, 'excessive_emotion': 1, 'gibberish_spam': 0, 'word_count': 20}",0.0
1424,"bau di awal nya sangat menyengat sekali,saya mungkin lebih cocok di cool water.",4,0,"bau di awal nya sangat menyengat sekali,saya mungkin lebih cocok di cool water.",Real,1.0,0.0,"{'contradiction': 0, 'template_language': 0, 'excessive_emotion': 0, 'gibberish_spam': 0, 'word_count': 13}",0.0
1425,"baunya enak, cuma pas pertama kali di semprot agak strong, tapi lama kelamaan wanginya jadi fresh.untuk ketahanan lumayan lama",5,0,"baunya enak, cuma pas pertama kali di semprot agak strong, tapi lama kelamaan wanginya jadi fresh.un...",Real,1.0,0.0,"{'contradiction': 0, 'template_language': 0, 'excessive_emotion': 0, 'gibberish_spam': 0, 'word_count': 19}",0.0
1426,"lumayan tahan lama. cuma bukan wangi yang fresh. over all, bagus dengan harga tercantum.",5,0,"lumayan tahan lama. cuma bukan wangi yang fresh. over all, bagus dengan harga tercantum.",Real,1.0,0.0,"{'contradiction': 0, 'template_language': 0, 'excessive_emotion': 0, 'gibberish_spam': 0, 'word_count': 14}",0.0
1427,(pengemasan bintang 1) kedepannya bublewrapnya di tebalkan lagi soalnya saya kecewa krna botolnya pecah bagian bawah😮‍💨😔,3,0,(pengemasan bintang 1) kedepannya bublewrapnya di tebalkan lagi soalnya saya kecewa krna botolnya pe...,Real,1.0,0.0,"{'contradiction': 0, 'template_language': 0, 'excessive_emotion': 0, 'gibberish_spam': 0, 'word_count': 16}",0.0
1428,"harumnya cool dan enak, cukup tahan lama juga",5,0,"harumnya cool dan enak, cukup tahan lama juga",Real,1.0,0.0,"{'contradiction': 0, 'template_language': 0, 'excessive_emotion': 0, 'gibberish_spam': 0, 'word_count': 8}",0.0
1429,kualitas produk: sesuai dengan harganya,5,0,kualitas produk: sesuai dengan harganya,Real,0.9,1.0,"{'contradiction': 0, 'template_language': 0, 'excessive_emotion': 0, 'gibberish_spam': 0, 'word_count': 5}",0.0
1430,"meskipun waktu datang dan ku kurang suka sama parfumnya, tapi pelayanan di sini sangat oke. paket dibungkus dengan sangat baik dan pengantaran lebih cepat dari estimasi",5,0,"meskipun waktu datang dan ku kurang suka sama parfumnya, tapi pelayanan di sini sangat oke. paket di...",Real,0.8,2.0,"{'contradiction': 0, 'template_language': 0, 'excessive_emotion': 0, 'gibberish_spam': 0, 'word_count': 26}",0.0
1431,"paket aman, cepat pengiriman, enak wangi, ketahanan lumayan lah, cocok siang hari, next order lg varian yg lain",4,0,"paket aman, cepat pengiriman, enak wangi, ketahanan lumayan lah, cocok siang hari, next order lg var...",Real,1.0,0.0,"{'contradiction': 0, 'template_language': 0, 'excessive_emotion': 0, 'gibberish_spam': 0, 'word_count': 18}",0.0
1432,"kemasan mantap,tapi sayang mesan barber sama vanilla wood yg datang dua dua nya barber tapi ga apa lah penting sampai dgn selamat aroma oke semoga awet tahan lama",5,0,"kemasan mantap,tapi sayang mesan barber sama vanilla wood yg datang dua dua nya barber tapi ga apa l...",Fake,0.813,4.27,"{'contradiction': 1, 'template_language': 0, 'excessive_emotion': 0, 'gibberish_spam': 0, 'word_count': 28}",0.423
1433,barang sudah smpai packing nya bagus di jamin aman smpe tujuan !makasih,5,0,barang sudah smpai packing nya bagus di jamin aman smpe tujuan !makasih,Real,1.0,0.0,"{'contradiction': 0, 'template_language': 0, 'excessive_emotion': 0, 'gibberish_spam': 0, 'word_count': 12}",0.0
1434,"setelah 5 menit semprot wanginya beda kaya parfume mahal aja,padahal murah banget",5,0,"setelah 5 menit semprot wanginya beda kaya parfume mahal aja,padahal murah banget",Real,1.0,0.0,"{'contradiction': 0, 'template_language': 0, 'excessive_emotion': 0, 'gibberish_spam': 0, 'word_count': 12}",0.0
1435,"sesuai pesanan, respon cepat pengiriman cepat.",5,0,"sesuai pesanan, respon cepat pengiriman cepat.",Real,1.0,0.0,"{'contradiction': 0, 'template_language': 0, 'excessive_emotion': 0, 'gibberish_spam': 0, 'word_count': 6}",0.0
1436,paket sudah sampai mantap harum ketahanan blum tao semoga awet besok pesen lagi mantap👍👍murah tapi bukan muarahan good,5,0,paket sudah sampai mantap harum ketahanan blum tao semoga awet besok pesen lagi mantap👍👍murah tapi b...,Fake,0.822,4.44,"{'contradiction': 1, 'template_language': 0, 'excessive_emotion': 0, 'gibberish_spam': 0, 'word_count': 18}",0.481
1437,"pengiriman cepat, dan parfumnya mantap cocok untuk outdoor juga",5,0,"pengiriman cepat, dan parfumnya mantap cocok untuk outdoor juga",Real,1.0,0.0,"{'contradiction': 0, 'template_language': 0, 'excessive_emotion': 0, 'gibberish_spam': 0, 'word_count': 9}",0.0
1438,"sipp sesuai pesanan,, packing nya jg oke,, barang aman,, thx yaa",5,0,"sipp sesuai pesanan,, packing nya jg oke,, barang aman,, thx yaa",Real,1.0,0.0,"{'contradiction': 0, 'template_language': 0, 'excessive_emotion': 0, 'gibberish_spam': 0, 'word_count': 11}",0.0
1439,"barang sudah sampai dengan baik,baru nyoba nyemprot di tangan wangi nya enak semoga wanginya awet. seller nya juga ramah respon cepat,pengiriman cepat juga trimakasih",5,0,"barang sudah sampai dengan baik,baru nyoba nyemprot di tangan wangi nya enak semoga wanginya awet. s...",Real,1.0,0.0,"{'contradiction': 0, 'template_language': 0, 'excessive_emotion': 0, 'gibberish_spam': 0, 'word_count': 24}",0.0
1440,barang sesuai pesanan. wangi nya jg enak. proses pengiriman nya cepat..,5,0,barang sesuai pesanan. wangi nya jg enak. proses pengiriman nya cepat..,Real,1.0,0.0,"{'contradiction': 0, 'template_language': 0, 'excessive_emotion': 0, 'gibberish_spam': 0, 'word_count': 11}",0.0
1441,"wanginya suka, packingnya aman, pengiriman nya juga cepat, fast respon juga.",5,0,"wanginya suka, packingnya aman, pengiriman nya juga cepat, fast respon juga.",Real,0.85,1.5,"{'contradiction': 0, 'template_language': 0, 'excessive_emotion': 0, 'gibberish_spam': 0, 'word_count': 11}",0.0
1442,"barang sesuai pesanan. respon cepat, packing aman. wangi parfumnya soft, mdh""n tahan lama",5,0,"barang sesuai pesanan. respon cepat, packing aman. wangi parfumnya soft, mdh""n tahan lama",Real,1.0,0.0,"{'contradiction': 0, 'template_language': 0, 'excessive_emotion': 0, 'gibberish_spam': 0, 'word_count': 13}",0.0
1443,"wanginya biasa aja sesuai harga juga si, ya tapi ga masalah dan pengiriman juga cepet",4,1,"wanginya biasa aja sesuai harga juga si, ya tapi ga masalah dan pengiriman juga cepet",Real,1.0,0.0,"{'contradiction': 0, 'template_language': 0, 'excessive_emotion': 0, 'gibberish_spam': 0, 'word_count': 15}",0.0
1444,"wanginya enak, cuman gak tahan lama, enak di taruh di badan, itu aja sih... ✌",5,0,"wanginya enak, cuman gak tahan lama, enak di taruh di badan, itu aja sih... ✌",Real,1.0,0.0,"{'contradiction': 0, 'template_language': 0, 'excessive_emotion': 0, 'gibberish_spam': 0, 'word_count': 15}",0.0
1445,pengiriman cepat. aman wangi has. klow boleh tau kandungan alkohol nya berapa persen yaaah?,5,1,pengiriman cepat. aman wangi has. klow boleh tau kandungan alkohol nya berapa persen yaaah?,Real,1.0,0.0,"{'contradiction': 0, 'template_language': 0, 'excessive_emotion': 0, 'gibberish_spam': 0, 'word_count': 14}",0.0
1446,"sesuai harapan. wanginya ga terlalu nyengat dan kalem, untuk durasi belum coba pakai baru banget beli.",5,0,"sesuai harapan. wanginya ga terlalu nyengat dan kalem, untuk durasi belum coba pakai baru banget bel...",Fake,0.809,4.17,"{'contradiction': 1, 'template_language': 0, 'excessive_emotion': 0, 'gibberish_spam': 0, 'word_count': 16}",0.391
1447,mantap banget wangi nya bikin enak poko nya rekomen banget klo buat saya,5,0,mantap banget wangi nya bikin enak poko nya rekomen banget klo buat saya,Real,1.0,0.0,"{'contradiction': 0, 'template_language': 0, 'excessive_emotion': 0, 'gibberish_spam': 0, 'word_count': 13}",0.0
1448,uda sering repeat order.. wangi nya selalu enak.. ditingkatkan lg utk kualitas semprotan nya ya.. mantab.. tq,5,0,uda sering repeat order.. wangi nya selalu enak.. ditingkatkan lg utk kualitas semprotan nya ya.. ma...,Real,1.0,0.0,"{'contradiction': 0, 'template_language': 0, 'excessive_emotion': 0, 'gibberish_spam': 0, 'word_count': 17}",0.0
1449,"respon dan pengirimannya cepat, barang sesuai dan wanginya ok. terima kasih banyak",5,0,"respon dan pengirimannya cepat, barang sesuai dan wanginya ok. terima kasih banyak",Real,1.0,0.0,"{'contradiction': 0, 'template_language': 0, 'excessive_emotion': 0, 'gibberish_spam': 0, 'word_count': 12}",0.0
1450,"paket sudah sy terima, cuma duz nya agak penyok, untung isinya gak kenapa2, so far oke.. cuma pas coba parfumnya rasanya koq biasa aja y, maaf kalo pendapat sy agak beda",5,0,"paket sudah sy terima, cuma duz nya agak penyok, untung isinya gak kenapa2, so far oke.. cuma pas co...",Real,1.0,0.0,"{'contradiction': 0, 'template_language': 0, 'excessive_emotion': 0, 'gibberish_spam': 0, 'word_count': 31}",0.0
1451,makasih gan.. srmoga sukses selalu.. makasih bonusnya.. wanginya awet..,5,0,makasih gan.. srmoga sukses selalu.. makasih bonusnya.. wanginya awet..,Real,1.0,0.0,"{'contradiction': 0, 'template_language': 0, 'excessive_emotion': 0, 'gibberish_spam': 0, 'word_count': 9}",0.0
1452,"wanginya enak, fresh dan lumayan tahan lama kualitasnya baik.",5,0,"wanginya enak, fresh dan lumayan tahan lama kualitasnya baik.",Real,1.0,0.0,"{'contradiction': 0, 'template_language': 0, 'excessive_emotion': 0, 'gibberish_spam': 0, 'word_count': 9}",0.0
1453,"cool water: aroma manis maskulin, tahan lama. katanya agak mirip brand ""s"". cocok indoor outdoor suka aromanya! 👍 vanilla wood: aroma sweet manis kalem, sanga...",5,0,"cool water: aroma manis maskulin, tahan lama. katanya agak mirip brand ""s"". cocok indoor outdoor suk...",Real,1.0,0.0,"{'contradiction': 0, 'template_language': 0, 'excessive_emotion': 0, 'gibberish_spam': 0, 'word_count': 25}",0.0
1454,kualitas produk: mantap berkualitas pecing aman sekali joosss,5,0,kualitas produk: mantap berkualitas pecing aman sekali joosss,Real,1.0,0.0,"{'contradiction': 0, 'template_language': 0, 'excessive_emotion': 0, 'gibberish_spam': 0, 'word_count': 8}",0.0
1455,pangiriman cepat harga terjangkau wangi awet tahan lama fresh,5,1,pangiriman cepat harga terjangkau wangi awet tahan lama fresh,Fake,0.767,3.34,"{'contradiction': 0, 'template_language': 1, 'excessive_emotion': 0, 'gibberish_spam': 0, 'word_count': 9}",0.446
1456,"cepat sekali sampai nya. estimasi tg 17, ternyata sdh sampai tg 14. dan barangnya oke banget. sangat recommended. .",5,0,"cepat sekali sampai nya. estimasi tg 17, ternyata sdh sampai tg 14. dan barangnya oke banget. sangat...",Real,1.0,0.0,"{'contradiction': 0, 'template_language': 0, 'excessive_emotion': 0, 'gibberish_spam': 0, 'word_count': 19}",0.0
1457,"barang bagus, sesuai dan wangi enak maskulin banget",5,0,"barang bagus, sesuai dan wangi enak maskulin banget",Real,1.0,0.0,"{'contradiction': 0, 'template_language': 0, 'excessive_emotion': 0, 'gibberish_spam': 0, 'word_count': 8}",0.0
1458,"pengiriman cepat, packing aman, produk sesuai pesanan",5,0,"pengiriman cepat, packing aman, produk sesuai pesanan",Real,1.0,0.0,"{'contradiction': 0, 'template_language': 0, 'excessive_emotion': 0, 'gibberish_spam': 0, 'word_count': 7}",0.0
1459,"wanginya enak, terus packingnya aman walaupun pengiriman lama bener padahal sameday",5,0,"wanginya enak, terus packingnya aman walaupun pengiriman lama bener padahal sameday",Real,1.0,0.0,"{'contradiction': 0, 'template_language': 0, 'excessive_emotion': 0, 'gibberish_spam': 0, 'word_count': 11}",0.0
1460,packingnya zuperr duperr tebal dan aman dengan pelapis buble wrap.. makasih buat bonusnya yaa.. ajiibb benerr dah..👍👍,5,0,packingnya zuperr duperr tebal dan aman dengan pelapis buble wrap.. makasih buat bonusnya yaa.. ajii...,Real,1.0,0.0,"{'contradiction': 0, 'template_language': 0, 'excessive_emotion': 0, 'gibberish_spam': 0, 'word_count': 17}",0.0
1461,"order kesekian kalinya di sini, kali ini nyobain yang vanilla wood, wanginya vanilla men banget agak beda dengan yang black vanilla yang cendrung sweet, tapi 2 2 nya oke...",5,0,"order kesekian kalinya di sini, kali ini nyobain yang vanilla wood, wanginya vanilla men banget agak...",Real,1.0,0.0,"{'contradiction': 0, 'template_language': 0, 'excessive_emotion': 0, 'gibberish_spam': 0, 'word_count': 29}",0.0
1462,"barang sesuai pesanan, asli ini parfum baunya enak dan tidak nyengat",5,0,"barang sesuai pesanan, asli ini parfum baunya enak dan tidak nyengat",Real,1.0,0.0,"{'contradiction': 0, 'template_language': 0, 'excessive_emotion': 0, 'gibberish_spam': 0, 'word_count': 11}",0.0
1463,barang nya bagus pekingannya aman banget parfumnya wangi banget rekomend deh untuk di beli buruan guys di cem out kurirnya pun baik banget,5,0,barang nya bagus pekingannya aman banget parfumnya wangi banget rekomend deh untuk di beli buruan gu...,Real,1.0,0.0,"{'contradiction': 0, 'template_language': 0, 'excessive_emotion': 0, 'gibberish_spam': 0, 'word_count': 23}",0.0
1464,parfum ny sangat bagus dan pengiriman ny juga cepat👍👍,5,0,parfum ny sangat bagus dan pengiriman ny juga cepat👍👍,Real,1.0,0.0,"{'contradiction': 0, 'template_language': 0, 'excessive_emotion': 0, 'gibberish_spam': 0, 'word_count': 9}",0.0
1465,asli wanginya lumayan tahan lama. tapi sedikit kurang soft aja,5,0,asli wanginya lumayan tahan lama. tapi sedikit kurang soft aja,Real,0.8,2.0,"{'contradiction': 0, 'template_language': 0, 'excessive_emotion': 0, 'gibberish_spam': 0, 'word_count': 10}",0.0
1466,"respons penjual dan pengiriman bagus. parfumnya kurang di vanila, tp kuat di woody dan citrusnya. trims.",4,0,"respons penjual dan pengiriman bagus. parfumnya kurang di vanila, tp kuat di woody dan citrusnya. tr...",Real,0.8,2.0,"{'contradiction': 0, 'template_language': 0, 'excessive_emotion': 0, 'gibberish_spam': 0, 'word_count': 16}",0.0
1467,wanginya strong di awal tapi lama2 jadi agak soft. semoga awet wanginya,5,0,wanginya strong di awal tapi lama2 jadi agak soft. semoga awet wanginya,Fake,0.788,3.76,"{'contradiction': 1, 'template_language': 0, 'excessive_emotion': 0, 'gibberish_spam': 0, 'word_count': 12}",0.252
1468,"proses cepat dan sesuai,mantap ada promo dari toped",5,0,"proses cepat dan sesuai,mantap ada promo dari toped",Real,1.0,0.0,"{'contradiction': 0, 'template_language': 0, 'excessive_emotion': 0, 'gibberish_spam': 0, 'word_count': 8}",0.0
1469,"barang cepat sampai, dikemas cukup baik, wangi seger + maskulin, cocok untuk siang maupun malam",5,0,"barang cepat sampai, dikemas cukup baik, wangi seger + maskulin, cocok untuk siang maupun malam",Real,1.0,0.0,"{'contradiction': 0, 'template_language': 0, 'excessive_emotion': 0, 'gibberish_spam': 0, 'word_count': 15}",0.0
1470,"pengiriman cepat dan packing sangat aman, semoga aromanya awet, makasih seller",5,0,"pengiriman cepat dan packing sangat aman, semoga aromanya awet, makasih seller",Real,1.0,0.0,"{'contradiction': 0, 'template_language': 0, 'excessive_emotion': 0, 'gibberish_spam': 0, 'word_count': 11}",0.0
1471,"wangi oke, tahan lama , rekomendasi tapi.... oke",4,0,"wangi oke, tahan lama , rekomendasi tapi.... oke",Real,1.0,0.0,"{'contradiction': 0, 'template_language': 0, 'excessive_emotion': 0, 'gibberish_spam': 0, 'word_count': 8}",0.0
1472,mantap wanginya gak strong banget cocok buat kalo berpegian naik mobil jd seger,5,0,mantap wanginya gak strong banget cocok buat kalo berpegian naik mobil jd seger,Real,1.0,0.0,"{'contradiction': 0, 'template_language': 0, 'excessive_emotion': 0, 'gibberish_spam': 0, 'word_count': 13}",0.0
1473,"paket diterima dengan baik.aroma suka.seger.packaging aman,pake dus + bublewrap.",5,1,"paket diterima dengan baik.aroma suka.seger.packaging aman,pake dus + bublewrap.",Real,1.0,0.0,"{'contradiction': 0, 'template_language': 0, 'excessive_emotion': 0, 'gibberish_spam': 0, 'word_count': 9}",0.0
1474,"waah parfumnya wangi sekali, thanks seller.",5,0,"waah parfumnya wangi sekali, thanks seller.",Real,1.0,0.0,"{'contradiction': 0, 'template_language': 0, 'excessive_emotion': 0, 'gibberish_spam': 0, 'word_count': 6}",0.0
1475,"alhamdulillah...pesanan sdh memdarat dgn selamat... wanginya enak, barang sesuai pesanan... terima kasih seler amanah.",5,0,"alhamdulillah...pesanan sdh memdarat dgn selamat... wanginya enak, barang sesuai pesanan... terima k...",Real,1.0,0.0,"{'contradiction': 0, 'template_language': 0, 'excessive_emotion': 0, 'gibberish_spam': 0, 'word_count': 14}",0.0
1476,"sesuai pesanan, barang berfungsi,include kabel type c sama brush, bisa cukur sampai halus/gundul, tapi bikin luka dikit di atas bibir, entah cara saya yg salah atau shave...",5,17,"sesuai pesanan, barang berfungsi,include kabel type c sama brush, bisa cukur sampai halus/gundul, ta...",Real,1.0,0.0,"{'contradiction': 0, 'template_language': 0, 'excessive_emotion': 0, 'gibberish_spam': 0, 'word_count': 27}",0.0
1477,"pengiriman cepat, bladenya aman di pegang/ sentuh pake jari tangan enggak baret2/luka, ada penutupnya, di coba di cuci juga aman, sayangnya yang ngelupas2 di cover razorn...",5,0,"pengiriman cepat, bladenya aman di pegang/ sentuh pake jari tangan enggak baret2/luka, ada penutupny...",Real,1.0,0.0,"{'contradiction': 0, 'template_language': 0, 'excessive_emotion': 0, 'gibberish_spam': 0, 'word_count': 26}",0.0
1478,"suka banget sama shaver ini, mungil gampang dipakai, gampang dibersihin pula udah ada alat pembersihnya, mata pisau nya magnetic jadi gampang buat lepasin nya",5,0,"suka banget sama shaver ini, mungil gampang dipakai, gampang dibersihin pula udah ada alat pembersih...",Real,1.0,0.0,"{'contradiction': 0, 'template_language': 0, 'excessive_emotion': 0, 'gibberish_spam': 0, 'word_count': 24}",0.0
1479,paling sangat cepat pengiriman cepat. admin sangat responsif. barang sampai dengan selamat dan real bisa cukur basah kering. ngga usah di ragukan lagi tooop,5,1,paling sangat cepat pengiriman cepat. admin sangat responsif. barang sampai dengan selamat dan real ...,Real,1.0,0.0,"{'contradiction': 0, 'template_language': 0, 'excessive_emotion': 0, 'gibberish_spam': 0, 'word_count': 24}",0.0
1480,"respon yg cpt proses cpt pengiriman cpt, barang bagus, sperti deskripsi dan review pembeli lainnya, sesuai ekspektasi, kini ta perlu repot-repot unt pake pengurud kumis/j...",5,4,"respon yg cpt proses cpt pengiriman cpt, barang bagus, sperti deskripsi dan review pembeli lainnya, ...",Real,1.0,0.0,"{'contradiction': 0, 'template_language': 0, 'excessive_emotion': 0, 'gibberish_spam': 0, 'word_count': 25}",0.0
1481,barang sampai sesuai deskripsi pengiriman cepat kualitas barang bagus mata pisau tajam hasil cukup memuaskan,5,0,barang sampai sesuai deskripsi pengiriman cepat kualitas barang bagus mata pisau tajam hasil cukup m...,Real,1.0,0.0,"{'contradiction': 0, 'template_language': 0, 'excessive_emotion': 0, 'gibberish_spam': 0, 'word_count': 15}",0.0
1482,"pengiriman aman dan cepat, kondisi barang bagus, kualitas barang bagus",5,1,"pengiriman aman dan cepat, kondisi barang bagus, kualitas barang bagus",Real,1.0,0.0,"{'contradiction': 0, 'template_language': 0, 'excessive_emotion': 0, 'gibberish_spam': 0, 'word_count': 10}",0.0
1483,performa: bagus banget masa pakai baterai: tahan lama,5,0,performa: bagus banget masa pakai baterai: tahan lama,Real,1.0,0.0,"{'contradiction': 0, 'template_language': 0, 'excessive_emotion': 0, 'gibberish_spam': 0, 'word_count': 8}",0.0
1484,"barang original,sudah dicoba berfungsi dengan kuwalitas baik, pengiriman cepat, semoga awet. thanks",5,0,"barang original,sudah dicoba berfungsi dengan kuwalitas baik, pengiriman cepat, semoga awet. thanks",Fake,0.818,4.35,"{'contradiction': 1, 'template_language': 0, 'excessive_emotion': 0, 'gibberish_spam': 0, 'word_count': 12}",0.45
1485,produk sdh tiba sangat puas dgn kwalitas jg desain produk hasil cukur maximal cara pakai simpel,5,0,produk sdh tiba sangat puas dgn kwalitas jg desain produk hasil cukur maximal cara pakai simpel,Real,1.0,0.0,"{'contradiction': 0, 'template_language': 0, 'excessive_emotion': 0, 'gibberish_spam': 0, 'word_count': 16}",0.0
1486,packaging sih oke. tapi produknya masih terasa sakit juga ketika nyukur jenggot yg pendek2,4,1,packaging sih oke. tapi produknya masih terasa sakit juga ketika nyukur jenggot yg pendek2,Real,1.0,0.0,"{'contradiction': 0, 'template_language': 0, 'excessive_emotion': 0, 'gibberish_spam': 0, 'word_count': 14}",0.0
1487,"bukan shavr abal2, baterai awet, buat cukuran jg nyaman",5,6,"bukan shavr abal2, baterai awet, buat cukuran jg nyaman",Real,1.0,0.0,"{'contradiction': 0, 'template_language': 0, 'excessive_emotion': 0, 'gibberish_spam': 0, 'word_count': 9}",0.0
1488,"pemakaian oke, batere tahan lama, minimalis + ada penutup pisaunya. saran sebaiknya pakai saat rambut sudah pendek sekali (digunting dahulu) karena cukup sakit kalo dipak...",5,1,"pemakaian oke, batere tahan lama, minimalis + ada penutup pisaunya. saran sebaiknya pakai saat rambu...",Real,1.0,0.0,"{'contradiction': 0, 'template_language': 0, 'excessive_emotion': 0, 'gibberish_spam': 0, 'word_count': 25}",0.0
1489,"suka dengan produk, packing aman, segel, simpel cara menggunakan dan membersihkan sesudah pakai",5,0,"suka dengan produk, packing aman, segel, simpel cara menggunakan dan membersihkan sesudah pakai",Real,1.0,0.0,"{'contradiction': 0, 'template_language': 0, 'excessive_emotion': 0, 'gibberish_spam': 0, 'word_count': 13}",0.0
1490,"tau shaver ini bukan lain ya dari salah satu youtuber. akhirnya coba beli dulu soalnya selalu pake shaver yg non elektrik. sejauh ini oke shaver nya, gk bikin iritasi kul...",5,1,tau shaver ini bukan lain ya dari salah satu youtuber. akhirnya coba beli dulu soalnya selalu pake s...,Real,1.0,0.0,"{'contradiction': 0, 'template_language': 0, 'excessive_emotion': 0, 'gibberish_spam': 0, 'word_count': 30}",0.0
1491,"pengiriman cepat, respon penjual ramah, harga terjangkau. terimakasih 🙏🏻",5,0,"pengiriman cepat, respon penjual ramah, harga terjangkau. terimakasih 🙏🏻",Fake,0.761,3.22,"{'contradiction': 0, 'template_language': 1, 'excessive_emotion': 0, 'gibberish_spam': 0, 'word_count': 9}",0.406
1492,"sdh orderan ke 2 yak puas dgn kwalitas produk tp tdk dgn etalase promo buy one get one. krna ada kesalahan dr adm, jd nya yg datang hanya produk tnpa giftnya",5,0,sdh orderan ke 2 yak puas dgn kwalitas produk tp tdk dgn etalase promo buy one get one. krna ada kes...,Real,1.0,0.0,"{'contradiction': 0, 'template_language': 0, 'excessive_emotion': 0, 'gibberish_spam': 0, 'word_count': 31}",0.0
1493,semoga awet masa pakai baterai: semoga awet sangat bagus performa: pas di gengam,5,0,semoga awet masa pakai baterai: semoga awet sangat bagus performa: pas di gengam,Fake,0.811,4.22,"{'contradiction': 1, 'template_language': 0, 'excessive_emotion': 0, 'gibberish_spam': 0, 'word_count': 13}",0.407
1494,"suka banget, barang bagus banget modern canggih dan dapat diskon juga pengirimannya cepat. makasih banyak ya tokopedia. sukses selalu",5,0,"suka banget, barang bagus banget modern canggih dan dapat diskon juga pengirimannya cepat. makasih b...",Real,1.0,0.0,"{'contradiction': 0, 'template_language': 0, 'excessive_emotion': 0, 'gibberish_spam': 0, 'word_count': 19}",0.0
1495,barang bgs pengiriman cepat. ori sukses selalu yg jual barang bgs.,5,1,barang bgs pengiriman cepat. ori sukses selalu yg jual barang bgs.,Real,1.0,0.0,"{'contradiction': 0, 'template_language': 0, 'excessive_emotion': 0, 'gibberish_spam': 0, 'word_count': 11}",0.0
1496,"alhamdulillah barangnya sudah sampai sesuai dengan diskripsi dan pesanan, dan saya coba alhamdulillah berfungsi dengan baik. packing nya rapi dan aman terimakasih seller...",5,0,"alhamdulillah barangnya sudah sampai sesuai dengan diskripsi dan pesanan, dan saya coba alhamdulilla...",Real,1.0,0.0,"{'contradiction': 0, 'template_language': 0, 'excessive_emotion': 0, 'gibberish_spam': 0, 'word_count': 23}",0.0
1497,"barang bagus sesuai dengan deskripsi, lumayan bersih untuk mencukur👍",5,3,"barang bagus sesuai dengan deskripsi, lumayan bersih untuk mencukur👍",Real,1.0,0.0,"{'contradiction': 0, 'template_language': 0, 'excessive_emotion': 0, 'gibberish_spam': 0, 'word_count': 9}",0.0
1498,sesuai deskripsi pengiriman cepat order kemarin hari ini sudah tiba pengemasan rapi dan aman,5,0,sesuai deskripsi pengiriman cepat order kemarin hari ini sudah tiba pengemasan rapi dan aman,Real,1.0,0.0,"{'contradiction': 0, 'template_language': 0, 'excessive_emotion': 0, 'gibberish_spam': 0, 'word_count': 14}",0.0
1499,"keren neh. udh test jg, cukup aman n bersih hasilnya. semoga awet.",5,1,"keren neh. udh test jg, cukup aman n bersih hasilnya. semoga awet.",Fake,0.805,4.09,"{'contradiction': 1, 'template_language': 0, 'excessive_emotion': 0, 'gibberish_spam': 0, 'word_count': 12}",0.364
1500,paket sdh sampai sesuai ekspektasi lumayan utk cukur pendek jenggot sama kumis dan harus ttp pakai cukur jenggot supaya licin,5,0,paket sdh sampai sesuai ekspektasi lumayan utk cukur pendek jenggot sama kumis dan harus ttp pakai c...,Real,1.0,0.0,"{'contradiction': 0, 'template_language': 0, 'excessive_emotion': 0, 'gibberish_spam': 0, 'word_count': 20}",0.0
1501,bagus dan mantap dan fast respon dan mantul,5,0,bagus dan mantap dan fast respon dan mantul,Real,0.85,1.5,"{'contradiction': 0, 'template_language': 0, 'excessive_emotion': 0, 'gibberish_spam': 0, 'word_count': 8}",0.0
1502,"performa: baik, sesuai dengan yang di foto sesuai ekspektasi",5,0,"performa: baik, sesuai dengan yang di foto sesuai ekspektasi",Real,1.0,0.0,"{'contradiction': 0, 'template_language': 0, 'excessive_emotion': 0, 'gibberish_spam': 0, 'word_count': 9}",0.0
1503,"belom aku coba si, yang penting barang sudah aman sampai tujuan dan pacakagingnya sangat aman. trusted toko, rekomen buat yang mau nyukur jenggot tapi gamau ribet",5,0,"belom aku coba si, yang penting barang sudah aman sampai tujuan dan pacakagingnya sangat aman. trust...",Real,1.0,0.0,"{'contradiction': 0, 'template_language': 0, 'excessive_emotion': 0, 'gibberish_spam': 0, 'word_count': 26}",0.0
1504,"barang datang dengan cepat dan aman, recommended buat rambut yg cepat tumbuh👍",5,0,"barang datang dengan cepat dan aman, recommended buat rambut yg cepat tumbuh👍",Real,1.0,0.0,"{'contradiction': 0, 'template_language': 0, 'excessive_emotion': 0, 'gibberish_spam': 0, 'word_count': 12}",0.0
1505,performa: bagus harga: sesuai kualitas pengiriman : tepat wadaktu,5,0,performa: bagus harga: sesuai kualitas pengiriman : tepat wadaktu,Real,1.0,0.0,"{'contradiction': 0, 'template_language': 0, 'excessive_emotion': 0, 'gibberish_spam': 0, 'word_count': 9}",0.0
1506,paket sdh tiba. paket sesuai pesanan. mesin cukurnya sesuai harapan. tks,5,0,paket sdh tiba. paket sesuai pesanan. mesin cukurnya sesuai harapan. tks,Real,1.0,0.0,"{'contradiction': 0, 'template_language': 0, 'excessive_emotion': 0, 'gibberish_spam': 0, 'word_count': 11}",0.0
1507,baguss barangnya sesuaii dan berfungsi dengan baiik ☺️,5,4,baguss barangnya sesuaii dan berfungsi dengan baiik ☺️,Real,1.0,0.0,"{'contradiction': 0, 'template_language': 0, 'excessive_emotion': 0, 'gibberish_spam': 0, 'word_count': 8}",0.0
1508,"pengiriman cepat, barang bagus, semoga awet",5,0,"pengiriman cepat, barang bagus, semoga awet",Fake,0.818,4.36,"{'contradiction': 1, 'template_language': 0, 'excessive_emotion': 0, 'gibberish_spam': 0, 'word_count': 6}",0.454
1509,bagus 👍 cakep buat kado suami. packing juga rapi.,5,0,bagus 👍 cakep buat kado suami. packing juga rapi.,Real,1.0,0.0,"{'contradiction': 0, 'template_language': 0, 'excessive_emotion': 0, 'gibberish_spam': 0, 'word_count': 9}",0.0
1510,"barang sesuai gambar, ternyata cara mengaktifkan dan memamtikannya unik sekali, awalnya cukup binggung namun ternyata cukup di tekan saja bisa nyala dan ditekan lagi untu...",5,3,"barang sesuai gambar, ternyata cara mengaktifkan dan memamtikannya unik sekali, awalnya cukup binggu...",Real,1.0,0.0,"{'contradiction': 0, 'template_language': 0, 'excessive_emotion': 0, 'gibberish_spam': 0, 'word_count': 25}",0.0
1511,barang online dan konvensional yang tidak pernah gagal dalam mengupayakan agar kesempatan menjadi pemenang,5,1,barang online dan konvensional yang tidak pernah gagal dalam mengupayakan agar kesempatan menjadi pe...,Real,1.0,0.0,"{'contradiction': 0, 'template_language': 0, 'excessive_emotion': 0, 'gibberish_spam': 0, 'word_count': 14}",0.0
1512,"paket sudah saya terima dan coba.. overall sangat bagus, mulai dari pengiriman cepat, packing rapi, alat cukurnya cakep, simpel dan efisien banget buat cukuran. sesuai in...",5,0,"paket sudah saya terima dan coba.. overall sangat bagus, mulai dari pengiriman cepat, packing rapi, ...",Real,1.0,0.0,"{'contradiction': 0, 'template_language': 0, 'excessive_emotion': 0, 'gibberish_spam': 0, 'word_count': 26}",0.0
1513,kualitas nya lumayan pengirman cepat mantap smoga awet,5,2,kualitas nya lumayan pengirman cepat mantap smoga awet,Real,1.0,0.0,"{'contradiction': 0, 'template_language': 0, 'excessive_emotion': 0, 'gibberish_spam': 0, 'word_count': 8}",0.0
1514,sesuai deskripsi produk original enshen k8 mantap full,5,0,sesuai deskripsi produk original enshen k8 mantap full,Fake,0.76,3.2,"{'contradiction': 0, 'template_language': 1, 'excessive_emotion': 0, 'gibberish_spam': 0, 'word_count': 8}",0.4
1515,masa pakai baterai: awet bagus bahan elegan,5,1,masa pakai baterai: awet bagus bahan elegan,Real,1.0,0.0,"{'contradiction': 0, 'template_language': 0, 'excessive_emotion': 0, 'gibberish_spam': 0, 'word_count': 7}",0.0
1516,mari kita coba beralih dr phili** yang harganya semakin bikin bangkrut.. semoga awet,5,0,mari kita coba beralih dr phili** yang harganya semakin bikin bangkrut.. semoga awet,Fake,0.833,4.66,"{'contradiction': 1, 'template_language': 0, 'excessive_emotion': 0, 'gibberish_spam': 0, 'word_count': 13}",0.554
1517,"ni barang dari desain sampai kinerja alatnya 100% bagus banget, ga ngecewain serius gw mah, rekomen deh buat yang gamau punya janggut sama kumis",5,0,"ni barang dari desain sampai kinerja alatnya 100% bagus banget, ga ngecewain serius gw mah, rekomen ...",Real,1.0,0.0,"{'contradiction': 0, 'template_language': 0, 'excessive_emotion': 0, 'gibberish_spam': 0, 'word_count': 24}",0.0
1518,"bagus, berfungsi dg baik. pacing oke, box ny juga oke. cocok buat dijadiin kado. semoga awet",5,0,"bagus, berfungsi dg baik. pacing oke, box ny juga oke. cocok buat dijadiin kado. semoga awet",Fake,0.81,4.21,"{'contradiction': 1, 'template_language': 0, 'excessive_emotion': 0, 'gibberish_spam': 0, 'word_count': 16}",0.403
1519,"produknya keren banget, asli kemasan, kualitas baik",5,0,"produknya keren banget, asli kemasan, kualitas baik",Real,1.0,0.0,"{'contradiction': 0, 'template_language': 0, 'excessive_emotion': 0, 'gibberish_spam': 0, 'word_count': 7}",0.0
1520,barangnya oke dan berfungsi dg baik. agak takut2 pas on/offnya,5,5,barangnya oke dan berfungsi dg baik. agak takut2 pas on/offnya,Real,1.0,0.0,"{'contradiction': 0, 'template_language': 0, 'excessive_emotion': 0, 'gibberish_spam': 0, 'word_count': 10}",0.0
1521,"barangnya udah datang beberapa hari yg lewat, cuma karna untuk hadiah jadi unboxingnya cuma bisa kayak gini. barangnya berfungsi dengan baik, makasih",5,0,"barangnya udah datang beberapa hari yg lewat, cuma karna untuk hadiah jadi unboxingnya cuma bisa kay...",Real,1.0,0.0,"{'contradiction': 0, 'template_language': 0, 'excessive_emotion': 0, 'gibberish_spam': 0, 'word_count': 22}",0.0
1522,terlihat mewaah belum sempat dicoba belum ada yg panjang panjang masj rapi,5,2,terlihat mewaah belum sempat dicoba belum ada yg panjang panjang masj rapi,Real,1.0,0.0,"{'contradiction': 0, 'template_language': 0, 'excessive_emotion': 0, 'gibberish_spam': 0, 'word_count': 12}",0.0
1523,mantabs bossque........ premium shaver harga murah tp gak murahan terima kasih.,5,0,mantabs bossque........ premium shaver harga murah tp gak murahan terima kasih.,Fake,0.914,6.29,"{'contradiction': 0, 'template_language': 0, 'excessive_emotion': 0, 'gibberish_spam': 1, 'word_count': 11}",0.43
1524,makasih min. pengiriman cepat.. mantap sekali produknya. sukses terus.,5,4,makasih min. pengiriman cepat.. mantap sekali produknya. sukses terus.,Real,1.0,0.0,"{'contradiction': 0, 'template_language': 0, 'excessive_emotion': 0, 'gibberish_spam': 0, 'word_count': 9}",0.0
1525,"barang ok, sesuai pict... seller fast respon... semoga awet",5,1,"barang ok, sesuai pict... seller fast respon... semoga awet",Fake,0.894,5.88,"{'contradiction': 1, 'template_language': 0, 'excessive_emotion': 0, 'gibberish_spam': 0, 'word_count': 9}",0.461
1526,"barang cepat sampai, sesuai gambar. semoga sesuai dg testimoni. terimakasih",5,4,"barang cepat sampai, sesuai gambar. semoga sesuai dg testimoni. terimakasih",Real,1.0,0.0,"{'contradiction': 0, 'template_language': 0, 'excessive_emotion': 0, 'gibberish_spam': 0, 'word_count': 10}",0.0
1527,barang sesuai ekspetasi dan sampai nya juga cepat pokoknya rekomended buat ini toko,5,5,barang sesuai ekspetasi dan sampai nya juga cepat pokoknya rekomended buat ini toko,Real,1.0,0.0,"{'contradiction': 0, 'template_language': 0, 'excessive_emotion': 0, 'gibberish_spam': 0, 'word_count': 13}",0.0
1528,mantap . barang nya langsung saya cobain dan nyaman 👍,5,0,mantap . barang nya langsung saya cobain dan nyaman 👍,Real,1.0,0.0,"{'contradiction': 0, 'template_language': 0, 'excessive_emotion': 0, 'gibberish_spam': 0, 'word_count': 10}",0.0
1529,alhamdulillah paket sdh sampai bos ku pakkingmy rapi dan kurirnya jua baik ramah lagi,5,0,alhamdulillah paket sdh sampai bos ku pakkingmy rapi dan kurirnya jua baik ramah lagi,Real,1.0,0.0,"{'contradiction': 0, 'template_language': 0, 'excessive_emotion': 0, 'gibberish_spam': 0, 'word_count': 14}",0.0
1530,"sudah coba pakai sekali, langsung bersih buat jenggot🤭 hanya saja belum ketemu teknik supaya lebih maksimal hasilnya biar gak kasar.",5,1,"sudah coba pakai sekali, langsung bersih buat jenggot🤭 hanya saja belum ketemu teknik supaya lebih m...",Real,1.0,0.0,"{'contradiction': 0, 'template_language': 0, 'excessive_emotion': 0, 'gibberish_spam': 0, 'word_count': 20}",0.0
1531,"barang sesuai dan material bagus, semoga nnt di coba mantab cukurannya",5,0,"barang sesuai dan material bagus, semoga nnt di coba mantab cukurannya",Real,1.0,0.0,"{'contradiction': 0, 'template_language': 0, 'excessive_emotion': 0, 'gibberish_spam': 0, 'word_count': 11}",0.0
1532,"barang sdah sampai dengan baik, packing aman terima kasih min 🙏",5,0,"barang sdah sampai dengan baik, packing aman terima kasih min 🙏",Real,1.0,0.0,"{'contradiction': 0, 'template_language': 0, 'excessive_emotion': 0, 'gibberish_spam': 0, 'word_count': 11}",0.0
1533,"bagus, desainnya mewah elegant. fungsinya baik dan sesuai deskripsi",5,0,"bagus, desainnya mewah elegant. fungsinya baik dan sesuai deskripsi",Real,1.0,0.0,"{'contradiction': 0, 'template_language': 0, 'excessive_emotion': 0, 'gibberish_spam': 0, 'word_count': 9}",0.0
1534,mudah d pakai semoga awet bahan kuat dan mantap,5,1,mudah d pakai semoga awet bahan kuat dan mantap,Fake,0.813,4.27,"{'contradiction': 1, 'template_language': 0, 'excessive_emotion': 0, 'gibberish_spam': 0, 'word_count': 9}",0.422
1535,barang sesuai seller .bagus kirimannya tepat dan palet aman,5,0,barang sesuai seller .bagus kirimannya tepat dan palet aman,Real,1.0,0.0,"{'contradiction': 0, 'template_language': 0, 'excessive_emotion': 0, 'gibberish_spam': 0, 'word_count': 9}",0.0
1536,"halus lembut, belum di coba... baru tes hidup...",5,0,"halus lembut, belum di coba... baru tes hidup...",Real,1.0,0.0,"{'contradiction': 0, 'template_language': 0, 'excessive_emotion': 0, 'gibberish_spam': 0, 'word_count': 8}",0.0
1537,barang nya memang mantap dan bagus,5,0,barang nya memang mantap dan bagus,Real,1.0,0.0,"{'contradiction': 0, 'template_language': 0, 'excessive_emotion': 0, 'gibberish_spam': 0, 'word_count': 6}",0.0
1538,barang sesuai. dan kemasan aman,5,1,barang sesuai. dan kemasan aman,Real,0.9,1.0,"{'contradiction': 0, 'template_language': 0, 'excessive_emotion': 0, 'gibberish_spam': 0, 'word_count': 5}",0.0
1539,"sumpah ini rekomendasi buat yang mau cukur sampai rata abis, ini keren",5,0,"sumpah ini rekomendasi buat yang mau cukur sampai rata abis, ini keren",Real,1.0,0.0,"{'contradiction': 0, 'template_language': 0, 'excessive_emotion': 0, 'gibberish_spam': 0, 'word_count': 12}",0.0
1540,"bagusss bangettt the best pokoknya ,sama suamiku lngsung dicobaa dn enaak suaranya haluss",5,1,"bagusss bangettt the best pokoknya ,sama suamiku lngsung dicobaa dn enaak suaranya haluss",Real,1.0,0.0,"{'contradiction': 0, 'template_language': 0, 'excessive_emotion': 0, 'gibberish_spam': 0, 'word_count': 13}",0.0
1541,barangnya bagus sesuai pesanan :))),5,0,barangnya bagus sesuai pesanan :))),Real,0.9,1.0,"{'contradiction': 0, 'template_language': 0, 'excessive_emotion': 0, 'gibberish_spam': 0, 'word_count': 5}",0.0
1542,"barang sudah sampai semoga bermanfaat sudah dicoba tajam,bersih hasilnya",5,1,"barang sudah sampai semoga bermanfaat sudah dicoba tajam,bersih hasilnya",Real,1.0,0.0,"{'contradiction': 0, 'template_language': 0, 'excessive_emotion': 0, 'gibberish_spam': 0, 'word_count': 9}",0.0
1543,mantapp tajam dan tahan lamaaaaaaaaaaaaaaaaa,5,1,mantapp tajam dan tahan lamaaaaaaaaaaaaaaaaa,Fake,0.95,7.26,"{'contradiction': 0, 'template_language': 0, 'excessive_emotion': 0, 'gibberish_spam': 1, 'word_count': 5}",0.419
1544,"keren, hasil cukuran rapih, semoga awet",5,0,"keren, hasil cukuran rapih, semoga awet",Fake,0.815,4.3,"{'contradiction': 1, 'template_language': 0, 'excessive_emotion': 0, 'gibberish_spam': 0, 'word_count': 6}",0.433
1545,mantaapp kerens banger ssuai foto,5,0,mantaapp kerens banger ssuai foto,Real,0.9,1.0,"{'contradiction': 0, 'template_language': 0, 'excessive_emotion': 0, 'gibberish_spam': 0, 'word_count': 5}",0.0
1546,"alhamdulillah paketnya uadah datang belum , kurir ramah, sesuai dg gambar",5,0,"alhamdulillah paketnya uadah datang belum , kurir ramah, sesuai dg gambar",Real,1.0,0.0,"{'contradiction': 0, 'template_language': 0, 'excessive_emotion': 0, 'gibberish_spam': 0, 'word_count': 11}",0.0
1547,di vidio dapat dua alat yg saya dapat cuma satu.,2,0,di vidio dapat dua alat yg saya dapat cuma satu.,Real,1.0,0.0,"{'contradiction': 0, 'template_language': 0, 'excessive_emotion': 0, 'gibberish_spam': 0, 'word_count': 10}",0.0
1548,"mata pisau oke, oke untuk saat ini",4,1,"mata pisau oke, oke untuk saat ini",Real,1.0,0.0,"{'contradiction': 0, 'template_language': 0, 'excessive_emotion': 0, 'gibberish_spam': 0, 'word_count': 7}",0.0
1549,nice shaver nice shaver nice shaver nice shaver nice shaver nice shaver nice shaver nice shaver nice shaver nice shaver nice shaver nice shaver nice shaver ni...,4,0,nice shaver nice shaver nice shaver nice shaver nice shaver nice shaver nice shaver nice shaver nice...,Real,1.0,0.0,"{'contradiction': 0, 'template_language': 0, 'excessive_emotion': 0, 'gibberish_spam': 0, 'word_count': 27}",0.0
1550,barangnya bagus sesuai real nya mantab,5,0,barangnya bagus sesuai real nya mantab,Real,1.0,0.0,"{'contradiction': 0, 'template_language': 0, 'excessive_emotion': 0, 'gibberish_spam': 0, 'word_count': 6}",0.0
1551,barang baru d buka sdh rusak lepas,1,1,barang baru d buka sdh rusak lepas,Real,1.0,0.0,"{'contradiction': 0, 'template_language': 0, 'excessive_emotion': 0, 'gibberish_spam': 0, 'word_count': 7}",0.0
1552,"barang sesuai dengan gambar dan deskripsi produk, berfungsi dengan baik, pengiriman cukup cepat, penjual cukup responsif. mantap 👍",5,1,"barang sesuai dengan gambar dan deskripsi produk, berfungsi dengan baik, pengiriman cukup cepat, pen...",Real,1.0,0.0,"{'contradiction': 0, 'template_language': 0, 'excessive_emotion': 0, 'gibberish_spam': 0, 'word_count': 18}",0.0
1553,"gak nyangka sepremium itu kemasannya, alat bekerja dengan normal, recommendlah buat yang mau cukuran tapi gak mau ribet 👍",5,0,"gak nyangka sepremium itu kemasannya, alat bekerja dengan normal, recommendlah buat yang mau cukuran...",Real,1.0,0.0,"{'contradiction': 0, 'template_language': 0, 'excessive_emotion': 0, 'gibberish_spam': 0, 'word_count': 19}",0.0
1554,"thanks, barang bagus, pertama kali pakai shaver electrik gini agak takut jg kirain sakit/luka, ternyata aman bahkan g ada nyeri biarpun abis kena air",5,0,"thanks, barang bagus, pertama kali pakai shaver electrik gini agak takut jg kirain sakit/luka, terny...",Real,1.0,0.0,"{'contradiction': 0, 'template_language': 0, 'excessive_emotion': 0, 'gibberish_spam': 0, 'word_count': 24}",0.0
1555,"barang terlihat elegan dan bagus, alhamdulillah ketika gk sengaja menyalakannya ternyata menyala. semoga bisa awet dan tahan lama untuk pemakaian jangka panjang dan semog...",5,0,"barang terlihat elegan dan bagus, alhamdulillah ketika gk sengaja menyalakannya ternyata menyala. se...",Real,1.0,0.0,"{'contradiction': 0, 'template_language': 0, 'excessive_emotion': 0, 'gibberish_spam': 0, 'word_count': 24}",0.0
1556,"built quality bagus, fungsi ok, ukuran cukup kecil untuk dibawa travel, ringkas dan praktis. mantapp",5,0,"built quality bagus, fungsi ok, ukuran cukup kecil untuk dibawa travel, ringkas dan praktis. mantapp",Real,1.0,0.0,"{'contradiction': 0, 'template_language': 0, 'excessive_emotion': 0, 'gibberish_spam': 0, 'word_count': 15}",0.0
1557,"respon toko cepat, pelayanan baik dan maksimal. senang berbelanja di toko ini, produknya sesuai dengan deskripsi dan dapat berfungsi dengan baik. packing aman, terima kas...",5,1,"respon toko cepat, pelayanan baik dan maksimal. senang berbelanja di toko ini, produknya sesuai deng...",Real,1.0,0.0,"{'contradiction': 0, 'template_language': 0, 'excessive_emotion': 0, 'gibberish_spam': 0, 'word_count': 25}",0.0
1558,enak nih cukus kumir sekarang ngga usah pake silet lagi. pake ini jadi super halus dan praktis bisa dimana aja cukus kumirnya 🔥,5,0,enak nih cukus kumir sekarang ngga usah pake silet lagi. pake ini jadi super halus dan praktis bisa ...,Real,1.0,0.0,"{'contradiction': 0, 'template_language': 0, 'excessive_emotion': 0, 'gibberish_spam': 0, 'word_count': 23}",0.0
1559,"enchen k8 ini adalah alat cukur kumis yang praktis dan elegan, terutama dengan desain compact-nya yang memudahkan untuk dibawa ke mana saja. selain itu, performanya sanga...",5,2,"enchen k8 ini adalah alat cukur kumis yang praktis dan elegan, terutama dengan desain compact-nya ya...",Real,1.0,0.0,"{'contradiction': 0, 'template_language': 0, 'excessive_emotion': 0, 'gibberish_spam': 0, 'word_count': 26}",0.0
1560,barang bagus dan kualitas terbaik. barang anti air,5,2,barang bagus dan kualitas terbaik. barang anti air,Real,1.0,0.0,"{'contradiction': 0, 'template_language': 0, 'excessive_emotion': 0, 'gibberish_spam': 0, 'word_count': 8}",0.0
1561,"produk berfungsi, packing baik, kondisi baik",5,0,"produk berfungsi, packing baik, kondisi baik",Real,1.0,0.0,"{'contradiction': 0, 'template_language': 0, 'excessive_emotion': 0, 'gibberish_spam': 0, 'word_count': 6}",0.0
1562,"bagus banget, boxya bagus, isi lengkap, berfungsi dengan baik, gak sakit di kulit, fyi ini ga cocok buat rambut panjang yaa",5,0,"bagus banget, boxya bagus, isi lengkap, berfungsi dengan baik, gak sakit di kulit, fyi ini ga cocok ...",Real,1.0,0.0,"{'contradiction': 0, 'template_language': 0, 'excessive_emotion': 0, 'gibberish_spam': 0, 'word_count': 21}",0.0
1563,"barang sesuai deskripsi, aman, kualitas dan kemasan baik, barang nya berfungsi, bagus, potongan nya cukup rapi. terima kasih banyak 🙂👍",5,0,"barang sesuai deskripsi, aman, kualitas dan kemasan baik, barang nya berfungsi, bagus, potongan nya ...",Real,1.0,0.0,"{'contradiction': 0, 'template_language': 0, 'excessive_emotion': 0, 'gibberish_spam': 0, 'word_count': 20}",0.0
1564,"udh pake beberapa hari, nyaman banget dan bersih banget, ga harus cape2 pake alat cukur sm foam. buat kaum yang males nyukur sm yang kumisnya tumbuhnya cepet",5,0,"udh pake beberapa hari, nyaman banget dan bersih banget, ga harus cape2 pake alat cukur sm foam. bua...",Real,1.0,0.0,"{'contradiction': 0, 'template_language': 0, 'excessive_emotion': 0, 'gibberish_spam': 0, 'word_count': 27}",0.0
1565,"sesuai pesanan, diluar ekspektasiku, mewah sekali, kualitas bagus, berat berbobot, harga promo saler responsif dan ramah terima kasih",5,6,"sesuai pesanan, diluar ekspektasiku, mewah sekali, kualitas bagus, berat berbobot, harga promo saler...",Real,1.0,0.0,"{'contradiction': 0, 'template_language': 0, 'excessive_emotion': 0, 'gibberish_spam': 0, 'word_count': 18}",0.0
1566,"bagus packingnya, kesan mahalnya dapet jg. simple karna muat dikantong, tapi kurang tajam karna harus agak ditekan lama juga alat cukurnya. overall bagus dan berfungsi dg...",5,1,"bagus packingnya, kesan mahalnya dapet jg. simple karna muat dikantong, tapi kurang tajam karna haru...",Real,0.8,2.0,"{'contradiction': 0, 'template_language': 0, 'excessive_emotion': 0, 'gibberish_spam': 0, 'word_count': 26}",0.0
1567,"barang ok banget, kualitas bahannya bagus banget, seller juga informative banget selalu kasih update status barangnya. mantapp",5,0,"barang ok banget, kualitas bahannya bagus banget, seller juga informative banget selalu kasih update...",Real,1.0,0.0,"{'contradiction': 0, 'template_language': 0, 'excessive_emotion': 0, 'gibberish_spam': 0, 'word_count': 17}",0.0
1568,alhamdulillah barang sampai dengan selamat. btw ini pembelian yang kedua. barangnya bagus quality nya tidak perlu diragukan. secara fungsional juga bagus. bisa mencukur s...,5,3,alhamdulillah barang sampai dengan selamat. btw ini pembelian yang kedua. barangnya bagus quality ny...,Real,1.0,0.0,"{'contradiction': 0, 'template_language': 0, 'excessive_emotion': 0, 'gibberish_spam': 0, 'word_count': 24}",0.0
1569,berfungsi normal performa: putaran kencang,5,0,berfungsi normal performa: putaran kencang,Real,0.9,1.0,"{'contradiction': 0, 'template_language': 0, 'excessive_emotion': 0, 'gibberish_spam': 0, 'word_count': 5}",0.0
1570,"alhamdulillah barangnya sudah sampai, sesuai dan berasa mewah banget, harga gak pernah bohong, berfungsi dengan baik, packing rapi plus aman ada bubble wrap. memuaskan 👍",5,1,"alhamdulillah barangnya sudah sampai, sesuai dan berasa mewah banget, harga gak pernah bohong, berfu...",Real,1.0,0.0,"{'contradiction': 0, 'template_language': 0, 'excessive_emotion': 0, 'gibberish_spam': 0, 'word_count': 25}",0.0
1571,"langsung dicoba, suara halus, tajam pisaunya kak, terimakasih",5,0,"langsung dicoba, suara halus, tajam pisaunya kak, terimakasih",Real,1.0,0.0,"{'contradiction': 0, 'template_language': 0, 'excessive_emotion': 0, 'gibberish_spam': 0, 'word_count': 8}",0.0
1572,"barang diterima, kualitas , okay. dapat berfungsi. battery life: good performance: okay",5,0,"barang diterima, kualitas , okay. dapat berfungsi. battery life: good performance: okay",Real,1.0,0.0,"{'contradiction': 0, 'template_language': 0, 'excessive_emotion': 0, 'gibberish_spam': 0, 'word_count': 12}",0.0
1573,"terima kasih paket diterima dengan baik. barang berfungsi dengan baik, awalnya was was krn paket lama di expedisi ga jalan jalan. pas diterima bagus barangnya, ada box ny...",5,0,"terima kasih paket diterima dengan baik. barang berfungsi dengan baik, awalnya was was krn paket lam...",Real,1.0,0.0,"{'contradiction': 0, 'template_language': 0, 'excessive_emotion': 0, 'gibberish_spam': 0, 'word_count': 28}",0.0
1574,produk sesuai deskripsi dikemas rapih original lembut mencukurnya pengiriman lebih cepat gercep recomended,5,0,produk sesuai deskripsi dikemas rapih original lembut mencukurnya pengiriman lebih cepat gercep reco...,Real,1.0,0.0,"{'contradiction': 0, 'template_language': 0, 'excessive_emotion': 0, 'gibberish_spam': 0, 'word_count': 13}",0.0
1575,"kualitas barangnya ok, nyukur kumis dan jenggot gak sesakit pakai pisau cukur biasa. nyaman dipakai, cuman kadang kalau terlalu dekat bisa bikin iritasi. sejauh ini ok.",5,0,"kualitas barangnya ok, nyukur kumis dan jenggot gak sesakit pakai pisau cukur biasa. nyaman dipakai,...",Real,1.0,0.0,"{'contradiction': 0, 'template_language': 0, 'excessive_emotion': 0, 'gibberish_spam': 0, 'word_count': 26}",0.0
1576,"produknya baguss, mudah banget di pake ga ribet, cepet juga jadinya, agak susah bersihkan alatnya pake kuas nya aja sih",5,0,"produknya baguss, mudah banget di pake ga ribet, cepet juga jadinya, agak susah bersihkan alatnya pa...",Real,1.0,0.0,"{'contradiction': 0, 'template_language': 0, 'excessive_emotion': 0, 'gibberish_spam': 0, 'word_count': 20}",0.0
1577,"barang bagus, design keren, dan simple mudah dibawa dan berfungsi dengan baik. penjual fast respon. sukses",5,0,"barang bagus, design keren, dan simple mudah dibawa dan berfungsi dengan baik. penjual fast respon. ...",Fake,0.84,4.79,"{'contradiction': 0, 'template_language': 1, 'excessive_emotion': 0, 'gibberish_spam': 0, 'word_count': 16}",0.432
1578,"produk bagus banget, packaging rapi. kualitas okke, isi box lengkap",5,1,"produk bagus banget, packaging rapi. kualitas okke, isi box lengkap",Real,1.0,0.0,"{'contradiction': 0, 'template_language': 0, 'excessive_emotion': 0, 'gibberish_spam': 0, 'word_count': 10}",0.0
1579,"kwalitas barang baik, pelayanan penjual bagus & harganya relatif bersaing. kendalanya di jasa pengiriman kurir id express, yg mengantarkan barang pd batas akhir pen...",4,0,"kwalitas barang baik, pelayanan penjual bagus & harganya relatif bersaing. kendalanya di jasa pengir...",Real,1.0,0.0,"{'contradiction': 0, 'template_language': 0, 'excessive_emotion': 0, 'gibberish_spam': 0, 'word_count': 24}",0.0
1580,"pas dibuka terasa premium, untuk pemakaian pertama kali harus belajar dulu biar gak nyangkut jenggotnya wkwk. overall untuk harga segini sangat worth it, recommended 🫶🏼",5,2,"pas dibuka terasa premium, untuk pemakaian pertama kali harus belajar dulu biar gak nyangkut jenggot...",Real,1.0,0.0,"{'contradiction': 0, 'template_language': 0, 'excessive_emotion': 0, 'gibberish_spam': 0, 'word_count': 25}",0.0
1581,masa pakai baterai: hemat performa: sangat bagus,5,0,masa pakai baterai: hemat performa: sangat bagus,Real,1.0,0.0,"{'contradiction': 0, 'template_language': 0, 'excessive_emotion': 0, 'gibberish_spam': 0, 'word_count': 7}",0.0
1582,"bisa buat ngebotakin kepala asal sdh dr awal kepala rambut cepat 0,5cm",5,3,"bisa buat ngebotakin kepala asal sdh dr awal kepala rambut cepat 0,5cm",Real,1.0,0.0,"{'contradiction': 0, 'template_language': 0, 'excessive_emotion': 0, 'gibberish_spam': 0, 'word_count': 12}",0.0
1583,"barang sampai dengan aman dan mulus, berfungsi dengan baik 👍",5,0,"barang sampai dengan aman dan mulus, berfungsi dengan baik 👍",Real,1.0,0.0,"{'contradiction': 0, 'template_language': 0, 'excessive_emotion': 0, 'gibberish_spam': 0, 'word_count': 10}",0.0
1584,"respon ramah & cepat, proses cepat, pengiriman cepat, packing bagus & rapih. barang dipakai memuaskan👍🏻👍🏻",5,0,"respon ramah & cepat, proses cepat, pengiriman cepat, packing bagus & rapih. barang dipakai memuaska...",Real,1.0,0.0,"{'contradiction': 0, 'template_language': 0, 'excessive_emotion': 1, 'gibberish_spam': 0, 'word_count': 15}",0.0
1585,"paketnya sudah diterima, packaging aman, barang bagus, harga murmer, worth to buy! hasil cukurnya terbilang bersih, good quality, gak berisik! terima kasih seller, salam...",5,0,"paketnya sudah diterima, packaging aman, barang bagus, harga murmer, worth to buy! hasil cukurnya te...",Real,1.0,0.0,"{'contradiction': 0, 'template_language': 0, 'excessive_emotion': 0, 'gibberish_spam': 0, 'word_count': 24}",0.0
1586,bagus...kecil...bahan berkualitas...hasil cukuran rapi n smooth semoga awet,5,0,bagus...kecil...bahan berkualitas...hasil cukuran rapi n smooth semoga awet,Fake,0.813,4.26,"{'contradiction': 1, 'template_language': 0, 'excessive_emotion': 0, 'gibberish_spam': 0, 'word_count': 8}",0.419
1587,"kalian yang gk mau brewokan wajib punya ini sih, gk bikin kulit rusak enak digunakan terima aksih untuk semuanya",5,0,"kalian yang gk mau brewokan wajib punya ini sih, gk bikin kulit rusak enak digunakan terima aksih un...",Real,1.0,0.0,"{'contradiction': 0, 'template_language': 0, 'excessive_emotion': 0, 'gibberish_spam': 0, 'word_count': 19}",0.0
1588,"sesuai ekspektasi, enak banget hasil shavingnya di kulit muka, ga bikin iritasi. penggunaan mudah, dan portable-nya juara! thanks seller!",5,0,"sesuai ekspektasi, enak banget hasil shavingnya di kulit muka, ga bikin iritasi. penggunaan mudah, d...",Real,1.0,0.0,"{'contradiction': 0, 'template_language': 0, 'excessive_emotion': 0, 'gibberish_spam': 0, 'word_count': 19}",0.0
1589,"packing rapih,aman sampai tujuan karena titipan teman... jadinya tidak tau hasilnya....tapi katanya nyala dan udh di coba berfungsi dengan baik.... thank you seller....",5,0,"packing rapih,aman sampai tujuan karena titipan teman... jadinya tidak tau hasilnya....tapi katanya ...",Real,1.0,0.0,"{'contradiction': 0, 'template_language': 0, 'excessive_emotion': 0, 'gibberish_spam': 0, 'word_count': 23}",0.0
1590,"material mewah, berfungsi dengan baik, hasil memuaskan",5,0,"material mewah, berfungsi dengan baik, hasil memuaskan",Real,1.0,0.0,"{'contradiction': 0, 'template_language': 0, 'excessive_emotion': 0, 'gibberish_spam': 0, 'word_count': 7}",0.0
1591,kemasan baik alat berfungsi dg baik . info yg saya terima di tik tok beli satu dapat satu : yaitu satu lagi pembersih bulu hidung tapi di sini tidak sda . gmn nih .........,5,0,kemasan baik alat berfungsi dg baik . info yg saya terima di tik tok beli satu dapat satu : yaitu sa...,Fake,0.912,6.23,"{'contradiction': 0, 'template_language': 0, 'excessive_emotion': 0, 'gibberish_spam': 1, 'word_count': 34}",0.411
1592,"barangnya bagus recomended banget, packing jg rapi dan aman tidak ada penyok sama sekali di dusnya 👍",5,0,"barangnya bagus recomended banget, packing jg rapi dan aman tidak ada penyok sama sekali di dusnya 👍",Fake,0.76,3.21,"{'contradiction': 0, 'template_language': 1, 'excessive_emotion': 0, 'gibberish_spam': 0, 'word_count': 17}",0.403
1593,"produk nya berfungsi dengan baik & dipakai untuk mencukur pun bersih banget. memang awal nya ragu, setelah dicoba beneran bisa bersih 😂😂 tapi kalo soal ketahanan b...",5,0,"produk nya berfungsi dengan baik & dipakai untuk mencukur pun bersih banget. memang awal nya ragu, s...",Real,1.0,0.0,"{'contradiction': 0, 'template_language': 0, 'excessive_emotion': 0, 'gibberish_spam': 0, 'word_count': 27}",0.0
1594,"sesuai pesanan. barang datang sesuai waktu dan tidak ada kerusakan. walau kardusnya dalam sebagian basah, alatnya masih aman tidak terkena air. terimakasih banyak.",5,1,sesuai pesanan. barang datang sesuai waktu dan tidak ada kerusakan. walau kardusnya dalam sebagian b...,Real,1.0,0.0,"{'contradiction': 0, 'template_language': 0, 'excessive_emotion': 0, 'gibberish_spam': 0, 'word_count': 23}",0.0
1595,barang sudah diterima pengiriman cepat seller responsif packing aman sudah dicoba semoga awet,5,1,barang sudah diterima pengiriman cepat seller responsif packing aman sudah dicoba semoga awet,Fake,0.806,4.12,"{'contradiction': 1, 'template_language': 0, 'excessive_emotion': 0, 'gibberish_spam': 0, 'word_count': 13}",0.375
1596,masa pakai baterai: baru dicoba performa: mantab,5,0,masa pakai baterai: baru dicoba performa: mantab,Real,1.0,0.0,"{'contradiction': 0, 'template_language': 0, 'excessive_emotion': 0, 'gibberish_spam': 0, 'word_count': 7}",0.0
1597,ssuai pesanan. proses cpat & lncar. sellernya jg ramah. barang brfungsi dg baik. puas dg plyanannya. terima kasih 🙏,5,0,ssuai pesanan. proses cpat & lncar. sellernya jg ramah. barang brfungsi dg baik. puas dg plyanannya....,Real,1.0,0.0,"{'contradiction': 0, 'template_language': 0, 'excessive_emotion': 0, 'gibberish_spam': 0, 'word_count': 19}",0.0
1598,"bagus ,jos, rekomen masa pakai baterai: bru coba performa: oke jos",5,0,"bagus ,jos, rekomen masa pakai baterai: bru coba performa: oke jos",Real,1.0,0.0,"{'contradiction': 0, 'template_language': 0, 'excessive_emotion': 0, 'gibberish_spam': 0, 'word_count': 11}",0.0
1599,masa pakai baterai: lama performa: terbaik,5,0,masa pakai baterai: lama performa: terbaik,Real,1.0,0.0,"{'contradiction': 0, 'template_language': 0, 'excessive_emotion': 0, 'gibberish_spam': 0, 'word_count': 6}",0.0
1600,produk nyala.packing nya rapi.repon penjual baik.,5,0,produk nyala.packing nya rapi.repon penjual baik.,Real,1.0,0.0,"{'contradiction': 0, 'template_language': 0, 'excessive_emotion': 0, 'gibberish_spam': 0, 'word_count': 6}",0.0
1601,"alhamdulillah paket tiba ditangan tanpa cacat, sudah dicoba sesuai deskripsi dan tentunya paket ori,,semoga awet. terima kasih tokopedia",5,0,"alhamdulillah paket tiba ditangan tanpa cacat, sudah dicoba sesuai deskripsi dan tentunya paket ori,...",Fake,0.803,4.06,"{'contradiction': 1, 'template_language': 0, 'excessive_emotion': 0, 'gibberish_spam': 0, 'word_count': 18}",0.355
1602,"paket sdh diterima dlm kondisi baik dan aman, blm di coba sich, semoga alat cukurnya dapat berfungsi dgn baik.",4,0,"paket sdh diterima dlm kondisi baik dan aman, blm di coba sich, semoga alat cukurnya dapat berfungsi...",Real,1.0,0.0,"{'contradiction': 0, 'template_language': 0, 'excessive_emotion': 0, 'gibberish_spam': 0, 'word_count': 19}",0.0
1603,"pengemasan rapi barang sesuai dengan iklan di gunakan nyaman ,dan semoga awet.",5,0,"pengemasan rapi barang sesuai dengan iklan di gunakan nyaman ,dan semoga awet.",Fake,0.827,4.54,"{'contradiction': 1, 'template_language': 0, 'excessive_emotion': 0, 'gibberish_spam': 0, 'word_count': 12}",0.515
1604,performa: mantap masa pakai baterai: lumayan awet,5,0,performa: mantap masa pakai baterai: lumayan awet,Real,1.0,0.0,"{'contradiction': 0, 'template_language': 0, 'excessive_emotion': 0, 'gibberish_spam': 0, 'word_count': 7}",0.0
1605,"packing aman dan bagus.. alat nya berfungsi baik,...",5,0,"packing aman dan bagus.. alat nya berfungsi baik,...",Real,1.0,0.0,"{'contradiction': 0, 'template_language': 0, 'excessive_emotion': 0, 'gibberish_spam': 0, 'word_count': 8}",0.0
1606,"harga sesuai, barang di luar ekspektasi, kenapa tidak dari dulu dulu saja😅 saya belinya. respon dan pengiriman juga cepat, semoga barang aman dan awet, terima kasih",5,0,"harga sesuai, barang di luar ekspektasi, kenapa tidak dari dulu dulu saja😅 saya belinya. respon dan ...",Real,1.0,0.0,"{'contradiction': 0, 'template_language': 0, 'excessive_emotion': 0, 'gibberish_spam': 0, 'word_count': 26}",0.0
1607,"produk ini sangat bagus dan sangat recommended, pengiriman cepat dan kurirnya sangat ramah.. terimakasih",5,0,"produk ini sangat bagus dan sangat recommended, pengiriman cepat dan kurirnya sangat ramah.. terimak...",Real,1.0,0.0,"{'contradiction': 0, 'template_language': 0, 'excessive_emotion': 0, 'gibberish_spam': 0, 'word_count': 14}",0.0
1608,paketnya mantap sesuai deskripsi dan nyaman digunakan. rekom banget. toko gercep ga pake lama prosesnya👍 🤩,5,0,paketnya mantap sesuai deskripsi dan nyaman digunakan. rekom banget. toko gercep ga pake lama proses...,Real,1.0,0.0,"{'contradiction': 0, 'template_language': 0, 'excessive_emotion': 0, 'gibberish_spam': 0, 'word_count': 16}",0.0
1609,"barang bagus, pisau tajam, design juga bagus. packaging mewah...semoga awet",5,0,"barang bagus, pisau tajam, design juga bagus. packaging mewah...semoga awet",Fake,0.809,4.17,"{'contradiction': 1, 'template_language': 0, 'excessive_emotion': 0, 'gibberish_spam': 0, 'word_count': 10}",0.391
1610,"barangnya sampai dengan baik, diantar cepat, berfungsi dengan baik, semoga awet",4,0,"barangnya sampai dengan baik, diantar cepat, berfungsi dengan baik, semoga awet",Fake,0.814,4.28,"{'contradiction': 1, 'template_language': 0, 'excessive_emotion': 0, 'gibberish_spam': 0, 'word_count': 11}",0.426
1611,"pengiriman cepat, packagingnya super aman, barang bagus, untuk hasil cukurnya memuaskan semoga awet barangnya",5,1,"pengiriman cepat, packagingnya super aman, barang bagus, untuk hasil cukurnya memuaskan semoga awet ...",Fake,0.811,4.22,"{'contradiction': 1, 'template_language': 0, 'excessive_emotion': 0, 'gibberish_spam': 0, 'word_count': 14}",0.406
1612,"barangnya cepat sampai, saat di pakai hasil cukurannya halus dibagian yg d cukur",5,0,"barangnya cepat sampai, saat di pakai hasil cukurannya halus dibagian yg d cukur",Real,1.0,0.0,"{'contradiction': 0, 'template_language': 0, 'excessive_emotion': 0, 'gibberish_spam': 0, 'word_count': 13}",0.0
1613,"mantap barang bagus sesuai semuanya, pelayanan dan pengiriman cepat",5,0,"mantap barang bagus sesuai semuanya, pelayanan dan pengiriman cepat",Real,1.0,0.0,"{'contradiction': 0, 'template_language': 0, 'excessive_emotion': 0, 'gibberish_spam': 0, 'word_count': 9}",0.0
1614,"barang berkualitas , pelayanannya cepat , kurir amanah . terima kasih",5,0,"barang berkualitas , pelayanannya cepat , kurir amanah . terima kasih",Real,1.0,0.0,"{'contradiction': 0, 'template_language': 0, 'excessive_emotion': 0, 'gibberish_spam': 0, 'word_count': 11}",0.0
1615,udah dicoba dan gacor parahh berfungsi dengan maksimal sangat mudah digunakan,5,0,udah dicoba dan gacor parahh berfungsi dengan maksimal sangat mudah digunakan,Real,1.0,0.0,"{'contradiction': 0, 'template_language': 0, 'excessive_emotion': 0, 'gibberish_spam': 0, 'word_count': 11}",0.0
1616,"mencoba beli sesuatu yang lagi trend. murah, praktis, fungsional, berfungsi baik. semoga awet",5,0,"mencoba beli sesuatu yang lagi trend. murah, praktis, fungsional, berfungsi baik. semoga awet",Fake,0.812,4.24,"{'contradiction': 1, 'template_language': 0, 'excessive_emotion': 0, 'gibberish_spam': 0, 'word_count': 13}",0.413
1617,"barang bagus, kemasan juga bagus, semoga awet,",5,0,"barang bagus, kemasan juga bagus, semoga awet,",Fake,0.814,4.28,"{'contradiction': 1, 'template_language': 0, 'excessive_emotion': 0, 'gibberish_spam': 0, 'word_count': 7}",0.425
1618,"barang sudah sampai, bagus bangat kualitasnya, gak rugi belinya, moga awet dan kulit👍",5,0,"barang sudah sampai, bagus bangat kualitasnya, gak rugi belinya, moga awet dan kulit👍",Real,1.0,0.0,"{'contradiction': 0, 'template_language': 0, 'excessive_emotion': 0, 'gibberish_spam': 0, 'word_count': 13}",0.0
1619,mantab. pokoknya keren. berfungsi baik. barang bagus. dan puas banget,5,0,mantab. pokoknya keren. berfungsi baik. barang bagus. dan puas banget,Real,1.0,0.0,"{'contradiction': 0, 'template_language': 0, 'excessive_emotion': 0, 'gibberish_spam': 0, 'word_count': 10}",0.0
1620,"setelah saya pakai hasil cukuran sangat memuaskan dan sangat mudah di gunakan, produk ini sangat rekomen",4,0,"setelah saya pakai hasil cukuran sangat memuaskan dan sangat mudah di gunakan, produk ini sangat rek...",Real,1.0,0.0,"{'contradiction': 0, 'template_language': 0, 'excessive_emotion': 0, 'gibberish_spam': 0, 'word_count': 16}",0.0
1621,barang sudah datang pengiriman nya cepat barang berfungsi dengan baik,5,0,barang sudah datang pengiriman nya cepat barang berfungsi dengan baik,Real,1.0,0.0,"{'contradiction': 0, 'template_language': 0, 'excessive_emotion': 0, 'gibberish_spam': 0, 'word_count': 10}",0.0
1622,mantap cukuran bersih elegan premium mungil bisa dibawa kemana saja,5,0,mantap cukuran bersih elegan premium mungil bisa dibawa kemana saja,Real,1.0,0.0,"{'contradiction': 0, 'template_language': 0, 'excessive_emotion': 0, 'gibberish_spam': 0, 'word_count': 10}",0.0
1623,"barang bagus. enak dipakenya, sesuai deskripsi, packing rapih.",5,10,"barang bagus. enak dipakenya, sesuai deskripsi, packing rapih.",Real,1.0,0.0,"{'contradiction': 0, 'template_language': 0, 'excessive_emotion': 0, 'gibberish_spam': 0, 'word_count': 8}",0.0
1624,"mantaappp barang aman sampai ditempat tidak ada yang rusak, sudah dicoba bagus sekali dengan harga yang sangat bersaing.....over all puaass",5,0,"mantaappp barang aman sampai ditempat tidak ada yang rusak, sudah dicoba bagus sekali dengan harga y...",Fake,0.903,6.06,"{'contradiction': 0, 'template_language': 0, 'excessive_emotion': 0, 'gibberish_spam': 1, 'word_count': 20}",0.354
1625,"barangnya bagus, sesuai pesanan, kualitas ok. performa: bagus, dapat mencukur jenggot",5,0,"barangnya bagus, sesuai pesanan, kualitas ok. performa: bagus, dapat mencukur jenggot",Real,1.0,0.0,"{'contradiction': 0, 'template_language': 0, 'excessive_emotion': 0, 'gibberish_spam': 0, 'word_count': 11}",0.0
1626,packing nga rapi bisa di gunakan dengan baik rekomen sih ini,5,0,packing nga rapi bisa di gunakan dengan baik rekomen sih ini,Real,1.0,0.0,"{'contradiction': 0, 'template_language': 0, 'excessive_emotion': 0, 'gibberish_spam': 0, 'word_count': 11}",0.0
1627,barang sudah sampai juga sudah di gunakan dengan baik lumayan sekarang sudah bisa cukur jenggot dengan santai dengan adanya enchen makasih pak kurir yang sudah mengantark...,5,0,barang sudah sampai juga sudah di gunakan dengan baik lumayan sekarang sudah bisa cukur jenggot deng...,Real,1.0,0.0,"{'contradiction': 0, 'template_language': 0, 'excessive_emotion': 0, 'gibberish_spam': 0, 'word_count': 26}",0.0
1628,alhamdulillah tiba dalam keadaan aman dan bisa digunakan,4,0,alhamdulillah tiba dalam keadaan aman dan bisa digunakan,Real,1.0,0.0,"{'contradiction': 0, 'template_language': 0, 'excessive_emotion': 0, 'gibberish_spam': 0, 'word_count': 8}",0.0
1629,barang sesuai packing super aman pengiriman cepat resphone penjual baik,5,0,barang sesuai packing super aman pengiriman cepat resphone penjual baik,Fake,0.766,3.32,"{'contradiction': 0, 'template_language': 1, 'excessive_emotion': 0, 'gibberish_spam': 0, 'word_count': 10}",0.44
1630,"barang nya keren, kesan nya mewah, pengiriman cepat. sejauh ini cukup ok untuk digunakan, g sakit sama sekali",5,0,"barang nya keren, kesan nya mewah, pengiriman cepat. sejauh ini cukup ok untuk digunakan, g sakit sa...",Real,1.0,0.0,"{'contradiction': 0, 'template_language': 0, 'excessive_emotion': 0, 'gibberish_spam': 0, 'word_count': 18}",0.0
1631,"bagus, barang datang langsung nyobain, puas dengan hasil cukurnya. thank you. 👍🏻",5,0,"bagus, barang datang langsung nyobain, puas dengan hasil cukurnya. thank you. 👍🏻",Real,1.0,0.0,"{'contradiction': 0, 'template_language': 0, 'excessive_emotion': 0, 'gibberish_spam': 0, 'word_count': 12}",0.0
1632,sesuai barangnya bagus banget dan pekingnya rapih,5,0,sesuai barangnya bagus banget dan pekingnya rapih,Real,1.0,0.0,"{'contradiction': 0, 'template_language': 0, 'excessive_emotion': 0, 'gibberish_spam': 0, 'word_count': 7}",0.0
1633,"barang sudah sampai, bagus tampilan elegan dan mewah semoga awet karna di pkek sendiri",5,0,"barang sudah sampai, bagus tampilan elegan dan mewah semoga awet karna di pkek sendiri",Fake,0.809,4.18,"{'contradiction': 1, 'template_language': 0, 'excessive_emotion': 0, 'gibberish_spam': 0, 'word_count': 14}",0.393
1634,"barangnya sesuai, cepat datangnya walaupun tidak next day bener bener nextday wkwkw, overall bagus barangnya dipackage dengan rapih barangnya baru",5,0,"barangnya sesuai, cepat datangnya walaupun tidak next day bener bener nextday wkwkw, overall bagus b...",Real,1.0,0.0,"{'contradiction': 0, 'template_language': 0, 'excessive_emotion': 0, 'gibberish_spam': 0, 'word_count': 20}",0.0
1635,barang bagus sesuai dengan saya lihat di video,5,0,barang bagus sesuai dengan saya lihat di video,Real,1.0,0.0,"{'contradiction': 0, 'template_language': 0, 'excessive_emotion': 0, 'gibberish_spam': 0, 'word_count': 8}",0.0
1636,barang nya tajam dan kualitas oke semoga awet sukses juga untuk kk,5,0,barang nya tajam dan kualitas oke semoga awet sukses juga untuk kk,Fake,0.814,4.27,"{'contradiction': 1, 'template_language': 0, 'excessive_emotion': 0, 'gibberish_spam': 0, 'word_count': 12}",0.423
1637,barang yang dikirim sesuai masih tersegel,5,0,barang yang dikirim sesuai masih tersegel,Real,1.0,0.0,"{'contradiction': 0, 'template_language': 0, 'excessive_emotion': 0, 'gibberish_spam': 0, 'word_count': 6}",0.0
1638,"sesuai pesanan, mantap menyala.. biarkan bintang yang bicara..",5,0,"sesuai pesanan, mantap menyala.. biarkan bintang yang bicara..",Real,1.0,0.0,"{'contradiction': 0, 'template_language': 0, 'excessive_emotion': 0, 'gibberish_spam': 0, 'word_count': 8}",0.0
1639,"mantap, abis pakai untuk cukur, langsung dapet 2 pacar seksi nan bohai, nih kenalin pacarku namanya anzu dan clorence",5,2,"mantap, abis pakai untuk cukur, langsung dapet 2 pacar seksi nan bohai, nih kenalin pacarku namanya ...",Real,1.0,0.0,"{'contradiction': 0, 'template_language': 0, 'excessive_emotion': 0, 'gibberish_spam': 0, 'word_count': 19}",0.0
1640,nggak ada bonusnya,4,0,nggak ada bonusnya,Real,0.9,1.0,"{'contradiction': 0, 'template_language': 0, 'excessive_emotion': 0, 'gibberish_spam': 0, 'word_count': 3}",0.0
1641,"paketnyaa udah sampee,kondisi aman dan baguss bangett,gk nyesel belinya,admin juga responnya gercep,selalu info paketnya udh sampe mana²nya,maaf belum aku buka soalnya bu...",5,0,"paketnyaa udah sampee,kondisi aman dan baguss bangett,gk nyesel belinya,admin juga responnya gercep,...",Real,1.0,0.0,"{'contradiction': 0, 'template_language': 0, 'excessive_emotion': 0, 'gibberish_spam': 0, 'word_count': 22}",0.0
1642,"paket susah diterima sesuai order, dicoba cukur jenggot kurang bersih mungkin karena belum biasa, mudahan awet barangnya",5,0,"paket susah diterima sesuai order, dicoba cukur jenggot kurang bersih mungkin karena belum biasa, mu...",Real,0.8,2.0,"{'contradiction': 0, 'template_language': 0, 'excessive_emotion': 0, 'gibberish_spam': 0, 'word_count': 17}",0.0
1643,"barangnya mantap sesuai video dan foto. packingannya jga rapi, best dah👍",5,0,"barangnya mantap sesuai video dan foto. packingannya jga rapi, best dah👍",Real,1.0,0.0,"{'contradiction': 0, 'template_language': 0, 'excessive_emotion': 0, 'gibberish_spam': 0, 'word_count': 11}",0.0
1644,"barang datang sesuai pesanan, lebih cepat dari waktu po yg diinfokan, barang bagus, semoga awet",5,0,"barang datang sesuai pesanan, lebih cepat dari waktu po yg diinfokan, barang bagus, semoga awet",Fake,0.806,4.11,"{'contradiction': 1, 'template_language': 0, 'excessive_emotion': 0, 'gibberish_spam': 0, 'word_count': 15}",0.371
1645,"mantap, packing rapi, pengiriman cepat, kualitas keren",5,0,"mantap, packing rapi, pengiriman cepat, kualitas keren",Real,1.0,0.0,"{'contradiction': 0, 'template_language': 0, 'excessive_emotion': 0, 'gibberish_spam': 0, 'word_count': 7}",0.0
1646,"produk dalam kondisi bagus waktu diterima, semoga awet.",5,4,"produk dalam kondisi bagus waktu diterima, semoga awet.",Fake,0.812,4.24,"{'contradiction': 1, 'template_language': 0, 'excessive_emotion': 0, 'gibberish_spam': 0, 'word_count': 8}",0.413
1647,cepat sampai...berfungsi jg dgn baik..mudah2an awet,5,0,cepat sampai...berfungsi jg dgn baik..mudah2an awet,Real,1.0,0.0,"{'contradiction': 0, 'template_language': 0, 'excessive_emotion': 0, 'gibberish_spam': 0, 'word_count': 6}",0.0
1648,"first impresion takjub, barang oke dan materialnya juga bagus. semoga awet tajamnya",5,0,"first impresion takjub, barang oke dan materialnya juga bagus. semoga awet tajamnya",Fake,0.801,4.02,"{'contradiction': 1, 'template_language': 0, 'excessive_emotion': 0, 'gibberish_spam': 0, 'word_count': 12}",0.342
1649,barang sudah sampai tepat waktu. berfungsi dengan baik. terimakasih penjual dan pengiriman 👍,5,1,barang sudah sampai tepat waktu. berfungsi dengan baik. terimakasih penjual dan pengiriman 👍,Real,1.0,0.0,"{'contradiction': 0, 'template_language': 0, 'excessive_emotion': 0, 'gibberish_spam': 0, 'word_count': 13}",0.0
1650,sudah diterimah ..alat oke punya ..sangat layak untuk dimiliki,5,0,sudah diterimah ..alat oke punya ..sangat layak untuk dimiliki,Real,1.0,0.0,"{'contradiction': 0, 'template_language': 0, 'excessive_emotion': 0, 'gibberish_spam': 0, 'word_count': 9}",0.0
1651,"barang yg datang sesuai dan asli,nggak nyesal beli barang di toko ini",5,0,"barang yg datang sesuai dan asli,nggak nyesal beli barang di toko ini",Real,1.0,0.0,"{'contradiction': 0, 'template_language': 0, 'excessive_emotion': 0, 'gibberish_spam': 0, 'word_count': 12}",0.0
1652,"pelayanan oke, belum dicoba kayaknya barangnya kualiasnya bagus",5,0,"pelayanan oke, belum dicoba kayaknya barangnya kualiasnya bagus",Fake,0.806,4.12,"{'contradiction': 1, 'template_language': 0, 'excessive_emotion': 0, 'gibberish_spam': 0, 'word_count': 8}",0.374
1653,"hasil cukuran memuaskan, barang mudah digunakan terdapat panduan pula👌",5,1,"hasil cukuran memuaskan, barang mudah digunakan terdapat panduan pula👌",Real,1.0,0.0,"{'contradiction': 0, 'template_language': 0, 'excessive_emotion': 0, 'gibberish_spam': 0, 'word_count': 9}",0.0
1654,"produk sesuai, barang bagus, paketnya rapih.",5,0,"produk sesuai, barang bagus, paketnya rapih.",Real,1.0,0.0,"{'contradiction': 0, 'template_language': 0, 'excessive_emotion': 0, 'gibberish_spam': 0, 'word_count': 6}",0.0
1655,"mantap barangnya,,pelayannya bagus sesuai pesanan,,,semoga awet d'pakai",5,0,"mantap barangnya,,pelayannya bagus sesuai pesanan,,,semoga awet d'pakai",Fake,0.809,4.18,"{'contradiction': 1, 'template_language': 0, 'excessive_emotion': 0, 'gibberish_spam': 0, 'word_count': 7}",0.395
1656,"looks good, dijajal paksu nyala dgn baik. semoga awet!!",5,0,"looks good, dijajal paksu nyala dgn baik. semoga awet!!",Fake,0.808,4.16,"{'contradiction': 1, 'template_language': 0, 'excessive_emotion': 0, 'gibberish_spam': 0, 'word_count': 9}",0.387
1657,"mantep banget ini, mulus hasilnya 👋🏼",5,0,"mantep banget ini, mulus hasilnya 👋🏼",Real,1.0,0.0,"{'contradiction': 0, 'template_language': 0, 'excessive_emotion': 0, 'gibberish_spam': 0, 'word_count': 6}",0.0
1658,"bagus, ringan, performanya belum tau karena belum coba, tapi kelihatannya ok sih. pelayanan penjual bintang 5, kecepatan pengiriman secepat awan kinton. thank you sell...",5,0,"bagus, ringan, performanya belum tau karena belum coba, tapi kelihatannya ok sih. pelayanan penjual ...",Fake,0.807,4.14,"{'contradiction': 1, 'template_language': 0, 'excessive_emotion': 0, 'gibberish_spam': 0, 'word_count': 24}",0.381
1659,"bagus, bagus, lumayan awet, mulus dan lembut",5,0,"bagus, bagus, lumayan awet, mulus dan lembut",Real,1.0,0.0,"{'contradiction': 0, 'template_language': 0, 'excessive_emotion': 0, 'gibberish_spam': 0, 'word_count': 7}",0.0
1660,"dusnya lecet, padahal buat kado. isi belum dibuku. mudah""an berfungsi dengan baik.",3,0,"dusnya lecet, padahal buat kado. isi belum dibuku. mudah""an berfungsi dengan baik.",Real,1.0,0.0,"{'contradiction': 0, 'template_language': 0, 'excessive_emotion': 0, 'gibberish_spam': 0, 'word_count': 12}",0.0
1661,performance: sesuai harapan packingannya juga bagus,5,0,performance: sesuai harapan packingannya juga bagus,Real,1.0,0.0,"{'contradiction': 0, 'template_language': 0, 'excessive_emotion': 0, 'gibberish_spam': 0, 'word_count': 6}",0.0
1662,keren enchen k8 mantap,5,0,keren enchen k8 mantap,Real,0.9,1.0,"{'contradiction': 0, 'template_language': 0, 'excessive_emotion': 0, 'gibberish_spam': 0, 'word_count': 4}",0.0
1663,barang di packing dengan baik dan di terima dengan selamat thank you,5,0,barang di packing dengan baik dan di terima dengan selamat thank you,Real,1.0,0.0,"{'contradiction': 0, 'template_language': 0, 'excessive_emotion': 0, 'gibberish_spam': 0, 'word_count': 12}",0.0
1664,belum dicoba tapi mesin nyala,5,0,belum dicoba tapi mesin nyala,Fake,0.898,5.97,"{'contradiction': 1, 'template_language': 0, 'excessive_emotion': 0, 'gibberish_spam': 0, 'word_count': 5}",0.656
1665,produk udah diterima. packingnya rapi. pengirkman cepat. yg pastinya alat ini berfungsi dengab baik.,5,0,produk udah diterima. packingnya rapi. pengirkman cepat. yg pastinya alat ini berfungsi dengab baik.,Real,1.0,0.0,"{'contradiction': 0, 'template_language': 0, 'excessive_emotion': 0, 'gibberish_spam': 0, 'word_count': 14}",0.0
1666,"beli ke dua kalinya di seller ini rekomendasi seller, thanks",5,0,"beli ke dua kalinya di seller ini rekomendasi seller, thanks",Real,1.0,0.0,"{'contradiction': 0, 'template_language': 0, 'excessive_emotion': 0, 'gibberish_spam': 0, 'word_count': 10}",0.0
1667,mantap barang nya sesuai di vidio toko nya amanah,5,0,mantap barang nya sesuai di vidio toko nya amanah,Real,1.0,0.0,"{'contradiction': 0, 'template_language': 0, 'excessive_emotion': 0, 'gibberish_spam': 0, 'word_count': 9}",0.0
1668,berfungsi dgn baik👍suamik jga suka banget😍 semoga awet dipke suamik🤗,5,0,berfungsi dgn baik👍suamik jga suka banget😍 semoga awet dipke suamik🤗,Fake,0.809,4.18,"{'contradiction': 1, 'template_language': 0, 'excessive_emotion': 0, 'gibberish_spam': 0, 'word_count': 10}",0.392
1669,"sudah smpai ,barang cucok dengan wktu live.. lagi dicas selama 8 jam.",5,0,"sudah smpai ,barang cucok dengan wktu live.. lagi dicas selama 8 jam.",Real,1.0,0.0,"{'contradiction': 0, 'template_language': 0, 'excessive_emotion': 0, 'gibberish_spam': 0, 'word_count': 12}",0.0
1670,baru ini coba elektrik. bersih cuy. baru terbiasa kalau cukur agak lama dan hangat ni alat. sama gatal gak tau kenapa,5,0,baru ini coba elektrik. bersih cuy. baru terbiasa kalau cukur agak lama dan hangat ni alat. sama gat...,Real,1.0,0.0,"{'contradiction': 0, 'template_language': 0, 'excessive_emotion': 0, 'gibberish_spam': 0, 'word_count': 21}",0.0
1671,"bingung katanya d iklan dapat sama penyukur bulu idung pas nyampe cuma cukurannya aja, tapi gpp untuk smuanya bagus",5,0,"bingung katanya d iklan dapat sama penyukur bulu idung pas nyampe cuma cukurannya aja, tapi gpp untu...",Real,1.0,0.0,"{'contradiction': 0, 'template_language': 0, 'excessive_emotion': 0, 'gibberish_spam': 0, 'word_count': 19}",0.0
1672,"keliatan mewah, belum dicoba, soalnya baru dateng langsung dicas,tapi semoga aja bisa",5,0,"keliatan mewah, belum dicoba, soalnya baru dateng langsung dicas,tapi semoga aja bisa",Fake,0.827,4.54,"{'contradiction': 1, 'template_language': 0, 'excessive_emotion': 0, 'gibberish_spam': 0, 'word_count': 12}",0.513
1673,"masya allah ,finnaly tba juga..akat cukur simple praktis dan elegan telah tba,buat paksu nih.. beliau seneng bangetttt",5,0,"masya allah ,finnaly tba juga..akat cukur simple praktis dan elegan telah tba,buat paksu nih.. belia...",Fake,0.914,6.28,"{'contradiction': 0, 'template_language': 0, 'excessive_emotion': 0, 'gibberish_spam': 1, 'word_count': 17}",0.426
1674,barang sudah mendarat kondisi aman,5,0,barang sudah mendarat kondisi aman,Real,0.9,1.0,"{'contradiction': 0, 'template_language': 0, 'excessive_emotion': 0, 'gibberish_spam': 0, 'word_count': 5}",0.0
1675,alhamdulillah barang sudah sampai dan bagus banget ngak nyesel deh beli barang ini,5,0,alhamdulillah barang sudah sampai dan bagus banget ngak nyesel deh beli barang ini,Real,1.0,0.0,"{'contradiction': 0, 'template_language': 0, 'excessive_emotion': 0, 'gibberish_spam': 0, 'word_count': 13}",0.0
1676,terimakasih paket nya sudah tiba dengan baik dan dapat diskon dengan harga murah berpungsi dengan baik,5,0,terimakasih paket nya sudah tiba dengan baik dan dapat diskon dengan harga murah berpungsi dengan ba...,Real,1.0,0.0,"{'contradiction': 0, 'template_language': 0, 'excessive_emotion': 0, 'gibberish_spam': 0, 'word_count': 16}",0.0
1677,bagus bgt sumpah ampe temen juga kepengen pada mau beli😂😂😂😂🥰🥰🥰🥰❤❤👍👍👍 moga awetttt🤲🤲🤲,5,0,bagus bgt sumpah ampe temen juga kepengen pada mau beli😂😂😂😂🥰🥰🥰🥰❤❤👍👍👍 moga awetttt🤲🤲🤲,Fake,0.95,7.35,"{'contradiction': 0, 'template_language': 0, 'excessive_emotion': 1, 'gibberish_spam': 1, 'word_count': 12}",0.784
1678,"paket tiba dengan kemasan rapi dan aman, tidak ada kerusakan yang terlihat. pengiriman juga tepat waktu, sesuai dengan estimasi yang diberikan. semua item lengkap sesuai...",5,0,"paket tiba dengan kemasan rapi dan aman, tidak ada kerusakan yang terlihat. pengiriman juga tepat wa...",Real,1.0,0.0,"{'contradiction': 0, 'template_language': 0, 'excessive_emotion': 0, 'gibberish_spam': 0, 'word_count': 25}",0.0
1679,"bagus, original. berfungsi dengan baik. enak buat cukur, hasil bersih",5,0,"bagus, original. berfungsi dengan baik. enak buat cukur, hasil bersih",Real,1.0,0.0,"{'contradiction': 0, 'template_language': 0, 'excessive_emotion': 0, 'gibberish_spam': 0, 'word_count': 10}",0.0
1680,"berfungsi dengan baik, namun masih terdapat bintik2 hitam dari jenggotnya., cocok dipakai daily or travel",5,0,"berfungsi dengan baik, namun masih terdapat bintik2 hitam dari jenggotnya., cocok dipakai daily or t...",Real,1.0,0.0,"{'contradiction': 0, 'template_language': 0, 'excessive_emotion': 0, 'gibberish_spam': 0, 'word_count': 15}",0.0
1681,alhamdulillah barang sampai dengan selamat. untuk harga segitu kualitas barang tidak perlu diragukan. hasil cukuran bersih. gak melukai kulit pula. bahan juga bagus. berk...,5,0,alhamdulillah barang sampai dengan selamat. untuk harga segitu kualitas barang tidak perlu diragukan...,Real,1.0,0.0,"{'contradiction': 0, 'template_language': 0, 'excessive_emotion': 0, 'gibberish_spam': 0, 'word_count': 24}",0.0
1682,"sesuai gbr n keterangannya. pengemasan sip, kurir jg baik",5,0,"sesuai gbr n keterangannya. pengemasan sip, kurir jg baik",Real,1.0,0.0,"{'contradiction': 0, 'template_language': 0, 'excessive_emotion': 0, 'gibberish_spam': 0, 'word_count': 9}",0.0
1683,"sumpah tangerang ke lampung nyebrang cuma sehari doang. tokonya sat set prosesnya cepet, berfungsi dengan baik langsung gw gunakan di setiap harinya. packing aman pokonya...",5,0,"sumpah tangerang ke lampung nyebrang cuma sehari doang. tokonya sat set prosesnya cepet, berfungsi d...",Real,1.0,0.0,"{'contradiction': 0, 'template_language': 0, 'excessive_emotion': 0, 'gibberish_spam': 0, 'word_count': 25}",0.0
1684,"masa pakai baterai: tahan awet sekalee mantap performa: cepat pangkas jadi kumis mulus pokok nya mantap sekali, kemarin sempat ragu mungkin hanya halu saja. tpi stelah db...",5,0,masa pakai baterai: tahan awet sekalee mantap performa: cepat pangkas jadi kumis mulus pokok nya man...,Real,1.0,0.0,"{'contradiction': 0, 'template_language': 0, 'excessive_emotion': 0, 'gibberish_spam': 0, 'word_count': 27}",0.0
1685,kualitas bagus sesuai iklan bahan juga terlihat sangat premium,5,0,kualitas bagus sesuai iklan bahan juga terlihat sangat premium,Real,1.0,0.0,"{'contradiction': 0, 'template_language': 0, 'excessive_emotion': 0, 'gibberish_spam': 0, 'word_count': 9}",0.0
1686,"seller responsif, packing aman, barang bagus mulus",5,0,"seller responsif, packing aman, barang bagus mulus",Real,1.0,0.0,"{'contradiction': 0, 'template_language': 0, 'excessive_emotion': 0, 'gibberish_spam': 0, 'word_count': 7}",0.0
1687,"responsif, on time, kemasan baik, barang tersegel ..",5,1,"responsif, on time, kemasan baik, barang tersegel ..",Real,1.0,0.0,"{'contradiction': 0, 'template_language': 0, 'excessive_emotion': 0, 'gibberish_spam': 0, 'word_count': 8}",0.0
1688,"premium banget dr segi bahannya, barang kecil mudah di bawa2 cocok untuk keperluan mendadak",5,0,"premium banget dr segi bahannya, barang kecil mudah di bawa2 cocok untuk keperluan mendadak",Real,1.0,0.0,"{'contradiction': 0, 'template_language': 0, 'excessive_emotion': 0, 'gibberish_spam': 0, 'word_count': 14}",0.0
1689,"terimakasih barang pesanan saya sudah sampai, cepat, kurir ramah terimakasih untuk toko dan kurir nya, sesuai dengan iklan nya, blom di coba semoga awet, berfungsi dengan...",5,0,"terimakasih barang pesanan saya sudah sampai, cepat, kurir ramah terimakasih untuk toko dan kurir ny...",Fake,0.815,4.29,"{'contradiction': 1, 'template_language': 0, 'excessive_emotion': 0, 'gibberish_spam': 0, 'word_count': 26}",0.43
1690,"barang berfungsi dengan baik, cuman ada minus di karet penutup lubang charger karena tidak menutup lubangnya dengan rapat",4,0,"barang berfungsi dengan baik, cuman ada minus di karet penutup lubang charger karena tidak menutup l...",Real,1.0,0.0,"{'contradiction': 0, 'template_language': 0, 'excessive_emotion': 0, 'gibberish_spam': 0, 'word_count': 18}",0.0
1691,"shaver sudah berfungsi dengan baik, memang kalau dari sangat dekat masih tetap lebih bersih pakai pisau silet, tapi overall k8 ini luar biasa.",5,0,"shaver sudah berfungsi dengan baik, memang kalau dari sangat dekat masih tetap lebih bersih pakai pi...",Real,1.0,0.0,"{'contradiction': 0, 'template_language': 0, 'excessive_emotion': 0, 'gibberish_spam': 0, 'word_count': 23}",0.0
1692,"easy to use banget sih ini, cuman ini dipake buat kumis/jenggot yang rambutnya masih pendek. kalo yang udah mulai panjang bisa sih cuma berasa sakit nanti",5,1,"easy to use banget sih ini, cuman ini dipake buat kumis/jenggot yang rambutnya masih pendek. kalo ya...",Real,1.0,0.0,"{'contradiction': 0, 'template_language': 0, 'excessive_emotion': 0, 'gibberish_spam': 0, 'word_count': 26}",0.0
1693,"kurang bersih hasilnya, tetep lebih rapi hair clipper biasa. terus kalo nyukur jenggot dan kumis dari panjang malah kaya ditarik. ada perih perihnya. tetep cuma emang dip...",4,0,"kurang bersih hasilnya, tetep lebih rapi hair clipper biasa. terus kalo nyukur jenggot dan kumis dar...",Real,0.8,2.0,"{'contradiction': 0, 'template_language': 0, 'excessive_emotion': 0, 'gibberish_spam': 0, 'word_count': 27}",0.0
1694,"sudah tiba, dan mantap.. pengiriman cepat dan sesuai estimasi, kurir jg sudah langganan",5,0,"sudah tiba, dan mantap.. pengiriman cepat dan sesuai estimasi, kurir jg sudah langganan",Real,1.0,0.0,"{'contradiction': 0, 'template_language': 0, 'excessive_emotion': 0, 'gibberish_spam': 0, 'word_count': 13}",0.0
1695,barang bagus pengiriman aman,5,1,barang bagus pengiriman aman,Real,0.9,1.0,"{'contradiction': 0, 'template_language': 0, 'excessive_emotion': 0, 'gibberish_spam': 0, 'word_count': 4}",0.0
1696,"bagus banget, tiba2 banget pas dibuka kemasannya nyala panik donk karna gak ada tombol on off wkwkwk maklum baru pertama x hahahahahaha",5,0,"bagus banget, tiba2 banget pas dibuka kemasannya nyala panik donk karna gak ada tombol on off wkwkwk...",Fake,0.915,6.3,"{'contradiction': 0, 'template_language': 0, 'excessive_emotion': 0, 'gibberish_spam': 1, 'word_count': 22}",0.434
1697,"produk sesuai deskripsi, build quality nya baik, packing baik, semoga awet.",5,0,"produk sesuai deskripsi, build quality nya baik, packing baik, semoga awet.",Fake,0.821,4.42,"{'contradiction': 1, 'template_language': 0, 'excessive_emotion': 0, 'gibberish_spam': 0, 'word_count': 11}",0.474
1698,masa pakai baterai: awet performa: berfungsi dengan semestinya,5,0,masa pakai baterai: awet performa: berfungsi dengan semestinya,Real,1.0,0.0,"{'contradiction': 0, 'template_language': 0, 'excessive_emotion': 0, 'gibberish_spam': 0, 'word_count': 8}",0.0
1699,"barang nya bagus pengiriman pun cepat tapi bonus pencukur hidungnya tidak ada, saya tertarik karena klo pesan di link itu ada bonus pencukur hidung nya, agak kecewa sedik...",5,0,"barang nya bagus pengiriman pun cepat tapi bonus pencukur hidungnya tidak ada, saya tertarik karena ...",Real,0.8,2.0,"{'contradiction': 0, 'template_language': 0, 'excessive_emotion': 0, 'gibberish_spam': 0, 'word_count': 28}",0.0
1700,"barang pengiriman cepat, seller fast response, sudah dicoba berfungsi dengan baik",5,1,"barang pengiriman cepat, seller fast response, sudah dicoba berfungsi dengan baik",Real,0.85,1.5,"{'contradiction': 0, 'template_language': 0, 'excessive_emotion': 0, 'gibberish_spam': 0, 'word_count': 11}",0.0
1701,"saya sudah pakai pisau cukur ini selama 2 bulan dan sangat puas. pisau cukurnya tajam, bikin kulit halus tanpa iritasi. fitur waterproof-nya juga sangat berguna untuk men...",5,0,"saya sudah pakai pisau cukur ini selama 2 bulan dan sangat puas. pisau cukurnya tajam, bikin kulit h...",Real,1.0,0.0,"{'contradiction': 0, 'template_language': 0, 'excessive_emotion': 0, 'gibberish_spam': 0, 'word_count': 27}",0.0
1702,"design simpel tapi elegan. build quality bagus, feel megangnya juga enak. dan yg pasti fungsional. overall, good news.",5,0,"design simpel tapi elegan. build quality bagus, feel megangnya juga enak. dan yg pasti fungsional. o...",Real,1.0,0.0,"{'contradiction': 0, 'template_language': 0, 'excessive_emotion': 0, 'gibberish_spam': 0, 'word_count': 18}",0.0
1703,performa: bagus masa pakai baterai: kut tahan lama,5,0,performa: bagus masa pakai baterai: kut tahan lama,Real,1.0,0.0,"{'contradiction': 0, 'template_language': 0, 'excessive_emotion': 0, 'gibberish_spam': 0, 'word_count': 8}",0.0
1704,"suka banget sama produk ini, tidak sakit sama sekali, malah tidak kerasa,, kulit jadi mulus tanpa bulu,, pokoknya worth it banget,, gw akan beli lagi sihh",5,0,"suka banget sama produk ini, tidak sakit sama sekali, malah tidak kerasa,, kulit jadi mulus tanpa bu...",Real,1.0,0.0,"{'contradiction': 0, 'template_language': 0, 'excessive_emotion': 0, 'gibberish_spam': 0, 'word_count': 26}",0.0
1705,"gampang di pakai, power sesuai, proses cleaning juga bersih & simple.",5,0,"gampang di pakai, power sesuai, proses cleaning juga bersih & simple.",Real,1.0,0.0,"{'contradiction': 0, 'template_language': 0, 'excessive_emotion': 0, 'gibberish_spam': 0, 'word_count': 11}",0.0
1706,barang bagus berfungsi dengan baik hasil bersih,5,0,barang bagus berfungsi dengan baik hasil bersih,Real,1.0,0.0,"{'contradiction': 0, 'template_language': 0, 'excessive_emotion': 0, 'gibberish_spam': 0, 'word_count': 7}",0.0
1707,"barang sesuai dan qualitas nya bagus, seller nya juga ramah dan responsif.",5,0,"barang sesuai dan qualitas nya bagus, seller nya juga ramah dan responsif.",Real,1.0,0.0,"{'contradiction': 0, 'template_language': 0, 'excessive_emotion': 0, 'gibberish_spam': 0, 'word_count': 12}",0.0
1708,"paket udah ada di tangan, paking ny mewah, real pict, semoga awet",5,0,"paket udah ada di tangan, paking ny mewah, real pict, semoga awet",Fake,0.798,3.96,"{'contradiction': 1, 'template_language': 0, 'excessive_emotion': 0, 'gibberish_spam': 0, 'word_count': 12}",0.32
1709,"barang ok datang dengan selamat moga awet, tp ganti harga peso yg baru mahal",4,0,"barang ok datang dengan selamat moga awet, tp ganti harga peso yg baru mahal",Real,1.0,0.0,"{'contradiction': 0, 'template_language': 0, 'excessive_emotion': 0, 'gibberish_spam': 0, 'word_count': 14}",0.0
1710,"pengiriman fastrespon cepat banget,produk ori tidak mengecewakan,mantap",5,0,"pengiriman fastrespon cepat banget,produk ori tidak mengecewakan,mantap",Real,0.8,2.0,"{'contradiction': 0, 'template_language': 0, 'excessive_emotion': 0, 'gibberish_spam': 0, 'word_count': 7}",0.0
1711,"cakep, bahannya dri plastik atom, meskipun gitu build quality nya kokoh dan cukup berat, buat harga 150k ini udh bagus banget",5,1,"cakep, bahannya dri plastik atom, meskipun gitu build quality nya kokoh dan cukup berat, buat harga ...",Real,1.0,0.0,"{'contradiction': 0, 'template_language': 0, 'excessive_emotion': 0, 'gibberish_spam': 0, 'word_count': 21}",0.0
1712,"barang sampai dengan selamat, packing aman, barang berfungsi dengan baik, hasil memang sesuai sama harga nya tapi cukup lahh... mantapp",5,0,"barang sampai dengan selamat, packing aman, barang berfungsi dengan baik, hasil memang sesuai sama h...",Real,1.0,0.0,"{'contradiction': 0, 'template_language': 0, 'excessive_emotion': 0, 'gibberish_spam': 0, 'word_count': 20}",0.0
1713,"lumayan lama sih barang sampai nya, barang nya bagus",5,0,"lumayan lama sih barang sampai nya, barang nya bagus",Real,1.0,0.0,"{'contradiction': 0, 'template_language': 0, 'excessive_emotion': 0, 'gibberish_spam': 0, 'word_count': 9}",0.0
1714,"pengiriman cepat dan aman untuk barangnya lumayan standar aja sih gak yang wow banget tapi gak jelek juga, mengingat harganya yang terjangkau ini boleh dicoba",5,0,pengiriman cepat dan aman untuk barangnya lumayan standar aja sih gak yang wow banget tapi gak jelek...,Real,1.0,0.0,"{'contradiction': 0, 'template_language': 0, 'excessive_emotion': 0, 'gibberish_spam': 0, 'word_count': 25}",0.0
1715,"mantap.. respon proses pengiriman cepat.. packaging aman, kualitas bagus.. semoga awet..",5,0,"mantap.. respon proses pengiriman cepat.. packaging aman, kualitas bagus.. semoga awet..",Fake,0.81,4.21,"{'contradiction': 1, 'template_language': 0, 'excessive_emotion': 0, 'gibberish_spam': 0, 'word_count': 11}",0.402
1716,"barangnya bagus banget dan berfungsi normal, pengiriman jg cepet",5,0,"barangnya bagus banget dan berfungsi normal, pengiriman jg cepet",Real,1.0,0.0,"{'contradiction': 0, 'template_language': 0, 'excessive_emotion': 0, 'gibberish_spam': 0, 'word_count': 9}",0.0
1717,"kotak masih segel, model juga keren dan mewah, kurir nya ramah dan baik",5,0,"kotak masih segel, model juga keren dan mewah, kurir nya ramah dan baik",Real,1.0,0.0,"{'contradiction': 0, 'template_language': 0, 'excessive_emotion': 0, 'gibberish_spam': 0, 'word_count': 13}",0.0
1718,masa pakai baterai: lama menarik & elegan performa: bagus,5,0,masa pakai baterai: lama menarik & elegan performa: bagus,Real,1.0,0.0,"{'contradiction': 0, 'template_language': 0, 'excessive_emotion': 0, 'gibberish_spam': 0, 'word_count': 9}",0.0
1719,"barang bagus, berfungsi dengan baik & normal. semoga awet. tq enchen. 😁",5,0,"barang bagus, berfungsi dengan baik & normal. semoga awet. tq enchen. 😁",Fake,0.816,4.32,"{'contradiction': 1, 'template_language': 0, 'excessive_emotion': 0, 'gibberish_spam': 0, 'word_count': 12}",0.439
1720,"barang bagus, berfungsi dengan baik, dan packing rapi 👍🏼",5,1,"barang bagus, berfungsi dengan baik, dan packing rapi 👍🏼",Real,1.0,0.0,"{'contradiction': 0, 'template_language': 0, 'excessive_emotion': 0, 'gibberish_spam': 0, 'word_count': 9}",0.0
1721,"mantap ini barangnya, langsung mulus bagian kumis dan jenggot",5,0,"mantap ini barangnya, langsung mulus bagian kumis dan jenggot",Real,1.0,0.0,"{'contradiction': 0, 'template_language': 0, 'excessive_emotion': 0, 'gibberish_spam': 0, 'word_count': 9}",0.0
1722,sesuai dengan deskripsi dan original juga sangat mudah digunakan juga,5,0,sesuai dengan deskripsi dan original juga sangat mudah digunakan juga,Real,1.0,0.0,"{'contradiction': 0, 'template_language': 0, 'excessive_emotion': 0, 'gibberish_spam': 0, 'word_count': 10}",0.0
1723,kren dan kemasan pengiriman nya rapi dan bagus jd 100℅ barang tidak rusak,5,0,kren dan kemasan pengiriman nya rapi dan bagus jd 100℅ barang tidak rusak,Real,1.0,0.0,"{'contradiction': 0, 'template_language': 0, 'excessive_emotion': 0, 'gibberish_spam': 0, 'word_count': 13}",0.0
1724,cukuran keren. rekomen bentuk compact dan mesin kenceng,5,0,cukuran keren. rekomen bentuk compact dan mesin kenceng,Real,1.0,0.0,"{'contradiction': 0, 'template_language': 0, 'excessive_emotion': 0, 'gibberish_spam': 0, 'word_count': 8}",0.0
1725,"mantap barang udah sampe dengan selamat, respon penjual sangat cepat dan ramah, packing rapi dan aman reccomended seller.....",5,0,"mantap barang udah sampe dengan selamat, respon penjual sangat cepat dan ramah, packing rapi dan ama...",Fake,0.91,6.21,"{'contradiction': 0, 'template_language': 0, 'excessive_emotion': 0, 'gibberish_spam': 1, 'word_count': 18}",0.402
1726,performa: bagus sekali. bahan kokoh kuat,4,0,performa: bagus sekali. bahan kokoh kuat,Real,1.0,0.0,"{'contradiction': 0, 'template_language': 0, 'excessive_emotion': 0, 'gibberish_spam': 0, 'word_count': 6}",0.0
1727,"barangnya mendarat dengan mulus,barang 👍",5,0,"barangnya mendarat dengan mulus,barang 👍",Real,0.9,1.0,"{'contradiction': 0, 'template_language': 0, 'excessive_emotion': 0, 'gibberish_spam': 0, 'word_count': 5}",0.0
1728,masa pakai baterai: bagus mantap,5,0,masa pakai baterai: bagus mantap,Real,0.9,1.0,"{'contradiction': 0, 'template_language': 0, 'excessive_emotion': 0, 'gibberish_spam': 0, 'word_count': 5}",0.0
1729,tampilannya mewah dan bagus dan berfungsi ketika dihidupkan.belum dicoba karena belum dicoba ama suami,5,0,tampilannya mewah dan bagus dan berfungsi ketika dihidupkan.belum dicoba karena belum dicoba ama sua...,Fake,0.805,4.1,"{'contradiction': 1, 'template_language': 0, 'excessive_emotion': 0, 'gibberish_spam': 0, 'word_count': 14}",0.367
1730,"pesanan sesuai deskripsi, nyaman dipakai pengiriman cepat",5,0,"pesanan sesuai deskripsi, nyaman dipakai pengiriman cepat",Real,1.0,0.0,"{'contradiction': 0, 'template_language': 0, 'excessive_emotion': 0, 'gibberish_spam': 0, 'word_count': 7}",0.0
1731,"produk original, build quality nya bagus terimakasih",5,0,"produk original, build quality nya bagus terimakasih",Fake,0.755,3.11,"{'contradiction': 0, 'template_language': 1, 'excessive_emotion': 0, 'gibberish_spam': 0, 'word_count': 7}",0.368
1732,"barang berfungsi dengan normal, mantap",5,0,"barang berfungsi dengan normal, mantap",Real,0.9,1.0,"{'contradiction': 0, 'template_language': 0, 'excessive_emotion': 0, 'gibberish_spam': 0, 'word_count': 5}",0.0
1733,"kemasan rapi dan aman. dikirkm cepat. produk sesuai pesanan. sudah dicoba : mudah dipake, aman di kulit muka. semoga awet.",5,0,"kemasan rapi dan aman. dikirkm cepat. produk sesuai pesanan. sudah dicoba : mudah dipake, aman di ku...",Fake,0.806,4.13,"{'contradiction': 1, 'template_language': 0, 'excessive_emotion': 0, 'gibberish_spam': 0, 'word_count': 20}",0.377
1734,"kualitas sesuai harga, msh terasa krg tajam/kulit tertarik. overall ok.",5,2,"kualitas sesuai harga, msh terasa krg tajam/kulit tertarik. overall ok.",Real,1.0,0.0,"{'contradiction': 0, 'template_language': 0, 'excessive_emotion': 0, 'gibberish_spam': 0, 'word_count': 10}",0.0
1735,barang sesuai dengan gambar pengiriman cepat barang berfungsi dengan baik,5,0,barang sesuai dengan gambar pengiriman cepat barang berfungsi dengan baik,Real,1.0,0.0,"{'contradiction': 0, 'template_language': 0, 'excessive_emotion': 0, 'gibberish_spam': 0, 'word_count': 10}",0.0
1736,"performa baik, masih tahap coba thanks ya",5,0,"performa baik, masih tahap coba thanks ya",Real,1.0,0.0,"{'contradiction': 0, 'template_language': 0, 'excessive_emotion': 0, 'gibberish_spam': 0, 'word_count': 7}",0.0
1737,barang original harga murah... respon cepat... pengiriman kurir rekomendasi tokopedia nggak rekomendasi,5,1,barang original harga murah... respon cepat... pengiriman kurir rekomendasi tokopedia nggak rekomend...,Real,1.0,0.0,"{'contradiction': 0, 'template_language': 0, 'excessive_emotion': 0, 'gibberish_spam': 0, 'word_count': 12}",0.0
1738,pake aman dan rapih. berfungsi dengan baik serta sampaj repat waktu.,5,0,pake aman dan rapih. berfungsi dengan baik serta sampaj repat waktu.,Real,1.0,0.0,"{'contradiction': 0, 'template_language': 0, 'excessive_emotion': 0, 'gibberish_spam': 0, 'word_count': 11}",0.0
1739,masa pakai baterai: belum di pakai semoga tahan lama performa: bagus,5,0,masa pakai baterai: belum di pakai semoga tahan lama performa: bagus,Fake,0.812,4.23,"{'contradiction': 1, 'template_language': 0, 'excessive_emotion': 0, 'gibberish_spam': 0, 'word_count': 11}",0.412
1740,barang sesuai pesanan dan barang berfungsi dengan baik,5,0,barang sesuai pesanan dan barang berfungsi dengan baik,Real,1.0,0.0,"{'contradiction': 0, 'template_language': 0, 'excessive_emotion': 0, 'gibberish_spam': 0, 'word_count': 8}",0.0
1741,cukuran untuk kumis dan jenggot pendek berfungsi dengan baik,5,0,cukuran untuk kumis dan jenggot pendek berfungsi dengan baik,Real,1.0,0.0,"{'contradiction': 0, 'template_language': 0, 'excessive_emotion': 0, 'gibberish_spam': 0, 'word_count': 9}",0.0
1742,"mantap banget ini. bentuknya compact. mata pisau tajem bisa pas di semua lekukan wajah. dan plusnya, bisa sebersih itu.",5,0,"mantap banget ini. bentuknya compact. mata pisau tajem bisa pas di semua lekukan wajah. dan plusnya,...",Real,1.0,0.0,"{'contradiction': 0, 'template_language': 0, 'excessive_emotion': 0, 'gibberish_spam': 0, 'word_count': 19}",0.0
1743,"respon penjual sangat baik, pengiriman cepat, barang datang sesuai pesanan dlm keadaan aman 👍 (sudah dipakai berulang x dan bagus)",5,0,"respon penjual sangat baik, pengiriman cepat, barang datang sesuai pesanan dlm keadaan aman 👍 (sudah...",Real,1.0,0.0,"{'contradiction': 0, 'template_language': 0, 'excessive_emotion': 0, 'gibberish_spam': 0, 'word_count': 20}",0.0
1744,"barang berfungsi dengan baik,kualitas nya bagus mudah mudahan awet",5,0,"barang berfungsi dengan baik,kualitas nya bagus mudah mudahan awet",Real,1.0,0.0,"{'contradiction': 0, 'template_language': 0, 'excessive_emotion': 0, 'gibberish_spam': 0, 'word_count': 9}",0.0
1745,"mantap, barang datang cepet bgt, barang juga berfungsi sempurna, pokoknya top deh",5,0,"mantap, barang datang cepet bgt, barang juga berfungsi sempurna, pokoknya top deh",Real,1.0,0.0,"{'contradiction': 0, 'template_language': 0, 'excessive_emotion': 0, 'gibberish_spam': 0, 'word_count': 12}",0.0
1746,pesanan tiba lebih cepat dari estimasi. barang berfungsi dengan baik. kurir ramah & baik. terimakasih seller.,5,0,pesanan tiba lebih cepat dari estimasi. barang berfungsi dengan baik. kurir ramah & baik. terimakasi...,Real,1.0,0.0,"{'contradiction': 0, 'template_language': 0, 'excessive_emotion': 0, 'gibberish_spam': 0, 'word_count': 16}",0.0
1747,"barang sesuai deskripsi, respon penjual cepat, mantap",5,0,"barang sesuai deskripsi, respon penjual cepat, mantap",Real,1.0,0.0,"{'contradiction': 0, 'template_language': 0, 'excessive_emotion': 0, 'gibberish_spam': 0, 'word_count': 7}",0.0
1748,"tajam, rapih seperti paki pisau cukur biasa",5,0,"tajam, rapih seperti paki pisau cukur biasa",Real,1.0,0.0,"{'contradiction': 0, 'template_language': 0, 'excessive_emotion': 0, 'gibberish_spam': 0, 'word_count': 7}",0.0
1749,masa pakai baterai: belum tau performa: bagus banget,5,0,masa pakai baterai: belum tau performa: bagus banget,Real,1.0,0.0,"{'contradiction': 0, 'template_language': 0, 'excessive_emotion': 0, 'gibberish_spam': 0, 'word_count': 8}",0.0
1750,"sesuai deskripsi, proses cepat, packing baik, semoga awet",5,0,"sesuai deskripsi, proses cepat, packing baik, semoga awet",Fake,0.82,4.39,"{'contradiction': 1, 'template_language': 0, 'excessive_emotion': 0, 'gibberish_spam': 0, 'word_count': 8}",0.464
1751,barang sesuai deskripsi. penjual responsif.,5,0,barang sesuai deskripsi. penjual responsif.,Real,0.9,1.0,"{'contradiction': 0, 'template_language': 0, 'excessive_emotion': 0, 'gibberish_spam': 0, 'word_count': 5}",0.0
1752,packaging bagus. barang sampai dengan aman. pisau tajam. build quality nya mantap digenggaman,5,0,packaging bagus. barang sampai dengan aman. pisau tajam. build quality nya mantap digenggaman,Real,1.0,0.0,"{'contradiction': 0, 'template_language': 0, 'excessive_emotion': 0, 'gibberish_spam': 0, 'word_count': 13}",0.0
1753,"packaging oke, barang sesuai deskripsi, model keren, sudah dicoba, hasilnya cukupbaguss.. terima kasih",5,0,"packaging oke, barang sesuai deskripsi, model keren, sudah dicoba, hasilnya cukupbaguss.. terima kas...",Real,1.0,0.0,"{'contradiction': 0, 'template_language': 0, 'excessive_emotion': 0, 'gibberish_spam': 0, 'word_count': 13}",0.0
1754,"barangnya sangat rekomended, respon dari sellernya jg cepat banget.. rekomended deh pokoknya",5,0,"barangnya sangat rekomended, respon dari sellernya jg cepat banget.. rekomended deh pokoknya",Real,1.0,0.0,"{'contradiction': 0, 'template_language': 0, 'excessive_emotion': 0, 'gibberish_spam': 0, 'word_count': 12}",0.0
1755,sudah di tes berfungsi dan dicoba di charge ok,5,0,sudah di tes berfungsi dan dicoba di charge ok,Real,1.0,0.0,"{'contradiction': 0, 'template_language': 0, 'excessive_emotion': 0, 'gibberish_spam': 0, 'word_count': 9}",0.0
1756,"barang tiba dg aman & selamat di tangan konsumen. kualitasnya bagus,mudah & nyaman dipakai. aku suka. yg bikin kerennya lagi,barang tiba dg cepat di kota bdg,pdhl...",5,0,"barang tiba dg aman & selamat di tangan konsumen. kualitasnya bagus,mudah & nyaman dipakai. aku suka...",Real,1.0,0.0,"{'contradiction': 0, 'template_language': 0, 'excessive_emotion': 0, 'gibberish_spam': 0, 'word_count': 26}",0.0
1757,"barang bagus, pengiriman juga cepat, pelayanan toko juga bagus, terimakasih ya",5,1,"barang bagus, pengiriman juga cepat, pelayanan toko juga bagus, terimakasih ya",Real,1.0,0.0,"{'contradiction': 0, 'template_language': 0, 'excessive_emotion': 0, 'gibberish_spam': 0, 'word_count': 11}",0.0
1758,"barang sampai tujuan dengan aman, berfungsi dengan baik dan panduannya mudah di pahami. semoga awet. terima kasih",5,0,"barang sampai tujuan dengan aman, berfungsi dengan baik dan panduannya mudah di pahami. semoga awet....",Fake,0.813,4.25,"{'contradiction': 1, 'template_language': 0, 'excessive_emotion': 0, 'gibberish_spam': 0, 'word_count': 17}",0.417
1759,"brg bagus, seller gercep kirim nya, brg berfungsi dg baik",5,1,"brg bagus, seller gercep kirim nya, brg berfungsi dg baik",Real,1.0,0.0,"{'contradiction': 0, 'template_language': 0, 'excessive_emotion': 0, 'gibberish_spam': 0, 'word_count': 10}",0.0
1760,"simple, ringan dan bersih mencukur. gak sia-sia membeli enchen",5,0,"simple, ringan dan bersih mencukur. gak sia-sia membeli enchen",Real,1.0,0.0,"{'contradiction': 0, 'template_language': 0, 'excessive_emotion': 0, 'gibberish_spam': 0, 'word_count': 9}",0.0
1761,produk sesuai pesanan dan berfungsi baik..,5,1,produk sesuai pesanan dan berfungsi baik..,Real,1.0,0.0,"{'contradiction': 0, 'template_language': 0, 'excessive_emotion': 0, 'gibberish_spam': 0, 'word_count': 6}",0.0
1762,"no komplain , datangnya cepet cuma 2 hari",5,0,"no komplain , datangnya cepet cuma 2 hari",Real,1.0,0.0,"{'contradiction': 0, 'template_language': 0, 'excessive_emotion': 0, 'gibberish_spam': 0, 'word_count': 8}",0.0
1763,hasil cukur bagus pas pertama pakai kaget belum terbiasa lama2 nyaman,5,0,hasil cukur bagus pas pertama pakai kaget belum terbiasa lama2 nyaman,Real,1.0,0.0,"{'contradiction': 0, 'template_language': 0, 'excessive_emotion': 0, 'gibberish_spam': 0, 'word_count': 11}",0.0
1764,"bagus sekali, saya suka, tajam n hasil cukurnya sangat bersih",5,0,"bagus sekali, saya suka, tajam n hasil cukurnya sangat bersih",Real,1.0,0.0,"{'contradiction': 0, 'template_language': 0, 'excessive_emotion': 0, 'gibberish_spam': 0, 'word_count': 10}",0.0
1765,"mantap sihh barang ga ada lecet, pengiriman cepat",5,0,"mantap sihh barang ga ada lecet, pengiriman cepat",Real,1.0,0.0,"{'contradiction': 0, 'template_language': 0, 'excessive_emotion': 0, 'gibberish_spam': 0, 'word_count': 8}",0.0
1766,beli pas harga murah dari barang bagus sangat beruntung sekali hehehe. semoga awet,5,0,beli pas harga murah dari barang bagus sangat beruntung sekali hehehe. semoga awet,Fake,0.804,4.08,"{'contradiction': 1, 'template_language': 0, 'excessive_emotion': 0, 'gibberish_spam': 0, 'word_count': 13}",0.359
1767,"pesen di hari sabtu pagi, minggu sore udah sampe bandung. top seller, top jnt juga. thanks! barang memuaskan",5,0,"pesen di hari sabtu pagi, minggu sore udah sampe bandung. top seller, top jnt juga. thanks! barang m...",Real,0.85,1.5,"{'contradiction': 0, 'template_language': 0, 'excessive_emotion': 0, 'gibberish_spam': 0, 'word_count': 18}",0.0
1768,berfungsi dengan baik. semoga awet. model keren. harga ga mahal. design bagus. br kali ini punya shaver. jd ga bisa bandingkan,5,0,berfungsi dengan baik. semoga awet. model keren. harga ga mahal. design bagus. br kali ini punya sha...,Fake,0.806,4.13,"{'contradiction': 1, 'template_language': 0, 'excessive_emotion': 0, 'gibberish_spam': 0, 'word_count': 21}",0.375
1769,paket nya kami sudah terima datang sangat tepat waktu..produkx yg dtng sesuai dng di iklannya,4,0,paket nya kami sudah terima datang sangat tepat waktu..produkx yg dtng sesuai dng di iklannya,Real,1.0,0.0,"{'contradiction': 0, 'template_language': 0, 'excessive_emotion': 0, 'gibberish_spam': 0, 'word_count': 15}",0.0
1770,barang bagus. sesuai. dipake langsung ganteng,5,0,barang bagus. sesuai. dipake langsung ganteng,Real,1.0,0.0,"{'contradiction': 0, 'template_language': 0, 'excessive_emotion': 0, 'gibberish_spam': 0, 'word_count': 6}",0.0
1771,"bagus, tapi pas dtg boxnya rusak🥲",5,0,"bagus, tapi pas dtg boxnya rusak🥲",Real,1.0,0.0,"{'contradiction': 0, 'template_language': 0, 'excessive_emotion': 0, 'gibberish_spam': 0, 'word_count': 6}",0.0
1772,"recomended banget, barang bagus, tajam design bagus, okelah, respon pelapak cepat dan barang cepat sampai",5,0,"recomended banget, barang bagus, tajam design bagus, okelah, respon pelapak cepat dan barang cepat s...",Fake,0.759,3.18,"{'contradiction': 0, 'template_language': 1, 'excessive_emotion': 0, 'gibberish_spam': 0, 'word_count': 15}",0.394
1773,"barang sesuai dan nyala, terimakasih banyak, packing kerdus nya juga premium",5,0,"barang sesuai dan nyala, terimakasih banyak, packing kerdus nya juga premium",Real,1.0,0.0,"{'contradiction': 0, 'template_language': 0, 'excessive_emotion': 0, 'gibberish_spam': 0, 'word_count': 11}",0.0
1774,"sangat rapi, dan cepat pengiriman, barangnya ok berfungsi dg baik, thanks",5,0,"sangat rapi, dan cepat pengiriman, barangnya ok berfungsi dg baik, thanks",Real,1.0,0.0,"{'contradiction': 0, 'template_language': 0, 'excessive_emotion': 0, 'gibberish_spam': 0, 'word_count': 11}",0.0
1775,"barang sudah sampai,produk ""oke"" sesuai deskripsi. hasil cukurannya bersih dan halus,mudah² alat nya awet. seller nya ramah,tks tokped",5,1,"barang sudah sampai,produk ""oke"" sesuai deskripsi. hasil cukurannya bersih dan halus,mudah² alat nya...",Real,1.0,0.0,"{'contradiction': 0, 'template_language': 0, 'excessive_emotion': 0, 'gibberish_spam': 0, 'word_count': 18}",0.0
1776,dipakainya enak dan efektif..kualitas bagus baterainya awet,5,1,dipakainya enak dan efektif..kualitas bagus baterainya awet,Real,1.0,0.0,"{'contradiction': 0, 'template_language': 0, 'excessive_emotion': 0, 'gibberish_spam': 0, 'word_count': 7}",0.0
1777,"performa: terima kasih pengiriman barang cepat dan dalam keadaan baik,kualitas barang bagus tapi belum dicoba ,mudah-mudahan bagus dan awet.",5,0,"performa: terima kasih pengiriman barang cepat dan dalam keadaan baik,kualitas barang bagus tapi bel...",Fake,0.821,4.42,"{'contradiction': 1, 'template_language': 0, 'excessive_emotion': 0, 'gibberish_spam': 0, 'word_count': 19}",0.473
1778,"barang sudah di terima dengan baik dan sesuai deskripsi. respon penjual dan pengiriman cepat, harga murah.",5,0,"barang sudah di terima dengan baik dan sesuai deskripsi. respon penjual dan pengiriman cepat, harga ...",Real,1.0,0.0,"{'contradiction': 0, 'template_language': 0, 'excessive_emotion': 0, 'gibberish_spam': 0, 'word_count': 16}",0.0
1779,barang sudah sampai produk sesuai pesanan kualitas baik bagus 👍,5,0,barang sudah sampai produk sesuai pesanan kualitas baik bagus 👍,Real,1.0,0.0,"{'contradiction': 0, 'template_language': 0, 'excessive_emotion': 0, 'gibberish_spam': 0, 'word_count': 10}",0.0
1780,"mantabb barangnya berfungsi dengan baik,thanks ya",5,1,"mantabb barangnya berfungsi dengan baik,thanks ya",Real,1.0,0.0,"{'contradiction': 0, 'template_language': 0, 'excessive_emotion': 0, 'gibberish_spam': 0, 'word_count': 6}",0.0
1781,"barangnya mantap banget udah anti air, penjualnya juga gercep polll👍👍👍👍👍",5,0,"barangnya mantap banget udah anti air, penjualnya juga gercep polll👍👍👍👍👍",Fake,0.918,6.37,"{'contradiction': 0, 'template_language': 0, 'excessive_emotion': 1, 'gibberish_spam': 1, 'word_count': 10}",0.457
1782,paket nya dah smp seler nya amanah maksih kurir nya ramah,5,0,paket nya dah smp seler nya amanah maksih kurir nya ramah,Real,1.0,0.0,"{'contradiction': 0, 'template_language': 0, 'excessive_emotion': 0, 'gibberish_spam': 0, 'word_count': 11}",0.0
1783,"masa pakai baterai: yang sangat lama,mantaaap😘",5,0,"masa pakai baterai: yang sangat lama,mantaaap😘",Real,1.0,0.0,"{'contradiction': 0, 'template_language': 0, 'excessive_emotion': 0, 'gibberish_spam': 0, 'word_count': 6}",0.0
1784,"mantap, sesuai deskripsi dan barang bekerja dg baik",5,1,"mantap, sesuai deskripsi dan barang bekerja dg baik",Real,1.0,0.0,"{'contradiction': 0, 'template_language': 0, 'excessive_emotion': 0, 'gibberish_spam': 0, 'word_count': 8}",0.0
1785,untuk barang saya puas tapi tidak dengan ekspedisi. barang sudah sampai di ekspedisi pagi tapi baru diantar sore. saya sudah chat dengan penjual bahwa mau dipakai barangn...,4,0,untuk barang saya puas tapi tidak dengan ekspedisi. barang sudah sampai di ekspedisi pagi tapi baru ...,Real,1.0,0.0,"{'contradiction': 0, 'template_language': 0, 'excessive_emotion': 0, 'gibberish_spam': 0, 'word_count': 27}",0.0
1786,"berfungsi dgn baik, packingan rapi",5,0,"berfungsi dgn baik, packingan rapi",Real,0.9,1.0,"{'contradiction': 0, 'template_language': 0, 'excessive_emotion': 0, 'gibberish_spam': 0, 'word_count': 5}",0.0
1787,emang simple dan bagus banget👍👍👍 ga perlu nunggu lama buat cukuran lagi,5,0,emang simple dan bagus banget👍👍👍 ga perlu nunggu lama buat cukuran lagi,Real,1.0,0.0,"{'contradiction': 0, 'template_language': 0, 'excessive_emotion': 1, 'gibberish_spam': 0, 'word_count': 12}",0.0
1788,"produk sangat recommended, mantap buat cukus kumir dan cukut jenggor",5,0,"produk sangat recommended, mantap buat cukus kumir dan cukut jenggor",Real,1.0,0.0,"{'contradiction': 0, 'template_language': 0, 'excessive_emotion': 0, 'gibberish_spam': 0, 'word_count': 10}",0.0
1789,"sampe dengan box yg aman, packing amang banget dan berfungsi dengan baik",5,0,"sampe dengan box yg aman, packing amang banget dan berfungsi dengan baik",Real,1.0,0.0,"{'contradiction': 0, 'template_language': 0, 'excessive_emotion': 0, 'gibberish_spam': 0, 'word_count': 12}",0.0
1790,"paket terbungkus rapi, lumayan cepat sampai, barangnya lengkap dan oke.. terimakasih..",5,0,"paket terbungkus rapi, lumayan cepat sampai, barangnya lengkap dan oke.. terimakasih..",Real,1.0,0.0,"{'contradiction': 0, 'template_language': 0, 'excessive_emotion': 0, 'gibberish_spam': 0, 'word_count': 11}",0.0
1791,"untuk shaver seharga ini lumayan lah ya, memang masih ada sisa bulunya dikit",4,0,"untuk shaver seharga ini lumayan lah ya, memang masih ada sisa bulunya dikit",Real,1.0,0.0,"{'contradiction': 0, 'template_language': 0, 'excessive_emotion': 0, 'gibberish_spam': 0, 'word_count': 13}",0.0
1792,"barang berfungsi dengan jelas, datang dengan cepat",5,0,"barang berfungsi dengan jelas, datang dengan cepat",Real,1.0,0.0,"{'contradiction': 0, 'template_language': 0, 'excessive_emotion': 0, 'gibberish_spam': 0, 'word_count': 7}",0.0
1793,"pengiriman cepet, barang sesuai, pengemasan oke",5,0,"pengiriman cepet, barang sesuai, pengemasan oke",Real,1.0,0.0,"{'contradiction': 0, 'template_language': 0, 'excessive_emotion': 0, 'gibberish_spam': 0, 'word_count': 6}",0.0
1794,"mantap barang berfungsi dngn baik, smoga awet 🙏",5,0,"mantap barang berfungsi dngn baik, smoga awet 🙏",Real,1.0,0.0,"{'contradiction': 0, 'template_language': 0, 'excessive_emotion': 0, 'gibberish_spam': 0, 'word_count': 8}",0.0
1795,"ketajaman yang sesuai, good quality, sesuai",5,4,"ketajaman yang sesuai, good quality, sesuai",Real,1.0,0.0,"{'contradiction': 0, 'template_language': 0, 'excessive_emotion': 0, 'gibberish_spam': 0, 'word_count': 6}",0.0
1796,"barang sesuai spek , sudah di test dikulit nyaman dan aman , mantap",5,0,"barang sesuai spek , sudah di test dikulit nyaman dan aman , mantap",Real,1.0,0.0,"{'contradiction': 0, 'template_language': 0, 'excessive_emotion': 0, 'gibberish_spam': 0, 'word_count': 13}",0.0
1797,"barang recommended bagus n mantap, mewah pengiriman cepat sangat sesuai keinginan",5,0,"barang recommended bagus n mantap, mewah pengiriman cepat sangat sesuai keinginan",Real,1.0,0.0,"{'contradiction': 0, 'template_language': 0, 'excessive_emotion': 0, 'gibberish_spam': 0, 'word_count': 11}",0.0
1798,"biarkan bintang yg berbicara abangku pokoknya brangnya keren habis puaskan bangettttt yg bikin salfok gue adalah dusnya, pokoknya mantap jgn ragu beli yang k8 ini.. makas...",5,0,biarkan bintang yg berbicara abangku pokoknya brangnya keren habis puaskan bangettttt yg bikin salfo...,Fake,0.906,6.13,"{'contradiction': 0, 'template_language': 0, 'excessive_emotion': 0, 'gibberish_spam': 1, 'word_count': 26}",0.376
1799,"lumayan bagus,tapi mata tumpul,tidak terlalu tajam",1,0,"lumayan bagus,tapi mata tumpul,tidak terlalu tajam",Real,1.0,0.0,"{'contradiction': 0, 'template_language': 0, 'excessive_emotion': 0, 'gibberish_spam': 0, 'word_count': 6}",0.0
1800,"barang sesuai di foto, pengiriman cepat dan aman",5,0,"barang sesuai di foto, pengiriman cepat dan aman",Real,1.0,0.0,"{'contradiction': 0, 'template_language': 0, 'excessive_emotion': 0, 'gibberish_spam': 0, 'word_count': 8}",0.0
1801,barang bagus. shaver nya berfungsi maksimal,5,0,barang bagus. shaver nya berfungsi maksimal,Real,1.0,0.0,"{'contradiction': 0, 'template_language': 0, 'excessive_emotion': 0, 'gibberish_spam': 0, 'word_count': 6}",0.0
1802,"here is the fifth official ascendance of a bookworm fanbook, intended to be read after finishing part 5 volume 3. includes end cards from the anime, coverage of another d...",5,0,"here is the fifth official ascendance of a bookworm fanbook, intended to be read after finishing par...",Real,1.0,0.0,"{'contradiction': 0, 'template_language': 0, 'excessive_emotion': 0, 'gibberish_spam': 0, 'word_count': 30}",0.0
1803,"sudah dicoba, berfungsi baik. semoga barangnya awet.. terima kasih..",5,0,"sudah dicoba, berfungsi baik. semoga barangnya awet.. terima kasih..",Real,1.0,0.0,"{'contradiction': 0, 'template_language': 0, 'excessive_emotion': 0, 'gibberish_spam': 0, 'word_count': 9}",0.0
1804,sesuai deskripsi..material produk baik,4,0,sesuai deskripsi..material produk baik,Real,0.9,1.0,"{'contradiction': 0, 'template_language': 0, 'excessive_emotion': 0, 'gibberish_spam': 0, 'word_count': 4}",0.0
1805,"barang sesuai pesanan, packing nya bagus, pengiriman cepat.. blm dicoba tp semoga bagusss.. good",5,0,"barang sesuai pesanan, packing nya bagus, pengiriman cepat.. blm dicoba tp semoga bagusss.. good",Real,1.0,0.0,"{'contradiction': 0, 'template_language': 0, 'excessive_emotion': 0, 'gibberish_spam': 0, 'word_count': 14}",0.0
1806,"simple banget pakainya, harga relatif murah, pengiriman cepat, recommend bgt",5,0,"simple banget pakainya, harga relatif murah, pengiriman cepat, recommend bgt",Real,1.0,0.0,"{'contradiction': 0, 'template_language': 0, 'excessive_emotion': 0, 'gibberish_spam': 0, 'word_count': 10}",0.0
1807,barang sesuai pekingan rapi dan aman,4,0,barang sesuai pekingan rapi dan aman,Real,1.0,0.0,"{'contradiction': 0, 'template_language': 0, 'excessive_emotion': 0, 'gibberish_spam': 0, 'word_count': 6}",0.0
1808,"service cepet bgt, pengiriman cepat, produknya sejauh ini bagus",5,0,"service cepet bgt, pengiriman cepat, produknya sejauh ini bagus",Real,1.0,0.0,"{'contradiction': 0, 'template_language': 0, 'excessive_emotion': 0, 'gibberish_spam': 0, 'word_count': 9}",0.0
1809,barang bisa dipakai buat cukur kumis dengan cukup baik.,4,0,barang bisa dipakai buat cukur kumis dengan cukup baik.,Real,1.0,0.0,"{'contradiction': 0, 'template_language': 0, 'excessive_emotion': 0, 'gibberish_spam': 0, 'word_count': 9}",0.0
1810,"pengiriman cepat, pengemasan bagus gak ada penyok semoga awet... terima kasih seller",5,0,"pengiriman cepat, pengemasan bagus gak ada penyok semoga awet... terima kasih seller",Fake,0.815,4.29,"{'contradiction': 1, 'template_language': 0, 'excessive_emotion': 0, 'gibberish_spam': 0, 'word_count': 12}",0.431
1811,"paket aman, cepat sampai, kualitas juara dan hasil shaving yang rwarbiasa. easy n safe to use. very recommended for buy!",5,1,"paket aman, cepat sampai, kualitas juara dan hasil shaving yang rwarbiasa. easy n safe to use. very ...",Real,1.0,0.0,"{'contradiction': 0, 'template_language': 0, 'excessive_emotion': 0, 'gibberish_spam': 0, 'word_count': 20}",0.0
1812,bagus berfungsi dengan baik . murah kerennnn.,5,0,bagus berfungsi dengan baik . murah kerennnn.,Fake,0.911,6.21,"{'contradiction': 0, 'template_language': 0, 'excessive_emotion': 0, 'gibberish_spam': 1, 'word_count': 7}",0.405
1813,pembelian ke2 berfungsi dengan baik 👍👍👍,5,0,pembelian ke2 berfungsi dengan baik 👍👍👍,Real,1.0,0.0,"{'contradiction': 0, 'template_language': 0, 'excessive_emotion': 1, 'gibberish_spam': 0, 'word_count': 6}",0.0
1814,"barang bagus sesuai pesanan ..packing rapi recomended bgt semoga awet ,toko amanah",5,0,"barang bagus sesuai pesanan ..packing rapi recomended bgt semoga awet ,toko amanah",Fake,0.809,4.18,"{'contradiction': 1, 'template_language': 0, 'excessive_emotion': 0, 'gibberish_spam': 0, 'word_count': 12}",0.392
1815,seger seger hasilnya lumayan rapih jadinya,5,0,seger seger hasilnya lumayan rapih jadinya,Real,1.0,0.0,"{'contradiction': 0, 'template_language': 0, 'excessive_emotion': 0, 'gibberish_spam': 0, 'word_count': 6}",0.0
1816,"produk aman, bisa digunakan,, terimakasih",5,0,"produk aman, bisa digunakan,, terimakasih",Real,0.9,1.0,"{'contradiction': 0, 'template_language': 0, 'excessive_emotion': 0, 'gibberish_spam': 0, 'word_count': 5}",0.0
1817,"barangnya bagua & berfungsi dengan baik, terimakasih",5,1,"barangnya bagua & berfungsi dengan baik, terimakasih",Real,1.0,0.0,"{'contradiction': 0, 'template_language': 0, 'excessive_emotion': 0, 'gibberish_spam': 0, 'word_count': 7}",0.0
1818,"barang sudah tiba di kediaman kami, pihak toko sangat respond, rekomended akan toko ini barang sesuai diskripsi",5,0,"barang sudah tiba di kediaman kami, pihak toko sangat respond, rekomended akan toko ini barang sesua...",Real,1.0,0.0,"{'contradiction': 0, 'template_language': 0, 'excessive_emotion': 0, 'gibberish_spam': 0, 'word_count': 17}",0.0
1819,"dikirimnya yg beardo 2, yg notabane harganya lebih murah. terlepas dr kelalaian saya tidak video unboxing tp murni ini adalah kesalahan seller yg salah kirim barang dan m...",1,12,"dikirimnya yg beardo 2, yg notabane harganya lebih murah. terlepas dr kelalaian saya tidak video unb...",Real,1.0,0.0,"{'contradiction': 0, 'template_language': 0, 'excessive_emotion': 0, 'gibberish_spam': 0, 'word_count': 28}",0.0
1820,mantap... mesin bekerja dengan baik.. thanks ya,5,0,mantap... mesin bekerja dengan baik.. thanks ya,Real,1.0,0.0,"{'contradiction': 0, 'template_language': 0, 'excessive_emotion': 0, 'gibberish_spam': 0, 'word_count': 7}",0.0
1821,peraaan beli nya pas live dapat yg pencukur kecil untuk di lobang hidup...ini gak dapat....kecewa x lah.....klo barang ini hidup dan bagus....,3,0,peraaan beli nya pas live dapat yg pencukur kecil untuk di lobang hidup...ini gak dapat....kecewa x ...,Fake,0.881,5.62,"{'contradiction': 0, 'template_language': 0, 'excessive_emotion': 0, 'gibberish_spam': 1, 'word_count': 22}",0.207
1822,"pengiriman cepat, real pict, packing rapi. recommended.",5,0,"pengiriman cepat, real pict, packing rapi. recommended.",Real,1.0,0.0,"{'contradiction': 0, 'template_language': 0, 'excessive_emotion': 0, 'gibberish_spam': 0, 'word_count': 7}",0.0
1823,barang diterima dengan baik dan sesuai dengan deskripsi produk,5,0,barang diterima dengan baik dan sesuai dengan deskripsi produk,Real,1.0,0.0,"{'contradiction': 0, 'template_language': 0, 'excessive_emotion': 0, 'gibberish_spam': 0, 'word_count': 9}",0.0
1824,"bagus, sudah di coba semoga aman",4,0,"bagus, sudah di coba semoga aman",Real,1.0,0.0,"{'contradiction': 0, 'template_language': 0, 'excessive_emotion': 0, 'gibberish_spam': 0, 'word_count': 6}",0.0
1825,"hasil potongannya bersih, model keren. pop up langsung greng.",5,2,"hasil potongannya bersih, model keren. pop up langsung greng.",Real,1.0,0.0,"{'contradiction': 0, 'template_language': 0, 'excessive_emotion': 0, 'gibberish_spam': 0, 'word_count': 9}",0.0
1826,sesuai pesanan mantap recommended seller,5,0,sesuai pesanan mantap recommended seller,Real,0.9,1.0,"{'contradiction': 0, 'template_language': 0, 'excessive_emotion': 0, 'gibberish_spam': 0, 'word_count': 5}",0.0
1827,"packingan rapi dan tersegel. ini pesanan ke 2, semoga awet seperti pesanan yg pertama",5,1,"packingan rapi dan tersegel. ini pesanan ke 2, semoga awet seperti pesanan yg pertama",Fake,0.811,4.22,"{'contradiction': 1, 'template_language': 0, 'excessive_emotion': 0, 'gibberish_spam': 0, 'word_count': 14}",0.406
1828,barang bagus sesuai discripsi tajam juga,5,0,barang bagus sesuai discripsi tajam juga,Real,1.0,0.0,"{'contradiction': 0, 'template_language': 0, 'excessive_emotion': 0, 'gibberish_spam': 0, 'word_count': 6}",0.0
1829,"produknya ok kecil , pakainya mudah, semoga tahan lama",5,0,"produknya ok kecil , pakainya mudah, semoga tahan lama",Fake,0.809,4.17,"{'contradiction': 1, 'template_language': 0, 'excessive_emotion': 0, 'gibberish_spam': 0, 'word_count': 9}",0.39
1830,"bagus, estetik, keren, tahan air rekomen bangett",5,0,"bagus, estetik, keren, tahan air rekomen bangett",Real,1.0,0.0,"{'contradiction': 0, 'template_language': 0, 'excessive_emotion': 0, 'gibberish_spam': 0, 'word_count': 7}",0.0
1831,tidak ada alat ntuk potong bulu hidungnya,5,0,tidak ada alat ntuk potong bulu hidungnya,Real,1.0,0.0,"{'contradiction': 0, 'template_language': 0, 'excessive_emotion': 0, 'gibberish_spam': 0, 'word_count': 7}",0.0
1832,"alhamdulillah, berfungsi dengan baik..",5,1,"alhamdulillah, berfungsi dengan baik..",Real,0.9,1.0,"{'contradiction': 0, 'template_language': 0, 'excessive_emotion': 0, 'gibberish_spam': 0, 'word_count': 4}",0.0
1833,"barangnya sampai dengan selamat, dan packingannya juga rapi.",5,1,"barangnya sampai dengan selamat, dan packingannya juga rapi.",Real,1.0,0.0,"{'contradiction': 0, 'template_language': 0, 'excessive_emotion': 0, 'gibberish_spam': 0, 'word_count': 8}",0.0
1834,"praktis bisa dibawa kemana-mana dan cukup tajam, semoga awet",5,0,"praktis bisa dibawa kemana-mana dan cukup tajam, semoga awet",Fake,0.817,4.35,"{'contradiction': 1, 'template_language': 0, 'excessive_emotion': 0, 'gibberish_spam': 0, 'word_count': 9}",0.448
1835,"packagingnya wah gila, rapi banget. udh kayak barang eksklusif aja. kualitasnya juga oke 👍🏻",5,0,"packagingnya wah gila, rapi banget. udh kayak barang eksklusif aja. kualitasnya juga oke 👍🏻",Real,1.0,0.0,"{'contradiction': 0, 'template_language': 0, 'excessive_emotion': 0, 'gibberish_spam': 0, 'word_count': 14}",0.0
1836,"design bagus, harga terjangkau, terima kasih.",5,0,"design bagus, harga terjangkau, terima kasih.",Fake,0.764,3.28,"{'contradiction': 0, 'template_language': 1, 'excessive_emotion': 0, 'gibberish_spam': 0, 'word_count': 6}",0.425
1837,barang sudah di terima ..mohon maaf tidak ada di lokasi penerima ..mudah2an aman aman saja barang nya tdk bisa unboxing video,5,0,barang sudah di terima ..mohon maaf tidak ada di lokasi penerima ..mudah2an aman aman saja barang ny...,Real,1.0,0.0,"{'contradiction': 0, 'template_language': 0, 'excessive_emotion': 0, 'gibberish_spam': 0, 'word_count': 21}",0.0
1838,"alhamdulillah paket suda sampai, cuman kyknya k8 yg ini lebih ringan dari yg pertama sya beli... smoga pemakaiannya awet dan masi sama kyak yg pertama saya beli",4,0,"alhamdulillah paket suda sampai, cuman kyknya k8 yg ini lebih ringan dari yg pertama sya beli... smo...",Real,1.0,0.0,"{'contradiction': 0, 'template_language': 0, 'excessive_emotion': 0, 'gibberish_spam': 0, 'word_count': 27}",0.0
1839,sudah sampai dengan selamat dan berfungsi dengan baik. semoga awet. tq seller,5,0,sudah sampai dengan selamat dan berfungsi dengan baik. semoga awet. tq seller,Fake,0.803,4.07,"{'contradiction': 1, 'template_language': 0, 'excessive_emotion': 0, 'gibberish_spam': 0, 'word_count': 12}",0.355
1840,bagus banget bisa bersih buat cukur jenggot,5,0,bagus banget bisa bersih buat cukur jenggot,Real,1.0,0.0,"{'contradiction': 0, 'template_language': 0, 'excessive_emotion': 0, 'gibberish_spam': 0, 'word_count': 7}",0.0
1841,"datang langsung pake, dan hasilnya mantap",5,0,"datang langsung pake, dan hasilnya mantap",Real,1.0,0.0,"{'contradiction': 0, 'template_language': 0, 'excessive_emotion': 0, 'gibberish_spam': 0, 'word_count': 6}",0.0
1842,"jadilah daripada gak ya kan, he he he he he",5,0,"jadilah daripada gak ya kan, he he he he he",Real,1.0,0.0,"{'contradiction': 0, 'template_language': 0, 'excessive_emotion': 0, 'gibberish_spam': 0, 'word_count': 10}",0.0
1843,overall okelah cmn ya gimana ya habis nyukur perih,4,1,overall okelah cmn ya gimana ya habis nyukur perih,Real,1.0,0.0,"{'contradiction': 0, 'template_language': 0, 'excessive_emotion': 0, 'gibberish_spam': 0, 'word_count': 9}",0.0
1844,"barang sampai dengan selamat, barang bagus semoga awet. sudah dicoba dan bersih untuk mencukur janggut dan kumis. hasil sangat halus, terimakasih",5,0,"barang sampai dengan selamat, barang bagus semoga awet. sudah dicoba dan bersih untuk mencukur jangg...",Fake,0.802,4.05,"{'contradiction': 1, 'template_language': 0, 'excessive_emotion': 0, 'gibberish_spam': 0, 'word_count': 21}",0.349
1845,kereen siih barang nya. packing nya juga exlusive. semoga awet barang nya,5,0,kereen siih barang nya. packing nya juga exlusive. semoga awet barang nya,Fake,0.801,4.01,"{'contradiction': 1, 'template_language': 0, 'excessive_emotion': 0, 'gibberish_spam': 0, 'word_count': 12}",0.337
1846,performa: terima kasih beneran alat cukur k8 yang bagus dan bermanfaat siapapun yang beli tidak akan kecewa,5,0,performa: terima kasih beneran alat cukur k8 yang bagus dan bermanfaat siapapun yang beli tidak akan...,Real,0.8,2.0,"{'contradiction': 0, 'template_language': 0, 'excessive_emotion': 0, 'gibberish_spam': 0, 'word_count': 17}",0.0
1847,brh sdh sampai diterima. tapi kenapa ngga dapat bonus pembersih bulu hidung. kemaren waktu pesan kata nyandapat bous pembersih buhu hidung,5,0,brh sdh sampai diterima. tapi kenapa ngga dapat bonus pembersih bulu hidung. kemaren waktu pesan kat...,Real,1.0,0.0,"{'contradiction': 0, 'template_language': 0, 'excessive_emotion': 0, 'gibberish_spam': 0, 'word_count': 21}",0.0
1848,kualitas terbaik..barang sesuai deskripsi..,5,1,kualitas terbaik..barang sesuai deskripsi..,Real,0.9,1.0,"{'contradiction': 0, 'template_language': 0, 'excessive_emotion': 0, 'gibberish_spam': 0, 'word_count': 4}",0.0
1849,sampai dengan selamat... pengiriman jg ya lumayanlah... seleranya jg ramah.. terimakasih.. mudahan awet...,5,1,sampai dengan selamat... pengiriman jg ya lumayanlah... seleranya jg ramah.. terimakasih.. mudahan a...,Real,1.0,0.0,"{'contradiction': 0, 'template_language': 0, 'excessive_emotion': 0, 'gibberish_spam': 0, 'word_count': 13}",0.0
1850,"terima kasih min,barang sudah sampai dengan selamat,barang bagus sesuai diskripsi",5,0,"terima kasih min,barang sudah sampai dengan selamat,barang bagus sesuai diskripsi",Real,1.0,0.0,"{'contradiction': 0, 'template_language': 0, 'excessive_emotion': 0, 'gibberish_spam': 0, 'word_count': 10}",0.0
1851,gilaaa sih baru coba pertama kali shaver ini smooth dan hasilnya wajah jd halus,5,2,gilaaa sih baru coba pertama kali shaver ini smooth dan hasilnya wajah jd halus,Real,1.0,0.0,"{'contradiction': 0, 'template_language': 0, 'excessive_emotion': 0, 'gibberish_spam': 0, 'word_count': 14}",0.0
1852,"bagus sesuai deskripsi, semoga tahan lama",5,0,"bagus sesuai deskripsi, semoga tahan lama",Fake,0.824,4.47,"{'contradiction': 1, 'template_language': 0, 'excessive_emotion': 0, 'gibberish_spam': 0, 'word_count': 6}",0.491
1853,recomended seller.. terima kasih seller dan kurir ya.. performa: ok,5,0,recomended seller.. terima kasih seller dan kurir ya.. performa: ok,Real,1.0,0.0,"{'contradiction': 0, 'template_language': 0, 'excessive_emotion': 0, 'gibberish_spam': 0, 'word_count': 10}",0.0
1854,"pesanan yg ke 2x produk bagus, sesuai pesanan 👍👍👍",5,0,"pesanan yg ke 2x produk bagus, sesuai pesanan 👍👍👍",Real,1.0,0.0,"{'contradiction': 0, 'template_language': 0, 'excessive_emotion': 1, 'gibberish_spam': 0, 'word_count': 9}",0.0
1855,"barang ny bagus , seller reponsif ... rekomended 👍🏻",5,0,"barang ny bagus , seller reponsif ... rekomended 👍🏻",Real,1.0,0.0,"{'contradiction': 0, 'template_language': 0, 'excessive_emotion': 0, 'gibberish_spam': 0, 'word_count': 9}",0.0
1856,msh tersegel dan ini untuk orderan yg ke 2 dengan varian yg baru...,5,0,msh tersegel dan ini untuk orderan yg ke 2 dengan varian yg baru...,Real,1.0,0.0,"{'contradiction': 0, 'template_language': 0, 'excessive_emotion': 0, 'gibberish_spam': 0, 'word_count': 13}",0.0
1857,performa: bagus dan tahan lama,5,0,performa: bagus dan tahan lama,Real,0.9,1.0,"{'contradiction': 0, 'template_language': 0, 'excessive_emotion': 0, 'gibberish_spam': 0, 'word_count': 5}",0.0
1858,"smoga tahan 3 taunan lah ya, hanupis banget nih kak udah bikin produk best value for money utk shaving, aku izin jump out ya kak huhu🖐️✊😆🖐️✊",5,0,"smoga tahan 3 taunan lah ya, hanupis banget nih kak udah bikin produk best value for money utk shavi...",Real,1.0,0.0,"{'contradiction': 0, 'template_language': 0, 'excessive_emotion': 0, 'gibberish_spam': 0, 'word_count': 26}",0.0
1859,"mantaf gan rekomended tokonya,,packing rapi pengiriman cepat",5,0,"mantaf gan rekomended tokonya,,packing rapi pengiriman cepat",Real,1.0,0.0,"{'contradiction': 0, 'template_language': 0, 'excessive_emotion': 0, 'gibberish_spam': 0, 'word_count': 7}",0.0
1860,sudah saya terima sesuai berfungsi dengan baik,5,0,sudah saya terima sesuai berfungsi dengan baik,Real,1.0,0.0,"{'contradiction': 0, 'template_language': 0, 'excessive_emotion': 0, 'gibberish_spam': 0, 'word_count': 7}",0.0
1861,"sesuai deskripsi,praktis,mudah dibawah kemana2",5,2,"sesuai deskripsi,praktis,mudah dibawah kemana2",Real,0.9,1.0,"{'contradiction': 0, 'template_language': 0, 'excessive_emotion': 0, 'gibberish_spam': 0, 'word_count': 4}",0.0
1862,mantap produknya. sudah di coba dan oke banget. mudah2an bisa tahan lama. toko recomended lah.,5,1,mantap produknya. sudah di coba dan oke banget. mudah2an bisa tahan lama. toko recomended lah.,Real,1.0,0.0,"{'contradiction': 0, 'template_language': 0, 'excessive_emotion': 0, 'gibberish_spam': 0, 'word_count': 15}",0.0
1863,mantap barang nya tapi pisau cukur nya dtg terlambat egk sekalian sama mesin cukur nya,5,0,mantap barang nya tapi pisau cukur nya dtg terlambat egk sekalian sama mesin cukur nya,Real,1.0,0.0,"{'contradiction': 0, 'template_language': 0, 'excessive_emotion': 0, 'gibberish_spam': 0, 'word_count': 15}",0.0
1864,barang mantap .. sesaui harapan dan tidak mengecewakan,5,0,barang mantap .. sesaui harapan dan tidak mengecewakan,Real,0.8,2.0,"{'contradiction': 0, 'template_language': 0, 'excessive_emotion': 0, 'gibberish_spam': 0, 'word_count': 8}",0.0
1865,"barang nya bagus dan sesuai yg di harapkan, semoga awet,terimakasih",5,1,"barang nya bagus dan sesuai yg di harapkan, semoga awet,terimakasih",Fake,0.808,4.16,"{'contradiction': 1, 'template_language': 0, 'excessive_emotion': 0, 'gibberish_spam': 0, 'word_count': 10}",0.388
1866,workit bangett gk lebih hakus dari mesin ragum umumnya,5,0,workit bangett gk lebih hakus dari mesin ragum umumnya,Real,1.0,0.0,"{'contradiction': 0, 'template_language': 0, 'excessive_emotion': 0, 'gibberish_spam': 0, 'word_count': 9}",0.0
1867,"barang sesuai, packing aman, semoga awet",5,0,"barang sesuai, packing aman, semoga awet",Fake,0.815,4.3,"{'contradiction': 1, 'template_language': 0, 'excessive_emotion': 0, 'gibberish_spam': 0, 'word_count': 6}",0.434
1868,packing rapi tepat waktu barang bagus,5,0,packing rapi tepat waktu barang bagus,Real,1.0,0.0,"{'contradiction': 0, 'template_language': 0, 'excessive_emotion': 0, 'gibberish_spam': 0, 'word_count': 6}",0.0
1869,"overall baik, thanks min semoga awettt. klo bisa produksi pisau nya juga min.",5,0,"overall baik, thanks min semoga awettt. klo bisa produksi pisau nya juga min.",Fake,0.809,4.19,"{'contradiction': 1, 'template_language': 0, 'excessive_emotion': 0, 'gibberish_spam': 0, 'word_count': 13}",0.396
1870,"terima kasih alat cukur electric nya sudah sampai walaupun agak telat sampainya,tetapi sudah saya pergunakan dan hasil cukurannya memuaskan👍👍👍😁",5,0,"terima kasih alat cukur electric nya sudah sampai walaupun agak telat sampainya,tetapi sudah saya pe...",Real,1.0,0.0,"{'contradiction': 0, 'template_language': 0, 'excessive_emotion': 1, 'gibberish_spam': 0, 'word_count': 19}",0.0
1871,"alhamdulillah... paket nya sudah saya terima. barang mantap, sesuai iklan dan datangnya cepat, ndk rugi mantap barang nya terimakasih bos kuh semoga usaha lancar.........",5,0,"alhamdulillah... paket nya sudah saya terima. barang mantap, sesuai iklan dan datangnya cepat, ndk r...",Fake,0.905,6.1,"{'contradiction': 0, 'template_language': 0, 'excessive_emotion': 0, 'gibberish_spam': 1, 'word_count': 24}",0.368
1872,beneran enak simple dan praktis...,5,0,beneran enak simple dan praktis...,Real,0.9,1.0,"{'contradiction': 0, 'template_language': 0, 'excessive_emotion': 0, 'gibberish_spam': 0, 'word_count': 5}",0.0
1873,semoga awet dan aman tidak meninggalkan bekas cukur,5,1,semoga awet dan aman tidak meninggalkan bekas cukur,Fake,0.803,4.06,"{'contradiction': 1, 'template_language': 0, 'excessive_emotion': 0, 'gibberish_spam': 0, 'word_count': 8}",0.354
1874,overall okay. good. not great.,4,0,overall okay. good. not great.,Real,0.9,1.0,"{'contradiction': 0, 'template_language': 0, 'excessive_emotion': 0, 'gibberish_spam': 0, 'word_count': 5}",0.0
1875,"sangat bagus dan elegan, pkoknya g ada kawan, sesuai aa yg sy ingin kan",5,0,"sangat bagus dan elegan, pkoknya g ada kawan, sesuai aa yg sy ingin kan",Real,1.0,0.0,"{'contradiction': 0, 'template_language': 0, 'excessive_emotion': 0, 'gibberish_spam': 0, 'word_count': 14}",0.0
1876,performa: sangat rekomendasi,5,0,performa: sangat rekomendasi,Real,0.9,1.0,"{'contradiction': 0, 'template_language': 0, 'excessive_emotion': 0, 'gibberish_spam': 0, 'word_count': 3}",0.0
1877,brg bermasalah dipengiriman akhirnya sampai juga,4,0,brg bermasalah dipengiriman akhirnya sampai juga,Real,1.0,0.0,"{'contradiction': 0, 'template_language': 0, 'excessive_emotion': 0, 'gibberish_spam': 0, 'word_count': 6}",0.0
1878,produk sesuai deskripsi dan semoga awet.,5,0,produk sesuai deskripsi dan semoga awet.,Fake,0.824,4.47,"{'contradiction': 1, 'template_language': 0, 'excessive_emotion': 0, 'gibberish_spam': 0, 'word_count': 6}",0.491
1879,berfungsi sesuai yang di promosikan 👍🏻,5,0,berfungsi sesuai yang di promosikan 👍🏻,Real,1.0,0.0,"{'contradiction': 0, 'template_language': 0, 'excessive_emotion': 0, 'gibberish_spam': 0, 'word_count': 6}",0.0
1880,"mantep banget min, nyampenya jga cpet banget. gacor🔛🔝",5,0,"mantep banget min, nyampenya jga cpet banget. gacor🔛🔝",Real,1.0,0.0,"{'contradiction': 0, 'template_language': 0, 'excessive_emotion': 0, 'gibberish_spam': 0, 'word_count': 8}",0.0
1881,pengiriman cepat. bungkusnya rapih. barangnya sesuai.,5,0,pengiriman cepat. bungkusnya rapih. barangnya sesuai.,Real,1.0,0.0,"{'contradiction': 0, 'template_language': 0, 'excessive_emotion': 0, 'gibberish_spam': 0, 'word_count': 6}",0.0
1882,terimakasih paketnya sudah sampai di rumah paking nya bagus semoga berfungsi sebagai mana mestinya,5,0,terimakasih paketnya sudah sampai di rumah paking nya bagus semoga berfungsi sebagai mana mestinya,Real,1.0,0.0,"{'contradiction': 0, 'template_language': 0, 'excessive_emotion': 0, 'gibberish_spam': 0, 'word_count': 14}",0.0
1883,maaf ya baru ksh review. soalnya dicoba dulu. baguuuus bgttt! bisa nyukur dgn simple. pengiriman cepat dan kondisi barang baik. terima kasih enchen,5,0,maaf ya baru ksh review. soalnya dicoba dulu. baguuuus bgttt! bisa nyukur dgn simple. pengiriman cep...,Fake,0.914,6.28,"{'contradiction': 0, 'template_language': 0, 'excessive_emotion': 0, 'gibberish_spam': 1, 'word_count': 23}",0.428
1884,"suka, belum di coba karna buat kado cowo aku, terimamasih seller",5,0,"suka, belum di coba karna buat kado cowo aku, terimamasih seller",Real,1.0,0.0,"{'contradiction': 0, 'template_language': 0, 'excessive_emotion': 0, 'gibberish_spam': 0, 'word_count': 11}",0.0
1885,suka bgt sma shaver nya.. praktis dan eye catching bg. temen pada nanya mereknya apa,5,0,suka bgt sma shaver nya.. praktis dan eye catching bg. temen pada nanya mereknya apa,Real,1.0,0.0,"{'contradiction': 0, 'template_language': 0, 'excessive_emotion': 0, 'gibberish_spam': 0, 'word_count': 15}",0.0
1886,mantap. barang sampai dengan selamat kurir ramah dan gercep banget sudah langganan paket packingan nya aman banget,5,0,mantap. barang sampai dengan selamat kurir ramah dan gercep banget sudah langganan paket packingan n...,Real,1.0,0.0,"{'contradiction': 0, 'template_language': 0, 'excessive_emotion': 0, 'gibberish_spam': 0, 'word_count': 17}",0.0
1887,"mohon maaf gak bintang 5, dikarenakan pengiriman kurir sangat mengecewakan, barang sdh dicoba berjalan dgn baik sesuai deksripsi dan semoga awet dipakainya",4,1,"mohon maaf gak bintang 5, dikarenakan pengiriman kurir sangat mengecewakan, barang sdh dicoba berjal...",Fake,0.936,6.72,"{'contradiction': 1, 'template_language': 0, 'excessive_emotion': 0, 'gibberish_spam': 0, 'word_count': 22}",0.572
1888,barangnya bagus ga ada kendala,4,0,barangnya bagus ga ada kendala,Real,0.9,1.0,"{'contradiction': 0, 'template_language': 0, 'excessive_emotion': 0, 'gibberish_spam': 0, 'word_count': 5}",0.0
1889,"barang sampai dengan selamat,bagus sesuai dengan yg di foto,yaman di pakai tdi",5,0,"barang sampai dengan selamat,bagus sesuai dengan yg di foto,yaman di pakai tdi",Real,1.0,0.0,"{'contradiction': 0, 'template_language': 0, 'excessive_emotion': 0, 'gibberish_spam': 0, 'word_count': 12}",0.0
1890,barang datang sesuai dengan pesanan packing rapi,5,0,barang datang sesuai dengan pesanan packing rapi,Real,1.0,0.0,"{'contradiction': 0, 'template_language': 0, 'excessive_emotion': 0, 'gibberish_spam': 0, 'word_count': 7}",0.0
1891,mantap sesuai deskripsi jos pokok nya tidak mngecewakan,5,0,mantap sesuai deskripsi jos pokok nya tidak mngecewakan,Real,1.0,0.0,"{'contradiction': 0, 'template_language': 0, 'excessive_emotion': 0, 'gibberish_spam': 0, 'word_count': 8}",0.0
1892,mantap sesuai pesanan kemasannya rapih maksih🙏🙏🙏,5,0,mantap sesuai pesanan kemasannya rapih maksih🙏🙏🙏,Real,1.0,0.0,"{'contradiction': 0, 'template_language': 0, 'excessive_emotion': 1, 'gibberish_spam': 0, 'word_count': 6}",0.0
1893,wow keren bangett. tampilan elite 👍👍👍,5,0,wow keren bangett. tampilan elite 👍👍👍,Real,1.0,0.0,"{'contradiction': 0, 'template_language': 0, 'excessive_emotion': 1, 'gibberish_spam': 0, 'word_count': 6}",0.0
1894,gak banyak komen intinya bagus👌,5,0,gak banyak komen intinya bagus👌,Real,0.9,1.0,"{'contradiction': 0, 'template_language': 0, 'excessive_emotion': 0, 'gibberish_spam': 0, 'word_count': 5}",0.0
1895,bagus sama kayak fotonya sudah,5,0,bagus sama kayak fotonya sudah,Real,0.9,1.0,"{'contradiction': 0, 'template_language': 0, 'excessive_emotion': 0, 'gibberish_spam': 0, 'word_count': 5}",0.0
1896,thank you barangnya bagus sesuai yang di video.,5,0,thank you barangnya bagus sesuai yang di video.,Real,1.0,0.0,"{'contradiction': 0, 'template_language': 0, 'excessive_emotion': 0, 'gibberish_spam': 0, 'word_count': 8}",0.0
1897,barang nya sangat bagus.. mantap.. 👍👍,5,0,barang nya sangat bagus.. mantap.. 👍👍,Real,1.0,0.0,"{'contradiction': 0, 'template_language': 0, 'excessive_emotion': 0, 'gibberish_spam': 0, 'word_count': 6}",0.0
1898,sangat rekomendasi seperti gambar,5,0,sangat rekomendasi seperti gambar,Real,0.9,1.0,"{'contradiction': 0, 'template_language': 0, 'excessive_emotion': 0, 'gibberish_spam': 0, 'word_count': 4}",0.0
1899,ok. mantap. sesuai,5,0,ok. mantap. sesuai,Real,0.9,1.0,"{'contradiction': 0, 'template_language': 0, 'excessive_emotion': 0, 'gibberish_spam': 0, 'word_count': 3}",0.0
1900,"alhamdulilla barang sudah sampai dengan cepat, pokoknya the best lah",5,1,"alhamdulilla barang sudah sampai dengan cepat, pokoknya the best lah",Real,1.0,0.0,"{'contradiction': 0, 'template_language': 0, 'excessive_emotion': 0, 'gibberish_spam': 0, 'word_count': 10}",0.0
1901,"mantap, blm dicoba. baru pertamakali pindah dari konvesional ke elektrik. mudah2 an cocok",5,0,"mantap, blm dicoba. baru pertamakali pindah dari konvesional ke elektrik. mudah2 an cocok",Real,1.0,0.0,"{'contradiction': 0, 'template_language': 0, 'excessive_emotion': 0, 'gibberish_spam': 0, 'word_count': 13}",0.0
1902,masa pakai baterai: awet performa: bagus,5,0,masa pakai baterai: awet performa: bagus,Real,1.0,0.0,"{'contradiction': 0, 'template_language': 0, 'excessive_emotion': 0, 'gibberish_spam': 0, 'word_count': 6}",0.0
1903,mendarat dengan sempurna.. barang nya juga bagus,5,0,mendarat dengan sempurna.. barang nya juga bagus,Real,1.0,0.0,"{'contradiction': 0, 'template_language': 0, 'excessive_emotion': 0, 'gibberish_spam': 0, 'word_count': 7}",0.0
1904,diterima dengan cepat dan baik. mudah2an awet dan ok... belum sempat dicoba..... terimakasih.... ...... ...,5,1,diterima dengan cepat dan baik. mudah2an awet dan ok... belum sempat dicoba..... terimakasih.... ......,Fake,0.911,6.22,"{'contradiction': 0, 'template_language': 0, 'excessive_emotion': 0, 'gibberish_spam': 1, 'word_count': 15}",0.408
1905,luar biasa bang cepat sekali baranya nyampe,5,0,luar biasa bang cepat sekali baranya nyampe,Real,1.0,0.0,"{'contradiction': 0, 'template_language': 0, 'excessive_emotion': 0, 'gibberish_spam': 0, 'word_count': 7}",0.0
1906,"terima kasih, barang telah diterima dengan baik.",5,0,"terima kasih, barang telah diterima dengan baik.",Real,1.0,0.0,"{'contradiction': 0, 'template_language': 0, 'excessive_emotion': 0, 'gibberish_spam': 0, 'word_count': 7}",0.0
1907,barang bagus respon penjual juga cepet,5,0,barang bagus respon penjual juga cepet,Real,1.0,0.0,"{'contradiction': 0, 'template_language': 0, 'excessive_emotion': 0, 'gibberish_spam': 0, 'word_count': 6}",0.0
1908,"built quality nya mantap,nyaman dipakai,",5,0,"built quality nya mantap,nyaman dipakai,",Real,0.9,1.0,"{'contradiction': 0, 'template_language': 0, 'excessive_emotion': 0, 'gibberish_spam': 0, 'word_count': 5}",0.0
1909,"mntp, kukira pencukur modelan gini g tajem ternyata tajem cuy jd mudah memotong bulu² kecil.",5,0,"mntp, kukira pencukur modelan gini g tajem ternyata tajem cuy jd mudah memotong bulu² kecil.",Real,1.0,0.0,"{'contradiction': 0, 'template_language': 0, 'excessive_emotion': 0, 'gibberish_spam': 0, 'word_count': 15}",0.0
1910,halus bngt suara dan engga berisik,5,0,halus bngt suara dan engga berisik,Real,1.0,0.0,"{'contradiction': 0, 'template_language': 0, 'excessive_emotion': 0, 'gibberish_spam': 0, 'word_count': 6}",0.0
1911,barang sesuai pesanan dan cepat sampai,5,0,barang sesuai pesanan dan cepat sampai,Real,1.0,0.0,"{'contradiction': 0, 'template_language': 0, 'excessive_emotion': 0, 'gibberish_spam': 0, 'word_count': 6}",0.0
1912,gila cepet banget sehari doang sampe,5,0,gila cepet banget sehari doang sampe,Real,1.0,0.0,"{'contradiction': 0, 'template_language': 0, 'excessive_emotion': 0, 'gibberish_spam': 0, 'word_count': 6}",0.0
1913,mantappp barang sesuai gambar dan kualitas josssssss,5,0,mantappp barang sesuai gambar dan kualitas josssssss,Fake,0.916,6.31,"{'contradiction': 0, 'template_language': 0, 'excessive_emotion': 0, 'gibberish_spam': 1, 'word_count': 7}",0.437
1914,pakenya udah sampi sesuai dengan pesan,5,0,pakenya udah sampi sesuai dengan pesan,Real,1.0,0.0,"{'contradiction': 0, 'template_language': 0, 'excessive_emotion': 0, 'gibberish_spam': 0, 'word_count': 6}",0.0
1915,good performance: nice battery life: good,5,0,good performance: nice battery life: good,Real,1.0,0.0,"{'contradiction': 0, 'template_language': 0, 'excessive_emotion': 0, 'gibberish_spam': 0, 'word_count': 6}",0.0
1916,barangnya sdh sampai bagus sesuai dgn gambar & videonya,5,0,barangnya sdh sampai bagus sesuai dgn gambar & videonya,Real,1.0,0.0,"{'contradiction': 0, 'template_language': 0, 'excessive_emotion': 0, 'gibberish_spam': 0, 'word_count': 9}",0.0
1917,manthab produk dan kemasannya.. sayangnya pickup kurirnya luamaaaaa,5,0,manthab produk dan kemasannya.. sayangnya pickup kurirnya luamaaaaa,Fake,0.921,6.42,"{'contradiction': 0, 'template_language': 0, 'excessive_emotion': 0, 'gibberish_spam': 1, 'word_count': 8}",0.472
1918,"produk nya bagus, berfungsi dengan baik",5,0,"produk nya bagus, berfungsi dengan baik",Real,1.0,0.0,"{'contradiction': 0, 'template_language': 0, 'excessive_emotion': 0, 'gibberish_spam': 0, 'word_count': 6}",0.0
1919,mantaap barangnya. toko amanah. kurir tanggung jawab,5,0,mantaap barangnya. toko amanah. kurir tanggung jawab,Real,1.0,0.0,"{'contradiction': 0, 'template_language': 0, 'excessive_emotion': 0, 'gibberish_spam': 0, 'word_count': 7}",0.0
1920,"bagus, mencukur hingga bersih dan halus",5,0,"bagus, mencukur hingga bersih dan halus",Real,1.0,0.0,"{'contradiction': 0, 'template_language': 0, 'excessive_emotion': 0, 'gibberish_spam': 0, 'word_count': 6}",0.0
1921,"pisau cukur tajam, mudah dibersihkan, semoga pisau nya awet selalu.",5,0,"pisau cukur tajam, mudah dibersihkan, semoga pisau nya awet selalu.",Real,1.0,0.0,"{'contradiction': 0, 'template_language': 0, 'excessive_emotion': 0, 'gibberish_spam': 0, 'word_count': 10}",0.0
1922,barang sudah sampai dah bisa di guna kan dengan baik,5,1,barang sudah sampai dah bisa di guna kan dengan baik,Real,1.0,0.0,"{'contradiction': 0, 'template_language': 0, 'excessive_emotion': 0, 'gibberish_spam': 0, 'word_count': 10}",0.0
1923,"kata buy 1 get 1 cukur bulu hidung,pas datang tidak ada 👎",2,0,"kata buy 1 get 1 cukur bulu hidung,pas datang tidak ada 👎",Real,1.0,0.0,"{'contradiction': 0, 'template_language': 0, 'excessive_emotion': 0, 'gibberish_spam': 0, 'word_count': 12}",0.0
1924,"saya baru pertama belanja di toko ini, tetapi pelayanannya luar biasa, kalau ada bintang 10 sdh sy kasih ini, mantap jiwa",5,0,"saya baru pertama belanja di toko ini, tetapi pelayanannya luar biasa, kalau ada bintang 10 sdh sy k...",Real,1.0,0.0,"{'contradiction': 0, 'template_language': 0, 'excessive_emotion': 0, 'gibberish_spam': 0, 'word_count': 21}",0.0
1925,baru di buka di pakai udah hancur lepas semua .. gimana masang nya coba 🥵,1,0,baru di buka di pakai udah hancur lepas semua .. gimana masang nya coba 🥵,Real,1.0,0.0,"{'contradiction': 0, 'template_language': 0, 'excessive_emotion': 0, 'gibberish_spam': 0, 'word_count': 15}",0.0
1926,pesanan sesuai. layanan memuaskan,5,0,pesanan sesuai. layanan memuaskan,Real,0.9,1.0,"{'contradiction': 0, 'template_language': 0, 'excessive_emotion': 0, 'gibberish_spam': 0, 'word_count': 4}",0.0
1927,"suda order yg ke 2 x , mesinnya sangat bagus....",5,0,"suda order yg ke 2 x , mesinnya sangat bagus....",Real,1.0,0.0,"{'contradiction': 0, 'template_language': 0, 'excessive_emotion': 0, 'gibberish_spam': 0, 'word_count': 10}",0.0
1928,"mantap dan respect dengan kurir beserta pengiriman estimasinya,ngg rugi si beli di akun ini cepat bngat sampainya,nd cukup 4hari lo,mantap!!!",5,0,"mantap dan respect dengan kurir beserta pengiriman estimasinya,ngg rugi si beli di akun ini cepat bn...",Real,1.0,0.0,"{'contradiction': 0, 'template_language': 0, 'excessive_emotion': 0, 'gibberish_spam': 0, 'word_count': 20}",0.0
1929,masa pakai baterai: lama keren,5,0,masa pakai baterai: lama keren,Real,0.9,1.0,"{'contradiction': 0, 'template_language': 0, 'excessive_emotion': 0, 'gibberish_spam': 0, 'word_count': 5}",0.0
1930,"elegance, berfungsi normal, smoga awet",5,0,"elegance, berfungsi normal, smoga awet",Real,0.9,1.0,"{'contradiction': 0, 'template_language': 0, 'excessive_emotion': 0, 'gibberish_spam': 0, 'word_count': 5}",0.0
1931,"kok cuma kirim 1produk tanpa bonusannya, kurang amanah ni",2,2,"kok cuma kirim 1produk tanpa bonusannya, kurang amanah ni",Real,1.0,0.0,"{'contradiction': 0, 'template_language': 0, 'excessive_emotion': 0, 'gibberish_spam': 0, 'word_count': 9}",0.0
1932,sesui barang nya cma kok agak goyang klw d pakai,2,0,sesui barang nya cma kok agak goyang klw d pakai,Real,1.0,0.0,"{'contradiction': 0, 'template_language': 0, 'excessive_emotion': 0, 'gibberish_spam': 0, 'word_count': 10}",0.0
1933,bagus tida ada kendala rekomended,5,0,bagus tida ada kendala rekomended,Real,0.9,1.0,"{'contradiction': 0, 'template_language': 0, 'excessive_emotion': 0, 'gibberish_spam': 0, 'word_count': 5}",0.0
1934,saya pesan cukuran elektrik dg bknus cukuran bulu hidung elektrik tapi yg datang cuman satu tanpa benus nya ....mau hub tokk gk ada akses,3,0,saya pesan cukuran elektrik dg bknus cukuran bulu hidung elektrik tapi yg datang cuman satu tanpa be...,Real,1.0,0.0,"{'contradiction': 0, 'template_language': 0, 'excessive_emotion': 0, 'gibberish_spam': 0, 'word_count': 24}",0.0
1935,packing rapi... barang original,5,0,packing rapi... barang original,Real,0.9,1.0,"{'contradiction': 0, 'template_language': 0, 'excessive_emotion': 0, 'gibberish_spam': 0, 'word_count': 4}",0.0
1936,"paket sdh sampai tepat waktu, paket rapi dan barang sesuai yg di pesan , terima kasih,",5,0,"paket sdh sampai tepat waktu, paket rapi dan barang sesuai yg di pesan , terima kasih,",Real,1.0,0.0,"{'contradiction': 0, 'template_language': 0, 'excessive_emotion': 0, 'gibberish_spam': 0, 'word_count': 16}",0.0
1937,"belum di coba untuk cukur,semoga berfungsi dengan baik",5,3,"belum di coba untuk cukur,semoga berfungsi dengan baik",Real,1.0,0.0,"{'contradiction': 0, 'template_language': 0, 'excessive_emotion': 0, 'gibberish_spam': 0, 'word_count': 8}",0.0
1938,"gercet banget sampenya prroduk juga sesuai, tka sis",5,0,"gercet banget sampenya prroduk juga sesuai, tka sis",Real,1.0,0.0,"{'contradiction': 0, 'template_language': 0, 'excessive_emotion': 0, 'gibberish_spam': 0, 'word_count': 8}",0.0
1939,coba aja gak perlu nyilet duku baru make ini barang pastiii debes,3,0,coba aja gak perlu nyilet duku baru make ini barang pastiii debes,Real,1.0,0.0,"{'contradiction': 0, 'template_language': 0, 'excessive_emotion': 0, 'gibberish_spam': 0, 'word_count': 12}",0.0
1940,barang berfungsi dengan baik semoga awet,5,4,barang berfungsi dengan baik semoga awet,Fake,0.81,4.2,"{'contradiction': 1, 'template_language': 0, 'excessive_emotion': 0, 'gibberish_spam': 0, 'word_count': 6}",0.4
1941,"cepet pelayanannya, goooddd, kereeeennnnnn barangnya",5,0,"cepet pelayanannya, goooddd, kereeeennnnnn barangnya",Fake,0.95,11.15,"{'contradiction': 0, 'template_language': 0, 'excessive_emotion': 0, 'gibberish_spam': 1, 'word_count': 5}",0.384
1942,👍👍👍sesuai dan berfungsi baik..,5,0,👍👍👍sesuai dan berfungsi baik..,Real,0.9,1.0,"{'contradiction': 0, 'template_language': 0, 'excessive_emotion': 1, 'gibberish_spam': 0, 'word_count': 4}",0.0
1943,"bagus di bawa kemana mana, tahan",5,0,"bagus di bawa kemana mana, tahan",Real,1.0,0.0,"{'contradiction': 0, 'template_language': 0, 'excessive_emotion': 0, 'gibberish_spam': 0, 'word_count': 6}",0.0
1944,"terima kasih, pesanan udah diterima, pengiriman cepat, paking ok, barangnya ok sesuai keinginan yg dipilih...mantap ...👍",5,0,"terima kasih, pesanan udah diterima, pengiriman cepat, paking ok, barangnya ok sesuai keinginan yg d...",Real,1.0,0.0,"{'contradiction': 0, 'template_language': 0, 'excessive_emotion': 0, 'gibberish_spam': 0, 'word_count': 16}",0.0
1945,"thank you.. peoduk mantan, fungsi joss. pengiriman aman.",5,0,"thank you.. peoduk mantan, fungsi joss. pengiriman aman.",Real,1.0,0.0,"{'contradiction': 0, 'template_language': 0, 'excessive_emotion': 0, 'gibberish_spam': 0, 'word_count': 8}",0.0
1946,barang mantap & berfungsi dgn baik,5,0,barang mantap & berfungsi dgn baik,Real,1.0,0.0,"{'contradiction': 0, 'template_language': 0, 'excessive_emotion': 0, 'gibberish_spam': 0, 'word_count': 6}",0.0
1947,sesuai pesanan..berfungsi baik,5,0,sesuai pesanan..berfungsi baik,Real,0.9,1.0,"{'contradiction': 0, 'template_language': 0, 'excessive_emotion': 0, 'gibberish_spam': 0, 'word_count': 3}",0.0
1948,pesanan diterima berfungsi baik semoga awet,5,0,pesanan diterima berfungsi baik semoga awet,Fake,0.803,4.06,"{'contradiction': 1, 'template_language': 0, 'excessive_emotion': 0, 'gibberish_spam': 0, 'word_count': 6}",0.355
1949,"barang hilang, tidak sampai ke pembeli. sebaiknya penjual memilih kurir yang lebih terpercaya, sehingga tidak terjadi lagi hal serupa yang mempersulit pembeli maupun penj...",1,4,"barang hilang, tidak sampai ke pembeli. sebaiknya penjual memilih kurir yang lebih terpercaya, sehin...",Real,1.0,0.0,"{'contradiction': 0, 'template_language': 0, 'excessive_emotion': 0, 'gibberish_spam': 0, 'word_count': 24}",0.0
1950,"performance: wah, bagus, saya sangat menyukainya😍😍",5,0,"performance: wah, bagus, saya sangat menyukainya😍😍",Real,1.0,0.0,"{'contradiction': 0, 'template_language': 0, 'excessive_emotion': 0, 'gibberish_spam': 0, 'word_count': 6}",0.0
1951,mantaaabbb packingnya siip berasa kyk beli hp,5,0,mantaaabbb packingnya siip berasa kyk beli hp,Real,1.0,0.0,"{'contradiction': 0, 'template_language': 0, 'excessive_emotion': 0, 'gibberish_spam': 0, 'word_count': 7}",0.0
1952,mantap barangnya sesuai reall makasih leselerr nya amanah,5,0,mantap barangnya sesuai reall makasih leselerr nya amanah,Real,1.0,0.0,"{'contradiction': 0, 'template_language': 0, 'excessive_emotion': 0, 'gibberish_spam': 0, 'word_count': 8}",0.0
1953,"mantap, sesuai dengan deskripsi… semoga awet",5,0,"mantap, sesuai dengan deskripsi… semoga awet",Fake,0.816,4.31,"{'contradiction': 1, 'template_language': 0, 'excessive_emotion': 0, 'gibberish_spam': 0, 'word_count': 6}",0.437
1954,"packaging rapih, barang sesuai pesanan",5,0,"packaging rapih, barang sesuai pesanan",Real,0.9,1.0,"{'contradiction': 0, 'template_language': 0, 'excessive_emotion': 0, 'gibberish_spam': 0, 'word_count': 5}",0.0
1955,puas banget cukurannya rapi dan praktis,5,0,puas banget cukurannya rapi dan praktis,Real,1.0,0.0,"{'contradiction': 0, 'template_language': 0, 'excessive_emotion': 0, 'gibberish_spam': 0, 'word_count': 6}",0.0
1956,"baru landing, blm coba mudah2an awet bosku",5,0,"baru landing, blm coba mudah2an awet bosku",Fake,0.812,4.24,"{'contradiction': 1, 'template_language': 0, 'excessive_emotion': 0, 'gibberish_spam': 0, 'word_count': 7}",0.415
1957,allhamdulillah udah sampai paketnya bagus sekali,3,0,allhamdulillah udah sampai paketnya bagus sekali,Real,1.0,0.0,"{'contradiction': 0, 'template_language': 0, 'excessive_emotion': 0, 'gibberish_spam': 0, 'word_count': 6}",0.0
1958,tkdak bisa menempel sama sekali,5,0,tkdak bisa menempel sama sekali,Real,0.9,1.0,"{'contradiction': 0, 'template_language': 0, 'excessive_emotion': 0, 'gibberish_spam': 0, 'word_count': 5}",0.0
1959,untuk kado.. jadi belum dibuka. semoga berfungsi dgn baik..,5,0,untuk kado.. jadi belum dibuka. semoga berfungsi dgn baik..,Real,1.0,0.0,"{'contradiction': 0, 'template_language': 0, 'excessive_emotion': 0, 'gibberish_spam': 0, 'word_count': 9}",0.0
1960,"keren, toko.amanah, midah2an awet",5,0,"keren, toko.amanah, midah2an awet",Real,0.9,1.0,"{'contradiction': 0, 'template_language': 0, 'excessive_emotion': 0, 'gibberish_spam': 0, 'word_count': 4}",0.0
1961,"barang sudah sampai.. packing aman bgt.. belum dicoba semoga awet. liat fisiknya keren bgt, harusnya performanya keren juga 🔥",5,0,"barang sudah sampai.. packing aman bgt.. belum dicoba semoga awet. liat fisiknya keren bgt, harusnya...",Fake,0.806,4.13,"{'contradiction': 1, 'template_language': 0, 'excessive_emotion': 0, 'gibberish_spam': 0, 'word_count': 19}",0.376
1962,"barang sampai dengan selamat,sejauh ini tidak ada kendala",5,0,"barang sampai dengan selamat,sejauh ini tidak ada kendala",Real,1.0,0.0,"{'contradiction': 0, 'template_language': 0, 'excessive_emotion': 0, 'gibberish_spam': 0, 'word_count': 8}",0.0
1963,barang bagus... mudah-mudahan awet dan tahan lama.,5,0,barang bagus... mudah-mudahan awet dan tahan lama.,Real,1.0,0.0,"{'contradiction': 0, 'template_language': 0, 'excessive_emotion': 0, 'gibberish_spam': 0, 'word_count': 7}",0.0
1964,bagus,5,0,bagus,Fake,0.95,7.22,"{'contradiction': 0, 'template_language': 0, 'excessive_emotion': 0, 'gibberish_spam': 1, 'word_count': 1}",0.405
1965,barang oke,5,0,barang oke,Real,0.9,1.0,"{'contradiction': 0, 'template_language': 0, 'excessive_emotion': 0, 'gibberish_spam': 0, 'word_count': 2}",0.0
1966,komplit tanpa kurang sama sekali ini,5,0,komplit tanpa kurang sama sekali ini,Real,0.8,2.0,"{'contradiction': 0, 'template_language': 0, 'excessive_emotion': 0, 'gibberish_spam': 0, 'word_count': 6}",0.0
1967,keren parah. bulu nya langsung habis. mudah-mudahan awet,5,1,keren parah. bulu nya langsung habis. mudah-mudahan awet,Real,1.0,0.0,"{'contradiction': 0, 'template_language': 0, 'excessive_emotion': 0, 'gibberish_spam': 0, 'word_count': 8}",0.0
1968,"terimakasih barang nya bagus banget, sampai dengan selamat",5,0,"terimakasih barang nya bagus banget, sampai dengan selamat",Real,1.0,0.0,"{'contradiction': 0, 'template_language': 0, 'excessive_emotion': 0, 'gibberish_spam': 0, 'word_count': 8}",0.0
1969,mantap barang bagus dan sesuai,5,0,mantap barang bagus dan sesuai,Real,0.9,1.0,"{'contradiction': 0, 'template_language': 0, 'excessive_emotion': 0, 'gibberish_spam': 0, 'word_count': 5}",0.0
1970,sangat puas,5,0,sangat puas,Real,0.9,1.0,"{'contradiction': 0, 'template_language': 0, 'excessive_emotion': 0, 'gibberish_spam': 0, 'word_count': 2}",0.0
1971,bagus alatnya.. bisa cukur abis,5,0,bagus alatnya.. bisa cukur abis,Real,0.9,1.0,"{'contradiction': 0, 'template_language': 0, 'excessive_emotion': 0, 'gibberish_spam': 0, 'word_count': 5}",0.0
1972,semoga awet cma 1 aja kendalanya tolong pilih kurir yg cekatan bsa banget telat,4,1,semoga awet cma 1 aja kendalanya tolong pilih kurir yg cekatan bsa banget telat,Fake,0.799,3.99,"{'contradiction': 1, 'template_language': 0, 'excessive_emotion': 0, 'gibberish_spam': 0, 'word_count': 14}",0.329
1973,barang sampai dgn cpt. performa bagus.,5,0,barang sampai dgn cpt. performa bagus.,Real,1.0,0.0,"{'contradiction': 0, 'template_language': 0, 'excessive_emotion': 0, 'gibberish_spam': 0, 'word_count': 6}",0.0
1974,mantap sekali mini bisa diajak keliling,5,0,mantap sekali mini bisa diajak keliling,Real,1.0,0.0,"{'contradiction': 0, 'template_language': 0, 'excessive_emotion': 0, 'gibberish_spam': 0, 'word_count': 6}",0.0
1975,produk ori dan sesuai deskripsi. pengemasan rapi dan aman. pengiriman standar pakai ekspedisi sicepat.,5,0,produk ori dan sesuai deskripsi. pengemasan rapi dan aman. pengiriman standar pakai ekspedisi sicepa...,Real,1.0,0.0,"{'contradiction': 0, 'template_language': 0, 'excessive_emotion': 0, 'gibberish_spam': 0, 'word_count': 14}",0.0
1976,"respon penjul cepat produk sesui deskripsi kemasan plastik, packing plastik klip",5,1,"respon penjul cepat produk sesui deskripsi kemasan plastik, packing plastik klip",Real,1.0,0.0,"{'contradiction': 0, 'template_language': 0, 'excessive_emotion': 0, 'gibberish_spam': 0, 'word_count': 11}",0.0
1977,brg berfungsi dg baik se tp pengirimannya kacau harusnya jam 5 sore terakhir malah diantar jam 7 malam akhirnya nunggu senin deh br bs diantar,5,0,brg berfungsi dg baik se tp pengirimannya kacau harusnya jam 5 sore terakhir malah diantar jam 7 mal...,Real,1.0,0.0,"{'contradiction': 0, 'template_language': 0, 'excessive_emotion': 0, 'gibberish_spam': 0, 'word_count': 25}",0.0
1978,"➡️respon penjual: saya tidak berdiskusi dengan penjual. ➡️harga produk: saya cari yang ulasannya baik, lebih worth it dari segi harga dan gratis ongkir kebetulan toko ini...",5,0,➡️respon penjual: saya tidak berdiskusi dengan penjual. ➡️harga produk: saya cari yang ulasannya bai...,Real,1.0,0.0,"{'contradiction': 0, 'template_language': 0, 'excessive_emotion': 0, 'gibberish_spam': 0, 'word_count': 26}",0.0
1979,kualitas pengerjaan: bagus performa: bagus paket udah nyampe dengan selamat dan cocok untuk membuka sim dan bagus terimakasih seller 🙏,5,1,kualitas pengerjaan: bagus performa: bagus paket udah nyampe dengan selamat dan cocok untuk membuka ...,Real,1.0,0.0,"{'contradiction': 0, 'template_language': 0, 'excessive_emotion': 0, 'gibberish_spam': 0, 'word_count': 20}",0.0
1980,pengiriman aman walaupun barang kecil ttp diksih buble wrep👍,5,0,pengiriman aman walaupun barang kecil ttp diksih buble wrep👍,Real,1.0,0.0,"{'contradiction': 0, 'template_language': 0, 'excessive_emotion': 0, 'gibberish_spam': 0, 'word_count': 9}",0.0
1981,"barang sesuai pesanan, dan ya sesuai dengan sim ejector lainnya",5,0,"barang sesuai pesanan, dan ya sesuai dengan sim ejector lainnya",Real,1.0,0.0,"{'contradiction': 0, 'template_language': 0, 'excessive_emotion': 0, 'gibberish_spam': 0, 'word_count': 10}",0.0
1982,pembuka kartu pada umumnya meskipun kemarin saya nemu yg lebih murah tapi tetep sama aja sih harusnya,5,0,pembuka kartu pada umumnya meskipun kemarin saya nemu yg lebih murah tapi tetep sama aja sih harusny...,Real,1.0,0.0,"{'contradiction': 0, 'template_language': 0, 'excessive_emotion': 0, 'gibberish_spam': 0, 'word_count': 17}",0.0
1983,"pengirim amanah, pengiriman cepat, barang sesuai dan berfungsi... terimakasih banyak",5,0,"pengirim amanah, pengiriman cepat, barang sesuai dan berfungsi... terimakasih banyak",Real,1.0,0.0,"{'contradiction': 0, 'template_language': 0, 'excessive_emotion': 0, 'gibberish_spam': 0, 'word_count': 10}",0.0
1984,barang sesuai deskripsi pengiriman cepat…packing rapi…sukses selalu…,5,0,barang sesuai deskripsi pengiriman cepat…packing rapi…sukses selalu…,Real,1.0,0.0,"{'contradiction': 0, 'template_language': 0, 'excessive_emotion': 0, 'gibberish_spam': 0, 'word_count': 7}",0.0
1985,kejernihan lensa: ok kualitas pengerjaan: ok performa: ok pengiriman nya standar sesuai dengan estimasi barang nya di terima sesuai dengan yang di pesan,5,0,kejernihan lensa: ok kualitas pengerjaan: ok performa: ok pengiriman nya standar sesuai dengan estim...,Real,1.0,0.0,"{'contradiction': 0, 'template_language': 0, 'excessive_emotion': 0, 'gibberish_spam': 0, 'word_count': 23}",0.0
1986,"seperti jarum tapi bukan jarum, aku sangat suka jarum ini sangat bagus padahal hanya sebuah jarum tapi membuatku merasa senang dan bangga",5,0,"seperti jarum tapi bukan jarum, aku sangat suka jarum ini sangat bagus padahal hanya sebuah jarum ta...",Real,1.0,0.0,"{'contradiction': 0, 'template_language': 0, 'excessive_emotion': 0, 'gibberish_spam': 0, 'word_count': 22}",0.0
1987,"sesuai pesanan, harga murah, dapat banyak untuk stok 👍👍👍 packing aman pengiriman cepat",5,0,"sesuai pesanan, harga murah, dapat banyak untuk stok 👍👍👍 packing aman pengiriman cepat",Real,1.0,0.0,"{'contradiction': 0, 'template_language': 0, 'excessive_emotion': 1, 'gibberish_spam': 0, 'word_count': 13}",0.0
1988,"produk, pengemasan dan pengirimannya ok gan 👌🏾",5,0,"produk, pengemasan dan pengirimannya ok gan 👌🏾",Real,1.0,0.0,"{'contradiction': 0, 'template_language': 0, 'excessive_emotion': 0, 'gibberish_spam': 0, 'word_count': 7}",0.0
1989,"mantap, pernah ga sengaja beli di konter deket rumah harganya sebiji 5rb, ehh dimari dapet harga 300 perak auto co sih 😂",5,0,"mantap, pernah ga sengaja beli di konter deket rumah harganya sebiji 5rb, ehh dimari dapet harga 300...",Real,1.0,0.0,"{'contradiction': 0, 'template_language': 0, 'excessive_emotion': 0, 'gibberish_spam': 0, 'word_count': 22}",0.0
1990,"barangnya 500 perak, ongkir 8500, biaya penanganan 1000 total 10rb, cuma 1 jarum",2,0,"barangnya 500 perak, ongkir 8500, biaya penanganan 1000 total 10rb, cuma 1 jarum",Real,1.0,0.0,"{'contradiction': 0, 'template_language': 0, 'excessive_emotion': 0, 'gibberish_spam': 0, 'word_count': 13}",0.0
1991,alhamdulillah ... pesanan dateng sesuai deskripsi ... mudah2an tetap istiqomah dan tambah barokah 🤲🏻,5,0,alhamdulillah ... pesanan dateng sesuai deskripsi ... mudah2an tetap istiqomah dan tambah barokah 🤲🏻,Real,1.0,0.0,"{'contradiction': 0, 'template_language': 0, 'excessive_emotion': 0, 'gibberish_spam': 0, 'word_count': 14}",0.0
1992,"sesuai deskripsi, buat backup cocok.",5,0,"sesuai deskripsi, buat backup cocok.",Real,0.9,1.0,"{'contradiction': 0, 'template_language': 0, 'excessive_emotion': 0, 'gibberish_spam': 0, 'word_count': 5}",0.0
1993,pengiriman cepat. barang sesuai pesanan,5,0,pengiriman cepat. barang sesuai pesanan,Real,0.9,1.0,"{'contradiction': 0, 'template_language': 0, 'excessive_emotion': 0, 'gibberish_spam': 0, 'word_count': 5}",0.0
1994,"pengiriman cepat, barang aman ga ada lecet apapun ataupun rusak",5,0,"pengiriman cepat, barang aman ga ada lecet apapun ataupun rusak",Real,1.0,0.0,"{'contradiction': 0, 'template_language': 0, 'excessive_emotion': 0, 'gibberish_spam': 0, 'word_count': 10}",0.0
1995,selller cepat .kurir ramah..paket aman tq kak..,5,0,selller cepat .kurir ramah..paket aman tq kak..,Real,1.0,0.0,"{'contradiction': 0, 'template_language': 0, 'excessive_emotion': 0, 'gibberish_spam': 0, 'word_count': 7}",0.0
1996,yes sudah mendarat barangnya.. terima kasih banyak admin.. ini hehehe mantap admin yg 1 ini baik ramah sopan dan santun serta fast respone sekali.. sukses selalu mas admi...,5,0,yes sudah mendarat barangnya.. terima kasih banyak admin.. ini hehehe mantap admin yg 1 ini baik ram...,Real,0.85,1.5,"{'contradiction': 0, 'template_language': 0, 'excessive_emotion': 0, 'gibberish_spam': 0, 'word_count': 28}",0.0
1997,"barangnya ****** pada penyok, padahal dibungkus bubble wrap sampai segede gaban 🤔",5,0,"barangnya ****** pada penyok, padahal dibungkus bubble wrap sampai segede gaban 🤔",Fake,0.948,6.95,"{'contradiction': 0, 'template_language': 0, 'excessive_emotion': 0, 'gibberish_spam': 1, 'word_count': 12}",0.65
1998,lumayan bagus walau potongan nya kurang rapi,5,0,lumayan bagus walau potongan nya kurang rapi,Real,0.8,2.0,"{'contradiction': 0, 'template_language': 0, 'excessive_emotion': 0, 'gibberish_spam': 0, 'word_count': 7}",0.0
1999,pas di hp nice seller walaupun pengirimannya melebihi tanggal,5,0,pas di hp nice seller walaupun pengirimannya melebihi tanggal,Real,1.0,0.0,"{'contradiction': 0, 'template_language': 0, 'excessive_emotion': 0, 'gibberish_spam': 0, 'word_count': 9}",0.0
2000,"recommendded seller, barang sudah sampai sesuai dengan deskripsi",5,0,"recommendded seller, barang sudah sampai sesuai dengan deskripsi",Real,1.0,0.0,"{'contradiction': 0, 'template_language': 0, 'excessive_emotion': 0, 'gibberish_spam': 0, 'word_count': 8}",0.0
