id,original_text,text_final,ulasan_cleaned,decision,Label,confidence,suspicion_score
3,bahan: bagus manfaat produk: mencerahkan jenis kulit: normal bismillahirohmanirohim semoga cocok dimuka aku yang pemula pakai scancare ini... pengiriman cepat dan rapih.....,bahan: bagus manfaat produk: mencerahkan jenis kulit: normal bismillahirohmanirohim semoga cocok dimuka aku yang pemula pakai scancare ini... pengiriman cepat dan rapih.....,bahan: bagus manfaat produk: mencerahkan jenis kulit: normal bismillahirohmanirohim semoga cocok dimuka aku yang pemula pakai scancare ini... pengiriman cepat dan rapih.....,Fake,Real,0.95,9.21
4,bahan: sesuai pemesanan manfaat produk: mencerahkan kulit. semoga cocok dikulit. dan menghasilkan dengan memuaskan. jenis kulit: sawo,bahan: sesuai pemesanan manfaat produk: mencerahkan kulit. semoga cocok dikulit. dan menghasilkan dengan memuaskan. jenis kulit: sawo,bahan: sesuai pemesanan manfaat produk: mencerahkan kulit. semoga cocok dikulit. dan menghasilkan dengan memuaskan. jenis kulit: sawo,Fake,Real,0.822,4.45
6,"barang sampai dgn mulus, udah pakai ini 2mingguan wajah keliatan sedikit cerah. semoga cocok terus diaku, trmksh🤍","barang sampai dgn mulus, udah pakai ini 2mingguan wajah keliatan sedikit cerah. semoga cocok terus diaku, trmksh🤍",barang sampai dgn mulus,Fake,Real,0.802,4.03
8,mantap😍 bahan: lembut wangiiii banget manfaat produk: melembabkan sekaligus mencerahkan,mantap😍 bahan: lembut wangiiii banget manfaat produk: melembabkan sekaligus mencerahkan,mantap bahan: lembut wangiiii banget manfaat produk: melembabkan sekaligus mencerahkan,Fake,Real,0.909,6.19
10,"jenis kulit: kusam berminyak packing rapih, bubble wrap nya tebel jadi barangnya aman gada yg pecah semua terkirim dengan baik, semoga cocok di kulit muka aku dan juga co...","jenis kulit: kusam berminyak packing rapih, bubble wrap nya tebel jadi barangnya aman gada yg pecah semua terkirim dengan baik, semoga cocok di kulit muka aku dan juga co...",jenis kulit: kusam berminyak packing rapih,Fake,Real,0.812,4.24
12,"bagus, sampai dengan keadaan baik, pengiriman juga cepat, respon nya juga cepat. baru mau coba semoga ada perubahan","bagus, sampai dengan keadaan baik, pengiriman juga cepat, respon nya juga cepat. baru mau coba semoga ada perubahan",bagus,Real,Fake,1.0,0.0
15,"pengiriman cpt,,udh langganan belanja dsni","pengiriman cpt,,udh langganan belanja dsni",pengiriman cpt,Real,Fake,0.9,1.0
16,"pengiriman nya cepat, produk juga aman sampai ke lokasi, next belanja disini lagi","pengiriman nya cepat, produk juga aman sampai ke lokasi, next belanja disini lagi",pengiriman nya cepat,Real,Fake,1.0,0.0
19,"paket sdah saya terima,baru pertama memakai yaaa,semoga cocok di kulitku","paket sdah saya terima,baru pertama memakai yaaa,semoga cocok di kulitku",paket sdah saya terima,Fake,Real,0.798,3.95
25,"akhirnya paket mendarat dengan selamat🥰🥰. alhamdulillah muka aku cocok pake skincare g2g,ini udh kesekian kalinya aku pesen thank youuu🫶🫶🫶🫶🫶🫶🫶🫶🫶🫶🫶🫶","akhirnya paket mendarat dengan selamat🥰🥰. alhamdulillah muka aku cocok pake skincare g2g,ini udh kesekian kalinya aku pesen thank youuu🫶🫶🫶🫶🫶🫶🫶🫶🫶🫶🫶🫶",akhirnya paket mendarat dengan selamat. alhamdulillah muka aku cocok pake skincare g2g,Fake,Real,0.905,6.1
33,packing aman barang lengkap kualitas oke harga bersahabat semoga cocok di aku terimakasih seller,packing aman barang lengkap kualitas oke harga bersahabat semoga cocok di aku terimakasih seller,packing aman barang lengkap kualitas oke harga bersahabat semoga cocok di aku terimakasih seller,Fake,Real,0.903,6.07
36,"barangnya datang cepat, paketannya bagus dan rapih. baru pertama kali pesan mudah2an cocok di akunya, biar bisa di order lagi. kurirnya juga ramah.🥰","barangnya datang cepat, paketannya bagus dan rapih. baru pertama kali pesan mudah2an cocok di akunya, biar bisa di order lagi. kurirnya juga ramah.🥰",barangnya datang cepat,Real,Fake,1.0,0.0
41,"sesuai, terimakasih seller n kurir🙏🏻","sesuai, terimakasih seller n kurir🙏🏻",sesuai,Real,Fake,0.9,1.0
43,jenis kulit: kusam baru pertama kali pakai semoga cocok dikulitku,jenis kulit: kusam baru pertama kali pakai semoga cocok dikulitku,jenis kulit: kusam baru pertama kali pakai semoga cocok dikulitku,Fake,Real,0.805,4.11
48,"manfaat produk: mengerahkan, menutrisi kulit, ini orderan aku kedua kalinya, dan suka bgt sama produk nya 🥰","manfaat produk: mengerahkan, menutrisi kulit, ini orderan aku kedua kalinya, dan suka bgt sama produk nya 🥰",manfaat produk: mengerahkan,Real,Fake,1.0,0.0
50,"mantaaab,original,mudah²an cocok,biar bisa langganan terus.","mantaaab,original,mudah²an cocok,biar bisa langganan terus.",mantaaab,Real,Fake,0.9,1.0
57,barang sampai dengan kondisi baik semoga cocok,barang sampai dengan kondisi baik semoga cocok,barang sampai dengan kondisi baik semoga cocok,Fake,Real,0.81,4.2
64,"pesanan sampai, kalo soal bagus atau ngga nya, jelas ini bangus banget, aku mulai pakai produk g2g pas mereka pertama kali launching sampai sekarang, dan memang cocok di...","pesanan sampai, kalo soal bagus atau ngga nya, jelas ini bangus banget, aku mulai pakai produk g2g pas mereka pertama kali launching sampai sekarang, dan memang cocok di...",pesanan sampai,Real,Fake,1.0,0.0
75,pengiriman aman lancar dan ini pembelian paket kedua.semoga cocok seterusnya.,pengiriman aman lancar dan ini pembelian paket kedua.semoga cocok seterusnya.,pengiriman aman lancar dan ini pembelian paket kedua.semoga cocok seterusnya.,Fake,Real,0.806,4.12
76,manfaat produk: untuk mencerahkan bahan: bagus mantap jenis kulit: kering&flek hitam semogaaaa cocok dengan kulitku,manfaat produk: untuk mencerahkan bahan: bagus mantap jenis kulit: kering&flek hitam semogaaaa cocok dengan kulitku,manfaat produk: untuk mencerahkan bahan: bagus mantap jenis kulit: kering&flek hitam semogaaaa cocok dengan kulitku,Fake,Real,0.905,6.11
77,"jenis kulit: kering dan normal paket ku udh sampe, pengiriman cepat packing aman,semoga cocok di aku😊 terimakasih 🙏🏻","jenis kulit: kering dan normal paket ku udh sampe, pengiriman cepat packing aman,semoga cocok di aku😊 terimakasih 🙏🏻",jenis kulit: kering dan normal paket ku udh sampe,Fake,Real,0.814,4.28
78,mantap sesuai harapan,mantap sesuai harapan,mantap sesuai harapan,Real,Fake,0.9,1.0
83,pengiriman cepet produk nya bener² bagus semoga cocok terus di muka aku bakalan jadi langganan terus .nyerap di muka bikin cerah juga,pengiriman cepet produk nya bener² bagus semoga cocok terus di muka aku bakalan jadi langganan terus .nyerap di muka bikin cerah juga,pengiriman cepet produk nya benerÂ² bagus semoga cocok terus di muka aku bakalan jadi langganan terus .nyerap di muka bikin cerah juga,Fake,Real,0.786,3.73
90,"sesuai sam harga, cepat sampai, pecking ny rapi, ga ada yg produk yg rusak, thanks seller","sesuai sam harga, cepat sampai, pecking ny rapi, ga ada yg produk yg rusak, thanks seller",sesuai sam harga,Real,Fake,1.0,0.0
92,terimaksih paketnya sudah mndarat dengan baik tidak ada lecet sedikit pun peking bagus mksh semoga cocok 😁🥰,terimaksih paketnya sudah mndarat dengan baik tidak ada lecet sedikit pun peking bagus mksh semoga cocok 😁🥰,terimaksih paketnya sudah mndarat dengan baik tidak ada lecet sedikit pun peking bagus mksh semoga cocok,Fake,Real,0.813,4.25
93,bahan: lembut manfaat produk: mecerahkan jenis kulit: normal semoga cocok,bahan: lembut manfaat produk: mecerahkan jenis kulit: normal semoga cocok,bahan: lembut manfaat produk: mecerahkan jenis kulit: normal semoga cocok,Fake,Real,0.806,4.11
94,"barang sesuai pesanan,pengemasan produk bagus","barang sesuai pesanan,pengemasan produk bagus",barang sesuai pesanan,Real,Fake,0.9,1.0
102,baru beli semoga cocok kalo cocok auto langganan🫶🫶,baru beli semoga cocok kalo cocok auto langganan🫶🫶,baru beli semoga cocok kalo cocok auto langganan,Fake,Real,0.809,4.17
105,sdh.lengkap bagus...belum d coba semoga cocok,sdh.lengkap bagus...belum d coba semoga cocok,sdh.lengkap bagus...belum d coba semoga cocok,Fake,Real,0.818,4.35
107,"barang datang sesuai pesanan, toko amanah pengiriman sangat cepat peking juga rapih, gx nyesel suka beli di toko ini terus.","barang datang sesuai pesanan, toko amanah pengiriman sangat cepat peking juga rapih, gx nyesel suka beli di toko ini terus.",barang datang sesuai pesanan,Fake,Real,0.761,3.22
114,paket datanh sesuai pesanan dan cepat pertama coba semoga cocok thanks seller and tiktok 🤗,paket datanh sesuai pesanan dan cepat pertama coba semoga cocok thanks seller and tiktok 🤗,paket datanh sesuai pesanan dan cepat pertama coba semoga cocok thanks seller and tiktok,Fake,Real,0.811,4.23
116,"pengiriman cepat packing aman,, baru pertama kali coba semoga cocok👍🏻👍🏻","pengiriman cepat packing aman,, baru pertama kali coba semoga cocok👍🏻👍🏻",pengiriman cepat packing aman,Fake,Real,0.811,4.23
120,"sudah pembelian k2, barang sesuai, pengiriman cepat, terimakasih seller dan pak kurir","sudah pembelian k2, barang sesuai, pengiriman cepat, terimakasih seller dan pak kurir",sudah pembelian k2,Real,Fake,1.0,0.0
124,"pengiriman relatif cepat, dan barang seperti yg digambar","pengiriman relatif cepat, dan barang seperti yg digambar",pengiriman relatif cepat,Real,Fake,1.0,0.0
126,"pengiriman cepat, produk sesuai dgn yg dipesan, kurirnya juga ramah & amanah","pengiriman cepat, produk sesuai dgn yg dipesan, kurirnya juga ramah & amanah",pengiriman cepat,Real,Fake,1.0,0.0
137,"baru mau nyoba produk yg kata nya best, semoga cocok dikulit aku","baru mau nyoba produk yg kata nya best, semoga cocok dikulit aku",baru mau nyoba produk yg kata nya best,Fake,Real,0.807,4.13
141,"pengiriman cepat, bagus untuk mencerahkan wajah, semoga tokonya selalu amanah","pengiriman cepat, bagus untuk mencerahkan wajah, semoga tokonya selalu amanah",pengiriman cepat,Real,Fake,1.0,0.0
145,"aman aman, lengkap juga seperti di foto, makasih","aman aman, lengkap juga seperti di foto, makasih",aman aman,Real,Fake,1.0,0.0
156,"alhamdulillah barang udh dateng kemasan rapi dan abang kurir yg ramah,tapi blum dicoba produknya,semoga cocok","alhamdulillah barang udh dateng kemasan rapi dan abang kurir yg ramah,tapi blum dicoba produknya,semoga cocok",alhamdulillah barang udh dateng kemasan rapi dan abang kurir yg ramah,Fake,Real,0.814,4.28
160,"terimakasih, paketan nya sudah tiba. masih segel.","terimakasih, paketan nya sudah tiba. masih segel.",terimakasih,Real,Fake,1.0,0.0
163,pertama kali pake g2g semoga cocok di kulit aku,pertama kali pake g2g semoga cocok di kulit aku,pertama kali pake g2g semoga cocok di kulit aku,Fake,Real,0.8,4.0
166,"barang bagus, sesuai di gambar sagat bagus","barang bagus, sesuai di gambar sagat bagus",barang bagus,Real,Fake,1.0,0.0
167,terimakasih paketnya sudah datang dengan baik. semoga cocok diaku karna baru pertama pake,terimakasih paketnya sudah datang dengan baik. semoga cocok diaku karna baru pertama pake,terimakasih paketnya sudah datang dengan baik. semoga cocok diaku karna baru pertama pake,Fake,Real,0.803,4.07
168,"setelah sekian lama menanti akhirnya dtng juga,, semoga cocok di akuh, kurirnya ramah","setelah sekian lama menanti akhirnya dtng juga,, semoga cocok di akuh, kurirnya ramah",setelah sekian lama menanti akhirnya dtng juga,Fake,Real,0.807,4.13
174,perdana nyobain wangiiiiiii bangettt... hasilnya mmg belum kliatan tpi berasa beda kok..,perdana nyobain wangiiiiiii bangettt... hasilnya mmg belum kliatan tpi berasa beda kok..,perdana nyobain wangiiiiiii bangettt... hasilnya mmg belum kliatan tpi berasa beda kok..,Fake,Real,0.895,5.9
175,"alhamdulillah cocok, bekas jerawat memudar, makasih","alhamdulillah cocok, bekas jerawat memudar, makasih",alhamdulillah cocok,Real,Fake,1.0,0.0
177,"barang sdh di terima, baru mulai pakai semoga cocok","barang sdh di terima, baru mulai pakai semoga cocok",barang sdh di terima,Fake,Real,0.803,4.06
178,"alhmdulillah barang nya udah sampai,semoga cocok💗","alhmdulillah barang nya udah sampai,semoga cocok💗",alhmdulillah barang nya udah sampai,Fake,Real,0.803,4.07
180,sesuai deskripsi semoga cocok di kulit ku,sesuai deskripsi semoga cocok di kulit ku,sesuai deskripsi semoga cocok di kulit ku,Fake,Real,0.805,4.09
195,"bagus bangett sesuii,,tapii facial wash nyaa setengahh pdhll belum d pkee,,tapi gapapa lahh sukakk bangett 🥰🥰","bagus bangett sesuii,,tapii facial wash nyaa setengahh pdhll belum d pkee,,tapi gapapa lahh sukakk bangett 🥰🥰",bagus bangett sesuii,Real,Fake,1.0,0.0
201,"produk sesuai pesanan,smoga cocok di wajahku","produk sesuai pesanan,smoga cocok di wajahku",produk sesuai pesanan,Real,Fake,1.0,0.0
210,baru smpe kk paket nya maksih semoga cocok kk d muka ku baru mau pake,baru smpe kk paket nya maksih semoga cocok kk d muka ku baru mau pake,baru smpe kk paket nya maksih semoga cocok kk d muka ku baru mau pake,Fake,Real,0.803,4.06
211,"terimakasih paketnya sudah ada,pertamakali paket semoga cocok🙏😇😇","terimakasih paketnya sudah ada,pertamakali paket semoga cocok🙏😇😇",terimakasih paketnya sudah ada,Fake,Real,0.815,4.29
213,"baru pertama pakai skincare , semoga cocok","baru pertama pakai skincare , semoga cocok",baru pertama pakai skincare,Fake,Real,0.803,4.05
217,"terimakasih,alhamdulillah pengiriman ny cepat,,mantap..👍👍","terimakasih,alhamdulillah pengiriman ny cepat,,mantap..👍👍",terimakasih,Real,Fake,0.9,1.0
222,"paketnya udah sampee,tp yg 2 gak kepoto,karna udah dibawa sama anakk,mudah2n cocok untuk anak ku","paketnya udah sampee,tp yg 2 gak kepoto,karna udah dibawa sama anakk,mudah2n cocok untuk anak ku",paketnya udah sampee,Real,Fake,1.0,0.0
223,barang nya udah mendarat dengan baik baru pertama nyoba semoga cocok dengan kulit ku,barang nya udah mendarat dengan baik baru pertama nyoba semoga cocok dengan kulit ku,barang nya udah mendarat dengan baik baru pertama nyoba semoga cocok dengan kulit ku,Fake,Real,0.805,4.09
225,bagus produk origional semoga cocok 🤲🥰,bagus produk origional semoga cocok 🤲🥰,bagus produk origional semoga cocok,Fake,Real,0.809,4.19
231,"udah cocok, gk mau ganti ke lain lagi","udah cocok, gk mau ganti ke lain lagi",udah cocok,Real,Fake,1.0,0.0
232,"manfaat produk: mencerahkan jenis kulit: kombinasi inieh baguss sekaliii cock dimulai aku, makasiii hhiiii 😍😍😍","manfaat produk: mencerahkan jenis kulit: kombinasi inieh baguss sekaliii cock dimulai aku, makasiii hhiiii 😍😍😍",manfaat produk: mencerahkan jenis kulit: kombinasi inieh baguss sekaliii cock dimulai aku,Fake,Real,0.95,10.18
239,alhamdulillah sampe amanah semoga cocok cepet sampai nya,alhamdulillah sampe amanah semoga cocok cepet sampai nya,alhamdulillah sampe amanah semoga cocok cepet sampai nya,Fake,Real,0.814,4.27
241,"sudah datang paket nya aku baru mau nyoba semoga cocok, kalo cocok di aku order balik thanks [drool]","sudah datang paket nya aku baru mau nyoba semoga cocok, kalo cocok di aku order balik thanks [drool]",sudah datang paket nya aku baru mau nyoba semoga cocok,Fake,Real,0.806,4.11
243,alhamdulillah paketnya samapinya tidak lama semoga cocok dimuka aku,alhamdulillah paketnya samapinya tidak lama semoga cocok dimuka aku,alhamdulillah paketnya samapinya tidak lama semoga cocok dimuka aku,Fake,Real,0.799,3.98
244,"pket y dah smpe , semoga cocok dengn produk glad2glow, sesuai degan yg d pesen","pket y dah smpe , semoga cocok dengn produk glad2glow, sesuai degan yg d pesen",pket y dah smpe,Fake,Real,0.803,4.06
246,baru dicoba semoga cocok diwajah anak gadis qu. trimakasih barang lengkap. cepat datang nya. kurir ramaj,baru dicoba semoga cocok diwajah anak gadis qu. trimakasih barang lengkap. cepat datang nya. kurir ramaj,baru dicoba semoga cocok diwajah anak gadis qu. trimakasih barang lengkap. cepat datang nya. kurir ramaj,Fake,Real,0.802,4.04
251,"sesuai, ori","sesuai, ori",sesuai,Real,Fake,0.9,1.0
253,👍🏻👍🏻👍🏻👍🏻,👍🏻👍🏻👍🏻👍🏻,,Real,Fake,0.9,1.0
254,semoga cocok aku pemakaian prtama,semoga cocok aku pemakaian prtama,semoga cocok aku pemakaian prtama,Fake,Real,0.845,4.9
268,"brang sudah di kirim dengan cepat, mkasih semoga cocok 🥰","brang sudah di kirim dengan cepat, mkasih semoga cocok 🥰",brang sudah di kirim dengan cepat,Fake,Real,0.807,4.13
271,"bahan: cair, halus manfaat produk: cocok untuk kulit jenis kulit: cocok sekali dikulit ku","bahan: cair, halus manfaat produk: cocok untuk kulit jenis kulit: cocok sekali dikulit ku",bahan: cair,Real,Fake,1.0,0.0
278,"pengiriman cepat,barang tidak ada yang rusak, sangat baik, dan produk ny emng se bagus itu , aku sampai udh beli beberapa kali emng mantul buat mencerahkan 👍🏻","pengiriman cepat,barang tidak ada yang rusak, sangat baik, dan produk ny emng se bagus itu , aku sampai udh beli beberapa kali emng mantul buat mencerahkan 👍🏻",pengiriman cepat,Real,Fake,1.0,0.0
281,"mksih,, sesuai,, q suka,, ma'af baru kasih bintang, ☺️ byarlh bintang yg mnilaixa☺️","mksih,, sesuai,, q suka,, ma'af baru kasih bintang, ☺️ byarlh bintang yg mnilaixa☺️",mksih,Real,Fake,1.0,0.0
288,"manfaat produk: melembabkan, mencerahkan, bikin glowing jenis kulit: normal bahan: baguss","manfaat produk: melembabkan, mencerahkan, bikin glowing jenis kulit: normal bahan: baguss",manfaat produk: melembabkan,Real,Fake,1.0,0.0
295,"sesuai pesanan,, ngk ada yg bocor atau gmna, smua nya aman,,","sesuai pesanan,, ngk ada yg bocor atau gmna, smua nya aman,,",sesuai pesanan,Real,Fake,1.0,0.0
297,paket sudah sampai dg aman dan cepat...semoga cocok dg produknya.. trimakasih tokopedia jg ban kurir,paket sudah sampai dg aman dan cepat...semoga cocok dg produknya.. trimakasih tokopedia jg ban kurir,paket sudah sampai dg aman dan cepat...semoga cocok dg produknya.. trimakasih tokopedia jg ban kurir,Fake,Real,0.803,4.06
305,"bagusss bgtttt akuuu sukaaa, dikulitttakuu jugaa cocokk mantepp bgtt glad2gloww","bagusss bgtttt akuuu sukaaa, dikulitttakuu jugaa cocokk mantepp bgtt glad2gloww",bagusss bgtttt akuuu sukaaa,Fake,Real,0.95,10.1
306,bahan: baik manfaat produk: kata nya si buat mencerahkan kan jenis kulit: semoga cocok,bahan: baik manfaat produk: kata nya si buat mencerahkan kan jenis kulit: semoga cocok,bahan: baik manfaat produk: kata nya si buat mencerahkan kan jenis kulit: semoga cocok,Fake,Real,0.805,4.11
313,"barang sdh sampai, kurir juga ramah, tapi sayang pengemasan barang kurang rapi, seharusnya di ksh wadah. biar keliatan rapi .jdu barangnya pas di buka. gk berantakan","barang sdh sampai, kurir juga ramah, tapi sayang pengemasan barang kurang rapi, seharusnya di ksh wadah. biar keliatan rapi .jdu barangnya pas di buka. gk berantakan",barang sdh sampai,Real,Fake,0.8,2.0
319,akhirnya paketnya nyampek semoga cocok dgn kulit wajahku,akhirnya paketnya nyampek semoga cocok dgn kulit wajahku,akhirnya paketnya nyampek semoga cocok dgn kulit wajahku,Fake,Real,0.802,4.05
332,paketnya sdh diterima peking bagus semoga cocok dgn produk ini,paketnya sdh diterima peking bagus semoga cocok dgn produk ini,paketnya sdh diterima peking bagus semoga cocok dgn produk ini,Fake,Real,0.803,4.07
337,"barang bagus,packing rapi,pngiriman cepat","barang bagus,packing rapi,pngiriman cepat",barang bagus,Real,Fake,0.9,1.0
339,"kirain ukurannya gede,,ga taunya kecil"" 😪","kirain ukurannya gede,,ga taunya kecil"" 😪",kirain ukurannya gede,Real,Fake,1.0,0.0
348,baguss,baguss,baguss,Real,Fake,0.9,1.0
350,"maaf lupa foto, barang sesuai pesanan, tokoh amanah jgn ragu untuk beli, cocok untuk kulit.terima kasih","maaf lupa foto, barang sesuai pesanan, tokoh amanah jgn ragu untuk beli, cocok untuk kulit.terima kasih",maaf lupa foto,Real,Fake,1.0,0.0
354,"barang sudah di terima,, terima kasih semoga cocok,,","barang sudah di terima,, terima kasih semoga cocok,,",barang sudah di terima,Fake,Real,0.801,4.02
363,packing ok pengiriman ok produk baru mau mencoba semoga cocok makasih kak sudah di terima dengan baik....,packing ok pengiriman ok produk baru mau mencoba semoga cocok makasih kak sudah di terima dengan baik....,packing ok pengiriman ok produk baru mau mencoba semoga cocok makasih kak sudah di terima dengan baik....,Fake,Real,0.802,4.05
369,manfaat produk: semoga cocok jenis kulit: berflekk bahan: bagus,manfaat produk: semoga cocok jenis kulit: berflekk bahan: bagus,manfaat produk: semoga cocok jenis kulit: berflekk bahan: bagus,Fake,Real,0.812,4.23
370,"bagus,kemasan juga rapi,sesuai dg jenis kulitnya","bagus,kemasan juga rapi,sesuai dg jenis kulitnya",bagus,Real,Fake,1.0,0.0
371,terimakasih paket sudah dtg semoga cocok kurir ramah,terimakasih paket sudah dtg semoga cocok kurir ramah,terimakasih paket sudah dtg semoga cocok kurir ramah,Fake,Real,0.805,4.11
376,"pengiriman cepat, pekingnya rapih bgt sampe 3lapis bblecrep keren, sukses seller terimakasih 👍","pengiriman cepat, pekingnya rapih bgt sampe 3lapis bblecrep keren, sukses seller terimakasih 👍",pengiriman cepat,Real,Fake,1.0,0.0
378,barang ny sesuai deskripsi ok sblm ny ud pake cma beli ny gk di toko ini hehe.....semoga bisa jd langganan ya makasih,barang ny sesuai deskripsi ok sblm ny ud pake cma beli ny gk di toko ini hehe.....semoga bisa jd langganan ya makasih,barang ny sesuai deskripsi ok sblm ny ud pake cma beli ny gk di toko ini hehe.....semoga bisa jd langganan ya makasih,Fake,Real,0.914,6.28
384,"baru pertama kali coba semoga cocok, packing semua rapi bagus dan tiba tepat waktu","baru pertama kali coba semoga cocok, packing semua rapi bagus dan tiba tepat waktu",baru pertama kali coba semoga cocok,Fake,Real,0.812,4.24
386,produknya ori dan bagus bngtttttt ak suka tokonya amanah next order lagi 😙,produknya ori dan bagus bngtttttt ak suka tokonya amanah next order lagi 😙,produknya ori dan bagus bngtttttt ak suka tokonya amanah next order lagi,Fake,Real,0.9,5.99
398,bagus produknya ori,bagus produknya ori,bagus produknya ori,Real,Fake,0.9,1.0
401,"cepat sekali sampenya, batang lengkap, makasi seller.","cepat sekali sampenya, batang lengkap, makasi seller.",cepat sekali sampenya,Real,Fake,1.0,0.0
404,"sesuai ekspektasi, pengiriman nya juga cepat 👍","sesuai ekspektasi, pengiriman nya juga cepat 👍",sesuai ekspektasi,Real,Fake,1.0,0.0
409,"produk langganan aku, yg bikin kulit cerah dan sehat😍😍","produk langganan aku, yg bikin kulit cerah dan sehat😍😍",produk langganan aku,Real,Fake,1.0,0.0
410,sesuai banget ..perdana pakek semoga cocok,sesuai banget ..perdana pakek semoga cocok,sesuai banget ..perdana pakek semoga cocok,Fake,Real,0.81,4.2
422,"puas buangett kakk,87k an udah dapet pcs, dteng nya juga cepet, gaak ada mines nya sama sekali, pokoknya luvluv deh buat tokonyaa😃😃","puas buangett kakk,87k an udah dapet pcs, dteng nya juga cepet, gaak ada mines nya sama sekali, pokoknya luvluv deh buat tokonyaa😃😃",puas buangett kakk,Real,Fake,1.0,0.0
425,"pengiriman aman cepat sampai, first time coba g2g semoga cocok ya next kalo cocok aku pasti balik order lagi","pengiriman aman cepat sampai, first time coba g2g semoga cocok ya next kalo cocok aku pasti balik order lagi",pengiriman aman cepat sampai,Fake,Real,0.801,4.02
430,"paket sudah dateng,semoga cocok dikulitkuu 🫶🏻","paket sudah dateng,semoga cocok dikulitkuu 🫶🏻",paket sudah dateng,Fake,Real,0.802,4.04
431,"alhamdulillah paket datang dengan kondisi baik, barang sesuai pesanan, baru coba sepakat gini, bismillah semoga cocok 🤗","alhamdulillah paket datang dengan kondisi baik, barang sesuai pesanan, baru coba sepakat gini, bismillah semoga cocok 🤗",alhamdulillah paket datang dengan kondisi baik,Fake,Real,0.808,4.15
432,pecah,pecah,pecah,Fake,Real,0.95,7.24
437,"maaf baru kasih ulasan, barang nyampe dengan slamat karena packingnya rapi, semoga cocok dan ada hasil dikulit aku, buat toko slalu amanah, buat kurir slalu ramah","maaf baru kasih ulasan, barang nyampe dengan slamat karena packingnya rapi, semoga cocok dan ada hasil dikulit aku, buat toko slalu amanah, buat kurir slalu ramah",maaf baru kasih ulasan,Fake,Real,0.813,4.27
439,"cocok d kulit, menghilangkan flek2 hitam d wajah, mencerah kan wajah kusam","cocok d kulit, menghilangkan flek2 hitam d wajah, mencerah kan wajah kusam",cocok d kulit,Real,Fake,1.0,0.0
441,bahan: lembut dingin,bahan: lembut dingin,bahan: lembut dingin,Real,Fake,0.9,1.0
455,alhamdulillah nyampe baru mau nyoba semoga cocok dan alhamdulillah sabun nya udh pemakaian 1 buln alhamdulillah cocok,alhamdulillah nyampe baru mau nyoba semoga cocok dan alhamdulillah sabun nya udh pemakaian 1 buln alhamdulillah cocok,alhamdulillah nyampe baru mau nyoba semoga cocok dan alhamdulillah sabun nya udh pemakaian 1 buln alhamdulillah cocok,Fake,Real,0.799,3.98
456,"mantul semua aman, sesuai yg d harap kan, 🥰neks order lgi klu udh abis🥰","mantul semua aman, sesuai yg d harap kan, 🥰neks order lgi klu udh abis🥰",mantul semua aman,Real,Fake,1.0,0.0
466,"pokoknya dah jadi langganan kalo abis pasti co nya di sini karna gak pernah mengecewakan juga akun g2g asli, timaaciiiiii sellerrrr dan kurirrr🥰🥰🥰🥰","pokoknya dah jadi langganan kalo abis pasti co nya di sini karna gak pernah mengecewakan juga akun g2g asli, timaaciiiiii sellerrrr dan kurirrr🥰🥰🥰🥰",pokoknya dah jadi langganan kalo abis pasti co nya di sini karna gak pernah mengecewakan juga akun g2g asli,Fake,Real,0.95,11.81
472,facial wash isi ny cuma setengahhhh tempat nya aja yang gedeeeee,facial wash isi ny cuma setengahhhh tempat nya aja yang gedeeeee,facial wash isi ny cuma setengahhhh tempat nya aja yang gedeeeee,Fake,Real,0.903,6.06
475,"mantep banget produknya,,cocok diwajah istriku❤️❤️","mantep banget produknya,,cocok diwajah istriku❤️❤️",mantep banget produknya,Real,Fake,0.9,1.0
487,"sesuai pesanan, warna sesuai kurir langganan, pengiriman cepat buat jahitan oke bgt dijahit rapi dan diobras juga tapi buat kain menurut ku lumayan tipis sih, tapi sesuai...","sesuai pesanan, warna sesuai kurir langganan, pengiriman cepat buat jahitan oke bgt dijahit rapi dan diobras juga tapi buat kain menurut ku lumayan tipis sih, tapi sesuai...",sesuai pesanan,Real,Fake,1.0,0.0
494,"kiriman sesuai, bahan bagus warna: ok semoga pas dipakai anakku. terima kasih seller sukses selalu","kiriman sesuai, bahan bagus warna: ok semoga pas dipakai anakku. terima kasih seller sukses selalu",kiriman sesuai,Real,Fake,1.0,0.0
498,"alhamdulillah, paket sdh sampai ,semoga bermanfaat dan nyaman, awet dipakai, cuma tdk sesuai yg ditawarkan","alhamdulillah, paket sdh sampai ,semoga bermanfaat dan nyaman, awet dipakai, cuma tdk sesuai yg ditawarkan",alhamdulillah,Real,Fake,1.0,0.0
500,"sangat kecewa , tdk sesuai sama yg di foto , barang tipis banget , bisa di kembalikan apa gmn 🙏 penilaian kurang bagus produknya","sangat kecewa , tdk sesuai sama yg di foto , barang tipis banget , bisa di kembalikan apa gmn 🙏 penilaian kurang bagus produknya",sangat kecewa,Real,Fake,1.0,0.0
501,bahanya panas terus kantongnya ga tau dari kain bekas apaan panas polllll,bahanya panas terus kantongnya ga tau dari kain bekas apaan panas polllll,bahanya panas terus kantongnya ga tau dari kain bekas apaan panas polllll,Fake,Real,0.914,6.28
512,"bahannya adem,ga tebal ga jg terawang.enak makenya..karet nya jg bagus","bahannya adem,ga tebal ga jg terawang.enak makenya..karet nya jg bagus",bahannya adem,Real,Fake,1.0,0.0
513,alhamdulillah paket ny sudah sampai..tpi ini ini trening y 😁 tpi gpp bahan ny lembut di pegang ny semoga awet ga gampang bolong/ sobek trima kasih buat smua,alhamdulillah paket ny sudah sampai..tpi ini ini trening y 😁 tpi gpp bahan ny lembut di pegang ny semoga awet ga gampang bolong/ sobek trima kasih buat smua,alhamdulillah paket ny sudah sampai..tpi ini ini trening y tpi gpp bahan ny lembut di pegang ny semoga awet ga gampang bolong/ sobek trima kasih buat smua,Fake,Real,0.814,4.28
515,"orderan dah smp, respon penjual cepat.. pengiriman juga cepat.. bahan lumayan baguslah, sayangnya dipake sama suami aku cungklang/ngatung tinggi suami aku 173, malah muat...","orderan dah smp, respon penjual cepat.. pengiriman juga cepat.. bahan lumayan baguslah, sayangnya dipake sama suami aku cungklang/ngatung tinggi suami aku 173, malah muat...",orderan dah smp,Real,Fake,1.0,0.0
516,"bagusss, bahannya lembut.","bagusss, bahannya lembut.",bagusss,Real,Fake,0.9,1.0
517,"lembut, pas, nyaman di pakai, pengiriman cepat, tidak ada cacat sama sekali pokoknya besss🥰","lembut, pas, nyaman di pakai, pengiriman cepat, tidak ada cacat sama sekali pokoknya besss🥰",lembut,Real,Fake,1.0,0.0
535,"paketku sdh dtg, suka dan sellernya amanah bentuk dan ukuran: sesuai","paketku sdh dtg, suka dan sellernya amanah bentuk dan ukuran: sesuai",paketku sdh dtg,Real,Fake,1.0,0.0
536,"barang datang, bagus tebal kainya, cuma warnanya hitam navy, yg datang navi abu""..🙆","barang datang, bagus tebal kainya, cuma warnanya hitam navy, yg datang navi abu""..🙆",barang datang,Real,Fake,1.0,0.0
544,woooowwww bagus banget dengan harga semurah ini dan beneran dapat 2 pcs dong.. buat yang mau beli ayo di co jangan ragu,woooowwww bagus banget dengan harga semurah ini dan beneran dapat 2 pcs dong.. buat yang mau beli ayo di co jangan ragu,woooowwww bagus banget dengan harga semurah ini dan beneran dapat 2 pcs dong.. buat yang mau beli ayo di co jangan ragu,Fake,Real,0.897,5.95
547,"barang bagus,cocok untuk bb 65 pas tidak kebesaran atau kekecilan kain lumayan halus cocok untuk olahraga atau kegiatan lapngan. dan harga sangat murah meriah tp kualitas...","barang bagus,cocok untuk bb 65 pas tidak kebesaran atau kekecilan kain lumayan halus cocok untuk olahraga atau kegiatan lapngan. dan harga sangat murah meriah tp kualitas...",barang bagus,Real,Fake,1.0,0.0
553,"bahan halus,tebal,sesuai pesanan semoga tetep amanah","bahan halus,tebal,sesuai pesanan semoga tetep amanah",bahan halus,Real,Fake,1.0,0.0
558,"trusted and recommended seller, service excellent and good quality as described","trusted and recommended seller, service excellent and good quality as described",trusted and recommended seller,Real,Fake,1.0,0.0
560,"mantap celana jogernya,pas banget ukuran nya, nyaman di pakai, terimakasih 🙏 jangan ragu beli di toko ini,amanah dan respon baik, semoga laris manis dan sukses terus 🤲","mantap celana jogernya,pas banget ukuran nya, nyaman di pakai, terimakasih 🙏 jangan ragu beli di toko ini,amanah dan respon baik, semoga laris manis dan sukses terus 🤲",mantap celana jogernya,Real,Fake,1.0,0.0
566,"barang cepat sampai, bahan tebel, dan bagus","barang cepat sampai, bahan tebel, dan bagus",barang cepat sampai,Real,Fake,1.0,0.0
569,"bagus ,nyaman ,dgn hrga segitu lumayan buat suami mancing,kecehan,kotor2an , ad lesliting.nya juga di kantong jdi aman buat nyimpan hp dompet / uang ngak jatuh 👍","bagus ,nyaman ,dgn hrga segitu lumayan buat suami mancing,kecehan,kotor2an , ad lesliting.nya juga di kantong jdi aman buat nyimpan hp dompet / uang ngak jatuh 👍",bagus,Real,Fake,1.0,0.0
573,"bagus, bahannya lumayan tebal, harga murah meriah... hanya saja pesannya hitam navy, yang dateng hitam abu tua... it's ok.... semoga lancar jaya","bagus, bahannya lumayan tebal, harga murah meriah... hanya saja pesannya hitam navy, yang dateng hitam abu tua... it's ok.... semoga lancar jaya",bagus,Real,Fake,1.0,0.0
577,"baguuus, rekomended, bahan tidak tipis, jangan ragu beli di toko ini ya guys yaaa","baguuus, rekomended, bahan tidak tipis, jangan ragu beli di toko ini ya guys yaaa",baguuus,Real,Fake,1.0,0.0
586,bentuk dan ukuran: pas bahan: lumayan sesuai harga warna: bagus karakteristik: anget jahitan rapi semoga awet,bentuk dan ukuran: pas bahan: lumayan sesuai harga warna: bagus karakteristik: anget jahitan rapi semoga awet,bentuk dan ukuran: pas bahan: lumayan sesuai harga warna: bagus karakteristik: anget jahitan rapi semoga awet,Fake,Real,0.812,4.24
604,ukuran ngepas....kalau dipakai jongkok kurang nyaman agak kurang panjang sedikit....bahan agak tipis dan sesuai harga. tali nya seperti tali sepatu....semoga awet,ukuran ngepas....kalau dipakai jongkok kurang nyaman agak kurang panjang sedikit....bahan agak tipis dan sesuai harga. tali nya seperti tali sepatu....semoga awet,ukuran ngepas....kalau dipakai jongkok kurang nyaman agak kurang panjang sedikit....bahan agak tipis dan sesuai harga. tali nya seperti tali sepatu....semoga awet,Fake,Real,0.8,4.0
618,"pesenan sesuai, tpi yg abu abu kekecilan","pesenan sesuai, tpi yg abu abu kekecilan",pesenan sesuai,Real,Fake,1.0,0.0
629,"barang nya halus lmbut,, semoga awet,, terimakasih banyak bosku n si abang kurir nya jga","barang nya halus lmbut,, semoga awet,, terimakasih banyak bosku n si abang kurir nya jga",barang nya halus lmbut,Fake,Real,0.809,4.17
634,kurir ramah dan baik . produk sangat bagus,kurir ramah dan baik . produk sangat bagus,kurir ramah dan baik . produk sangat bagus,Fake,Real,0.753,3.06
642,"psket sfh ssmpet, bahannya lembut, mskasih ya kak","psket sfh ssmpet, bahannya lembut, mskasih ya kak",psket sfh ssmpet,Real,Fake,1.0,0.0
644,"mohon maaf ,barang tidak sesuai ekspektasi","mohon maaf ,barang tidak sesuai ekspektasi",mohon maaf,Real,Fake,1.0,0.0
646,"barang bagus, sesuai pesanan... pengiriman jg cepat..👍","barang bagus, sesuai pesanan... pengiriman jg cepat..👍",barang bagus,Real,Fake,1.0,0.0
648,"barang sdh diterima, bagus, realpict, harga terjangkau","barang sdh diterima, bagus, realpict, harga terjangkau",barang sdh diterima,Real,Fake,0.714,2.86
653,"bagus untuk sehari2, next order untuk anak bujang","bagus untuk sehari2, next order untuk anak bujang",bagus untuk sehari2,Real,Fake,1.0,0.0
659,"barangnya bagus sekali, sangat senang belanja disini, barangnya sesuai","barangnya bagus sekali, sangat senang belanja disini, barangnya sesuai",barangnya bagus sekali,Real,Fake,1.0,0.0
661,"datang langsung dipakai,lumayan nyaman...","datang langsung dipakai,lumayan nyaman...",datang langsung dipakai,Real,Fake,0.9,1.0
664,"bahan tipis, tidak sesuai dengan di gambar","bahan tipis, tidak sesuai dengan di gambar",bahan tipis,Real,Fake,1.0,0.0
669,"sip ,cocok sesuai amanah tokonya","sip ,cocok sesuai amanah tokonya",sip,Real,Fake,0.9,1.0
674,"ukuran pas, sesuai pesanan... *wes ngunu ae","ukuran pas, sesuai pesanan... *wes ngunu ae",ukuran pas,Real,Fake,1.0,0.0
677,bentuk dan ukuran: sangaaaat paaas di pakeeee pokonya ga ngcewaiiinnn hargnya murah lagiiiiiii,bentuk dan ukuran: sangaaaat paaas di pakeeee pokonya ga ngcewaiiinnn hargnya murah lagiiiiiii,bentuk dan ukuran: sangaaaat paaas di pakeeee pokonya ga ngcewaiiinnn hargnya murah lagiiiiiii,Fake,Real,0.95,10.11
681,"barang bagus banget,kain tebal","barang bagus banget,kain tebal",barang bagus banget,Real,Fake,0.9,1.0
683,"barang ok,toko amanah sesuai dgn gambar makasih","barang ok,toko amanah sesuai dgn gambar makasih",barang ok,Real,Fake,1.0,0.0
687,barang sesuai pesanan fast respon,barang sesuai pesanan fast respon,barang sesuai pesanan fast respon,Fake,Real,0.787,3.75
698,"paket sudh sampai ,sesuai pesanan pas di pake aq yg bb 55 kg..trima ksih 🙏","paket sudh sampai ,sesuai pesanan pas di pake aq yg bb 55 kg..trima ksih 🙏",paket sudh sampai,Real,Fake,1.0,0.0
699,kain nya tipis dan nerawang.....tidak sesuai dengan promonya......,kain nya tipis dan nerawang.....tidak sesuai dengan promonya......,kain nya tipis dan nerawang.....tidak sesuai dengan promonya......,Fake,Real,0.929,6.57
700,maaf sy beli bintang 2 dari komen customer lain koq tebal sedangkan saya dpt yg yach.....? jahitannya jg....?,maaf sy beli bintang 2 dari komen customer lain koq tebal sedangkan saya dpt yg yach.....? jahitannya jg....?,maaf sy beli bintang 2 dari komen customer lain koq tebal sedangkan saya dpt yg yach.....? jahitannya jg....?,Fake,Real,0.925,6.5
707,"barang dah smpai,sangat bagus sesuai pesanan","barang dah smpai,sangat bagus sesuai pesanan",barang dah smpai,Real,Fake,1.0,0.0
722,"barang dah sampai,harga nya bener murce..mksh seller & kurir","barang dah sampai,harga nya bener murce..mksh seller & kurir",barang dah sampai,Real,Fake,1.0,0.0
731,"barang sesuai pesanan, kurir rama","barang sesuai pesanan, kurir rama",barang sesuai pesanan,Real,Fake,0.9,1.0
736,"produknya bagus, tapi bahannya tipis, pengiriman cepat, terima kasih","produknya bagus, tapi bahannya tipis, pengiriman cepat, terima kasih",produknya bagus,Real,Fake,1.0,0.0
743,"bahan tipis, warna realpic ukuran sesuai lumayan lah hrg segitu dipakai buat sehari2","bahan tipis, warna realpic ukuran sesuai lumayan lah hrg segitu dipakai buat sehari2",bahan tipis,Real,Fake,1.0,0.0
753,"sesuai harga, barang tidak tipis,tidak tebal","sesuai harga, barang tidak tipis,tidak tebal",sesuai harga,Real,Fake,1.0,0.0
762,"bahan kainnya bagus, tidak tipis dan adem. worth it","bahan kainnya bagus, tidak tipis dan adem. worth it",bahan kainnya bagus,Real,Fake,1.0,0.0
770,"bahannya adem,nyaman dipakai,pokoknya amanah trus buat tokonya.makasih","bahannya adem,nyaman dipakai,pokoknya amanah trus buat tokonya.makasih",bahannya adem,Real,Fake,1.0,0.0
771,paket sudah sampe pengiriman sangat cepat sayangnya bahan tipis,paket sudah sampe pengiriman sangat cepat sayangnya bahan tipis,paket sudah sampe pengiriman sangat cepat sayangnya bahan tipis,Fake,Real,0.751,3.01
776,"bagus bahannya, nyaman dipakainya,cepat pengiriman","bagus bahannya, nyaman dipakainya,cepat pengiriman",bagus bahannya,Real,Fake,0.9,1.0
777,paketnya sudah sampe pekingnya rapi mantap👍👍👍👍👍👍👍👍👍👍👍👍👍👍👍👍👍👍,paketnya sudah sampe pekingnya rapi mantap👍👍👍👍👍👍👍👍👍👍👍👍👍👍👍👍👍👍,paketnya sudah sampe pekingnya rapi mantap,Fake,Real,0.921,6.41
784,"toko amanah,bahan adem meskipun sedikit tipis sesuai lah sm harganya...barang dtg sesuai pesanan,packing aman...trimksh sukses trus ka","toko amanah,bahan adem meskipun sedikit tipis sesuai lah sm harganya...barang dtg sesuai pesanan,packing aman...trimksh sukses trus ka",toko amanah,Real,Fake,1.0,0.0
789,"sesuai pesanan,,,tapi kainnya agak tipis😔","sesuai pesanan,,,tapi kainnya agak tipis😔",sesuai pesanan,Real,Fake,0.9,1.0
801,"dengan harga segini, menurut q cocok dan nyaman juga di pakai😊","dengan harga segini, menurut q cocok dan nyaman juga di pakai😊",dengan harga segini,Real,Fake,1.0,0.0
815,"bagus, nyaman digunakan dan harganya juga murce..","bagus, nyaman digunakan dan harganya juga murce..",bagus,Real,Fake,1.0,0.0
820,"enak dipakai, halus lainnya, anakku senang","enak dipakai, halus lainnya, anakku senang",enak dipakai,Real,Fake,1.0,0.0
822,"suami ku suka,,bs buat tidur jg bs buat joging juga..👍","suami ku suka,,bs buat tidur jg bs buat joging juga..👍",suami ku suka,Real,Fake,1.0,0.0
826,"bagus sesuai harga,bahan adem jahitan rapi","bagus sesuai harga,bahan adem jahitan rapi",bagus sesuai harga,Real,Fake,1.0,0.0
832,bahan bagus👍..... sayang kekecilan😎😎,bahan bagus👍..... sayang kekecilan😎😎,bahan bagus..... sayang kekecilan,Fake,Real,0.95,7.35
833,"sangat adem digunakan, ikurannya pas, jaritannya bagus, terima kasih ya kaka","sangat adem digunakan, ikurannya pas, jaritannya bagus, terima kasih ya kaka",sangat adem digunakan,Real,Fake,1.0,0.0
843,"celananya keren..nyaman dipake,trimakasih seller..","celananya keren..nyaman dipake,trimakasih seller..",celananya keren..nyaman dipake,Real,Fake,0.9,1.0
845,"bagus bahan nya, lumayan utk hrga segitu 63rb dpt 2,bisa ganti²","bagus bahan nya, lumayan utk hrga segitu 63rb dpt 2,bisa ganti²",bagus bahan nya,Real,Fake,1.0,0.0
850,"sesuai pokoknya ,kurir baik sukses tuk semuanya","sesuai pokoknya ,kurir baik sukses tuk semuanya",sesuai pokoknya,Real,Fake,1.0,0.0
854,"alhamdulillah paket udh nyampe lgsg di buka ,bagus halus nyaman di pakai recommended banget deh","alhamdulillah paket udh nyampe lgsg di buka ,bagus halus nyaman di pakai recommended banget deh",alhamdulillah paket udh nyampe lgsg di buka,Fake,Real,0.753,3.06
856,"kualitas sesuai harga, barang sesuai pesanan, pengiriman cepat dan amanah, terimakasih.","kualitas sesuai harga, barang sesuai pesanan, pengiriman cepat dan amanah, terimakasih.",kualitas sesuai harga,Real,Fake,1.0,0.0
858,"enak di pakai ,sesuai murah tidakk murahan dapet bonus lgi","enak di pakai ,sesuai murah tidakk murahan dapet bonus lgi",enak di pakai,Real,Fake,1.0,0.0
868,"bahan: sesuai dengan harga, semoga awet... bentuk dan ukuran: belum di coba","bahan: sesuai dengan harga, semoga awet... bentuk dan ukuran: belum di coba",bahan: sesuai dengan harga,Fake,Real,0.824,4.48
880,"bahannya bagus, puas sebagai konsumen👍👍","bahannya bagus, puas sebagai konsumen👍👍",bahannya bagus,Real,Fake,0.9,1.0
886,"alhsmdulillah udah datang,bahannya cukup tebal,serat kain rapat,wort it buat harga segitu","alhsmdulillah udah datang,bahannya cukup tebal,serat kain rapat,wort it buat harga segitu",alhsmdulillah udah datang,Real,Fake,1.0,0.0
889,"bsrang bagus,sesuai pesanan,pengiriman cepat","bsrang bagus,sesuai pesanan,pengiriman cepat",bsrang bagus,Real,Fake,0.9,1.0
904,"bagus celana y, mau co ukuran anak umur 12 tahun ada ga","bagus celana y, mau co ukuran anak umur 12 tahun ada ga",bagus celana y,Real,Fake,1.0,0.0
915,"bagus ,cakep ,puas","bagus ,cakep ,puas",bagus,Real,Fake,0.9,1.0
917,"tidak tebal, tapi lumayan bagus. belum tahu akan awet tidaknya nanti.","tidak tebal, tapi lumayan bagus. belum tahu akan awet tidaknya nanti.",tidak tebal,Real,Fake,1.0,0.0
921,sangat sangat bagus sekali.....tebal juga .... pas buat olahraga..... pokoknya bagus,sangat sangat bagus sekali.....tebal juga .... pas buat olahraga..... pokoknya bagus,sangat sangat bagus sekali.....tebal juga .... pas buat olahraga..... pokoknya bagus,Fake,Real,0.903,6.06
928,"bagus bahanya, cocok dgn harganya dan amana tokonya","bagus bahanya, cocok dgn harganya dan amana tokonya",bagus bahanya,Real,Fake,1.0,0.0
935,"celananya bagis, cm talinya kurang bagus. semoga lebih baik lg talinya. next order lg...","celananya bagis, cm talinya kurang bagus. semoga lebih baik lg talinya. next order lg...",celananya bagis,Real,Fake,0.8,2.0
942,"sesuailah dg harganya,bahanya juga lumayan tebal dg harga segitu warna dan ukuran sesuai pesanan,q suka🫰🫰🫰","sesuailah dg harganya,bahanya juga lumayan tebal dg harga segitu warna dan ukuran sesuai pesanan,q suka🫰🫰🫰",sesuailah dg harganya,Real,Fake,1.0,0.0
949,bagusss bangettt bahan nya poko nya toko nya amanah banget 👍👍👍👍👍,bagusss bangettt bahan nya poko nya toko nya amanah banget 👍👍👍👍👍,bagusss bangettt bahan nya poko nya toko nya amanah banget,Fake,Real,0.917,6.34
951,barang lumayan bagus.....tapi kok tidak seperti iklanya,barang lumayan bagus.....tapi kok tidak seperti iklanya,barang lumayan bagus.....tapi kok tidak seperti iklanya,Fake,Real,0.919,6.37
953,"bahanya bgus halus ,ukuranya pas warna: cocok","bahanya bgus halus ,ukuranya pas warna: cocok",bahanya bgus halus,Real,Fake,1.0,0.0
960,barang bagus adem buat keseharian . pengiriman sangat cepat sekali,barang bagus adem buat keseharian . pengiriman sangat cepat sekali,barang bagus adem buat keseharian . pengiriman sangat cepat sekali,Fake,Real,0.753,3.06
967,"barangnya udah nyampe , kurirnya baik udh langganan,tapi celananya ada yg bolong sedikit masih bisa di jahit sendiri ada mesin jahit di rumah","barangnya udah nyampe , kurirnya baik udh langganan,tapi celananya ada yg bolong sedikit masih bisa di jahit sendiri ada mesin jahit di rumah",barangnya udah nyampe,Real,Fake,1.0,0.0
969,"trimakasih penjual, barang sudah sampai pas bahan: lumayan sesuai harga","trimakasih penjual, barang sudah sampai pas bahan: lumayan sesuai harga",trimakasih penjual,Real,Fake,1.0,0.0
981,"baik,ok pas ukurannya warna yg dikirim sesuai dengan yg q pesan smoga laris n jaya smoga amanah terus","baik,ok pas ukurannya warna yg dikirim sesuai dengan yg q pesan smoga laris n jaya smoga amanah terus",baik,Real,Fake,0.85,1.5
1002,"pengemasan bagus, aroma nya gak terlalu menyengat, tahan lama hanya 4,5 jam sih oke lah","pengemasan bagus, aroma nya gak terlalu menyengat, tahan lama hanya 4,5 jam sih oke lah",pengemasan bagus,Real,Fake,1.0,0.0
1003,"packing aman, pengiriman cepat, kualitas sesuai merk","packing aman, pengiriman cepat, kualitas sesuai merk",packing aman,Real,Fake,1.0,0.0
1004,"barang sampai, kemasan bagus pake bubble wrap menggunakan kardus jg jadi aman banget lah ya","barang sampai, kemasan bagus pake bubble wrap menggunakan kardus jg jadi aman banget lah ya",barang sampai,Real,Fake,1.0,0.0
1005,"wangi manly banget , agak menusuk sih tapi nyaman sih wanginya , cocok buat outdoor kalo menurut ku si , thank you evangeline 😘","wangi manly banget , agak menusuk sih tapi nyaman sih wanginya , cocok buat outdoor kalo menurut ku si , thank you evangeline 😘",wangi manly banget,Real,Fake,1.0,0.0
1008,"enak wanginya,botolnya bagus,packaging cukup aman","enak wanginya,botolnya bagus,packaging cukup aman",enak wanginya,Real,Fake,0.9,1.0
1013,"packing rapi, proses cepat, wanginya tipe strong, lebih enak braven oud wood","packing rapi, proses cepat, wanginya tipe strong, lebih enak braven oud wood",packing rapi,Real,Fake,1.0,0.0
1015,"real product etalase👍🏻cassenya kaca, 2 productnya saya suka😍dapet harga diskon👍🏻✔️ baru disemprot dikit, ntar diuji ketahanannya semoga awet wanginya. agan sellerny...","real product etalase👍🏻cassenya kaca, 2 productnya saya suka😍dapet harga diskon👍🏻✔️ baru disemprot dikit, ntar diuji ketahanannya semoga awet wanginya. agan sellerny...",real product etalasecassenya kaca,Fake,Real,0.777,3.55
1017,"barang sesuai deskripsi, wangi. ga bisa upload video unboxing, tokopedia ngelag.","barang sesuai deskripsi, wangi. ga bisa upload video unboxing, tokopedia ngelag.",barang sesuai deskripsi,Real,Fake,1.0,0.0
1019,"kualitas sesuai harga, lumayan wangi untuk parfum harga 30rban, pengiriman cepat 1 hari sampai the best kurir lah","kualitas sesuai harga, lumayan wangi untuk parfum harga 30rban, pengiriman cepat 1 hari sampai the best kurir lah",kualitas sesuai harga,Real,Fake,1.0,0.0
1025,"packing nya rapih ada bubble wrap menggunakan kardus aroma nya pas belum coba apakah tahan lama tidak, jika parfum tahan lama otw beli lagi deh","packing nya rapih ada bubble wrap menggunakan kardus aroma nya pas belum coba apakah tahan lama tidak, jika parfum tahan lama otw beli lagi deh",packing nya rapih ada bubble wrap menggunakan kardus aroma nya pas belum coba apakah tahan lama tidak,Fake,Real,0.813,4.27
1028,"kualitas tahan lama, fresh banget wangi nya, cucok untuk shalat 5 waktu","kualitas tahan lama, fresh banget wangi nya, cucok untuk shalat 5 waktu",kualitas tahan lama,Real,Fake,1.0,0.0
1032,packing aman pengiriman cepat rasanya enak dipakenya trnyata .........,packing aman pengiriman cepat rasanya enak dipakenya trnyata .........,packing aman pengiriman cepat rasanya enak dipakenya trnyata .........,Fake,Real,0.898,5.96
1035,"barang cepat sampai, sesuai dengan gambar, dan packing nya rapih.","barang cepat sampai, sesuai dengan gambar, dan packing nya rapih.",barang cepat sampai,Real,Fake,1.0,0.0
1041,"recommended. sesuai pesanan, fast respon. wangi menyegarkan. suegerrr. sesuai pesanan","recommended. sesuai pesanan, fast respon. wangi menyegarkan. suegerrr. sesuai pesanan",recommended. sesuai pesanan,Real,Fake,0.85,1.5
1043,"🤗good job💚🧡❤🖤💛 udah pernah beli disini krn memang murah, cepat, paket rapih dan profesional.. 🙏🏻thanks dan semoga semakin larisssss","🤗good job💚🧡❤🖤💛 udah pernah beli disini krn memang murah, cepat, paket rapih dan profesional.. 🙏🏻thanks dan semoga semakin larisssss",good job udah pernah beli disini krn memang murah,Fake,Real,0.89,5.81
1045,"wanginya lumayan enak, lumayan tahan kira kira 2 jam, pengiriman cepat satu hari sampai","wanginya lumayan enak, lumayan tahan kira kira 2 jam, pengiriman cepat satu hari sampai",wanginya lumayan enak,Real,Fake,1.0,0.0
1047,wanginya uenaaaakkkkkkkk... dan fast respon buat sellernya...,wanginya uenaaaakkkkkkkk... dan fast respon buat sellernya...,wanginya uenaaaakkkkkkkk... dan fast respon buat sellernya...,Fake,Real,0.95,7.55
1049,"pesanan telah sampai, packing rapih aman tidak ada kecacatan. wanginya enak","pesanan telah sampai, packing rapih aman tidak ada kecacatan. wanginya enak",pesanan telah sampai,Real,Fake,1.0,0.0
1052,"packing aman, wanginya terlalu strong buat saya","packing aman, wanginya terlalu strong buat saya",packing aman,Real,Fake,1.0,0.0
1060,fast respon .....seller rmh ....produk amn .....pki bbble wrap ....wngi sger ....trmksh .....,fast respon .....seller rmh ....produk amn .....pki bbble wrap ....wngi sger ....trmksh .....,fast respon .....seller rmh ....produk amn .....pki bbble wrap ....wngi sger ....trmksh .....,Fake,Real,0.95,8.09
1063,"barang sdh sampai, ada sedikit kerusakan di bagian tutup nya pecah,, tpi gpp","barang sdh sampai, ada sedikit kerusakan di bagian tutup nya pecah,, tpi gpp",barang sdh sampai,Real,Fake,1.0,0.0
1065,"harga murah, pengiriman cepat, penjual responsif, top daah","harga murah, pengiriman cepat, penjual responsif, top daah",harga murah,Real,Fake,1.0,0.0
1068,"wangi nya pas, cocok, ga terlalu nyengat, mantap pokonya","wangi nya pas, cocok, ga terlalu nyengat, mantap pokonya",wangi nya pas,Real,Fake,1.0,0.0
1069,"baru nyoba, semoga bisa awet wangi nya dan bikin cewek cewek mendekat. jadi banyak cewek deh","baru nyoba, semoga bisa awet wangi nya dan bikin cewek cewek mendekat. jadi banyak cewek deh",baru nyoba,Real,Fake,1.0,0.0
1074,"kualitas produk: mantap packingnya safe, barang sesuai pesenan,semoga cocok dan bisa bila lagi disini,,all in top👍","kualitas produk: mantap packingnya safe, barang sesuai pesenan,semoga cocok dan bisa bila lagi disini,,all in top👍",kualitas produk: mantap packingnya safe,Fake,Real,0.809,4.17
1076,alhamdulillah aman barang nya wangi en semoga cocok en bisa beli lg,alhamdulillah aman barang nya wangi en semoga cocok en bisa beli lg,alhamdulillah aman barang nya wangi en semoga cocok en bisa beli lg,Fake,Real,0.8,4.0
1085,"wangi banget, tahan lama, pokoknga rekomen banget deh, cobain gais","wangi banget, tahan lama, pokoknga rekomen banget deh, cobain gais",wangi banget,Real,Fake,1.0,0.0
1086,"barang sesuai pesanan,, pengiriman lebih cepat,, semoga berkah","barang sesuai pesanan,, pengiriman lebih cepat,, semoga berkah",barang sesuai pesanan,Real,Fake,1.0,0.0
1094,"botol botolnya, kecewa untuk pengirimannya padahal untuk varian yg ini enak wanginya","botol botolnya, kecewa untuk pengirimannya padahal untuk varian yg ini enak wanginya",botol botolnya,Real,Fake,1.0,0.0
1100,kualitas produk: buaguss👍🏻,kualitas produk: buaguss👍🏻,kualitas produk: buaguss,Real,Fake,0.9,1.0
1103,"barng sesuai pesanan dan aromanya sangat enak banget banget halus lembut,dan yang pasti respon reseller cepet tanggap dan pengiriman sangat cepat di luar prediksi","barng sesuai pesanan dan aromanya sangat enak banget banget halus lembut,dan yang pasti respon reseller cepet tanggap dan pengiriman sangat cepat di luar prediksi",barng sesuai pesanan dan aromanya sangat enak banget banget halus lembut,Fake,Real,0.751,3.02
1110,"wanginya mistis, kali ini nyoba wangi dari varian yg berbeda dari yg sdh punya. cocok dipake dlm keseharian atau buat acara² tertentu juga bisa.","wanginya mistis, kali ini nyoba wangi dari varian yg berbeda dari yg sdh punya. cocok dipake dlm keseharian atau buat acara² tertentu juga bisa.",wanginya mistis,Real,Fake,1.0,0.0
1111,"puas segala galanya, response seller dan pengiriman gercep, packing amat rapi & aman sampai tujuan. wangi parfumnya bikin ketagihan tuk menciumnya","puas segala galanya, response seller dan pengiriman gercep, packing amat rapi & aman sampai tujuan. wangi parfumnya bikin ketagihan tuk menciumnya",puas segala galanya,Real,Fake,1.0,0.0
1114,"paket sesuai ,tiba cepat ,tidak perlu takut pecah ,karena peking aman wangi enak ,yang suka kondangan atu berpergian parfum ini cocok bisa juga buat sklh .jang ragu lagi...","paket sesuai ,tiba cepat ,tidak perlu takut pecah ,karena peking aman wangi enak ,yang suka kondangan atu berpergian parfum ini cocok bisa juga buat sklh .jang ragu lagi...",paket sesuai,Real,Fake,1.0,0.0
1119,"semprotan awal, kuat wangi oud nya, beberapa menit kemudian mulai manis. kulit tiap org beda2, tp dikulit saya ketahanan nya gak lama, untuk edp hanya bertahan di 1 jam a...","semprotan awal, kuat wangi oud nya, beberapa menit kemudian mulai manis. kulit tiap org beda2, tp dikulit saya ketahanan nya gak lama, untuk edp hanya bertahan di 1 jam a...",semprotan awal,Real,Fake,1.0,0.0
1123,"wanginya khas,enak,tahan lama","wanginya khas,enak,tahan lama",wanginya khas,Real,Fake,0.9,1.0
1128,"packingan aman , rapi en wrap tebal. aroma khas, elegan dan tahan lama. seller ramah en gercep. tq seller","packingan aman , rapi en wrap tebal. aroma khas, elegan dan tahan lama. seller ramah en gercep. tq seller",packingan aman,Real,Fake,1.0,0.0
1131,"cair, cocok untuk daily, siang malam masih masuk, wangi gak harus mahal","cair, cocok untuk daily, siang malam masih masuk, wangi gak harus mahal",cair,Real,Fake,1.0,0.0
1135,"enak banget wanginya, agak kalem, gak nyesel deh beli disini, apalagi isi 100ml harganya murah banget","enak banget wanginya, agak kalem, gak nyesel deh beli disini, apalagi isi 100ml harganya murah banget",enak banget wanginya,Real,Fake,1.0,0.0
1138,"barang sesuai orderan, tudak pecah pengiriman cepat","barang sesuai orderan, tudak pecah pengiriman cepat",barang sesuai orderan,Real,Fake,1.0,0.0
1143,"fast respon, pengiriman cepat, wangi nya jg enak","fast respon, pengiriman cepat, wangi nya jg enak",fast respon,Real,Fake,0.85,1.5
1150,"barang nya ok, respon penjual cepat, sangat direkomendasi","barang nya ok, respon penjual cepat, sangat direkomendasi",barang nya ok,Real,Fake,1.0,0.0
1154,sesuai dg di skripsi.... pengiriman cepat.... respon penjual bagus... packing istimewa........ for all.... goodss,sesuai dg di skripsi.... pengiriman cepat.... respon penjual bagus... packing istimewa........ for all.... goodss,sesuai dg di skripsi.... pengiriman cepat.... respon penjual bagus... packing istimewa........ for all.... goodss,Fake,Real,0.923,6.46
1155,"kualitas baik, suka wanginya,,reseller mantap packing nya,,,, sukses terusss","kualitas baik, suka wanginya,,reseller mantap packing nya,,,, sukses terusss",kualitas baik,Real,Fake,1.0,0.0
1156,"mantap packing super aman, wangi enak nggak eneg, satset dech","mantap packing super aman, wangi enak nggak eneg, satset dech",mantap packing super aman,Fake,Real,0.764,3.28
1157,"wangi nya enak, lumayan untuk harga segini dapat 100 ml","wangi nya enak, lumayan untuk harga segini dapat 100 ml",wangi nya enak,Real,Fake,1.0,0.0
1159,"terimakasih, paket sudah tiba....packing aman dan aroma lumayan enak, sesuailah dengan harga dan untuk daya tahan ada di 3 jam ada jg yg lebihh","terimakasih, paket sudah tiba....packing aman dan aroma lumayan enak, sesuailah dengan harga dan untuk daya tahan ada di 3 jam ada jg yg lebihh",terimakasih,Real,Fake,1.0,0.0
1165,"barangnya bagus, respon dan pengiriman cepat.","barangnya bagus, respon dan pengiriman cepat.",barangnya bagus,Real,Fake,1.0,0.0
1168,"packaging keren, barang aman wanginya enak fresh banget","packaging keren, barang aman wanginya enak fresh banget",packaging keren,Real,Fake,1.0,0.0
1173,"pengiriman cepat, packingnya aman, kondisi barang sesuai, aromnya hmm parfum bapak2 supir taksi blue bird wkwkw","pengiriman cepat, packingnya aman, kondisi barang sesuai, aromnya hmm parfum bapak2 supir taksi blue bird wkwkw",pengiriman cepat,Real,Fake,1.0,0.0
1176,"mantap, barang sampai dengan aman dan tidak ada yang pecah.👍👍👍","mantap, barang sampai dengan aman dan tidak ada yang pecah.👍👍👍",mantap,Real,Fake,1.0,0.0
1177,"alhamdulillah. mantap, pengirimannya cepat, packingnya aman pakai bubblewap. barang sesuai deskripsi. terimakasih banyak gan. 🙏🏼","alhamdulillah. mantap, pengirimannya cepat, packingnya aman pakai bubblewap. barang sesuai deskripsi. terimakasih banyak gan. 🙏🏼",alhamdulillah. mantap,Real,Fake,1.0,0.0
1178,sesuai pesanan dan packing baik.. pengiriman cpt semoga cocok dngn wanginny,sesuai pesanan dan packing baik.. pengiriman cpt semoga cocok dngn wanginny,sesuai pesanan dan packing baik.. pengiriman cpt semoga cocok dngn wanginny,Fake,Real,0.81,4.2
1181,"baik, wanginya cowok banget. ketahanan lumayan lama. buat yang nyari parfum harga ekonomis kualitas bagus rekomend nih.","baik, wanginya cowok banget. ketahanan lumayan lama. buat yang nyari parfum harga ekonomis kualitas bagus rekomend nih.",baik,Real,Fake,1.0,0.0
1183,"barang cepat sampai, wanginya mantap, dan sesuai dengan orderan, semoga makin sering ada promo nya ya","barang cepat sampai, wanginya mantap, dan sesuai dengan orderan, semoga makin sering ada promo nya ya",barang cepat sampai,Real,Fake,1.0,0.0
1187,"pengiriman cepat, packing mantap, dapat bonus pula, terimakasih","pengiriman cepat, packing mantap, dapat bonus pula, terimakasih",pengiriman cepat,Real,Fake,1.0,0.0
1189,"sudah sampai alhamdulillah, barang ori,mantapp, mudah2 wanginya awet smpe magrib","sudah sampai alhamdulillah, barang ori,mantapp, mudah2 wanginya awet smpe magrib",sudah sampai alhamdulillah,Real,Fake,1.0,0.0
1199,"pengirimannya cepat, wanginya tahan lama.","pengirimannya cepat, wanginya tahan lama.",pengirimannya cepat,Real,Fake,0.9,1.0
1200,"mantab, barang datangnya biasa aja si ga cepet ga lama juga, barang datang aman tidak cacat dan mantab","mantab, barang datangnya biasa aja si ga cepet ga lama juga, barang datang aman tidak cacat dan mantab",mantab,Real,Fake,1.0,0.0
1202,"paket udh nympek, pengiriman cepat, baru kmren pesen skrng udh smpek wangi nya keren","paket udh nympek, pengiriman cepat, baru kmren pesen skrng udh smpek wangi nya keren",paket udh nympek,Real,Fake,1.0,0.0
1203,"wanginya enak, calm, tidak menusuk hidung. proses pengiriman juga cepat.","wanginya enak, calm, tidak menusuk hidung. proses pengiriman juga cepat.",wanginya enak,Real,Fake,1.0,0.0
1204,"paket sampai dengan selamat,wangi ok,kecepatan pengiriman sangat cepat,good job","paket sampai dengan selamat,wangi ok,kecepatan pengiriman sangat cepat,good job",paket sampai dengan selamat,Fake,Real,0.755,3.1
1205,"barang sesuai, wangi segar, 100ml, nagus, layanan juga ok. tks","barang sesuai, wangi segar, 100ml, nagus, layanan juga ok. tks",barang sesuai,Real,Fake,1.0,0.0
1206,"bagus,sebelumnyaa udahh pernahh belii rekomended bangett dengann harga segituu,jaga kualitas teruss pokonyaa","bagus,sebelumnyaa udahh pernahh belii rekomended bangett dengann harga segituu,jaga kualitas teruss pokonyaa",bagus,Real,Fake,1.0,0.0
1209,"baguss, harum, pengiriman nya cepet banget","baguss, harum, pengiriman nya cepet banget",baguss,Real,Fake,1.0,0.0
1213,"good pesanan sesuai,barang di terima dalam kondisi baik","good pesanan sesuai,barang di terima dalam kondisi baik",good pesanan sesuai,Real,Fake,1.0,0.0
1215,"barangnya mantap, packing ok, pengiriman joss, terima kasih breven","barangnya mantap, packing ok, pengiriman joss, terima kasih breven",barangnya mantap,Real,Fake,1.0,0.0
1217,"barang udah sampai,wanginya enak sekali cok cocok untuk gw ngampus nih segar setiap hari","barang udah sampai,wanginya enak sekali cok cocok untuk gw ngampus nih segar setiap hari",barang udah sampai,Real,Fake,1.0,0.0
1220,"parfumnya lumayan wangi, dan tidak panas di kulit. harganya terjangkau, packing juga aman pake bubble wrap","parfumnya lumayan wangi, dan tidak panas di kulit. harganya terjangkau, packing juga aman pake bubble wrap",parfumnya lumayan wangi,Real,Fake,1.0,0.0
1221,"nyobain, ternyata baunya cocok, terimakasih","nyobain, ternyata baunya cocok, terimakasih",nyobain,Real,Fake,0.9,1.0
1226,"baunya tidak menyengat, enak dicium cocok dipake untuk panas","baunya tidak menyengat, enak dicium cocok dipake untuk panas",baunya tidak menyengat,Real,Fake,1.0,0.0
1230,"barang udah sampe, harum tahan lama, cocok","barang udah sampe, harum tahan lama, cocok",barang udah sampe,Real,Fake,1.0,0.0
1233,"pengemasan sangat aman,aromanya oke,suka 👍🏻","pengemasan sangat aman,aromanya oke,suka 👍🏻",pengemasan sangat aman,Real,Fake,0.9,1.0
1241,product sangat bagus dan sesuai dengan deskripsi penjelasan serta pengiriman sangat cepat sampai diterima dalam keadaan yang sangat aman sangat direkomendasikan untuk di...,product sangat bagus dan sesuai dengan deskripsi penjelasan serta pengiriman sangat cepat sampai diterima dalam keadaan yang sangat aman sangat direkomendasikan untuk di...,product sangat bagus dan sesuai dengan deskripsi penjelasan serta pengiriman sangat cepat sampai diterima dalam keadaan yang sangat aman sangat direkomendasikan untuk di...,Fake,Real,0.765,3.3
1247,"respon seller cepat, pengemasan bagus & aman dengan bubble wrap tebal dan kardus, harga terjangkau, wangi & aroma parfum enak, cocok untuk cowok aktif. ada aroma...","respon seller cepat, pengemasan bagus & aman dengan bubble wrap tebal dan kardus, harga terjangkau, wangi & aroma parfum enak, cocok untuk cowok aktif. ada aroma...",respon seller cepat,Real,Fake,0.749,2.51
1250,"seller gercep, suka belanja di toko ini, parfum wangi banget aroma tdk menyengat sesuai , wangi awet","seller gercep, suka belanja di toko ini, parfum wangi banget aroma tdk menyengat sesuai , wangi awet",seller gercep,Real,Fake,1.0,0.0
1251,"barang ori, packing aman tdk pecah dan pengiriman cepat","barang ori, packing aman tdk pecah dan pengiriman cepat",barang ori,Real,Fake,1.0,0.0
1255,"halaman promo hoax , invoice resmi gudang ada tertera barang keluar tapi actual barang tidak di berikan . komplain melalui admin tokopedia juga sekongkol dengan penjual ,...","halaman promo hoax , invoice resmi gudang ada tertera barang keluar tapi actual barang tidak di berikan . komplain melalui admin tokopedia juga sekongkol dengan penjual ,...",halaman promo hoax,Real,Fake,1.0,0.0
1265,"barang original , packing baik ,recomended seller","barang original , packing baik ,recomended seller",barang original,Real,Fake,1.0,0.0
1266,"kualitas produk: mantap, enak bau nya. seperti bapak bapak pas jumatan","kualitas produk: mantap, enak bau nya. seperti bapak bapak pas jumatan",kualitas produk: mantap,Real,Fake,1.0,0.0
1271,"barang sesuai deskripsi, wanginya enak baru mau coba bisa tahan brp lama di ruangan ber ac, respon penjual cepat. kekurangan pd kurir jne barang sampai berhenti proses 1...","barang sesuai deskripsi, wanginya enak baru mau coba bisa tahan brp lama di ruangan ber ac, respon penjual cepat. kekurangan pd kurir jne barang sampai berhenti proses 1...",barang sesuai deskripsi,Real,Fake,0.8,2.0
1274,sampai dengan aman dam sesuai pesanan....baru pertama coba wanginya enak dan harganya ramah dikantong cocok buat dipake harian.....terima kasih,sampai dengan aman dam sesuai pesanan....baru pertama coba wanginya enak dan harganya ramah dikantong cocok buat dipake harian.....terima kasih,sampai dengan aman dam sesuai pesanan....baru pertama coba wanginya enak dan harganya ramah dikantong cocok buat dipake harian.....terima kasih,Fake,Real,0.899,5.97
1279,"mantap, wangi, berfungsi dengan baik, real picture, over all ok pisan","mantap, wangi, berfungsi dengan baik, real picture, over all ok pisan",mantap,Real,Fake,1.0,0.0
1281,"thankyou min, pengiriman cepat, aman karena ber bubble warp, free 1 juga lagi","thankyou min, pengiriman cepat, aman karena ber bubble warp, free 1 juga lagi",thankyou min,Real,Fake,1.0,0.0
1293,"oke sesuai pesanan, pertama kali coba beli","oke sesuai pesanan, pertama kali coba beli",oke sesuai pesanan,Real,Fake,1.0,0.0
1295,the best packaging and the best quality !!!,the best packaging and the best quality !!!,the best packaging and the best quality !!!,Real,Fake,1.0,0.0
1296,"baunya enak , tapi untuk ketahanan bau nya ga begitu lama , tapi untuk harga di bawah 50k udah bagus sih.","baunya enak , tapi untuk ketahanan bau nya ga begitu lama , tapi untuk harga di bawah 50k udah bagus sih.",baunya enak,Real,Fake,1.0,0.0
1297,kualitas produk: baik,kualitas produk: baik,kualitas produk: baik,Real,Fake,0.9,1.0
1298,"wanginya seger, dipake abis mandi enakk cocok kayaknya","wanginya seger, dipake abis mandi enakk cocok kayaknya",wanginya seger,Real,Fake,1.0,0.0
1305,"pengiriman super cepat, barang.sesuai diskirpsi . toko fast respon rekomendasi seller","pengiriman super cepat, barang.sesuai diskirpsi . toko fast respon rekomendasi seller",pengiriman super cepat,Real,Fake,0.85,1.5
1306,harga kualitas produk nya terbaik ajiebbbb,harga kualitas produk nya terbaik ajiebbbb,harga kualitas produk nya terbaik ajiebbbb,Fake,Real,0.914,6.28
1313,"produk sesuai ekspektasi, respon penjual cepat","produk sesuai ekspektasi, respon penjual cepat",produk sesuai ekspektasi,Real,Fake,1.0,0.0
1320,"wangy enak lembut, ga menyengat, cocok dipakai seharian","wangy enak lembut, ga menyengat, cocok dipakai seharian",wangy enak lembut,Real,Fake,1.0,0.0
1321,"bintang 5, produk sesuai deskripsi, packaging aman, pengiriman cepat. recomend seller. terimakasih","bintang 5, produk sesuai deskripsi, packaging aman, pengiriman cepat. recomend seller. terimakasih",bintang 5,Real,Fake,1.0,0.0
1323,"wangi , packaging rapih cepat pengiriman .. cocok untuk pria yang kerja dilapang. mayan tahan lama","wangi , packaging rapih cepat pengiriman .. cocok untuk pria yang kerja dilapang. mayan tahan lama",wangi,Real,Fake,1.0,0.0
1324,"barang oke banget , pengemasann rapi dan safety, bau nya juga lumayan awet","barang oke banget , pengemasann rapi dan safety, bau nya juga lumayan awet",barang oke banget,Real,Fake,1.0,0.0
1327,anak2 suka wanginya. waangiiiiii.... packing aman dan rapih,anak2 suka wanginya. waangiiiiii.... packing aman dan rapih,anak2 suka wanginya. waangiiiiii.... packing aman dan rapih,Fake,Real,0.903,6.06
1330,"kualitas packing aman, dikasih bubble warp, untuk wanginya rekomen semua,","kualitas packing aman, dikasih bubble warp, untuk wanginya rekomen semua,",kualitas packing aman,Real,Fake,1.0,0.0
1337,"wanginya okay banget, cuma sayang tutupnya pecah.","wanginya okay banget, cuma sayang tutupnya pecah.",wanginya okay banget,Real,Fake,1.0,0.0
1338,"bagus banget bro, langsung sampai gg gg murah pula, wanginya masih sama sama produk 3-6 bulan lalu","bagus banget bro, langsung sampai gg gg murah pula, wanginya masih sama sama produk 3-6 bulan lalu",bagus banget bro,Real,Fake,1.0,0.0
1351,"seller baik, gercep, barang sesuai deskripsi, wanginya ok, pengiriman super cepat, packing aman, selebih nya bintang yg berbicara. mksh seller n tokped","seller baik, gercep, barang sesuai deskripsi, wanginya ok, pengiriman super cepat, packing aman, selebih nya bintang yg berbicara. mksh seller n tokped",seller baik,Real,Fake,1.0,0.0
1352,"wanginya ok, packing rapi dan aman, pegiriman cepat, recommend seller","wanginya ok, packing rapi dan aman, pegiriman cepat, recommend seller",wanginya ok,Real,Fake,1.0,0.0
1359,"baunya harum, enak, segar ( tidak menyengat) dan tahan lama. pengemasan sangat baik, pengiriman juga sangat cepat. terimakasih banyak seller.","baunya harum, enak, segar ( tidak menyengat) dan tahan lama. pengemasan sangat baik, pengiriman juga sangat cepat. terimakasih banyak seller.",baunya harum,Real,Fake,1.0,0.0
1364,"keduanya wanginya enak, yg barber wanginya santai jg marinenya pass, cocok buat pas lagi nyantai. yg polo jg wanginya kalem elegant enak cocok buat bepergian","keduanya wanginya enak, yg barber wanginya santai jg marinenya pass, cocok buat pas lagi nyantai. yg polo jg wanginya kalem elegant enak cocok buat bepergian",keduanya wanginya enak,Real,Fake,1.0,0.0
1366,wanginya enak banget..... mantap juut....,wanginya enak banget..... mantap juut....,wanginya enak banget..... mantap juut....,Fake,Real,0.95,7.11
1368,"respon cepat, packing aman bgt, wanginya cocok","respon cepat, packing aman bgt, wanginya cocok",respon cepat,Real,Fake,1.0,0.0
1369,"mantap, kualitas sesuai, wangi enak cocok buat siang hari","mantap, kualitas sesuai, wangi enak cocok buat siang hari",mantap,Real,Fake,1.0,0.0
1375,"kualitas produk: sesuai, wangi tahan lama pengiriman: cepat, sesuai","kualitas produk: sesuai, wangi tahan lama pengiriman: cepat, sesuai",kualitas produk: sesuai,Real,Fake,1.0,0.0
1379,"orderan cpt sampai , ini knp sy pilih yg lbh mahal sdikit dari hrg yg lain krn pelayanan nya yg super cpt dan memuas kan","orderan cpt sampai , ini knp sy pilih yg lbh mahal sdikit dari hrg yg lain krn pelayanan nya yg super cpt dan memuas kan",orderan cpt sampai,Real,Fake,1.0,0.0
1384,"barang sesuai deskripsi, packing aman dilapis bubble..pengiriman tepat waktu, thanks","barang sesuai deskripsi, packing aman dilapis bubble..pengiriman tepat waktu, thanks",barang sesuai deskripsi,Real,Fake,1.0,0.0
1386,"kualitas produk: baik, ketahanan di kulit saya lumayan lama, untuk wangi sih buat cowo banget fresh gitu, untuk harga segini worth to buy, mantaps","kualitas produk: baik, ketahanan di kulit saya lumayan lama, untuk wangi sih buat cowo banget fresh gitu, untuk harga segini worth to buy, mantaps",kualitas produk: baik,Real,Fake,1.0,0.0
1389,"wanginya cocok, manis. meskipun katanya ini parfum minimarket dan murah tapi untuk harga segini sangat baik.","wanginya cocok, manis. meskipun katanya ini parfum minimarket dan murah tapi untuk harga segini sangat baik.",wanginya cocok,Real,Fake,1.0,0.0
1392,"wanginya enak, cocok yang suka soft dan g terlalu nusuk hidung. murah. pengiriman cepat.","wanginya enak, cocok yang suka soft dan g terlalu nusuk hidung. murah. pengiriman cepat.",wanginya enak,Real,Fake,1.0,0.0
1400,"seneng banget, admin fast respon. dari co langsung gercep di proses dan masuk antrian pengiriman di jam yg sama. 1 hari barang dah sampe","seneng banget, admin fast respon. dari co langsung gercep di proses dan masuk antrian pengiriman di jam yg sama. 1 hari barang dah sampe",seneng banget,Real,Fake,0.85,1.5
1401,"product nya bagus, wanginya maskulin, lumayan tahan lama di ruangan..terimakasih ya","product nya bagus, wanginya maskulin, lumayan tahan lama di ruangan..terimakasih ya",product nya bagus,Real,Fake,1.0,0.0
1403,"mantap pengiriman cepat,serta babel rip nya juga tebel jadi aman","mantap pengiriman cepat,serta babel rip nya juga tebel jadi aman",mantap pengiriman cepat,Real,Fake,1.0,0.0
1409,"barang sudah diterima, packing aman, dan pengiriman cpt bgt. untuk produk sesuai, wangi cwo banget, puas belanja di sini. next order lagi ya","barang sudah diterima, packing aman, dan pengiriman cpt bgt. untuk produk sesuai, wangi cwo banget, puas belanja di sini. next order lagi ya",barang sudah diterima,Real,Fake,1.0,0.0
1411,"fresh, kualitas mantap, cocok untuk siang ke sore hari","fresh, kualitas mantap, cocok untuk siang ke sore hari",fresh,Real,Fake,1.0,0.0
1412,"bagus, ada peningkatan packingnya pakai bublewrap per item. jadi ga ada yang pecah","bagus, ada peningkatan packingnya pakai bublewrap per item. jadi ga ada yang pecah",bagus,Real,Fake,1.0,0.0
1413,"mantappp, pengiriman cepat, packing juga aman banget, wangy nya enak semua","mantappp, pengiriman cepat, packing juga aman banget, wangy nya enak semua",mantappp,Real,Fake,1.0,0.0
1414,"pengiriman cepat, wanginya cocok utk dikondisi apapun (versatile). packaging bagus","pengiriman cepat, wanginya cocok utk dikondisi apapun (versatile). packaging bagus",pengiriman cepat,Real,Fake,1.0,0.0
1417,"bau nya wangi, beda pokoknya. bisa dipakai semua orang","bau nya wangi, beda pokoknya. bisa dipakai semua orang",bau nya wangi,Real,Fake,1.0,0.0
1418,"barang sesuai orderan, packingan rapi dan terlatih, barang terlindung dari benturan benda keras dan terlindung dari goncangan yang membuat barang berantakan, rekomen mant...","barang sesuai orderan, packingan rapi dan terlatih, barang terlindung dari benturan benda keras dan terlindung dari goncangan yang membuat barang berantakan, rekomen mant...",barang sesuai orderan,Real,Fake,1.0,0.0
1419,"wanginya enak, tapi gk tau tahan berapa lama, baru nyoba","wanginya enak, tapi gk tau tahan berapa lama, baru nyoba",wanginya enak,Real,Fake,1.0,0.0
1421,"sesuai pesanan, sayang type wanginya yg saya kurang suka.. over all bagus.. tks","sesuai pesanan, sayang type wanginya yg saya kurang suka.. over all bagus.. tks",sesuai pesanan,Real,Fake,0.8,2.0
1422,"mantap harumnya strong, sangat direkomendasikan untuk dibeli","mantap harumnya strong, sangat direkomendasikan untuk dibeli",mantap harumnya strong,Real,Fake,1.0,0.0
1425,"baunya enak, cuma pas pertama kali di semprot agak strong, tapi lama kelamaan wanginya jadi fresh.untuk ketahanan lumayan lama","baunya enak, cuma pas pertama kali di semprot agak strong, tapi lama kelamaan wanginya jadi fresh.untuk ketahanan lumayan lama",baunya enak,Real,Fake,1.0,0.0
1435,"sesuai pesanan, respon cepat pengiriman cepat.","sesuai pesanan, respon cepat pengiriman cepat.",sesuai pesanan,Real,Fake,1.0,0.0
1436,paket sudah sampai mantap harum ketahanan blum tao semoga awet besok pesen lagi mantap👍👍murah tapi bukan muarahan good,paket sudah sampai mantap harum ketahanan blum tao semoga awet besok pesen lagi mantap👍👍murah tapi bukan muarahan good,paket sudah sampai mantap harum ketahanan blum tao semoga awet besok pesen lagi mantapmurah tapi bukan muarahan good,Fake,Real,0.822,4.44
1437,"pengiriman cepat, dan parfumnya mantap cocok untuk outdoor juga","pengiriman cepat, dan parfumnya mantap cocok untuk outdoor juga",pengiriman cepat,Real,Fake,1.0,0.0
1438,"sipp sesuai pesanan,, packing nya jg oke,, barang aman,, thx yaa","sipp sesuai pesanan,, packing nya jg oke,, barang aman,, thx yaa",sipp sesuai pesanan,Real,Fake,1.0,0.0
1441,"wanginya suka, packingnya aman, pengiriman nya juga cepat, fast respon juga.","wanginya suka, packingnya aman, pengiriman nya juga cepat, fast respon juga.",wanginya suka,Real,Fake,0.85,1.5
1444,"wanginya enak, cuman gak tahan lama, enak di taruh di badan, itu aja sih... ✌","wanginya enak, cuman gak tahan lama, enak di taruh di badan, itu aja sih... ✌",wanginya enak,Real,Fake,1.0,0.0
1446,"sesuai harapan. wanginya ga terlalu nyengat dan kalem, untuk durasi belum coba pakai baru banget beli.","sesuai harapan. wanginya ga terlalu nyengat dan kalem, untuk durasi belum coba pakai baru banget beli.",sesuai harapan. wanginya ga terlalu nyengat dan kalem,Fake,Real,0.809,4.17
1452,"wanginya enak, fresh dan lumayan tahan lama kualitasnya baik.","wanginya enak, fresh dan lumayan tahan lama kualitasnya baik.",wanginya enak,Real,Fake,1.0,0.0
1455,pangiriman cepat harga terjangkau wangi awet tahan lama fresh,pangiriman cepat harga terjangkau wangi awet tahan lama fresh,pangiriman cepat harga terjangkau wangi awet tahan lama fresh,Fake,Real,0.767,3.34
1457,"barang bagus, sesuai dan wangi enak maskulin banget","barang bagus, sesuai dan wangi enak maskulin banget",barang bagus,Real,Fake,1.0,0.0
1458,"pengiriman cepat, packing aman, produk sesuai pesanan","pengiriman cepat, packing aman, produk sesuai pesanan",pengiriman cepat,Real,Fake,1.0,0.0
1459,"wanginya enak, terus packingnya aman walaupun pengiriman lama bener padahal sameday","wanginya enak, terus packingnya aman walaupun pengiriman lama bener padahal sameday",wanginya enak,Real,Fake,1.0,0.0
1462,"barang sesuai pesanan, asli ini parfum baunya enak dan tidak nyengat","barang sesuai pesanan, asli ini parfum baunya enak dan tidak nyengat",barang sesuai pesanan,Real,Fake,1.0,0.0
1467,wanginya strong di awal tapi lama2 jadi agak soft. semoga awet wanginya,wanginya strong di awal tapi lama2 jadi agak soft. semoga awet wanginya,wanginya strong di awal tapi lama2 jadi agak soft. semoga awet wanginya,Fake,Real,0.788,3.76
1469,"barang cepat sampai, dikemas cukup baik, wangi seger + maskulin, cocok untuk siang maupun malam","barang cepat sampai, dikemas cukup baik, wangi seger + maskulin, cocok untuk siang maupun malam",barang cepat sampai,Real,Fake,1.0,0.0
1476,"sesuai pesanan, barang berfungsi,include kabel type c sama brush, bisa cukur sampai halus/gundul, tapi bikin luka dikit di atas bibir, entah cara saya yg salah atau shave...","sesuai pesanan, barang berfungsi,include kabel type c sama brush, bisa cukur sampai halus/gundul, tapi bikin luka dikit di atas bibir, entah cara saya yg salah atau shave...",sesuai pesanan,Real,Fake,1.0,0.0
1477,"pengiriman cepat, bladenya aman di pegang/ sentuh pake jari tangan enggak baret2/luka, ada penutupnya, di coba di cuci juga aman, sayangnya yang ngelupas2 di cover razorn...","pengiriman cepat, bladenya aman di pegang/ sentuh pake jari tangan enggak baret2/luka, ada penutupnya, di coba di cuci juga aman, sayangnya yang ngelupas2 di cover razorn...",pengiriman cepat,Real,Fake,1.0,0.0
1487,"bukan shavr abal2, baterai awet, buat cukuran jg nyaman","bukan shavr abal2, baterai awet, buat cukuran jg nyaman",bukan shavr abal2,Real,Fake,1.0,0.0
1488,"pemakaian oke, batere tahan lama, minimalis + ada penutup pisaunya. saran sebaiknya pakai saat rambut sudah pendek sekali (digunting dahulu) karena cukup sakit kalo dipak...","pemakaian oke, batere tahan lama, minimalis + ada penutup pisaunya. saran sebaiknya pakai saat rambut sudah pendek sekali (digunting dahulu) karena cukup sakit kalo dipak...",pemakaian oke,Real,Fake,1.0,0.0
1489,"suka dengan produk, packing aman, segel, simpel cara menggunakan dan membersihkan sesudah pakai","suka dengan produk, packing aman, segel, simpel cara menggunakan dan membersihkan sesudah pakai",suka dengan produk,Real,Fake,1.0,0.0
1493,semoga awet masa pakai baterai: semoga awet sangat bagus performa: pas di gengam,semoga awet masa pakai baterai: semoga awet sangat bagus performa: pas di gengam,semoga awet masa pakai baterai: semoga awet sangat bagus performa: pas di gengam,Fake,Real,0.811,4.22
1494,"suka banget, barang bagus banget modern canggih dan dapat diskon juga pengirimannya cepat. makasih banyak ya tokopedia. sukses selalu","suka banget, barang bagus banget modern canggih dan dapat diskon juga pengirimannya cepat. makasih banyak ya tokopedia. sukses selalu",suka banget,Real,Fake,1.0,0.0
1499,"keren neh. udh test jg, cukup aman n bersih hasilnya. semoga awet.","keren neh. udh test jg, cukup aman n bersih hasilnya. semoga awet.",keren neh. udh test jg,Fake,Real,0.805,4.09
1502,"performa: baik, sesuai dengan yang di foto sesuai ekspektasi","performa: baik, sesuai dengan yang di foto sesuai ekspektasi",performa: baik,Real,Fake,1.0,0.0
1510,"barang sesuai gambar, ternyata cara mengaktifkan dan memamtikannya unik sekali, awalnya cukup binggung namun ternyata cukup di tekan saja bisa nyala dan ditekan lagi untu...","barang sesuai gambar, ternyata cara mengaktifkan dan memamtikannya unik sekali, awalnya cukup binggung namun ternyata cukup di tekan saja bisa nyala dan ditekan lagi untu...",barang sesuai gambar,Real,Fake,1.0,0.0
1514,sesuai deskripsi produk original enshen k8 mantap full,sesuai deskripsi produk original enshen k8 mantap full,sesuai deskripsi produk original enshen k8 mantap full,Fake,Real,0.76,3.2
1516,mari kita coba beralih dr phili** yang harganya semakin bikin bangkrut.. semoga awet,mari kita coba beralih dr phili** yang harganya semakin bikin bangkrut.. semoga awet,mari kita coba beralih dr phili** yang harganya semakin bikin bangkrut.. semoga awet,Fake,Real,0.833,4.66
1519,"produknya keren banget, asli kemasan, kualitas baik","produknya keren banget, asli kemasan, kualitas baik",produknya keren banget,Real,Fake,1.0,0.0
1523,mantabs bossque........ premium shaver harga murah tp gak murahan terima kasih.,mantabs bossque........ premium shaver harga murah tp gak murahan terima kasih.,mantabs bossque........ premium shaver harga murah tp gak murahan terima kasih.,Fake,Real,0.914,6.29
1526,"barang cepat sampai, sesuai gambar. semoga sesuai dg testimoni. terimakasih","barang cepat sampai, sesuai gambar. semoga sesuai dg testimoni. terimakasih",barang cepat sampai,Real,Fake,1.0,0.0
1533,"bagus, desainnya mewah elegant. fungsinya baik dan sesuai deskripsi","bagus, desainnya mewah elegant. fungsinya baik dan sesuai deskripsi",bagus,Real,Fake,1.0,0.0
1534,mudah d pakai semoga awet bahan kuat dan mantap,mudah d pakai semoga awet bahan kuat dan mantap,mudah d pakai semoga awet bahan kuat dan mantap,Fake,Real,0.813,4.27
1536,"halus lembut, belum di coba... baru tes hidup...","halus lembut, belum di coba... baru tes hidup...",halus lembut,Real,Fake,1.0,0.0
1543,mantapp tajam dan tahan lamaaaaaaaaaaaaaaaaa,mantapp tajam dan tahan lamaaaaaaaaaaaaaaaaa,mantapp tajam dan tahan lamaaaaaaaaaaaaaaaaa,Fake,Real,0.95,7.26
1554,"thanks, barang bagus, pertama kali pakai shaver electrik gini agak takut jg kirain sakit/luka, ternyata aman bahkan g ada nyeri biarpun abis kena air","thanks, barang bagus, pertama kali pakai shaver electrik gini agak takut jg kirain sakit/luka, ternyata aman bahkan g ada nyeri biarpun abis kena air",thanks,Real,Fake,1.0,0.0
1556,"built quality bagus, fungsi ok, ukuran cukup kecil untuk dibawa travel, ringkas dan praktis. mantapp","built quality bagus, fungsi ok, ukuran cukup kecil untuk dibawa travel, ringkas dan praktis. mantapp",built quality bagus,Real,Fake,1.0,0.0
1557,"respon toko cepat, pelayanan baik dan maksimal. senang berbelanja di toko ini, produknya sesuai dengan deskripsi dan dapat berfungsi dengan baik. packing aman, terima kas...","respon toko cepat, pelayanan baik dan maksimal. senang berbelanja di toko ini, produknya sesuai dengan deskripsi dan dapat berfungsi dengan baik. packing aman, terima kas...",respon toko cepat,Real,Fake,1.0,0.0
1561,"produk berfungsi, packing baik, kondisi baik","produk berfungsi, packing baik, kondisi baik",produk berfungsi,Real,Fake,1.0,0.0
1562,"bagus banget, boxya bagus, isi lengkap, berfungsi dengan baik, gak sakit di kulit, fyi ini ga cocok buat rambut panjang yaa","bagus banget, boxya bagus, isi lengkap, berfungsi dengan baik, gak sakit di kulit, fyi ini ga cocok buat rambut panjang yaa",bagus banget,Real,Fake,1.0,0.0
1563,"barang sesuai deskripsi, aman, kualitas dan kemasan baik, barang nya berfungsi, bagus, potongan nya cukup rapi. terima kasih banyak 🙂👍","barang sesuai deskripsi, aman, kualitas dan kemasan baik, barang nya berfungsi, bagus, potongan nya cukup rapi. terima kasih banyak 🙂👍",barang sesuai deskripsi,Real,Fake,1.0,0.0
1565,"sesuai pesanan, diluar ekspektasiku, mewah sekali, kualitas bagus, berat berbobot, harga promo saler responsif dan ramah terima kasih","sesuai pesanan, diluar ekspektasiku, mewah sekali, kualitas bagus, berat berbobot, harga promo saler responsif dan ramah terima kasih",sesuai pesanan,Real,Fake,1.0,0.0
1566,"bagus packingnya, kesan mahalnya dapet jg. simple karna muat dikantong, tapi kurang tajam karna harus agak ditekan lama juga alat cukurnya. overall bagus dan berfungsi dg...","bagus packingnya, kesan mahalnya dapet jg. simple karna muat dikantong, tapi kurang tajam karna harus agak ditekan lama juga alat cukurnya. overall bagus dan berfungsi dg...",bagus packingnya,Real,Fake,0.8,2.0
1567,"barang ok banget, kualitas bahannya bagus banget, seller juga informative banget selalu kasih update status barangnya. mantapp","barang ok banget, kualitas bahannya bagus banget, seller juga informative banget selalu kasih update status barangnya. mantapp",barang ok banget,Real,Fake,1.0,0.0
1571,"langsung dicoba, suara halus, tajam pisaunya kak, terimakasih","langsung dicoba, suara halus, tajam pisaunya kak, terimakasih",langsung dicoba,Real,Fake,1.0,0.0
1572,"barang diterima, kualitas , okay. dapat berfungsi. battery life: good performance: okay","barang diterima, kualitas , okay. dapat berfungsi. battery life: good performance: okay",barang diterima,Real,Fake,1.0,0.0
1575,"kualitas barangnya ok, nyukur kumis dan jenggot gak sesakit pakai pisau cukur biasa. nyaman dipakai, cuman kadang kalau terlalu dekat bisa bikin iritasi. sejauh ini ok.","kualitas barangnya ok, nyukur kumis dan jenggot gak sesakit pakai pisau cukur biasa. nyaman dipakai, cuman kadang kalau terlalu dekat bisa bikin iritasi. sejauh ini ok.",kualitas barangnya ok,Real,Fake,1.0,0.0
1576,"produknya baguss, mudah banget di pake ga ribet, cepet juga jadinya, agak susah bersihkan alatnya pake kuas nya aja sih","produknya baguss, mudah banget di pake ga ribet, cepet juga jadinya, agak susah bersihkan alatnya pake kuas nya aja sih",produknya baguss,Real,Fake,1.0,0.0
1578,"produk bagus banget, packaging rapi. kualitas okke, isi box lengkap","produk bagus banget, packaging rapi. kualitas okke, isi box lengkap",produk bagus banget,Real,Fake,1.0,0.0
1585,"paketnya sudah diterima, packaging aman, barang bagus, harga murmer, worth to buy! hasil cukurnya terbilang bersih, good quality, gak berisik! terima kasih seller, salam...","paketnya sudah diterima, packaging aman, barang bagus, harga murmer, worth to buy! hasil cukurnya terbilang bersih, good quality, gak berisik! terima kasih seller, salam...",paketnya sudah diterima,Real,Fake,1.0,0.0
1586,bagus...kecil...bahan berkualitas...hasil cukuran rapi n smooth semoga awet,bagus...kecil...bahan berkualitas...hasil cukuran rapi n smooth semoga awet,bagus...kecil...bahan berkualitas...hasil cukuran rapi n smooth semoga awet,Fake,Real,0.813,4.26
1588,"sesuai ekspektasi, enak banget hasil shavingnya di kulit muka, ga bikin iritasi. penggunaan mudah, dan portable-nya juara! thanks seller!","sesuai ekspektasi, enak banget hasil shavingnya di kulit muka, ga bikin iritasi. penggunaan mudah, dan portable-nya juara! thanks seller!",sesuai ekspektasi,Real,Fake,1.0,0.0
1589,"packing rapih,aman sampai tujuan karena titipan teman... jadinya tidak tau hasilnya....tapi katanya nyala dan udh di coba berfungsi dengan baik.... thank you seller....","packing rapih,aman sampai tujuan karena titipan teman... jadinya tidak tau hasilnya....tapi katanya nyala dan udh di coba berfungsi dengan baik.... thank you seller....",packing rapih,Real,Fake,1.0,0.0
1590,"material mewah, berfungsi dengan baik, hasil memuaskan","material mewah, berfungsi dengan baik, hasil memuaskan",material mewah,Real,Fake,1.0,0.0
1591,kemasan baik alat berfungsi dg baik . info yg saya terima di tik tok beli satu dapat satu : yaitu satu lagi pembersih bulu hidung tapi di sini tidak sda . gmn nih .........,kemasan baik alat berfungsi dg baik . info yg saya terima di tik tok beli satu dapat satu : yaitu satu lagi pembersih bulu hidung tapi di sini tidak sda . gmn nih .........,kemasan baik alat berfungsi dg baik . info yg saya terima di tik tok beli satu dapat satu : yaitu satu lagi pembersih bulu hidung tapi di sini tidak sda . gmn nih .........,Fake,Real,0.912,6.23
1592,"barangnya bagus recomended banget, packing jg rapi dan aman tidak ada penyok sama sekali di dusnya 👍","barangnya bagus recomended banget, packing jg rapi dan aman tidak ada penyok sama sekali di dusnya 👍",barangnya bagus recomended banget,Fake,Real,0.76,3.21
1595,barang sudah diterima pengiriman cepat seller responsif packing aman sudah dicoba semoga awet,barang sudah diterima pengiriman cepat seller responsif packing aman sudah dicoba semoga awet,barang sudah diterima pengiriman cepat seller responsif packing aman sudah dicoba semoga awet,Fake,Real,0.806,4.12
1598,"bagus ,jos, rekomen masa pakai baterai: bru coba performa: oke jos","bagus ,jos, rekomen masa pakai baterai: bru coba performa: oke jos",bagus,Real,Fake,1.0,0.0
1601,"alhamdulillah paket tiba ditangan tanpa cacat, sudah dicoba sesuai deskripsi dan tentunya paket ori,,semoga awet. terima kasih tokopedia","alhamdulillah paket tiba ditangan tanpa cacat, sudah dicoba sesuai deskripsi dan tentunya paket ori,,semoga awet. terima kasih tokopedia",alhamdulillah paket tiba ditangan tanpa cacat,Fake,Real,0.803,4.06
1603,"pengemasan rapi barang sesuai dengan iklan di gunakan nyaman ,dan semoga awet.","pengemasan rapi barang sesuai dengan iklan di gunakan nyaman ,dan semoga awet.",pengemasan rapi barang sesuai dengan iklan di gunakan nyaman,Fake,Real,0.827,4.54
1606,"harga sesuai, barang di luar ekspektasi, kenapa tidak dari dulu dulu saja😅 saya belinya. respon dan pengiriman juga cepat, semoga barang aman dan awet, terima kasih","harga sesuai, barang di luar ekspektasi, kenapa tidak dari dulu dulu saja😅 saya belinya. respon dan pengiriman juga cepat, semoga barang aman dan awet, terima kasih",harga sesuai,Real,Fake,1.0,0.0
1610,"barangnya sampai dengan baik, diantar cepat, berfungsi dengan baik, semoga awet","barangnya sampai dengan baik, diantar cepat, berfungsi dengan baik, semoga awet",barangnya sampai dengan baik,Fake,Real,0.814,4.28
1612,"barangnya cepat sampai, saat di pakai hasil cukurannya halus dibagian yg d cukur","barangnya cepat sampai, saat di pakai hasil cukurannya halus dibagian yg d cukur",barangnya cepat sampai,Real,Fake,1.0,0.0
1614,"barang berkualitas , pelayanannya cepat , kurir amanah . terima kasih","barang berkualitas , pelayanannya cepat , kurir amanah . terima kasih",barang berkualitas,Real,Fake,1.0,0.0
1616,"mencoba beli sesuatu yang lagi trend. murah, praktis, fungsional, berfungsi baik. semoga awet","mencoba beli sesuatu yang lagi trend. murah, praktis, fungsional, berfungsi baik. semoga awet",mencoba beli sesuatu yang lagi trend. murah,Fake,Real,0.812,4.24
1618,"barang sudah sampai, bagus bangat kualitasnya, gak rugi belinya, moga awet dan kulit👍","barang sudah sampai, bagus bangat kualitasnya, gak rugi belinya, moga awet dan kulit👍",barang sudah sampai,Real,Fake,1.0,0.0
1624,"mantaappp barang aman sampai ditempat tidak ada yang rusak, sudah dicoba bagus sekali dengan harga yang sangat bersaing.....over all puaass","mantaappp barang aman sampai ditempat tidak ada yang rusak, sudah dicoba bagus sekali dengan harga yang sangat bersaing.....over all puaass",mantaappp barang aman sampai ditempat tidak ada yang rusak,Fake,Real,0.903,6.06
1625,"barangnya bagus, sesuai pesanan, kualitas ok. performa: bagus, dapat mencukur jenggot","barangnya bagus, sesuai pesanan, kualitas ok. performa: bagus, dapat mencukur jenggot",barangnya bagus,Real,Fake,1.0,0.0
1629,barang sesuai packing super aman pengiriman cepat resphone penjual baik,barang sesuai packing super aman pengiriman cepat resphone penjual baik,barang sesuai packing super aman pengiriman cepat resphone penjual baik,Fake,Real,0.766,3.32
1630,"barang nya keren, kesan nya mewah, pengiriman cepat. sejauh ini cukup ok untuk digunakan, g sakit sama sekali","barang nya keren, kesan nya mewah, pengiriman cepat. sejauh ini cukup ok untuk digunakan, g sakit sama sekali",barang nya keren,Real,Fake,1.0,0.0
1631,"bagus, barang datang langsung nyobain, puas dengan hasil cukurnya. thank you. 👍🏻","bagus, barang datang langsung nyobain, puas dengan hasil cukurnya. thank you. 👍🏻",bagus,Real,Fake,1.0,0.0
1634,"barangnya sesuai, cepat datangnya walaupun tidak next day bener bener nextday wkwkw, overall bagus barangnya dipackage dengan rapih barangnya baru","barangnya sesuai, cepat datangnya walaupun tidak next day bener bener nextday wkwkw, overall bagus barangnya dipackage dengan rapih barangnya baru",barangnya sesuai,Real,Fake,1.0,0.0
1636,barang nya tajam dan kualitas oke semoga awet sukses juga untuk kk,barang nya tajam dan kualitas oke semoga awet sukses juga untuk kk,barang nya tajam dan kualitas oke semoga awet sukses juga untuk kk,Fake,Real,0.814,4.27
1638,"sesuai pesanan, mantap menyala.. biarkan bintang yang bicara..","sesuai pesanan, mantap menyala.. biarkan bintang yang bicara..",sesuai pesanan,Real,Fake,1.0,0.0
1639,"mantap, abis pakai untuk cukur, langsung dapet 2 pacar seksi nan bohai, nih kenalin pacarku namanya anzu dan clorence","mantap, abis pakai untuk cukur, langsung dapet 2 pacar seksi nan bohai, nih kenalin pacarku namanya anzu dan clorence",mantap,Real,Fake,1.0,0.0
1641,"paketnyaa udah sampee,kondisi aman dan baguss bangett,gk nyesel belinya,admin juga responnya gercep,selalu info paketnya udh sampe mana²nya,maaf belum aku buka soalnya bu...","paketnyaa udah sampee,kondisi aman dan baguss bangett,gk nyesel belinya,admin juga responnya gercep,selalu info paketnya udh sampe mana²nya,maaf belum aku buka soalnya bu...",paketnyaa udah sampee,Real,Fake,1.0,0.0
1644,"barang datang sesuai pesanan, lebih cepat dari waktu po yg diinfokan, barang bagus, semoga awet","barang datang sesuai pesanan, lebih cepat dari waktu po yg diinfokan, barang bagus, semoga awet",barang datang sesuai pesanan,Fake,Real,0.806,4.11
1645,"mantap, packing rapi, pengiriman cepat, kualitas keren","mantap, packing rapi, pengiriman cepat, kualitas keren",mantap,Real,Fake,1.0,0.0
1646,"produk dalam kondisi bagus waktu diterima, semoga awet.","produk dalam kondisi bagus waktu diterima, semoga awet.",produk dalam kondisi bagus waktu diterima,Fake,Real,0.812,4.24
1653,"hasil cukuran memuaskan, barang mudah digunakan terdapat panduan pula👌","hasil cukuran memuaskan, barang mudah digunakan terdapat panduan pula👌",hasil cukuran memuaskan,Real,Fake,1.0,0.0
1654,"produk sesuai, barang bagus, paketnya rapih.","produk sesuai, barang bagus, paketnya rapih.",produk sesuai,Real,Fake,1.0,0.0
1657,"mantep banget ini, mulus hasilnya 👋🏼","mantep banget ini, mulus hasilnya 👋🏼",mantep banget ini,Real,Fake,1.0,0.0
1659,"bagus, bagus, lumayan awet, mulus dan lembut","bagus, bagus, lumayan awet, mulus dan lembut",bagus,Real,Fake,1.0,0.0
1664,belum dicoba tapi mesin nyala,belum dicoba tapi mesin nyala,belum dicoba tapi mesin nyala,Fake,Real,0.898,5.97
1668,berfungsi dgn baik👍suamik jga suka banget😍 semoga awet dipke suamik🤗,berfungsi dgn baik👍suamik jga suka banget😍 semoga awet dipke suamik🤗,berfungsi dgn baiksuamik jga suka banget semoga awet dipke suamik,Fake,Real,0.809,4.18
1669,"sudah smpai ,barang cucok dengan wktu live.. lagi dicas selama 8 jam.","sudah smpai ,barang cucok dengan wktu live.. lagi dicas selama 8 jam.",sudah smpai,Real,Fake,1.0,0.0
1677,bagus bgt sumpah ampe temen juga kepengen pada mau beli😂😂😂😂🥰🥰🥰🥰❤❤👍👍👍 moga awetttt🤲🤲🤲,bagus bgt sumpah ampe temen juga kepengen pada mau beli😂😂😂😂🥰🥰🥰🥰❤❤👍👍👍 moga awetttt🤲🤲🤲,bagus bgt sumpah ampe temen juga kepengen pada mau beli moga awetttt,Fake,Real,0.95,7.35
1679,"bagus, original. berfungsi dengan baik. enak buat cukur, hasil bersih","bagus, original. berfungsi dengan baik. enak buat cukur, hasil bersih",bagus,Real,Fake,1.0,0.0
1680,"berfungsi dengan baik, namun masih terdapat bintik2 hitam dari jenggotnya., cocok dipakai daily or travel","berfungsi dengan baik, namun masih terdapat bintik2 hitam dari jenggotnya., cocok dipakai daily or travel",berfungsi dengan baik,Real,Fake,1.0,0.0
1686,"seller responsif, packing aman, barang bagus mulus","seller responsif, packing aman, barang bagus mulus",seller responsif,Real,Fake,1.0,0.0
1687,"responsif, on time, kemasan baik, barang tersegel ..","responsif, on time, kemasan baik, barang tersegel ..",responsif,Real,Fake,1.0,0.0
1689,"terimakasih barang pesanan saya sudah sampai, cepat, kurir ramah terimakasih untuk toko dan kurir nya, sesuai dengan iklan nya, blom di coba semoga awet, berfungsi dengan...","terimakasih barang pesanan saya sudah sampai, cepat, kurir ramah terimakasih untuk toko dan kurir nya, sesuai dengan iklan nya, blom di coba semoga awet, berfungsi dengan...",terimakasih barang pesanan saya sudah sampai,Fake,Real,0.815,4.29
1694,"sudah tiba, dan mantap.. pengiriman cepat dan sesuai estimasi, kurir jg sudah langganan","sudah tiba, dan mantap.. pengiriman cepat dan sesuai estimasi, kurir jg sudah langganan",sudah tiba,Real,Fake,1.0,0.0
1700,"barang pengiriman cepat, seller fast response, sudah dicoba berfungsi dengan baik","barang pengiriman cepat, seller fast response, sudah dicoba berfungsi dengan baik",barang pengiriman cepat,Real,Fake,0.85,1.5
1705,"gampang di pakai, power sesuai, proses cleaning juga bersih & simple.","gampang di pakai, power sesuai, proses cleaning juga bersih & simple.",gampang di pakai,Real,Fake,1.0,0.0
1708,"paket udah ada di tangan, paking ny mewah, real pict, semoga awet","paket udah ada di tangan, paking ny mewah, real pict, semoga awet",paket udah ada di tangan,Fake,Real,0.798,3.96
1711,"cakep, bahannya dri plastik atom, meskipun gitu build quality nya kokoh dan cukup berat, buat harga 150k ini udh bagus banget","cakep, bahannya dri plastik atom, meskipun gitu build quality nya kokoh dan cukup berat, buat harga 150k ini udh bagus banget",cakep,Real,Fake,1.0,0.0
1715,"mantap.. respon proses pengiriman cepat.. packaging aman, kualitas bagus.. semoga awet..","mantap.. respon proses pengiriman cepat.. packaging aman, kualitas bagus.. semoga awet..",mantap.. respon proses pengiriman cepat.. packaging aman,Fake,Real,0.81,4.21
1717,"kotak masih segel, model juga keren dan mewah, kurir nya ramah dan baik","kotak masih segel, model juga keren dan mewah, kurir nya ramah dan baik",kotak masih segel,Real,Fake,1.0,0.0
1720,"barang bagus, berfungsi dengan baik, dan packing rapi 👍🏼","barang bagus, berfungsi dengan baik, dan packing rapi 👍🏼",barang bagus,Real,Fake,1.0,0.0
1721,"mantap ini barangnya, langsung mulus bagian kumis dan jenggot","mantap ini barangnya, langsung mulus bagian kumis dan jenggot",mantap ini barangnya,Real,Fake,1.0,0.0
1725,"mantap barang udah sampe dengan selamat, respon penjual sangat cepat dan ramah, packing rapi dan aman reccomended seller.....","mantap barang udah sampe dengan selamat, respon penjual sangat cepat dan ramah, packing rapi dan aman reccomended seller.....",mantap barang udah sampe dengan selamat,Fake,Real,0.91,6.21
1729,tampilannya mewah dan bagus dan berfungsi ketika dihidupkan.belum dicoba karena belum dicoba ama suami,tampilannya mewah dan bagus dan berfungsi ketika dihidupkan.belum dicoba karena belum dicoba ama suami,tampilannya mewah dan bagus dan berfungsi ketika dihidupkan.belum dicoba karena belum dicoba ama suami,Fake,Real,0.805,4.1
1730,"pesanan sesuai deskripsi, nyaman dipakai pengiriman cepat","pesanan sesuai deskripsi, nyaman dipakai pengiriman cepat",pesanan sesuai deskripsi,Real,Fake,1.0,0.0
1733,"kemasan rapi dan aman. dikirkm cepat. produk sesuai pesanan. sudah dicoba : mudah dipake, aman di kulit muka. semoga awet.","kemasan rapi dan aman. dikirkm cepat. produk sesuai pesanan. sudah dicoba : mudah dipake, aman di kulit muka. semoga awet.",kemasan rapi dan aman. dikirkm cepat. produk sesuai pesanan. sudah dicoba : mudah dipake,Fake,Real,0.806,4.13
1734,"kualitas sesuai harga, msh terasa krg tajam/kulit tertarik. overall ok.","kualitas sesuai harga, msh terasa krg tajam/kulit tertarik. overall ok.",kualitas sesuai harga,Real,Fake,1.0,0.0
1736,"performa baik, masih tahap coba thanks ya","performa baik, masih tahap coba thanks ya",performa baik,Real,Fake,1.0,0.0
1739,masa pakai baterai: belum di pakai semoga tahan lama performa: bagus,masa pakai baterai: belum di pakai semoga tahan lama performa: bagus,masa pakai baterai: belum di pakai semoga tahan lama performa: bagus,Fake,Real,0.812,4.23
1745,"mantap, barang datang cepet bgt, barang juga berfungsi sempurna, pokoknya top deh","mantap, barang datang cepet bgt, barang juga berfungsi sempurna, pokoknya top deh",mantap,Real,Fake,1.0,0.0
1747,"barang sesuai deskripsi, respon penjual cepat, mantap","barang sesuai deskripsi, respon penjual cepat, mantap",barang sesuai deskripsi,Real,Fake,1.0,0.0
1748,"tajam, rapih seperti paki pisau cukur biasa","tajam, rapih seperti paki pisau cukur biasa",tajam,Real,Fake,1.0,0.0
1753,"packaging oke, barang sesuai deskripsi, model keren, sudah dicoba, hasilnya cukupbaguss.. terima kasih","packaging oke, barang sesuai deskripsi, model keren, sudah dicoba, hasilnya cukupbaguss.. terima kasih",packaging oke,Real,Fake,1.0,0.0
1754,"barangnya sangat rekomended, respon dari sellernya jg cepat banget.. rekomended deh pokoknya","barangnya sangat rekomended, respon dari sellernya jg cepat banget.. rekomended deh pokoknya",barangnya sangat rekomended,Real,Fake,1.0,0.0
1757,"barang bagus, pengiriman juga cepat, pelayanan toko juga bagus, terimakasih ya","barang bagus, pengiriman juga cepat, pelayanan toko juga bagus, terimakasih ya",barang bagus,Real,Fake,1.0,0.0
1758,"barang sampai tujuan dengan aman, berfungsi dengan baik dan panduannya mudah di pahami. semoga awet. terima kasih","barang sampai tujuan dengan aman, berfungsi dengan baik dan panduannya mudah di pahami. semoga awet. terima kasih",barang sampai tujuan dengan aman,Fake,Real,0.813,4.25
1759,"brg bagus, seller gercep kirim nya, brg berfungsi dg baik","brg bagus, seller gercep kirim nya, brg berfungsi dg baik",brg bagus,Real,Fake,1.0,0.0
1760,"simple, ringan dan bersih mencukur. gak sia-sia membeli enchen","simple, ringan dan bersih mencukur. gak sia-sia membeli enchen",simple,Real,Fake,1.0,0.0
1762,"no komplain , datangnya cepet cuma 2 hari","no komplain , datangnya cepet cuma 2 hari",no komplain,Real,Fake,1.0,0.0
1764,"bagus sekali, saya suka, tajam n hasil cukurnya sangat bersih","bagus sekali, saya suka, tajam n hasil cukurnya sangat bersih",bagus sekali,Real,Fake,1.0,0.0
1766,beli pas harga murah dari barang bagus sangat beruntung sekali hehehe. semoga awet,beli pas harga murah dari barang bagus sangat beruntung sekali hehehe. semoga awet,beli pas harga murah dari barang bagus sangat beruntung sekali hehehe. semoga awet,Fake,Real,0.804,4.08
1768,berfungsi dengan baik. semoga awet. model keren. harga ga mahal. design bagus. br kali ini punya shaver. jd ga bisa bandingkan,berfungsi dengan baik. semoga awet. model keren. harga ga mahal. design bagus. br kali ini punya shaver. jd ga bisa bandingkan,berfungsi dengan baik. semoga awet. model keren. harga ga mahal. design bagus. br kali ini punya shaver. jd ga bisa bandingkan,Fake,Real,0.806,4.13
1771,"bagus, tapi pas dtg boxnya rusak🥲","bagus, tapi pas dtg boxnya rusak🥲",bagus,Real,Fake,1.0,0.0
1774,"sangat rapi, dan cepat pengiriman, barangnya ok berfungsi dg baik, thanks","sangat rapi, dan cepat pengiriman, barangnya ok berfungsi dg baik, thanks",sangat rapi,Real,Fake,1.0,0.0
1775,"barang sudah sampai,produk ""oke"" sesuai deskripsi. hasil cukurannya bersih dan halus,mudah² alat nya awet. seller nya ramah,tks tokped","barang sudah sampai,produk ""oke"" sesuai deskripsi. hasil cukurannya bersih dan halus,mudah² alat nya awet. seller nya ramah,tks tokped",barang sudah sampai,Real,Fake,1.0,0.0
1777,"performa: terima kasih pengiriman barang cepat dan dalam keadaan baik,kualitas barang bagus tapi belum dicoba ,mudah-mudahan bagus dan awet.","performa: terima kasih pengiriman barang cepat dan dalam keadaan baik,kualitas barang bagus tapi belum dicoba ,mudah-mudahan bagus dan awet.",performa: terima kasih pengiriman barang cepat dan dalam keadaan baik,Fake,Real,0.821,4.42
1781,"barangnya mantap banget udah anti air, penjualnya juga gercep polll👍👍👍👍👍","barangnya mantap banget udah anti air, penjualnya juga gercep polll👍👍👍👍👍",barangnya mantap banget udah anti air,Fake,Real,0.918,6.37
1784,"mantap, sesuai deskripsi dan barang bekerja dg baik","mantap, sesuai deskripsi dan barang bekerja dg baik",mantap,Real,Fake,1.0,0.0
1786,"berfungsi dgn baik, packingan rapi","berfungsi dgn baik, packingan rapi",berfungsi dgn baik,Real,Fake,0.9,1.0
1788,"produk sangat recommended, mantap buat cukus kumir dan cukut jenggor","produk sangat recommended, mantap buat cukus kumir dan cukut jenggor",produk sangat recommended,Real,Fake,1.0,0.0
1790,"paket terbungkus rapi, lumayan cepat sampai, barangnya lengkap dan oke.. terimakasih..","paket terbungkus rapi, lumayan cepat sampai, barangnya lengkap dan oke.. terimakasih..",paket terbungkus rapi,Real,Fake,1.0,0.0
1793,"pengiriman cepet, barang sesuai, pengemasan oke","pengiriman cepet, barang sesuai, pengemasan oke",pengiriman cepet,Real,Fake,1.0,0.0
1795,"ketajaman yang sesuai, good quality, sesuai","ketajaman yang sesuai, good quality, sesuai",ketajaman yang sesuai,Real,Fake,1.0,0.0
1796,"barang sesuai spek , sudah di test dikulit nyaman dan aman , mantap","barang sesuai spek , sudah di test dikulit nyaman dan aman , mantap",barang sesuai spek,Real,Fake,1.0,0.0
1798,"biarkan bintang yg berbicara abangku pokoknya brangnya keren habis puaskan bangettttt yg bikin salfok gue adalah dusnya, pokoknya mantap jgn ragu beli yang k8 ini.. makas...","biarkan bintang yg berbicara abangku pokoknya brangnya keren habis puaskan bangettttt yg bikin salfok gue adalah dusnya, pokoknya mantap jgn ragu beli yang k8 ini.. makas...",biarkan bintang yg berbicara abangku pokoknya brangnya keren habis puaskan bangettttt yg bikin salfok gue adalah dusnya,Fake,Real,0.906,6.13
1799,"lumayan bagus,tapi mata tumpul,tidak terlalu tajam","lumayan bagus,tapi mata tumpul,tidak terlalu tajam",lumayan bagus,Real,Fake,1.0,0.0
1803,"sudah dicoba, berfungsi baik. semoga barangnya awet.. terima kasih..","sudah dicoba, berfungsi baik. semoga barangnya awet.. terima kasih..",sudah dicoba,Real,Fake,1.0,0.0
1805,"barang sesuai pesanan, packing nya bagus, pengiriman cepat.. blm dicoba tp semoga bagusss.. good","barang sesuai pesanan, packing nya bagus, pengiriman cepat.. blm dicoba tp semoga bagusss.. good",barang sesuai pesanan,Real,Fake,1.0,0.0
1806,"simple banget pakainya, harga relatif murah, pengiriman cepat, recommend bgt","simple banget pakainya, harga relatif murah, pengiriman cepat, recommend bgt",simple banget pakainya,Real,Fake,1.0,0.0
1808,"service cepet bgt, pengiriman cepat, produknya sejauh ini bagus","service cepet bgt, pengiriman cepat, produknya sejauh ini bagus",service cepet bgt,Real,Fake,1.0,0.0
1811,"paket aman, cepat sampai, kualitas juara dan hasil shaving yang rwarbiasa. easy n safe to use. very recommended for buy!","paket aman, cepat sampai, kualitas juara dan hasil shaving yang rwarbiasa. easy n safe to use. very recommended for buy!",paket aman,Real,Fake,1.0,0.0
1812,bagus berfungsi dengan baik . murah kerennnn.,bagus berfungsi dengan baik . murah kerennnn.,bagus berfungsi dengan baik . murah kerennnn.,Fake,Real,0.911,6.21
1814,"barang bagus sesuai pesanan ..packing rapi recomended bgt semoga awet ,toko amanah","barang bagus sesuai pesanan ..packing rapi recomended bgt semoga awet ,toko amanah",barang bagus sesuai pesanan ..packing rapi recomended bgt semoga awet,Fake,Real,0.809,4.18
1816,"produk aman, bisa digunakan,, terimakasih","produk aman, bisa digunakan,, terimakasih",produk aman,Real,Fake,0.9,1.0
1821,peraaan beli nya pas live dapat yg pencukur kecil untuk di lobang hidup...ini gak dapat....kecewa x lah.....klo barang ini hidup dan bagus....,peraaan beli nya pas live dapat yg pencukur kecil untuk di lobang hidup...ini gak dapat....kecewa x lah.....klo barang ini hidup dan bagus....,peraaan beli nya pas live dapat yg pencukur kecil untuk di lobang hidup...ini gak dapat....kecewa x lah.....klo barang ini hidup dan bagus....,Fake,Real,0.881,5.62
1822,"pengiriman cepat, real pict, packing rapi. recommended.","pengiriman cepat, real pict, packing rapi. recommended.",pengiriman cepat,Real,Fake,1.0,0.0
1825,"hasil potongannya bersih, model keren. pop up langsung greng.","hasil potongannya bersih, model keren. pop up langsung greng.",hasil potongannya bersih,Real,Fake,1.0,0.0
1827,"packingan rapi dan tersegel. ini pesanan ke 2, semoga awet seperti pesanan yg pertama","packingan rapi dan tersegel. ini pesanan ke 2, semoga awet seperti pesanan yg pertama",packingan rapi dan tersegel. ini pesanan ke 2,Fake,Real,0.811,4.22
1830,"bagus, estetik, keren, tahan air rekomen bangett","bagus, estetik, keren, tahan air rekomen bangett",bagus,Real,Fake,1.0,0.0
1832,"alhamdulillah, berfungsi dengan baik..","alhamdulillah, berfungsi dengan baik..",alhamdulillah,Real,Fake,0.9,1.0
1834,"praktis bisa dibawa kemana-mana dan cukup tajam, semoga awet","praktis bisa dibawa kemana-mana dan cukup tajam, semoga awet",praktis bisa dibawa kemana-mana dan cukup tajam,Fake,Real,0.817,4.35
1835,"packagingnya wah gila, rapi banget. udh kayak barang eksklusif aja. kualitasnya juga oke 👍🏻","packagingnya wah gila, rapi banget. udh kayak barang eksklusif aja. kualitasnya juga oke 👍🏻",packagingnya wah gila,Real,Fake,1.0,0.0
1839,sudah sampai dengan selamat dan berfungsi dengan baik. semoga awet. tq seller,sudah sampai dengan selamat dan berfungsi dengan baik. semoga awet. tq seller,sudah sampai dengan selamat dan berfungsi dengan baik. semoga awet. tq seller,Fake,Real,0.803,4.07
1841,"datang langsung pake, dan hasilnya mantap","datang langsung pake, dan hasilnya mantap",datang langsung pake,Real,Fake,1.0,0.0
1844,"barang sampai dengan selamat, barang bagus semoga awet. sudah dicoba dan bersih untuk mencukur janggut dan kumis. hasil sangat halus, terimakasih","barang sampai dengan selamat, barang bagus semoga awet. sudah dicoba dan bersih untuk mencukur janggut dan kumis. hasil sangat halus, terimakasih",barang sampai dengan selamat,Fake,Real,0.802,4.05
1845,kereen siih barang nya. packing nya juga exlusive. semoga awet barang nya,kereen siih barang nya. packing nya juga exlusive. semoga awet barang nya,kereen siih barang nya. packing nya juga exlusive. semoga awet barang nya,Fake,Real,0.801,4.01
1850,"terima kasih min,barang sudah sampai dengan selamat,barang bagus sesuai diskripsi","terima kasih min,barang sudah sampai dengan selamat,barang bagus sesuai diskripsi",terima kasih min,Real,Fake,1.0,0.0
1855,"barang ny bagus , seller reponsif ... rekomended 👍🏻","barang ny bagus , seller reponsif ... rekomended 👍🏻",barang ny bagus,Real,Fake,1.0,0.0
1861,"sesuai deskripsi,praktis,mudah dibawah kemana2","sesuai deskripsi,praktis,mudah dibawah kemana2",sesuai deskripsi,Real,Fake,0.9,1.0
1865,"barang nya bagus dan sesuai yg di harapkan, semoga awet,terimakasih","barang nya bagus dan sesuai yg di harapkan, semoga awet,terimakasih",barang nya bagus dan sesuai yg di harapkan,Fake,Real,0.808,4.16
1871,"alhamdulillah... paket nya sudah saya terima. barang mantap, sesuai iklan dan datangnya cepat, ndk rugi mantap barang nya terimakasih bos kuh semoga usaha lancar.........","alhamdulillah... paket nya sudah saya terima. barang mantap, sesuai iklan dan datangnya cepat, ndk rugi mantap barang nya terimakasih bos kuh semoga usaha lancar.........",alhamdulillah... paket nya sudah saya terima. barang mantap,Fake,Real,0.905,6.1
1873,semoga awet dan aman tidak meninggalkan bekas cukur,semoga awet dan aman tidak meninggalkan bekas cukur,semoga awet dan aman tidak meninggalkan bekas cukur,Fake,Real,0.803,4.06
1876,performa: sangat rekomendasi,performa: sangat rekomendasi,performa: sangat rekomendasi,Real,Fake,0.9,1.0
1878,produk sesuai deskripsi dan semoga awet.,produk sesuai deskripsi dan semoga awet.,produk sesuai deskripsi dan semoga awet.,Fake,Real,0.824,4.47
1880,"mantep banget min, nyampenya jga cpet banget. gacor🔛🔝","mantep banget min, nyampenya jga cpet banget. gacor🔛🔝",mantep banget min,Real,Fake,1.0,0.0
1883,maaf ya baru ksh review. soalnya dicoba dulu. baguuuus bgttt! bisa nyukur dgn simple. pengiriman cepat dan kondisi barang baik. terima kasih enchen,maaf ya baru ksh review. soalnya dicoba dulu. baguuuus bgttt! bisa nyukur dgn simple. pengiriman cepat dan kondisi barang baik. terima kasih enchen,maaf ya baru ksh review. soalnya dicoba dulu. baguuuus bgttt! bisa nyukur dgn simple. pengiriman cepat dan kondisi barang baik. terima kasih enchen,Fake,Real,0.914,6.28
1884,"suka, belum di coba karna buat kado cowo aku, terimamasih seller","suka, belum di coba karna buat kado cowo aku, terimamasih seller",suka,Real,Fake,1.0,0.0
1887,"mohon maaf gak bintang 5, dikarenakan pengiriman kurir sangat mengecewakan, barang sdh dicoba berjalan dgn baik sesuai deksripsi dan semoga awet dipakainya","mohon maaf gak bintang 5, dikarenakan pengiriman kurir sangat mengecewakan, barang sdh dicoba berjalan dgn baik sesuai deksripsi dan semoga awet dipakainya",mohon maaf gak bintang 5,Fake,Real,0.936,6.72
1899,ok. mantap. sesuai,ok. mantap. sesuai,ok. mantap. sesuai,Real,Fake,0.9,1.0
1901,"mantap, blm dicoba. baru pertamakali pindah dari konvesional ke elektrik. mudah2 an cocok","mantap, blm dicoba. baru pertamakali pindah dari konvesional ke elektrik. mudah2 an cocok",mantap,Real,Fake,1.0,0.0
1904,diterima dengan cepat dan baik. mudah2an awet dan ok... belum sempat dicoba..... terimakasih.... ...... ...,diterima dengan cepat dan baik. mudah2an awet dan ok... belum sempat dicoba..... terimakasih.... ...... ...,diterima dengan cepat dan baik. mudah2an awet dan ok... belum sempat dicoba..... terimakasih.... ...... ...,Fake,Real,0.911,6.22
1906,"terima kasih, barang telah diterima dengan baik.","terima kasih, barang telah diterima dengan baik.",terima kasih,Real,Fake,1.0,0.0
1909,"mntp, kukira pencukur modelan gini g tajem ternyata tajem cuy jd mudah memotong bulu² kecil.","mntp, kukira pencukur modelan gini g tajem ternyata tajem cuy jd mudah memotong bulu² kecil.",mntp,Real,Fake,1.0,0.0
1913,mantappp barang sesuai gambar dan kualitas josssssss,mantappp barang sesuai gambar dan kualitas josssssss,mantappp barang sesuai gambar dan kualitas josssssss,Fake,Real,0.916,6.31
1917,manthab produk dan kemasannya.. sayangnya pickup kurirnya luamaaaaa,manthab produk dan kemasannya.. sayangnya pickup kurirnya luamaaaaa,manthab produk dan kemasannya.. sayangnya pickup kurirnya luamaaaaa,Fake,Real,0.921,6.42
1918,"produk nya bagus, berfungsi dengan baik","produk nya bagus, berfungsi dengan baik",produk nya bagus,Real,Fake,1.0,0.0
1920,"bagus, mencukur hingga bersih dan halus","bagus, mencukur hingga bersih dan halus",bagus,Real,Fake,1.0,0.0
1921,"pisau cukur tajam, mudah dibersihkan, semoga pisau nya awet selalu.","pisau cukur tajam, mudah dibersihkan, semoga pisau nya awet selalu.",pisau cukur tajam,Real,Fake,1.0,0.0
1930,"elegance, berfungsi normal, smoga awet","elegance, berfungsi normal, smoga awet",elegance,Real,Fake,0.9,1.0
1940,barang berfungsi dengan baik semoga awet,barang berfungsi dengan baik semoga awet,barang berfungsi dengan baik semoga awet,Fake,Real,0.81,4.2
1944,"terima kasih, pesanan udah diterima, pengiriman cepat, paking ok, barangnya ok sesuai keinginan yg dipilih...mantap ...👍","terima kasih, pesanan udah diterima, pengiriman cepat, paking ok, barangnya ok sesuai keinginan yg dipilih...mantap ...👍",terima kasih,Real,Fake,1.0,0.0
1947,sesuai pesanan..berfungsi baik,sesuai pesanan..berfungsi baik,sesuai pesanan..berfungsi baik,Real,Fake,0.9,1.0
1948,pesanan diterima berfungsi baik semoga awet,pesanan diterima berfungsi baik semoga awet,pesanan diterima berfungsi baik semoga awet,Fake,Real,0.803,4.06
1949,"barang hilang, tidak sampai ke pembeli. sebaiknya penjual memilih kurir yang lebih terpercaya, sehingga tidak terjadi lagi hal serupa yang mempersulit pembeli maupun penj...","barang hilang, tidak sampai ke pembeli. sebaiknya penjual memilih kurir yang lebih terpercaya, sehingga tidak terjadi lagi hal serupa yang mempersulit pembeli maupun penj...",barang hilang,Real,Fake,1.0,0.0
1950,"performance: wah, bagus, saya sangat menyukainya😍😍","performance: wah, bagus, saya sangat menyukainya😍😍",performance: wah,Real,Fake,1.0,0.0
1954,"packaging rapih, barang sesuai pesanan","packaging rapih, barang sesuai pesanan",packaging rapih,Real,Fake,0.9,1.0
1960,"keren, toko.amanah, midah2an awet","keren, toko.amanah, midah2an awet",keren,Real,Fake,0.9,1.0
1961,"barang sudah sampai.. packing aman bgt.. belum dicoba semoga awet. liat fisiknya keren bgt, harusnya performanya keren juga 🔥","barang sudah sampai.. packing aman bgt.. belum dicoba semoga awet. liat fisiknya keren bgt, harusnya performanya keren juga 🔥",barang sudah sampai.. packing aman bgt.. belum dicoba semoga awet. liat fisiknya keren bgt,Fake,Real,0.806,4.13
1965,barang oke,barang oke,barang oke,Real,Fake,0.9,1.0
