ulasan_cleaned,Rating,Membantu
barang pesanan datang sesuai jadwal barang pesanan datang tanpa minus barang pesanan datang sesuai pesanan barang pesanan sangat bagus dan berkualitas barang pesanan...,5,0
bahan: bagus manfaat produk: sangat baik jenis kulit: all skin,5,0
bahan: bagus manfaat produk: mencerahkan jenis kulit: normal bismillahirohmanirohim semoga cocok dimuka aku yang pemula pakai scancare ini... pengiriman cepat dan rapih.....,5,1
bahan: sesuai pemesanan manfaat produk: mencerahkan kulit. semoga cocok dikulit. dan menghasilkan dengan memuaskan. jenis kulit: sawo,5,0
bahan: bagus sdah berlangganan manfaat produk: mencerahkan kulit&wajah jenis kulit: kuning langsat,5,0
"barang sampai dgn mulus, udah pakai ini 2mingguan wajah keliatan sedikit cerah. semoga cocok terus diaku, trmksh🤍",5,0
rekomendasi 🥰 packing ok.. bubble wrap tebal paket aman sampai ditujuan.. makasih seller 🙏,5,0
mantap😍 bahan: lembut wangiiii banget manfaat produk: melembabkan sekaligus mencerahkan,5,0
"alhamdulilah paketnya sudah sampai produk sesuai pesanan, mudah""an cocok ya buat pemula.. amiiin.. 🤲 klo cocok dan hasilnya bagus insya allah bakalan beli lgi d toko...",5,0
"jenis kulit: kusam berminyak packing rapih, bubble wrap nya tebel jadi barangnya aman gada yg pecah semua terkirim dengan baik, semoga cocok di kulit muka aku dan juga co...",5,0
"makasih kak paket nyah dah dateng dengan cepat,barang nyah sesuai dengan di gambar😍😍😍😍",5,0
"bagus, sampai dengan keadaan baik, pengiriman juga cepat, respon nya juga cepat. baru mau coba semoga ada perubahan",5,0
untuk facial wash emg isinya setengah yaa ? tak kirain penuh ampe atas trnyata setengah botol,4,0
"bagus wangi, tapi cuman facial wash nya dikit isinya:v tapi enak keseluruhan",4,0
"pengiriman cpt,,udh langganan belanja dsni",5,0
"pengiriman nya cepat, produk juga aman sampai ke lokasi, next belanja disini lagi",5,0
barang sudah saya terima.. produk sesuai pesanan dan wajah istri saya makin cantik + glowing... pemakean 3 hari hasilnya langsung kelihatan... pokoknya bagi yang ingin is...,5,0
sudah datanggg. baru juga smlm di cekoutin eh udah sampai aja ni paketnya. smga cocok pake ini🥰,5,0
"paket sdah saya terima,baru pertama memakai yaaa,semoga cocok di kulitku",5,0
"baru kali ini aku beli di online biasa nya aku beli langsung ke toko skincare, dan semoga ini tidak kw ya..",4,0
"barang sudah sampai sesuai dengan pesanan,,terima kasih",5,0
manfaat produk: smoga bsa ada perubahan setelah d pakai. mohon info cara pakainya ya kak,4,0
"barang yg diterima lengkap, dan sesuai sama pesanan",5,0
"manfaat produk: menyamarkan warna kulit yg belang ,dan aman untuk busui",5,0
"akhirnya paket mendarat dengan selamat🥰🥰. alhamdulillah muka aku cocok pake skincare g2g,ini udh kesekian kalinya aku pesen thank youuu🫶🫶🫶🫶🫶🫶🫶🫶🫶🫶🫶🫶",5,0
"moisturizer sama serum nya tidak ada tolong dong kalo jualan yang bener yg amanah, saya sangat kecewa dengan harga 139. 500 byr ke kurir cuma di kasih toner+brightening c...",1,0
barangnya alhamdulillah bagus tapi kecewa banget sama serum ny pesah 🥲😭,2,0
bahan: bahan bagus manfaat produk: bagus sekali,5,0
"di aku cocok yang kulit sensitif, tapi ya sesuai. ngilangin bekas jerawat emg lama, aku ga sesuaian ini buat muka yg sedikit gradakan/jerawatan krn mungkin ini fokus nya...",5,0
bagus sesuai dan ori g palsu saya sudah cek tdk ada kerusakan pada barang cepet datengnya kurirnya juga baik kok ramah bgt,5,0
bahan: sangat baik manfaat produk: bagus untuk wajah jenis kulit: cocok di kulit saya,5,0
bahan: berkualitas manfaat produk: kecantikan jenis kulit: normal sudah banyak stok mantap,5,0
packing aman barang lengkap kualitas oke harga bersahabat semoga cocok di aku terimakasih seller,5,0
"bagus banget, wangi, dapet banyak, dan paling cantik ini bener"" ori/ bpom, semoga cocok di aku",5,0
manfaat produk: halus bagus dan cocok dikulit,4,0
"barangnya datang cepat, paketannya bagus dan rapih. baru pertama kali pesan mudah2an cocok di akunya, biar bisa di order lagi. kurirnya juga ramah.🥰",5,0
pengiriman cepat .barang sampai dg selamat baru mau coba..semoga ccok,5,0
sudah sampai barangnya aman packing aman juga bubble warpe nya di dobel dan belum di coba karena baru datang mudahan cocok,5,0
manfaat produk: mencerahkan wajah jenis kulit: berminyak tidak dapat bonus nya padahal pas live kata nya beli 4 gratis 1 tapi gak dapat bonus nya,4,0
bahan: bagus bgtt manfaat produk: mencerahkan kulit jenis kulit: kusam,5,0
"sesuai, terimakasih seller n kurir🙏🏻",5,0
cocok pake moizturizernya sama tonernya semoga yg lain cocok,5,0
jenis kulit: kusam baru pertama kali pakai semoga cocok dikulitku,4,0
"seperti biasa,bagussss dapet diskon pokoknya mantap,pengiriman cepat pol, packing aman,luv pokoknya, makasih",5,0
"paket cepat sampai tapi ada yg bikin kecewa,bungkusnya ga pake kotak,cuma bubble wrp aja trs kemasan moisturizer nya kok lecet bgt ya kak 😮‍💨😮‍💨",3,0
sudah cocok sama produk ini emang mantul ...harganya juga murah,5,0
mantap gan lanjutkan dengan baik dan benar serta selalu jaga produknya,2,0
"manfaat produk: mengerahkan, menutrisi kulit, ini orderan aku kedua kalinya, dan suka bgt sama produk nya 🥰",5,0
"manfaat produk: melembabkan kulit, mencerahkan kulit",5,0
"mantaaab,original,mudah²an cocok,biar bisa langganan terus.",5,0
"telah mendarat😌moga cocok aja, krna baru prtama x pemakaian ky agak gatel... pengiriman cepet, kurir 👍",5,0
manfaat produk: bgs bgt anakku sdh habis berpaket2 eajah anakku kinyis2 cocok dg prodak ini,5,0
ori pengiriman cepat nice,5,0
alhamdulillah sudah dateng untuk barangnya aman sampai tujuan mksih kk,5,0
jenis kulit: normal bahan: alami manfaat produk: bagus sekali alhamdulillah cocok dikulit ku semoga bisa jd glowing ya,5,0
"bahan: in sya alloh aman manfaat produk: mencerahkan jenis kulit: normal, kering sensitif",5,0
barang sampai dengan kondisi baik semoga cocok,5,0
produk ori dan dikemas dg aman. 1 lagi nyampenya cepat. kemarin order hari ini udh sampe,5,0
bagus cuma sabun nya keluar ga tau bocor atau apa mudah mudahan aja ga banyak keluarnya,5,0
alhamdulillah paketku sudah datang...cepat bgt pengirimannya.,5,0
"serum sudah pecah dri tokonya ini tetapi di biarkan saja, dan ini kondisi tumpah” ka tolong dong ini solusi nya gmn ya kak.",1,0
alhamdullah puas banget pekejingnya bgus dan cpat bnget nyampenya mksi ya😍,5,0
"gimana sih kok pecah kaya gini ganti rugi dong, kirim produk yang rusak tersebut",1,0
"pesanan sampai, kalo soal bagus atau ngga nya, jelas ini bangus banget, aku mulai pakai produk g2g pas mereka pertama kali launching sampai sekarang, dan memang cocok di...",5,0
"paket sampainya cpt bgt, packing nya aman bgt, barang mulus tanpa cacat sampai dengan selamat, terimakasih kk, sukses selalu lancar usahanya, dan semoga produknya cocok d...",5,0
bahan: aman manfaat produk: mencerahkan kulit jenis kulit: normal,5,0
jenis kulit: normal bahan: lembut manfaat produk: melembabkan dan mencerahkan,5,0
bahan: bagus manfaat produk: baik jenis kulit: cocok,5,0
manfaat produk: mencerahkan kulit wajah bahan: lembutt jenis kulit: cocok untuk kulit kusam,5,0
manfaat produk: bagus bangett bahan: ademmm jenis kulit: cocok untuk semua jenis kulittt,5,0
sesuai dengan pesanan.. lain kali order lgy. . untuk pengiriman cepet juga,5,0
bahan: bagus manfaat produk: untuk semua jenis kulit,5,0
"slalu pakai produk g2g, gak pernah bosen pilih smua produk nya krna se cocok dan semantu itu🥰🤗🥰",5,0
bahan: cair manfaat produk: mencerahkan jenis kulit: cocok untuk semua jenis kulit,5,0
pengiriman aman lancar dan ini pembelian paket kedua.semoga cocok seterusnya.,5,0
manfaat produk: untuk mencerahkan bahan: bagus mantap jenis kulit: kering&flek hitam semogaaaa cocok dengan kulitku,5,0
"jenis kulit: kering dan normal paket ku udh sampe, pengiriman cepat packing aman,semoga cocok di aku😊 terimakasih 🙏🏻",5,0
mantap sesuai harapan,5,0
sesuai pesanan jenis kulit: cocok digunakan,5,0
"alhamdulillah barangx sudah sampai makassar aman, dpt hrg 142😍",5,0
"aku beli paket isi 4 tapi yg dateng cuma 2, aku udh kirim vid unboxing udh ikutin saran untuk pengembalian tapi tetep di tolak dengan alasan vid tidak valid. lain kali ka...",1,0
wahh sangat memuaskan barang nya baguss sesuai pesanan pengiriman cepet baru kmrn pesen skrng nyampe packaging nya rapi bubble wrap nya tebel mantab deh pokonya👍,5,0
pengiriman cepet produk nya bener² bagus semoga cocok terus di muka aku bakalan jadi langganan terus .nyerap di muka bikin cerah juga,5,0
manfaat produk: untuk mencerah kan kulit jenis kulit: sawo matang bahan: lembut,5,0
bahan: lembut manfaat produk: mencerahkan jenis kulit: bikin glowing dan bersih,5,0
semua produk aku suka wangi kembut engga lengket,5,0
"ini gmna ko gada tutup nya, cumn bgini doang. syaa liat"" video ada tutup annya.",1,0
pecah kek gini kok masih di kirim udah 2 kali pesan kek gini terus lebih ber hati-hati lagi dong pengirimannya😑😡,1,0
bahan: sesuai dengan pesanan manfaat produk: melembabkan kulit jenis kulit: semua jenis kulit bisa terimakasih seller sudah amanah semoga makin sukses trimakasih jga buat...,5,0
"sesuai sam harga, cepat sampai, pecking ny rapi, ga ada yg produk yg rusak, thanks seller",5,0
bahan: lembut manfaat produk: menghaluskan & menyamakan noda hitam jenis kulit: normal,5,0
terimaksih paketnya sudah mndarat dengan baik tidak ada lecet sedikit pun peking bagus mksh semoga cocok 😁🥰,5,0
bahan: lembut manfaat produk: mecerahkan jenis kulit: normal semoga cocok,5,0
"barang sesuai pesanan,pengemasan produk bagus",5,0
"produk sampai dengan baik, pokoknya puas pake g2g, hasilnya memuaskan",5,0
jenis kulit: berminyak manfaat produk: mencerahkan dan memutihkan kulit bahan: alami,5,0
"pengiriman cepat penjualnya ramah ,di inbox langsung di respon 🙏🏻🥰terimakasih semoga lancar terus 🤲🏻😍",5,0
tokohnya amanah barang sampai dengan cepat dan kemasan nya rapi,5,0
"sengaja baru kasi ulasan sekarang soalnya mau tau hasilnya bagus apa nggak, tapi masyaallah bagus banget yang tadi muka aku kering sekarang jadi lembut dan lembab",5,0
bahan: ok manfaat produk: ok jenis kulit: ok,5,0
"sumpah ini produknya bagus banget,baru aja aku make nya 2 hari udah langsung ada perubahannya bagus banget ini pengiriman nya cepat lagi ngak ada pakai nyangkut2 di perja...",5,0
baru beli semoga cocok kalo cocok auto langganan🫶🫶,5,0
udh cocok pake g2g ga mau pindah k lain lg heheh,5,0
"dh setahun pke g2g alhamdulillah msh baik2 saja,, dh cocok gk mau ganti2 skincare",5,0
sdh.lengkap bagus...belum d coba semoga cocok,5,0
"sudah sampai dengan selamat gk ada goresan, pengemasan rapi",5,0
"barang datang sesuai pesanan, toko amanah pengiriman sangat cepat peking juga rapih, gx nyesel suka beli di toko ini terus.",5,0
"produk nya bagus sesuai dengan pesenan, pengiriman barang nya cepat",5,0
semuanya baik dan cepet juga pengantaran nya,5,0
"wangi bnget, lembut dan hargany terjangkau,,, semoga cocok d aku 😘",5,0
bahan: adalah pokoknya manfaat produk: adalah pokoknya jenis kulit: sawo matang,5,0
bahan: bagus manfaat produk: jerawat dan flek hitam saya hilang.,5,0
skincare nya sesuai pesanan saya dan di pakai nyaman banget di kulit dan tidak mengecewakan .,5,0
paket datanh sesuai pesanan dan cepat pertama coba semoga cocok thanks seller and tiktok 🤗,5,0
manfaat produk: mencerahkan jenis kulit: segala jenis kulit,5,0
"pengiriman cepat packing aman,, baru pertama kali coba semoga cocok👍🏻👍🏻",4,0
pengiriman agak lambat tapi barang nya sesuai dengan pesanan terimakasih.🙏,5,0
"orderan yang kesekian kalinya 😍, aku 32 tahun pake ini cocok loh suka banget",5,0
bahan: bagus manfaat produk: mecerahkan wajah,5,0
"sudah pembelian k2, barang sesuai, pengiriman cepat, terimakasih seller dan pak kurir",5,0
"alhamdulillah barang sudah sampe dan sesuai dengan yg dipesanan, pemgiriman juga cepat, terimakaih seller dan bang kurir smoga sukses selalu",5,0
manfaat produk: kulit menjadi lembab dan terlihat glowing.,5,0
paketnya udah nyampe tapi baru kali dapat sabunnya tumpah dan kebuka plastikya,4,0
"pengiriman relatif cepat, dan barang seperti yg digambar",5,0
manfaat produk: mrncerahkan kulit pokok nya dari dulu aku selalu pakek glad 2glow gk pernah ganti jenis kulit: normal,5,0
"pengiriman cepat, produk sesuai dgn yg dipesan, kurirnya juga ramah & amanah",5,0
creamnya lembut di kulit. pengiriman jg cepat,5,0
kalu di aku produk g2g cocok di aku dan ini juga udah ke 3× nya aku order yang pertama khusus itu acne (hijau) dan untuk order 2 &3 order yang mencerahkan (pink) dan...,5,0
assalamualaikum maaf bru kasi ulasan pketnya g2g alhamdulillah bini gua suka sangat trimakasih tokonya dan amanah selalu thanks jg un kurir nya,4,0
ini pesanan yg ke dua kali..walaupun belum ada perubahan masih pengen nyoba.klw yg ini juga gak ada perubahan yaah terpaksa berhenti .btw sabun nya udah di pake,5,0
"skincare yang super nyaman di wajah,setelah bangun tidur auto glowing badaia",5,0
"jenis kulit: normal,semoga cocok biar terus langganan 🙏🏻",5,0
"pengiriman cepat, packing juga aman, semoga cocok",5,0
"lagi dan lagi tidak mengecewakan,,alhamdulilah di saya juga cocok flek hitam saya mulai memudar,,tokonya keren kualitah barang nya juga kern puas pokok nya 👍👍",5,0
manfaat produk: baik u kulitku jenis kulit: cocok,5,0
maaf baru kasih ulasan. sudah habis 3paket alhamdulillah cocok jenis kulit: normal,5,0
"baru mau nyoba produk yg kata nya best, semoga cocok dikulit aku",5,0
maaf baru review ..🙏🙏100%baik dan ok,5,0
"bahan: lembut dikulit manfaat produk: utk mencerahkan wajah jenis kulit: berminyak ,",5,0
"semoga cocok, barangnya aman pengiriman nya cepet tengku seller 🫶🏻",5,0
"pengiriman cepat, bagus untuk mencerahkan wajah, semoga tokonya selalu amanah",5,0
jenis kulit: sensitif smoga cocok ini pmkaian pket k dua,4,0
thank ya g2g kmrin 12.12 dpt di hrga 100rban 😘,5,0
"lucu ,gak ada kertas cara pke ""a ya",4,0
"aman aman, lengkap juga seperti di foto, makasih",5,0
"suka bgt sampe udh pesen berkali-kali jenis kulit: kusam manfaat produk: mencerahkan, meratakan kulit belang. bahan: baguss bgt",5,0
maaf saya padahal beli karena liat di video sama di etalase ada tas produknya. ini tapi dikirim tanpa tas. untuk produk sesuai deskripsi tp ga sesuai aja antara video yg...,3,0
awalnya mau beli ragu tapi banyak testimoni bilang bagus alhasil langsung beli,5,0
"murah banget selalu dapet promo, berkali kali beli ditoko ini, sudah kadi langganan",5,0
"alhmdllh pket nya udah sampe,,baru kmren pesen ,cepet banget sampe nya,,trimaksih sudah amanah,,kemasan nya rapi,,kurir baik udah langganan",5,0
pengieiman cepat pesen kemarin hari ini udh sampai,5,0
luv banget sama brand ini karena udah ngerubah aku yang tadinya kusam buluk sekarang jadi cerah dan glowing 🥹💗 dan dianter sama mas kurir biasanya yang udah langganan👍...,5,0
"udah ke 5x nya mesan di toko ini amanah, toko nya",5,0
"produk datang dalam kondisi aman, bagus",5,0
"untuk kesekian kalinya😍 pengiriman cepat, packing juga rapih. terimakasih banyak❤🥰",5,0
"alhamdulillah barang udh dateng kemasan rapi dan abang kurir yg ramah,tapi blum dicoba produknya,semoga cocok",5,0
sangat bagus hasil nya bakalan order lgi di toko ini,5,0
"alhamdulillah paket nya sudah sampai,,ini pembelian ke2 walaupun nggk paket lengkap,gpp😊 alhamdulillah masaya allah beli lagi karna ada perubahan,bagus,agak cerahan",5,0
"udh.. sampai dengan selamat, paket ny, produk oxe banget, cepat meresap.. wangi lembut di wajah, sesuai pesanan,oxe banget pokoknya, terimakasih tiktok shop nex order lag...",5,0
"terimakasih, paketan nya sudah tiba. masih segel.",5,0
"udah gaperlu ditanya lagi deh berapa kali beli g2g ini🥹💕 karena udah secocok dan senyaman ini pake g2g, udaah cintaa bgt sm produk ini dan gapernah coba"" yang lain...",5,0
"pesanan sudah sampai,,,kalau yg pencuci muka sebelumnya sudah memakai,,,tetapi untuk yg lain baru mau coba ,,,semoga cocok",5,0
pertama kali pake g2g semoga cocok di kulit aku,5,0
"terimakasih barang nya sesuai sekali, pengiriman cepat",5,0
"bagussssssss, cocok diaku, pemakaian udah tiga minggu dan muka lebih cerah",5,0
"barang bagus, sesuai di gambar sagat bagus",5,0
terimakasih paketnya sudah datang dengan baik. semoga cocok diaku karna baru pertama pake,5,0
"setelah sekian lama menanti akhirnya dtng juga,, semoga cocok di akuh, kurirnya ramah",5,0
barang sesuai..pengirimannya cepat..kurirnya ramah... mudah2an cocok dimuka aq..,5,0
mendarat dengan selamat mantul cocok banget pake ini jadi bersih dan glowing,5,0
bahan: baguss manfaat produk: bagusss jenis kulit: normall emangg yang facial wash nyaa separuh gtu ya isinya,3,0
"barang sesuai yg di pesan dan cepat nyampe nya, pokoknya debest pokoknya 🔥",5,0
"kak kok ga dapet tas nya ya, di iklan nya ada🙏🏻",3,0
perdana nyobain wangiiiiiii bangettt... hasilnya mmg belum kliatan tpi berasa beda kok..,4,0
"alhamdulillah cocok, bekas jerawat memudar, makasih",5,0
paket sudah datang aman makasih seller🙏🙏,5,0
"barang sdh di terima, baru mulai pakai semoga cocok",4,0
"alhmdulillah barang nya udah sampai,semoga cocok💗",5,0
aq udah order ke sekian x nya.. pokonya alhamdulillah sekarang muka aq cerah..,5,0
sesuai deskripsi semoga cocok di kulit ku,5,0
"pengiriman sangat cepat, packing amann, promonya ga kaleng² 😍😍 90 rb dapet 4 pcs dong 😍😍",5,0
"alhamdulillah paket ku datang, packing aman jadi tidak rusak, thanks🥰",5,0
ga asik banget g2g dikirkm cuman 3 item harusnya 4. ga sesuai ga bisa kirim vidio unboxing sblm2 nya ga prnh kekurangan item nya sepercaya itu sama paket bundling g2g mak...,1,0
"barang dtng sesuai,cma yg buat cuci muka,isi nya cma setengh,kecewa sih",3,0
alhamdulillah barang sudah sampai dengan aman dan cocok di aku udah 2 kali pesanan wajah aku jadi lebih cerah suka banget sama produknya soalnya wangi banget sukses selal...,5,0
"cepet bgt pesen baru sehari sampe, mantul pokoknya",4,0
maaf kak produk yg di kirimkan kurang lengkap.,1,0
alhmdllh pktnya sudah dtng cpt skli brng2nya jg ocey semua trimakasih,5,0
kesekian kalinya beli.. emg semantul itu produk g2g. bisa hilangin komedo muka gradakan 🥰 lov lov buat g2g ❤️,5,0
"terimakasih seller,,, produk nya sesuai smga cocok di muka aku,,, untuk kurir juga ramah baik",3,0
"barang sudah datang sesuai dengan pesanan,, blm di pakai semoga barang cocok dn bisa pesan kembali.",5,0
barangdatang sesuai pesanan cepat sampainya,5,0
baru pertama makez semoga rangkaiannya cocok,5,0
terima kasih paket nya sudah datang semoga lancar terus g2g dan toko nya aku sangat suka banget produk nya 🥰,5,0
"bagus bangett sesuii,,tapii facial wash nyaa setengahh pdhll belum d pkee,,tapi gapapa lahh sukakk bangett 🥰🥰",5,0
baguss. smga ccok tapi sayang facial wash nya cuma isi setangah gak ful,3,0
paket nya sudah sampai dengan baik produknya sesuai alhamdulillah cocok di aku muka aq sekarang lebih cerah dan glowing,5,0
bagus bngt produknya cocok dimuka akuhhh hehheeh,5,0
baru mau nyoba semoga suaka sama hasilnya dan cocok di muka aku,5,0
"brang smpai dengan selamat,packing rapih,kurir dah lngganan,eh maaf facial wash nya tk ke phto,,lmbut di wajah dan wangi jga,,",4,0
"produk sesuai pesanan,smoga cocok di wajahku",5,0
semoga aja cocok baru pertama pamakainan soalnya,5,0
packingan ny bagus mudah mudahan cocok sma kulit ku,5,0
"alhamdulillah paketnya dah sampai, lngsung di aplikasikan dong di wajah, so kebetulan stock yg drumh uda pad habis,",5,0
suka bget produk ini... uda order yg ke 4 cocok di wajah aq..,5,0
"paket dh nyampek dngn slmat,baru prtma kali pake smoga ccok",4,0
"akhirnya yg di tunggu nyampe ,mendarat dgn selamat pokonya co yg kesekian kalinya produk nya memang seoke itu",5,0
"paketnya udah d terima,,, takirain ada krim mlmnya ternyata gk ada tpi gpp lh,,",5,0
"paket g2g nya dach nyampe, pengiriman cepet bgt.",5,0
baru smpe kk paket nya maksih semoga cocok kk d muka ku baru mau pake,5,0
"terimakasih paketnya sudah ada,pertamakali paket semoga cocok🙏😇😇",4,0
trimakaaih barang sudah sampai dg cepat... cocok sama di kulit saya...,5,0
"baru pertama pakai skincare , semoga cocok",4,0
barang sudah sampai sesuai pesanan. baru nyoba dan mudah²an cocok,5,0
"alhamdulillah kak paketnya sudah dateng, dan sesuai dengan pesanan, terimakasih banyak kak🙏🙏🙏",5,0
"barang sampai dgn selamat,,mudah mudahan cocok yaa pemakaian g2g..",5,0
"terimakasih,alhamdulillah pengiriman ny cepat,,mantap..👍👍",5,0
ini gmn ko bru buka plastiik prtma..plastik dlem nya udh di robek² kaya bekas buka kcewa..,1,0
pengiriman aman dan cepat sukaaa bgt sama glad2glow terimakasih,5,0
karna bumil aku balik lagi kesini emang mantul sih🤭🤩,5,0
barang y bagus pokoknya mantap dah,5,0
"paketnya udah sampee,tp yg 2 gak kepoto,karna udah dibawa sama anakk,mudah2n cocok untuk anak ku",5,0
barang nya udah mendarat dengan baik baru pertama nyoba semoga cocok dengan kulit ku,5,0
thx barang sesuai postingan goodjob...best seller...,5,0
bagus produk origional semoga cocok 🤲🥰,5,0
barang sih bgus tapi sabun nya aroma nya nyengat betul,3,0
"pesen yang 4in datangnya 2,udah chat admin tpi nunggu valid truss",1,0
"mantap barang sesuai mkasih seller , mkasih juga buat bang kurirnya",5,0
2 paket pertama barter ini yg ke 3 👍👍👍,5,0
produknya mantepp polll manfaat produk: mencerahkan,5,0
"udah cocok, gk mau ganti ke lain lagi",5,0
"manfaat produk: mencerahkan jenis kulit: kombinasi inieh baguss sekaliii cock dimulai aku, makasiii hhiiii 😍😍😍",5,0
"lovvvv bangettttt, uda seringg co disini...",5,0
gak sesuai banget kecewa toner nya gak ada malah di ganti sama serum merah,2,0
pokoknya nyerahin kulit aku biar lebih glowing lagi.mudah mudahan cocok di aku. packingan yg rapih.,5,0
"alhamdulillah.. barang sampai dgn selamat thank seler fast respon,thank babang kurir",5,0
"yang dateng cumah 3 , moisnya gak ada",3,0
"barang sudah d treima dengan aman,,puas belnja d toko ini",5,0
alhamdulillah sampe amanah semoga cocok cepet sampai nya,4,0
alhamdulillah paketnyah udh dateng cepat bngt 😊 mudah mudahan cocok di aku yh saya pemula,5,0
"sudah datang paket nya aku baru mau nyoba semoga cocok, kalo cocok di aku order balik thanks [drool]",5,0
dapet free peling🫶🏻 makasih ya g2g🫶🏻,5,0
alhamdulillah paketnya samapinya tidak lama semoga cocok dimuka aku,5,0
"pket y dah smpe , semoga cocok dengn produk glad2glow, sesuai degan yg d pesen",4,0
pembelian ke 4 👍(2 paket pertama hanya moist skin barier+serum aja) 2 paket berikutnya yang ini 😍,5,0
baru dicoba semoga cocok diwajah anak gadis qu. trimakasih barang lengkap. cepat datang nya. kurir ramaj,5,0
brang tertulis dpt 4 pcs tp yg dtg cuma 3 pcs,2,0
"semoga cocok,,syg g dpt pouch nny",5,0
"udh beli 2x dtoko ni,barangnya ori,mksh",5,0
baru pertama kali coba smoga hasilnya memuaskan,5,0
"sesuai, ori",5,0
alhamdulillah sudah langganan mantap,5,0
👍🏻👍🏻👍🏻👍🏻,5,0
semoga cocok aku pemakaian prtama,5,0
"barang datang dengan baik, produk sesuai",5,0
apakah bisa d kirim lgi mois ny,3,0
udah co ke 3x nya alhmdulillah cocok,4,0
facial washnya kok bukan yg pink y kak,4,0
"sesuai pesanan, baru coba fw yg ini semoga cocok",5,0
kirain facial wash nya yg dateng milk eh yg blueberry,5,0
se♥️♥️♥️ itu sama glad2glow ini udh yang sekian kalinya beli di toko official nya,5,0
terimaksih sesuai pesanan,4,0
"bahan: lembut dan halus manfaat produk: bagus banget bikin kulit lembab dan cerah jenis kulit: teruntuk kulitku yang berminyak, tidak membuat kulit jadi mengkilat",5,0
"alhamdulillah cocok. makin glowing mie mukak makasih,",5,0
kok cuci muka sama toner nya beda? aku kira bakal pink semua,2,0
"bagus, sesuai pesanan, semoga cocok 🥰",5,0
paket sudah sampai alhamdulillah sesuai dengan pesanan udh langganan best👍,5,0
"brang sudah di kirim dengan cepat, mkasih semoga cocok 🥰",5,0
bru pertma nyoba mudh mudhn ini cocok,5,0
"pakai product g2g kedua kali, cocok dan bagus banget ke kulit wajah,, dan pengiriman cepat, aman packaging juga.. mantap.. trimss",5,0
"bahan: cair, halus manfaat produk: cocok untuk kulit jenis kulit: cocok sekali dikulit ku",5,0
alhamdulillah barang sudah sampai sesuai pesanan terimakasih kotonya amanah,5,0
serum nya pecah gak tersisa parah,1,0
"barang datang lengkap sesuai dengan deskripsi, bahan yang digunakan bagus untuk mencerahkan wajah.",5,0
"sesuai pesanan cuma aku kira tonernya besar ternyata toner nya kecill, but over all baguss",4,0
paket nyampe produk lengkap alhamdulillah udah order 2 x ini barang original kulit wajah jadi halus kenceng glowing gk kusem seger..,5,0
bahan: - manfaat produk: mencerahkan jenis kulit: susah putih/kering,5,0
"pengiriman cepat,barang tidak ada yang rusak, sangat baik, dan produk ny emng se bagus itu , aku sampai udh beli beberapa kali emng mantul buat mencerahkan 👍🏻",5,0
"alhamdulillag cocok dimuka ku, sukaa, thanks kak🥰",5,0
alhamdulillah udah sampai bagus dan amanah,5,0
"mksih,, sesuai,, q suka,, ma'af baru kasih bintang, ☺️ byarlh bintang yg mnilaixa☺️",5,0
jenis kulit: normal bahan: bagus manfaat produk: mencerahkan,5,0
bahan: bagus manfaat produk: bagus jenis kulit: cocok untuk kulit,5,0
mantappp produk nya ori dan hasil nya uda lumayan bagus mau order lg lah buat stok,5,0
bahan: nya lebut dan harus jenis kulit: cocok buat kulit kusam,5,0
"paketnya sudah sampai sesuai pesanan, packingnya rapi dan aman gk takut bocor. alhamdllh dapet harga promo kemarin jadi murah beli satu setnya😁 terima kasih untuk seler...",5,0
bahan lembut dan tdk menyengak enak di pakai cocok dengan kulit sy yg kering,5,0
"manfaat produk: melembabkan, mencerahkan, bikin glowing jenis kulit: normal bahan: baguss",5,0
bagus bawgat muka cerah halus komedo juga mendinga padaha cuman checkot 1 kli blum habis juga lembuh di muka,4,0
produk sudah sampai mudah mudahan saya cocok dengan produk ini,5,0
"bareng y sudah redy,pengiriman cepat,",5,0
bahan: sempurna manfaat produk: mencerahkan kulit jenis kulit: kering dan noda membandel sekarang sudah cerah....mantap,5,0
bahan: bagus manfaat produk: sangat bagus jenis kulit: ngeflek,5,0
manfaat produk: cocok untuk wajah kusam jenis kulit: kulit kering dan kusam,4,0
"sesuai pesanan,, ngk ada yg bocor atau gmna, smua nya aman,,",5,0
bahan: bagus manfaat produk: mencerahkan jenis kulit: normal,5,0
paket sudah sampai dg aman dan cepat...semoga cocok dg produknya.. trimakasih tokopedia jg ban kurir,5,0
bahan: bagus manfaat produk: bagus jenis kulit: pas,5,0
bahan: bagus manfaat produk: menghilangkan keriput jenis kulit: normal,5,0
bahan: bagus cocok d kulit manfaat produk: cepat mencerahkan,5,0
bahan: lembut manfaat produk: untuk perawatan kulit jenis kulit: semua jenis kulit,5,0
paket sudah sampai barang bagus semua,5,0
"baguss bikin muka glowing, tapi ak hari pertama pemakaian muka ak terkelupas",5,0
bahan: bgguss manfaat produk: baguss jenis kulit: kering,5,0
"bagusss bgtttt akuuu sukaaa, dikulitttakuu jugaa cocokk mantepp bgtt glad2gloww",5,0
bahan: baik manfaat produk: kata nya si buat mencerahkan kan jenis kulit: semoga cocok,5,0
"mantep 👍 cepat kali order kemaren hari ini mendarat dgn selamat🥰 thank untuk kurir nya jga, 👍 btw order yg ke 2 x nya😁",5,0
jenis kulit: sentif manfaat produk: nyaman di pakai bahan: lembut,5,0
bahan: kurang tau manfaat produk: mencerahkan dan melembabkan jenis kulit: normal,5,0
bahan: lembut manfaat produk: mencerahkan jenis kulit: normal,5,0
sesuai mksih sller udh langganan beli di sinih,5,0
"di aq cocok banget,komedo q langsung bersih dan wajah aq makin cerah dan gak kering kayak kemaren",5,0
"barang sdh sampai, kurir juga ramah, tapi sayang pengemasan barang kurang rapi, seharusnya di ksh wadah. biar keliatan rapi .jdu barangnya pas di buka. gk berantakan",5,0
bahan: bagus manfaat produk: untuk wajah jenis kulit: untuk mencerahkan kulit,5,0
alhamdulillah produk nya cocok di kulit anak saya brng ori toko nya amanah ..👍🏿,5,0
baru nyoba kalo flek hitam pudar beli lg,5,0
barang kualitas terbaik material kualitas mantap pengiriman tercepat model barang ter istimewa tidak akan kecewa segera ambil barang nya top markoptop barang nya jos gand...,5,0
pengiriman cepat dan aman tp sayang kulit aq ga cocok pkainya..,5,0
akhirnya paketnya nyampek semoga cocok dgn kulit wajahku,3,0
kemasan rapi alhamdulillah sampe tidak ada kurang satu pun paking aman.. baru mau coba kalau cocok insyaallah pasti beli lagi,5,0
"udh paket yg k2, cocok beneran bikin wajah lebih cerah, tokonya amanah kurirnya jg ramah",5,0
"barang sudah sampai, semoga cocok pakai ini😊,terima kasih",5,0
bahan: mantap manfaat produk: mencerahkan jenis kulit: semua jenis kulit,5,0
"udah g perlu kata-kata lagi g2g emg paling oke, hehehe🥰",5,0
bahan: bagus manfaat produk: bagus jenis kulit: kuning langsat,5,0
baguss barang nyy dan cocok buatt sehari sehari,5,0
saya cocok dengan produk ini...halus di wajah saya...sudah lama juga pakai produk ini...makasih kak😊,5,0
tidak lengket dan manfaatnya sangat bagus untuk jenis kulit apa saja selagi cocok,5,0
bahan bagus bermanfaat dan berguna untuk kulit dan bagus,5,0
bahan: cair manfaat produk: mencerahkan jenis kulit: semua jenis kulit,5,0
jenis kulit: kulit normal kulit berminyak,5,0
paketnya sdh diterima peking bagus semoga cocok dgn produk ini,5,0
mantap kualitas bagus harga murah sesuai lagi,5,0
sudh paket ke 3 dan cocok di muka saya sudh ad perubahan manfaat produk: mencerahkan jenis kulit: sensitif,5,0
"packingan amann, suka banget semoga cocok kakaa",5,0
alhamdulillah paket sudah sampe aman dan rapihe,5,0
"barang bagus,packing rapi,pngiriman cepat",5,0
lengkap semua sayang gak dapet tempat beda nya,5,0
"kirain ukurannya gede,,ga taunya kecil"" 😪",5,0
"manfaat produk: scincare jenis kulit: ,normal",5,0
"mupangat produk: bagus banget mempengaruhi wajahku makin kesini makin bersih dan cerah karena memakai skincare ini, mantul banget",5,0
bahan: bagus manfaat produk: ok jenis kulit: ok,5,0
semoga selalu cocok sama g2g sampe kapan pun udh mau jalan 1th make nya aman² nya dan cocok🫶🫰,5,0
bahan: bagus sdh sering pesang manfaat produk: banyak menghaluskan dan menggelowingkan muka jenis kulit: semua jenis kulit,5,0
"bahan: lembut,harum manfaat produk: mencerahkan kulit wajah jenis kulit: kusam baru pertama coba semoga cocok dikulit wajah aku",5,0
"manfaat produk: mencerahkan kulit saya jenis kulit: kusam, kering",5,0
"produk nya cepet bgt sampe nya dan di bungkus dgn aman,menurut saya produk nyaa sangat wangi dan mudah meresap",5,0
baguss,5,0
ahirnya aku menemukan produk yg cocok untuk muka ku yg susah cerah dan suka bruntusan. pemakaian yg ke 2alhamdulillah,5,0
"maaf lupa foto, barang sesuai pesanan, tokoh amanah jgn ragu untuk beli, cocok untuk kulit.terima kasih",5,0
manfaat produk: mencerahkan jenis kulit: normal,5,0
bahan: enak di pakai harum sabun nya juga banyak busa nya manfaat produk: mengencangkan mencerahkan membuat pori2 ku mengecil,5,0
paket da sampe peking rapi smga aja cocok,5,0
"barang sudah di terima,, terima kasih semoga cocok,,",5,0
awal nyoba mudah² an cocok yah buat lemula,5,0
bahan: bagus manfaat produk: mencerahkan jenis kulit: sawo matang,5,0
sudah smpk pktnya ad bnr2 mantep skli,5,0
"untuk pemula seperti sya,produk ini baik dan bagus banget!",4,0
"paket sudah sampai dengan aman tidak ada yg pecah, terimakasih 🙏 bahan: bagus manfaat produk: mencerahkan kulit wajah",5,0
"bahan: lembut cocok di kulit saya manfaat produk: mencerahkan, melembabkan",5,0
manfaat produk: mencerahkan wajah jenis kulit: berminyak bahan: lembut,5,0
alhamdulillah tokonya amanah semoga selalu amanah🥰,5,0
packing ok pengiriman ok produk baru mau mencoba semoga cocok makasih kak sudah di terima dengan baik....,5,0
sudah order ke 2kalinya masya allah smoga ccok trus,5,0
order ke2 kalinya.. cocok di kulit. bikin cerah,5,0
bagus pake yg ini bisa buat jerawat ilang lo aku udah pake 5bulanan alhamdulillah bersih ga datang lagi jerawat plus muka putihan,5,0
bagus aku sangat cocok. jenis kulit: klik aku kering,5,0
"baru pertama nyoba si.... semoga aman dan cocok buat aku yg masih hamil. pengirimannya cepat, makasih seller dan kurir 👍🏻",4,0
manfaat produk: semoga cocok jenis kulit: berflekk bahan: bagus,5,0
"bagus,kemasan juga rapi,sesuai dg jenis kulitnya",5,0
terimakasih paket sudah dtg semoga cocok kurir ramah,5,0
"suka banget sama produk ini,baru beberapa hari pemakaian sudah ada perubahan💯",5,0
bahan bagus sangat bermanfaat untuk kulitku,5,0
manfaat produk: mencerahkan dan melembabkan. wajah terasa lebih lembut dan halus setelah memakai satu set g2g pink! sukaaa bangett!! 💖💖⭐⭐⭐⭐⭐,5,0
beda yang datang saya pesan warna pink toner dan sabun muka koq datang ungu dan kuning,2,0
"pengiriman cepat, pekingnya rapih bgt sampe 3lapis bblecrep keren, sukses seller terimakasih 👍",5,0
"pertama kali beli,,semoga cocok dan istiqomah pake ini,, gak ganti²",5,0
barang ny sesuai deskripsi ok sblm ny ud pake cma beli ny gk di toko ini hehe.....semoga bisa jd langganan ya makasih,5,0
"bagus2 semua produk nya, pertama kali coba mudaha2an cocok, aku sekali co langsng ambil banyak krn dpt banyak diskon dan gratis ongkir",5,0
bagus bngt dan bikin kulit cerah dan lembut kenyal,5,0
bagus sesuai pesanan pengiriman cepat kurirpun ramah dan cepat untuk mengantarkan,5,0
"pengiriman sangat cepat,dan yg datang pun sesuai pesanan makasih,semoga tokonya selalu amanah dan sukses selalu👍",5,0
baru sampe paket g2g kuy 🥰thankyou ya 🙏🏻,5,0
"baru pertama kali coba semoga cocok, packing semua rapi bagus dan tiba tepat waktu",5,0
datang cepet aman .dan ini pemakaian oaket ke dua alhamdulillah cocok.diqajah seger lembab gk.kering honus bersih..admin cepat suka dehh nanti kalo habiss pesan lagi ❤️❤️...,5,0
produknya ori dan bagus bngtttttt ak suka tokonya amanah next order lagi 😙,5,0
seller gercep beli bundle gini lbh murah jdnya ud cocok pake ini mantap,5,0
paket nya usdah sampai kk terima kasih dan kurilnya juga ramah,5,0
"paketku sudah dtg,,smoga cocok diaku.",4,0
bagus tapi tinggal bunggkusnya aja krna isinya udah di ambil adik aku,5,0
blom di coba karna stok masih banyak barang udah nyampek lama cuman baru ngulas gak sempet barang sesuai pesenan,5,0
alhamdulillah barangnya sdh sampai peking nya rapi,5,0
bahan: nice manfaat produk: nice jenis kulit: lembab,5,0
"barang nya aman bagus, tapi sayang kcewa bngt kali ini sama kurir nya..😡 bukan kurir yg biasa nya sih emng",4,0
baru detang langsung gua coba adem face wash nya sama mois nya moga ngefek langsung aja co dsini jan ragu gays (bukan buzzer),5,0
"pertama kali.beli paket lengkap kayak gini, ini sampel buat affiliateku ka, aku ada 2 akun lagi termasuk akun inj 3 semoga gacor heheb",5,0
baru mau nyoba mudah mudahan cocok,5,0
bagus produknya ori,5,0
pemula pakai ini baru 1 minggu belum terlihat hasilnya,5,0
produk ini tuh bagus banget... marketingnta gak berisik tapi gong abis,5,0
"cepat sekali sampenya, batang lengkap, makasi seller.",5,0
mantap... kiriman lengkap dan inak di pakai,5,0
udah sampe cepet banget moga cocok,3,0
"sesuai ekspektasi, pengiriman nya juga cepat 👍",5,0
manfaat produk: bagus banget untuk wajah berminyak sudah habis 2pot sudah ada hasil 👍👍,5,0
"amanah, pertama kali nyoba pake skincare,semoga cocok🤭",5,0
wowww gak espek bangett produk sesuai ekspektasi kitaa,5,0
sangat tepat waktu bangett so cuteee😍,5,0
"produk langganan aku, yg bikin kulit cerah dan sehat😍😍",5,0
sesuai banget ..perdana pakek semoga cocok,4,0
barang udah datang udah aku coba tapi kenapa palah tumbuh jerawat banyak dan gatal di kulit apa di kulit ku gak cocok,4,0
udh dua kali pemakaian semoga tambah cocok,5,0
barang nya sesuai dengan di gambar dan amanah,5,0
bagus banget produknya g2g cocok dimuka aku. bkin glowing🥰🫶🏻,5,0
"barangnya bagus,,sya baru sekali coba semoga cocok di kulitku",5,0
bikin lembab d.kulit.. sudah cocok pke produk ini ..mantul pkoknya 👍,5,0
bagus si tp yg cleanser bocor pas sampe😮‍💨,5,0
baru nyobain semoga anak ku cocok pake skincarenya,5,0
"pesanan nya sesuai,ngga mengecewakan semoga cocok ya di aku yg masih pemula ini🙏😊",5,0
"manfaat produk: bagus banget untuk mencerahkan wajah alhamdulillah cocok banget dikulit aku, dan udah berlangganan.",5,0
baik,5,0
"puas buangett kakk,87k an udah dapet pcs, dteng nya juga cepet, gaak ada mines nya sama sekali, pokoknya luvluv deh buat tokonyaa😃😃",5,0
pertama kali nyoba mudah2an cocok,5,0
"kemasan ok blm d pake mudh""n cocok",4,0
"pengiriman aman cepat sampai, first time coba g2g semoga cocok ya next kalo cocok aku pasti balik order lagi",5,0
baru saya ulas karna sy coba dulu setelah 1minggu pemakaian wajah sy ad perubahan kok lebih cerah alhamdulillah cocok,5,0
dari kesekian produk yg aku pakai gk ada yg cock....ampe di g2glow baru bisa menjawab keluhan kulit ku.jatuh cinta banget ma produk ini,5,0
manfaat produk: bikin kulit kalian glowing!!,5,0
alhamdulillah paket nya sudah dateng moga aja cocok,4,0
"paket sudah dateng,semoga cocok dikulitkuu 🫶🏻",4,0
"alhamdulillah paket datang dengan kondisi baik, barang sesuai pesanan, baru coba sepakat gini, bismillah semoga cocok 🤗",5,0
pecah,3,0
pengiriman cepat pakai j&t. produk sesuai dg yg dibeli. terima kasih,5,0
paket sempel di terima dngn baik thanks for glad2 glow🙏❤️😘🥰,5,0
"bru coba body lotion nya... mdah""n ccok",5,0
manfaat produk: mencerahkan wajah..mantull,5,0
"maaf baru kasih ulasan, barang nyampe dengan slamat karena packingnya rapi, semoga cocok dan ada hasil dikulit aku, buat toko slalu amanah, buat kurir slalu ramah",5,0
manfaat produk: mencerahkan jenis kulit: kusam,5,0
"cocok d kulit, menghilangkan flek2 hitam d wajah, mencerah kan wajah kusam",5,0
manfaat produk: membersihkan muka jenis kulit: semua,5,0
bahan: lembut dingin,5,0
"jenis kulit: jenis kulit aku berminyak alhamdulillah setelah pakek sudah agak berkurang,,, mudah²n cocok di kulit badak aku😉😉",5,0
"barang sih bagus, tpi syang yg d pesan 4 pcs yg dtang cuma 2 pcs. kecwa sih, udh komplen juga tpi ttp yg sisa nya gk d kirim",3,0
pengiriman cpt dan packingan rapi.aman sampe ditempat.mksh,5,0
manfaat produk: cocok untuk kulit wajah saya,5,0
alhamdulillah paket udh datang baru kemaren pesen sekarng udh datang,5,0
manfaat produk: pokonya bagus banget de di kulitku,5,0
"barang nya sangat2 word tik,, pokok nya ngk nyesel belanja ditoko ini.",5,0
barang udh dtng bgus cocok buat anaku selalu pke perduk ini,5,0
ini orderan yg ke 2 trnyata emg sebagus itu di muka jdi bersih dn cerah,5,0
"maaf baru kasi ulasan, alhamdulillah baru pertama kali coba moga cocok sperti yg diharapkan, kurir sangat baik",4,0
barang tiba dengan baik alhamdulillah cocok ke kulit wajahku,4,0
"alhamdulillah setelah cck bgt d muka sy selama ini muka sy beruntusan,flek hitam jg,sy pakai yg putih,sm yg pink ini cck mauka makin cerah kenyal smg trs cck",5,0
masyallah barangnya sdah sampe rapi juga aman kemasan,5,0
alhamdulillah nyampe baru mau nyoba semoga cocok dan alhamdulillah sabun nya udh pemakaian 1 buln alhamdulillah cocok,5,0
"mantul semua aman, sesuai yg d harap kan, 🥰neks order lgi klu udh abis🥰",5,0
"makasih, semoga cocok d kulit aku, baru pemakaian pertama",5,0
"first time beli, semoga cocokk",5,0
"udah paket keberap ini sudah,best pokonya produk g2g😍",5,0
cocok pake 2g2 ini pembelian yg kedua moga aja tmbh cocok dan glowing,5,0
terimakasih paketnya sudah sy terima dengan lengkap dan aman proses pengirimannya juga cepat👍,5,0
"sesuai dngn pesanan, semoga cocok dan ad perubahan 😊",5,0
gx nyangka dg hrga yg murah bs dpt 1 paket,4,0
"barang sudah baru nyampe, pdhal di keterangan sudah kemarin nyampenya",4,0
mantap sesuai pesanan udh dicoba juga cocok pokoknya🤩,5,0
"pokoknya dah jadi langganan kalo abis pasti co nya di sini karna gak pernah mengecewakan juga akun g2g asli, timaaciiiiii sellerrrr dan kurirrr🥰🥰🥰🥰",5,0
udh abis 3pket g2g emang seenak itu dpkenya,5,0
alhamdulilah pesenan udah diterima sesuwey dengan yang diposting,5,0
sampai nya cepat banget peking ngan nya juga rapih,5,0
alhamdulillah semenjak pakai produk ini wajah kusam ku cerahan dan flek memudar,5,0
alhamdulillah paket sudah datang sesuai pesanan buat anakku,5,0
facial wash isi ny cuma setengahhhh tempat nya aja yang gedeeeee,4,0
amanah cepat pengiriman jg sudah langganan,5,0
"produk g2g emang ok, sdh hbis 2 paket alhmdulillah cocok next beli lgi",5,0
"mantep banget produknya,,cocok diwajah istriku❤️❤️",5,0
cakkep sih dteng jg pas la..sayang ga dpt pouch,3,0
"baru pertama kali pakek, smgoa cocok di mukaku",5,0
sip mantap dah pngrmnya cepat hanya dua hri,5,0
"allhammdulillah sampai dengan aman dan sesuai 🥰🥰, terima kasih seller 🙏🏻🙏🏻",5,0
bahan: lembut cpat mnyarap jga smga cocok nex order lg 👍👍👍,5,0
"gk tau udh yg keberapa kali pesen, pokoknya pasti jadi langganan karena cocok bgt di kulit saya",5,0
"blom di coba,semoga cocok untuk cowok ku...🙏",5,0
bagus untuk kulit saya skin type: berminyak,5,0
"barang nya udah nyampe pekingan nya aman, oke lah",5,0
"mf baru kasih ulasan nang datang sesuai pesanan pengemasan rapi pokoknya puas dg seller, kurir baik sudah langganan",5,0
"impian aku dan suami ku tu pengen punya training bentuk joger,ada kantong besar kanan kiri biar bisa ngantongin duit dan hp jadi tangan ga ribet sekaligus bahan yg adem ....",5,0
"sesuai pesanan, warna sesuai kurir langganan, pengiriman cepat buat jahitan oke bgt dijahit rapi dan diobras juga tapi buat kain menurut ku lumayan tipis sih, tapi sesuai...",5,1
"alhamdulillah pesenannya sudah sampai, tokonya sangat amanah & fast respon. bahannya juga adem, enak di pakai untuk kegiatan joging atau nongkrong ada sletingnya juga...",5,0
"barusan dateng tadi pagi, ternyata bahannya bagus guys, nyaman di pakai untuk sehari-hari, ukurannya juga pas dipakai, suka bangett",4,0
bentuk dan ukuran: bentuk dan ukuran pas.pas di pakai pas di kantong bahan: bagus jahitan rapi.pecikingan rapi warna: sesuai yg di gambar.4 pics.,5,0
bentuk dan ukuran: xl bahan: tidak tipis dan tidak tebal warna: hitam dan abu muda alhamdulillah barang sesuai dan pengiriman cepat...sangat worth it dengan harga segitu,5,0
alhamdulillah kk barang dan pketn sya udh mendarat sesuai dengan kebutuhan dan keinginan serta bahan bagus tebal dan berkualitas bgus bgt ok bgt dan tokonya amanah bgt in...,5,0
alhamdulillah paket selana sesuai pesanan. makasih ya ka.bagus celananya. anak badannya boros banget. ambil xl muat longgar,5,0
"kiriman sesuai, bahan bagus warna: ok semoga pas dipakai anakku. terima kasih seller sukses selalu",5,0
alhamdulillah paket sdh sampai bentuk dan ukuran: uk. ternyata kekecilan buat aku pdhal sdh sesuai panduan bahan: lumayanlah dengan harga segitu dapat 2 warna: sesuai den...,5,0
pesan sudah sampai dlm kondisi baik dan waktu yg cepat. terimakasih,5,0
"barang sudah sampai sesuai pesanan trimakasih, yg hitam tipis banget kainnya sesuai harga jg. 🙏",4,0
"alhamdulillah, paket sdh sampai ,semoga bermanfaat dan nyaman, awet dipakai, cuma tdk sesuai yg ditawarkan",5,0
secara keseluruhan ok. cm ada cacat ada yg ga kejahit,4,0
"sangat kecewa , tdk sesuai sama yg di foto , barang tipis banget , bisa di kembalikan apa gmn 🙏 penilaian kurang bagus produknya",1,0
bahanya panas terus kantongnya ga tau dari kain bekas apaan panas polllll,1,0
"terkutuklah engkau dan keluargamu dan seisi rumahmu, juga yg terlibat dalam penjualan ini, sampai ke empat keturunanmu, akan mengalami bencana dari sekarang sampai selama...",1,0
celananya sdh empat dengan selamat dan semoga barang sesuai dengan yg d harap kan. sebelumnya sya ucapkan terimakasih boss🙏🙏🙏,4,0
barang nya tidak sesuai sma iklan .pas sampe jauh beda .bener2 kecewa,1,0
bentuk dan ukuran: pas bahan: nyaman dan lumayan tebal warna: bagus bahan bagus lumayan tebal sesuai harga,5,0
bentuk dan ukuran: sesuai bahan: bahan nyaman dan adem dipakai,5,0
"barang telah diterima dengan baik. masalah bahan tipis okelah sesuai harga. hanya saja kedepan mohon jahitan kantong diperbaiki agar jangan brudul begini,karena tentunya...",4,0
pesanan sudah sampai dan diterima dengan baik. barang realpict. bahan nyaman dipakai. ukuran pas. recomended banget. terima kasih seller,5,0
paket sudah sampai barang ok sesuai dengan pesanan pengiriman cepat sesuai dengan estimasi waktu yang dijanjikan terimakasih seller toped dan abang kurir langgananku bent...,4,0
bentuk dan ukuran: sesuai dengan pesanan bahan: lumayan tebal n nyaman warna: sesuai pesanan,5,0
alhamdulilah barang nya udah nyampe🤲pengiriman nya cepet bahan: bagus🥰 bentuk dan ukuran: ukuran nya pas👍,5,0
"bahannya adem,ga tebal ga jg terawang.enak makenya..karet nya jg bagus",5,0
alhamdulillah paket ny sudah sampai..tpi ini ini trening y 😁 tpi gpp bahan ny lembut di pegang ny semoga awet ga gampang bolong/ sobek trima kasih buat smua,5,0
"barang sih dah bagus sesuai dgn permintaan tpi bahan sepertinya bahan kaos agak tipis sedikit nerawang klw di gembrengin , pas di coba pas bnget longgar nga sempit nga ba...",5,0
"orderan dah smp, respon penjual cepat.. pengiriman juga cepat.. bahan lumayan baguslah, sayangnya dipake sama suami aku cungklang/ngatung tinggi suami aku 173, malah muat...",5,0
"bagusss, bahannya lembut.",5,0
"lembut, pas, nyaman di pakai, pengiriman cepat, tidak ada cacat sama sekali pokoknya besss🥰",5,1
bahan bagus sih tp jaitanya ringkih baru di coba aja bagian selakangan sudah nerawang jaitanya 🤦 jd mon maaf saya cuma kasih bintang 4,4,0
paket sdah datng..barang sesuai gambar..gk tipis juga gk tebal..,4,0
celana uk jumbo tapi kok gak muat utk bb 80 kg untuk punya anak gadis yg bb nya 60 jadi bisa kepakai sangat disayangkan gak rekomendet banget😭,4,0
bahan: halus gk tebal tp juga gk trllu tipis.jrga segitu dpt 2 murah lah menurutku 👍🏼 warna: sesuai yg di foto. maaf bru sempat ngsih ulsan 😂 saran klo ut pria sbiknya...,5,0
makasih ya kak paketan nya sudah sampai tp bahan nya agak tipis ya,4,0
alhamdulilah udah nyampek paketan ku bentuk dan ukuran: ok pas bahan: halus dan adem warna: sesuai pesen terimakasih untuk tiktok &diseller buat tokohnya amanah,5,0
bentuk dan ukuran: sesuai pesanan bahan: bagus warna: sesuai pesanan,5,0
bentuk dan ukuran: sesuai bahan: ok warna: sip karakteristik: mantab,5,0
bahana tipis banget baru di pake buat joging trrus sobek di jalan malu maluin asli klao kurir ok,3,0
bagus bahan nya adem dan lumayan lah dengan harga segitu jahitan nya kokoh,5,0
"pengiriman cepat, produk sesuai, packing rapih, bahan tipis, kasar",3,0
bsgus dengan harga segitu ...gk tebel gk tipis jg ..,5,0
alhamdulillah paketnya sudah datang bahannya bagus transparan kurang penasaran aku coba mata saya di tutup dgn dua lapis bahan trainingnya ternyata masih bisa melihat je...,3,0
"aseekk pesanann dahh mendaratt dengann amaann, ukurann pass banget, bahann lumayann tebell, saku juga ada resletingnya jadi ga takut jatuh/hilang, jahitan menurut aku kur...",5,0
alhamdulillah...barang bagus halus lembut suka banget,5,0
mantap bahannya adem dan enak di pakai warna juga cakep next mau order lagi,5,0
sudah sampai lumayan adem bahan nya cocok di pakai untuk santai,5,0
"paketku sdh dtg, suka dan sellernya amanah bentuk dan ukuran: sesuai",5,0
"barang datang, bagus tebal kainya, cuma warnanya hitam navy, yg datang navi abu""..🙆",5,0
sudah sampai bagus celananya..bahannya juga lembut..suka pokoknya..👍,5,0
"alhamdulillah pesanan dah sampai, bagus dgn harga segitu gk keliatan murahan tromakadih seller dan trimakasih jg mas kurir semangat",5,0
"alhamdulillah udh sampai dengan aman,kainnya lumayan tebal dn adem,celananya bagus dn nyaman d pakek,recom banged,thanks seller dn kurir sukses selalu",5,0
"barang sdh datang sesuai pesanan, ukuran nya jg pas, terima kasih",5,0
bahan: lumayan tebel warna: sesuai pesanan,5,0
alhmdulilah. barang sampai dengan cepat juga bagus. terima kasih atas pelayanannya,5,0
"bentuk dan ukuran: sesuai, barangx bgus ...",5,0
woooowwww bagus banget dengan harga semurah ini dan beneran dapat 2 pcs dong.. buat yang mau beli ayo di co jangan ragu,5,0
"bahan: bahan tipis menerawang, dalaman kantong dari kain bekas asal nempel, risleting tidak rapih, konsumen kecewa",1,0
"enak banget pas dipake nya , karet nya kaga terlalu kencang jadi enakan di pake",5,0
"barang bagus,cocok untuk bb 65 pas tidak kebesaran atau kekecilan kain lumayan halus cocok untuk olahraga atau kegiatan lapngan. dan harga sangat murah meriah tp kualitas...",5,0
bahan bagus tebel cuma kurang panjang ya ukuran pas,5,0
toko nya amanah sesuai dengan harga sukses trus buruan cek out sblm khbisan mantappp..,5,0
modelnya real pict ada resleting di sakunya bagus hanya bahannya agak tipis klo kena cahaya nerawang/tembus pandang. selebihnya ok lah,5,0
"alhamdulillah paketnya sudah sampai, bahannya tebal dan halus ..sesuai keinginan juga untuk harga juga sangat terjangkau ..makasih owner ..semoga toko tambah laris manis...",5,0
bentuk dan ukuran: sesuai dengan deskripsi bahan: lembut dan tipis banget warna: sesuai pesanan karakteristik: mudah di paham negara hukum tidak dapat dipisahkan dari pah...,5,0
"bahan halus,tebal,sesuai pesanan semoga tetep amanah",5,0
"pesanan sudah sampai.bahan sangat tipis dan menerawang,tidak sesuai deskripsi.sangat mengecewakan",2,0
"bahan nya agak tipis sih,sesuai harga lah ,masih bisa dipakai sehari2,saran untuk yg beli sebaiknya up size agak gak kekecilan",5,0
"bahan agak tipis sesuai lumayan bwt ganti² harga nya juga promo, untuk pengiriman nya cepat",5,0
bentuk dan ukuran: ukuran pas bahan: lumayan bagus dengan harga segitu warna: sesuai pesanan abu dan hitam,4,0
"trusted and recommended seller, service excellent and good quality as described",5,0
bentuk dan ukuran: bagus dan sesuai ukuran bahan: lumayan bagus buat harian warna: juga oke,5,0
"mantap celana jogernya,pas banget ukuran nya, nyaman di pakai, terimakasih 🙏 jangan ragu beli di toko ini,amanah dan respon baik, semoga laris manis dan sukses terus 🤲",5,0
"warna: warnanya yang satu tidak cocok dengan pesanan minta biru navy di kirim hitam, kalau abu tua sudah pas",4,0
celana nya bagus bahan tebal. nyaman di pake. makasih untuk toko nya....,5,0
bentuk dan ukuran: ukuranya pas sm saya bahan: lumayan alus dan adem di pakai warna: warnanya cocok deh sesuai harapan,5,0
bentuk dan ukuran: pas bahan: halus warna: bagus,5,0
celananya bagus kayaknya nggak terlalu panas terima kasih,5,0
"barang cepat sampai, bahan tebel, dan bagus",5,0
bentuk dan ukuran: ukuran nya pas warna nya juga bagus bahan tebel pastinya suka bngt pokoknya mah.,5,0
bentuk dan ukuran: ok.pas bahan: bagus warna: abu tua abu muda karakteristik: nyaman di pakai,5,0
"bagus ,nyaman ,dgn hrga segitu lumayan buat suami mancing,kecehan,kotor2an , ad lesliting.nya juga di kantong jdi aman buat nyimpan hp dompet / uang ngak jatuh 👍",5,0
"celana traning bahan bagus sesuai harganya,tapi untuk masukan toko penjual ukuran 3xl kaya ukuran xl kak",5,0
warna gak sesuai di gambar kecewa bngt di foto keliatan bagus dan tebal yg dateng malah tipis bnget malah warna nya beda. mf saya kasi bintang 2 soalnya saya kurang puas,2,0
yang abu bagus tebel yg hitam agak tipis beda kain hh .gpp bagus murmer juga,5,0
"bagus, bahannya lumayan tebal, harga murah meriah... hanya saja pesannya hitam navy, yang dateng hitam abu tua... it's ok.... semoga lancar jaya",5,0
kurirnya ramah paket nya cepat kondisi baik harga sesuai dengan bahan nya,5,0
"bentuk dan ukuran: sangat pas bahan: bagus warna: keduanya warna hitam, tapi gak apalah..",5,0
celana kecil ukuran untuk anak smp saya pesan xxl krena tulisan muat 70-85 ternyata tdk muat anak saya sma bb 68. kalau bb 70 saran saya ambil xxxl dan kalau tinggi 165 k...,2,0
"baguuus, rekomended, bahan tidak tipis, jangan ragu beli di toko ini ya guys yaaa",5,0
contohx tebal tp yg datang tipis kukira sama dengan contohx,3,0
"alhamdulillah paket sdh di terima, bahan adem. makasih seller. makasih pak paket",5,0
"bentuk dan ukuran: beli uk 3xl ternyata tidak sesuai kak, 3xl nya kecil seperti uk xl jd tidak cukup bt aku.. sayang banget padahal celananya bagus bahan: bahannya bagus...",5,0
celana nya tipis banget ... karet yg d bagian bawah sudah melar banget,4,0
xl ini mah kecil...panjang nya jg kurang banyak ngatung banget klo dipake...,4,0
"saya lihat di videonya ada saku dibelakang, ternyata setelah barang sampai tidak ada saku dibelakang...",3,0
"alhamdulillah bahan celana nya sangat bagus sesuai harapan, terimakasih penjual nya sangat amanah.",5,0
ukuran nya gk bsa utk dipakai.pendek buat saya.bahan sesuai dengan harga,4,0
bentuk dan ukuran: pas bahan: lumayan sesuai harga warna: bagus karakteristik: anget jahitan rapi semoga awet,5,0
kecewa ukuran xxxi ga muat masa ukuran 80-90kg padahal gedean ternyata kecil 😭,2,0
"barangnya sangat bgus bahannya adem,dan harganya sesuai dengan kualitas nya👍",5,0
"alhamdulillah barangnya sudah sampai, celananya bagus, saya suka, tokonya amanah 👍",5,0
paket sdh diterima kemasan aman cma hrse aku pesen xl tpi ngk papa bisa buat ank bahane bagus jg ....mas kurir jg berlangganan,5,0
pket tidak lengkap. yg dipesan isi 2 tp yg datang cuma 1. video unboxing ada tp knp g bisa diupload disini ya?? hnya bukti foto yg bisa diupload. produk ini sya return kr...,2,0
jadi penjual yg jujur mosok barang nya sm gambarnya dan iklannya tidak sesuai,1,0
"bagus bahan tebal sesuai dengan gambar makasih buat tik tok, reseller nya semoga amanah",5,0
terlalu tipis bahany ga sesuai gambar,3,0
"barang datang dengan baik ,, kwalitas baik ,,mantap",5,0
barang sudah sampai hanya saja ukurannya agak kecil ya di bb 85,4,0
"makasi.... toko amanah barang sesuai yang di promosikan , pemgiriman paket aman ,walau,plastik sobek.barang ga cacat,lain kali bungkus di perkuat,makasih.",5,0
barang nya udah datang pas warna nya bahan nya juga bagus dan baik,4,0
barang datang sesuwai harapan sangat amanah saku adaresletingnya juga,5,0
bentuk dan ukuran: pas bahan: bagus warna: sesuai pesanan karakteristik: hangat di tubuh,5,0
paket dah sampai bagus halus lembut enak dipakai,5,0
"alhamdulillah barang nya sudah sampai sesuai pesanan, ukuran nya pas selalu amanah ya untuk toko nya terimakasih 😊",5,0
barangnya baru sampe sangat puasss bahannya bagus tokonya amanah,5,0
ukuran ngepas....kalau dipakai jongkok kurang nyaman agak kurang panjang sedikit....bahan agak tipis dan sesuai harga. tali nya seperti tali sepatu....semoga awet,3,0
alhamdulillah sudah diterima terimakasih bahan lumayan bagus dan enak dipake ...,5,0
"sangat di sayangkan clana nya yg 1 bolong , mohon lain kali di cek dulu sebelum di kirim 🙏🏻🙏🏻",3,0
bahan sesuai harga...walau terawang dikit....tp masih layak pakai ...murah banget pokoknya..,5,0
"bahan nya lumayan tebal adem nyerap keringat, kurir nya baik ramah",5,0
"paket sudah di terima sesuai pesanan,bahan halus pengiriman tepat waktu,trima kasih semoga tetep amanah",5,0
produk sesuai banget dengan yg di iklankan intinya produk bagus,5,0
saya pesan 2 paket isi 4 kok yang datang cuma isi 2 sih kak kecewa banget ..tolong yang 2 lagi di kirim .pengemasanya juga kurang rapi,1,0
kwalitas barang kurang bagus. rijek pulang,2,0
bentuk dan ukuran: pas bahan: adem warna: sesuai yg di foto,5,0
bentuk dan ukuran: xl tpi kecil yach biarin lah yg penting enak d pakai nya,5,0
bentuk dan ukuran: pas bahan: bagus warna: sesuaikeun ya 🙂‍↕️🙂‍↕️,5,0
masa allah kecil dan pendek padahal xxl yah sy selalu kecewaa,1,0
alhamdulillah celananya pas di anak aku pengiran juga cepat sukses selalu👍👍👍👍,5,0
"pesenan sesuai, tpi yg abu abu kekecilan",5,0
alhamdulillah.barang sdh sampai..bahan bagus sesuai harga..mksh tiktok.mksh bang kurir..,5,0
bagus banget bahanya tebal ga kecewa,5,0
"allhamdulillah paket nya udah nyampai,barang nya bagus sesuai dengan harga,anak juga seneng langsung di pake🤭",5,0
ini mah bisa buat ngaji.. pas dipake ankku,5,0
barang dateng sesuai dan bagus sekali...terimakasih seller...sukses selalu dan laris manis,5,0
alhamdulillah paket celana senam saya sudahdatang saya kecewa baran yg dikirim tdk sesuai ukurannya yg saya l& pesan ukuran xxl bukan xl warna abu abu cocok tapi yg w...,2,0
"barang sdh sampai, aman, makasih gan. bentuk dan ukuran: ok bahan: sesuai harga warna: ok karakteristik: ok",4,0
bahan sedang harga lumayan warna cukup bagus,4,0
alhamdulillah paketnya sudah sampai celana nya bagus gak kecewa,5,0
"murah dan bagus celananya,gk nyesel co,semoga selalu amanah",5,0
"barang nya halus lmbut,, semoga awet,, terimakasih banyak bosku n si abang kurir nya jga",5,0
bentuk dan ukuran: ukuran xxxl sama dgn ukuran xl bahan: bhan bagus,4,0
bentuk dan ukuran: pas bahan: kaos warna: sesuai bagus. smg gk kecilnya utk suami,5,0
barang nya sudah sampai kualitas nya lumayan harganya ekonomis pengiriman cepat kurir langganan mudah mudahan awet di pakai nya,4,0
barang lumayan ...sesuai harga...ukuran xl nya kecil..klw mu order di sarankan ambil ukuran besar di tambah satu nomer biar pas,4,0
kurir ramah dan baik . produk sangat bagus,5,0
kurang panjang dikit aja barang lumayan ok,5,0
jahitan rapi bagus...murahlah untuk harga segitu,5,0
warna sesuai oesanan tp karetnya kurang bagus... sesuai hrga bahan: biasa aja,4,0
sy pesan bb 90 yg di kirimkan bb 30/40 ya ngak muat lah buat sy tu pinggangnya kecil bangett,1,0
bgus sesuai sm pesanan bhn ya jg lmbut gk pnas bahan: bgus adem gk pnas,5,0
cocok dan sesuai lah sm harga nya. lumayan oke,5,0
"bentuk dan ukuran: pas sesuai warna: sesuai pesanan all good, thanks",5,0
"psket sfh ssmpet, bahannya lembut, mskasih ya kak",5,0
barang sudah sampai dengan selamat dan aman barang bagus sesuai deskripsi di toko,5,0
"mohon maaf ,barang tidak sesuai ekspektasi",1,0
"gaya celana training trendy, pengiriman cepat, paket rapi, kurir ramah. dengan harga 57rb dpt 2 celana, murah itu.",5,0
"barang bagus, sesuai pesanan... pengiriman jg cepat..👍",5,0
"alhamdulillah dah sampe celana joger jogeran nya,ga sesuai sama iklan nya,bahan tipis, trimakasih kurir,sudah amanah dan sabar",3,0
"barang sdh diterima, bagus, realpict, harga terjangkau",5,0
"barangnya bagus sesuai yg di vt,dipakenya juga enak,moga ada rejeki lagi buat co berikutnya.",5,0
mantap...kwalitas ok.. pengiriman cpt.. kurir joss👍👍👍,5,0
"bgus,bhan tebal cocok d pki hari2..",4,0
"maaf baru kasih ulasan, celananya bagus & harganya murah tapi tidak murahan 🙏🙏♥️♥️😍",5,0
"bagus untuk sehari2, next order untuk anak bujang",5,0
bentuk dan ukuran: sesuai pesanan warna: sesuai pesanan,5,0
barang diterima sesuai dengan pesanan seler telah menyiapkan pengiriman cepat paking rapi. pengiriman cepat dan kurir bagus.,5,0
bahannya bgus lembut dan tidak menerawang...,5,0
produk realpicture..ukuran sesuai dan pengiriman cepat sampai..,5,0
alhamdulillah barang bagus dan pengiriman cepat,5,0
"barangnya bagus sekali, sangat senang belanja disini, barangnya sesuai",5,0
bentuk dan ukuran: sesuai dipesan warna: sesuai pesanan,5,0
"datang langsung dipakai,lumayan nyaman...",5,0
"pesanan sudah diterima sesuai yg di pesan,packing rapi , bintang yg berbicara, terimakasih seller, tiktok dan kurirnya",5,0
kok diselangkangan ada tambahan seperti ini bukan ukuran yg aku pesan,3,0
"bahan tipis, tidak sesuai dengan di gambar",1,0
mantap bagus bgt buat harga segitu gak rugi,5,0
sangat sangat buruk.... lainnya tipis tidak sesuai dengan gambar dan iklannya. parah,1,0
penjual nya bohong bukti nya mana beli celana dapet 2 pcs yg datang cuma 1 mana mana,2,0
"ada bolongnya, mhon lain x dicek ulang.",3,0
"sip ,cocok sesuai amanah tokonya",5,0
"yg abu ok,pas agak ada longgar nya... yg hitam kok sempit",3,0
yg di kirim bukan celana kain tapi training gak sesuai video ...bahan sangat tipis,1,0
paket nya dah sampai terimakasih sudah amanah paket nya sesuai semoga tokoh nya berkah selalu makin laris penjualan nya makasih juga sama abang kurirnya sudah langganan b...,5,0
barangnya bagus cepat sampai kurirnya ramah.,5,0
"ukuran pas, sesuai pesanan... *wes ngunu ae",5,0
barang jelek masa celna panjang di kasihnya tidka sesuai ukuran kapok,1,0
"kapok beli ditoko ini,barangnya yg dikirim beda ama yg di spil/vt ,tak dpt dipercaya😡😡😡",1,0
bentuk dan ukuran: sangaaaat paaas di pakeeee pokonya ga ngcewaiiinnn hargnya murah lagiiiiiii,5,0
alhamdulillah paket sudah datang realpict kain juga tebel halus trimakasih kak,5,0
paketnya sudah diterima dengan baik dan pengemasan rapi terima kasih supliernya,5,0
barang gk sesuai deskripsi,1,0
"barang bagus banget,kain tebal",5,0
"lumayan baguss walalu tidak sesuwa,lev tiktok trimaksih",5,0
"barang ok,toko amanah sesuai dgn gambar makasih",5,0
lumayan lah buat di pake sehari hari,5,0
kecewa pesen panjang dikirim pendek toko tidak amanah bahan nerwang,1,0
allhamdululah paket nya dah sampe celana nya bagus banget..mantap nanti aku mau pesen lagi,5,0
barang sesuai pesanan fast respon,5,0
bentuk dan ukuran: pas dipakai,5,1
huh nipu ini si jelek bet tidak sesuai harapan tida amanah semogaa masuk neraka jahanam,1,0
harga murah...tapi bagus celanaya,5,0
mintanya hitam abu tua yg dkirim abutua navy,3,0
penipu. yang dikirim tidak sesuai. yang dibeli training celana panjang. yang datang celana pendek jelek mahal lagi...,1,0
kecewa....celana gak sesuai ...maunya beli buat anak q yg bb 85....tp kok pres banget gk bisa buat jongkok... terpaksa q yg pakai..jd buat yg mau beli uk xxxl itu cuma mu...,3,0
bentuk dan ukuran: bentuk tidak sesuai mengecewakan... mesen ukuran xl malah yg datang kecil.... seukuran anak saya...,1,0
"kak mana kok yg warna abu nya ga ada,cuma yg warna hitam aja 1 jadi satu lagi",1,0
"celananya bagus banget suami suka next order lagi masih mau ngumpulin cuan dulu,...",5,0
"paket sudah sampai baru kasih ulasan, lumayan buat sehari² anak akoh",4,0
"paket sudh sampai ,sesuai pesanan pas di pake aq yg bb 55 kg..trima ksih 🙏",5,0
kain nya tipis dan nerawang.....tidak sesuai dengan promonya......,1,0
maaf sy beli bintang 2 dari komen customer lain koq tebal sedangkan saya dpt yg yach.....? jahitannya jg....?,2,0
"bahane tipis nerawang, ngatung dipakenya",3,0
bentuk dan ukuran: pas dan nyaman,3,0
"tokonya kurang amanah beli nya 4 yg dateng 2 bayar,ttp harga 4 picic, terus sisanya kmna",1,0
barang sdh sampa bagus kulir ny ramah,5,0
lumayan buat harga segitu walau ga sesuai penawaran,5,0
barang gaak sesuai pada gambar. jangan belanja di toko ini,1,0
"barang dah smpai,sangat bagus sesuai pesanan",5,0
katanya dapet 2 tapi yang datang satu toko nya tidak amanah,1,0
ini gimana yakk saya pesan nya 4 pcs tapi yg dateng cuma 2 pcs dan saya hrus byar 4 pcs.. tolong dikirim lagi yg 2 pcs,1,0
alhamdlh brg smp smg awet jgn ragu bl disini y,5,0
"kwalitas ok dgn hrg segitu, worth it sih",5,0
saya pesan 2 paket khan pantesnya 4 pcs dapet kok ini 2 pcs aja yg dateng kecewa banget saya,1,0
"kecil ukuran anak "" bukan buat orang dewasab",2,0
apa gk salah kirim ya sy pesan clana panjang isi 2 yg dateng clana pendek isi 5,2,0
"maaf ya kak cln gak sesuai sama yg di viti,trs ukuran tdk sesuai,ukuran pling besar sendiri xxxl,bb 85 gak ckup",1,0
"alhamdulillah barang bagus, suami suka",4,0
"penjual tidak amanah pesen xxl yang dateng malah ukuran m,",1,0
trimakasih toko sangat amanah ini langsung saya pakai,5,0
"lain kali sebelum kirim barang tolong lihat dengan teliti,,barang sobek di kirim",2,0
"brang nya udah smpek,bahanya lembut,tapiii bahan tumbuh pandang,",2,0
bagussssssssssssssssssssssssssssssssssssssssssssssssssssssssssssssssss,5,0
"barang dah sampai,harga nya bener murce..mksh seller & kurir",5,0
bahan: lumayan tipis ya,4,0
alhmdulillah barang nya sudah sampe bagus aku suka trimakasih,5,0
cukup bagus sesuai dengan harganya,5,0
alhamdulillah barang nya udah sampai .. warna dan ukuran sesuai,5,0
"bahan bagus semua bagus hanya di bagian kantong kurang, kaya bakalan gampang berudul",5,0
"paket sdh diterima terimakasih seller,dan kurir ramah gercep🙏🙏🙏",5,0
bentuk tidak sesuai dan ukuran kecil kurang besar bahan: tidak sesuai dengan iklan warna: biasa,4,0
prodak bagus yang satu kecil satunya pas bahan oke adem enak di pakai,5,0
"barang sesuai pesanan, kurir rama",5,0
"bahanx halus dan adem,enak d pakai ngk panas",5,0
bentuk dan ukuran: sesuai cuma kurang besar dikit bahan: nyaman,5,0
bentuk dan ukuran: panjang.y kurang bahan: tebal warna: sesuai di bio karakteristik: nyaman di pakai,5,0
celana bagus bahan tebal cocok dipakai untuk jogging dipakai di hawa dingin pengin order lagi makasih shoope kurir baik ramah karna udah langganan,5,0
"produknya bagus, tapi bahannya tipis, pengiriman cepat, terima kasih",5,0
bentuk dan ukuran: bagus dan ukurannya kecil bahan: tipis menerawang karakteristik: bahan panas warna: ok,5,0
"bahan kualitas baik, ukuran sesusi, harga terjangkau",5,0
bentuk dan ukuran: pas bahan: agak tipis tapi gak apa warna: sesuai dg pesanan,5,0
"alhamdulillah paket sudah sampai , bahannya aga tipis tapi adem dan nyaman dipake .",5,0
"bentuk dan ukuran: pas sesuai dengan harga, tipis menerawaang tapi jahitan bagus dan rapi",5,0
bahan: bagus dengan harga segitu bentuk dan ukuran: bentuk bagus ukurannya xxl tapi kecil aku pesen untuk orang dewasa tpi yang datang untuk anak-anak warna: warna sesue...,5,0
"bahan tipis, warna realpic ukuran sesuai lumayan lah hrg segitu dipakai buat sehari2",5,0
"bentuk dan ukuran: pas bahan: bagus , nyaman di pakai warna: ok, sesuai pesanan",5,0
"bentuk dan ukuran: ukuran pas untuk bb 56 min,longgar dikit tp pas tidak kegedean,warna sangat sesuai dengan pesanan",4,0
bentuk dan ukuran: pas dan nyaman warna: sesuai ekspetasi bahan: lembut dan nyaman,5,0
bentuk dan ukuran: kurang sesuai bahan: bagus warna: kalem barangnya udah sampai bagus buat dipakai hari2 nyaman dan melar bahannya..cuma aga kecil dikit,5,0
bahannya tipis warna hitam dan abu abu tua nyaman di pakai,4,0
tipis ya sesuai harga.. celana hitamnya sempit .. abu masih muat tpi ngerinya jg sekali pakai sobek jahitannya 😁,4,0
bahan: bahan bagus warna: sesuai peseno bentuk dan ukuran: longgar,5,0
barang sdh diterima dgn baik makasih seller dan bang kurirnya,5,0
bahannya lumayan halus tapi tipis dan nerawang... bentuk dan ukuran: sesuai dengan pesanan bahan: tipis dan menerawang warna: sesuai dg gambar karakteristik: tipis dan ne...,4,0
"sesuai harga, barang tidak tipis,tidak tebal",5,0
bentuk dan ukuran: agak press bahan: nyaman/pas warna: sesuai,4,0
langsung di pakek ama pak su...seneng bgt murah terima kasihh,5,0
bentuk dan ukuran: sesuai bahan: halus enak di pake warna: sesuai,5,0
paket udah sampe ukuran pas bahan lumayan sesuai harga cma sedikit di bagian kantong benang nya masih berantakan tpi bagus maksih seler semoga lancar jualan 🙏,5,0
bentuk dan ukuran: pas bahan: adem tebal warna: pas permintaan saya tak mau banyak komentar soalnya cocok banget buat saya,5,0
"bahan nya adem dan tipis,lumayan buat sehari2 di rmh dan buat olah raga juga",5,0
bahannya halus nyaman d pakai sehari hari,5,0
"bahan nya tipis beda bgt sama yg di video, lumayan lah buat sehari hari mah",4,0
"bahan kainnya bagus, tidak tipis dan adem. worth it",5,0
sesuai harga sayang bahannya ga melar jg bahan nya panas. .,4,0
"bahan bgus halus cuma yg hitam tipis, yg abu abu lumayan tebel",5,0
"bentuk dan ukuran: ukurannya kecil,, saya pesan yang ukuran bb 60-80kg bahan: bahannya tipis jd menerawang trus tidak melar warna: warnanya sesuai",4,0
bentuk dan ukuran: pas dgn ukurannya bahan: bagus warna: cocok dgn aku minta,4,0
celana nya bagus enak di pake bahan nya juga bagus.. trimakasih juga buat kurir nya..,5,0
alhamdulilah pesenan sudah sampe . bahan adem sesuai harga agak tipis dikit😁🙏,5,0
"untuk harga 50 2pcs worth it sih, tapi sayang bahan terlalu tipis bahkan nerawang. tp gak papa. ukuran sesuai, tapi keknya bakal melar kalo udh di cuci",4,0
"bahannya adem,nyaman dipakai,pokoknya amanah trus buat tokonya.makasih",5,0
paket sudah sampe pengiriman sangat cepat sayangnya bahan tipis,5,0
bentuk dan ukuran: pas bahan: halus warna: sesuai karakteristik: bagus,5,0
terimakasih barang sudah sampai.. lumayan tebel.mudah2 an awet..,5,0
"ukuran kurang gede agak tipis,tapi sesuai harga yah...",5,0
respons cepat n pengiriman cepat...bahannya tipis...,5,0
"bagus bahannya, nyaman dipakainya,cepat pengiriman",5,0
paketnya sudah sampe pekingnya rapi mantap👍👍👍👍👍👍👍👍👍👍👍👍👍👍👍👍👍👍,5,0
"barangnya udh saya terima dengan baik dan sesuai dengan pesanan bos,produk dijamin asli dan original bos,codnya super cepat sekali bos",5,0
"produk.nya saya suka kain.nya sangat tebal dan dingin, cuma yg dobel xxl kanyak.nya kurang besar untuk berat badan 70-80...",5,0
rumayan murah bisa buat santai santai,5,0
bahan: beli kedua kalinya... bahan nya ga sama dengan yg pertama beli... bahan nya klo dipegang kayak berbahan kardus? pertama beli bahan kaos bagus,4,0
mksh paket nya sudah sampe barang lumayan bagus dgn harga segitu👍👍👍,5,0
bentuk dan ukuran: uk pas bahan: halus karakteristik: bagus warna: sesuai,5,0
"toko amanah,bahan adem meskipun sedikit tipis sesuai lah sm harganya...barang dtg sesuai pesanan,packing aman...trimksh sukses trus ka",5,0
bahan: pas bagus bentuk dan ukuran: baik warna: cocok sesuai yg d pesan,5,0
yang hitam bahannya biasa yang abu agak tebal,5,0
packing bagus...barang mantap..bahan halus & nyaman,5,0
calananya sangat bagus dan berkualitas nyaman d pakai suami suka dengan celana ya,5,0
"sesuai pesanan,,,tapi kainnya agak tipis😔",5,0
"alhamdulillah paket aman rapih bahan bagus teball nyaman di pake makasih,",5,0
"bahan nya bagus cuma kok ukuran jumbo xxxl kelihatan kecil bukan jumbo,tapi bahan nya mantul habis",5,0
bentuk dan ukuran: pas bahan: bagus warna: cocok,5,0
bagus nyaman di pakai tapi aga kebesaran tapi it's okey lah,5,0
bentuk dan ukuran: celana bagus sayang kurang panjang. pdhl ukuran 37. biasanya ukuran 35.,4,0
"maaf ya baru kalih ulasan saya ambil uk xl yg ktanya muat sampi bb 6080,tpi ternya kecil dan gk muat di anak saya yg bb ny 58,nyesel banget",4,0
bentuk dan ukuran: pas bahan: bagus banget warna: sesuai,5,0
"lumayan barangnya,untuk ukurnya xl kog kurng panjng dikit bentuk dan ukuran: bentuknya bagus tpi ukuranya xl kurng panjng dikit",4,0
celananya.. ok ukuran pas lainnya adem n nyaman di pakai harian,5,0
"pengiriman cepat dan packing rapi. alhamdulillah barang sudah sampai dgn aman. barangnya bagus bgt dan nyaman dipakai. bahannya tebal, terimakasih",5,0
alhamdulillah barang udah nyampe cepat dan lancar.barang sesuai pesanan bahan nya tebal,5,0
"dengan harga segini, menurut q cocok dan nyaman juga di pakai😊",5,0
"bentuk dan ukuran: bentuk dn ukuran pas bb 55 ,cuma kantong dlmnya kurang nyaman , tolong disesuaikan dgn bahan nya biar serasi",4,0
alhamdulliah celana nya bagus bahan ny jga bagus gk kecwa bli d toko ini😍,5,0
bentuk dan ukuran: ukuran pas bahan: lumayan sesuai harga warna: sesuai gambar,5,0
bahan tipis...dan kurang panjang nya di suami sy,4,0
alhamdulillah bahan bagus nyaman cuma agak cingkrang buat suami jd buat anak bujang aku,5,0
celananya sudah diterima walaupun tidak sama persis diganbar tp lumayan dgn harga segitu untuk ukuran besar kok terasa kecil pdhl ambil untuk bobot smp 80,4,0
"alhamdulilah barangnya sudah sampai,bahan bagus sesuai harga,cuma,jaitan kantong dalam tidak diobras,jadi kurang rapi,mohon diperbaiki,🙏🙏",5,0
celananya pas dan cocok untuk dipakai sehari2,5,0
bentuk dan ukuran: xl bahan: tebal bagus lah warna: abu hitam,5,0
brg sdh smp..bahan nya tipis ya agak nerawang,4,0
bentuk dan ukuran: pas bahan: halus warna: bgus,5,0
kemarin beli xxxl ukuran pas yang kemarin buat jongkok aman sekarang beli lagi xxxl ukuranya lebih kecil yang sekarang buat jongkok pasti robek jahitan tengah pas selangk...,5,0
"kirain tebal eh g taunya tipis,tp ga pa2 mng sesuai dng harga sih",4,0
"bagus, nyaman digunakan dan harganya juga murce..",5,0
bahan: bagus warna: sesuai karakteristik: bagus bentuk dan ukuran: kekecilan,4,0
terima kasih barangnya sudah sampai di tempat bahannya bagus nyaman di pakai,5,0
promonya keren trnya cm training biasa bahannya tipis.,4,0
"celananya ga ssuai sma ukuran,kecil..bhanya juga aga tipis, pdhal sudah mlih ukuran xxl ... maav sya kash nilai 4",4,0
"enak dipakai, halus lainnya, anakku senang",5,0
psanan cepat sampai. bahan bagus dan nyaman.,5,0
"suami ku suka,,bs buat tidur jg bs buat joging juga..👍",5,0
terima kasih trainingnya dah sampai bagus tp sayangnya agak tipis,5,0
"paketnya udah sampe dengan baik, bahannya tipis, ukuran 3xl tp kecil mks",5,0
paket udah datang bagus tebal bahan halus adem,5,0
"bagus sesuai harga,bahan adem jahitan rapi",5,0
sesuai dengan harganya dan bisa digunakan,5,0
"ukuran pas untuk bb 80an, bahan biasa tp gk tipis",5,0
bentuk dan ukuran: pas bahan: lumayan warna: oke,5,0
lumayan dengan harga segitu. termasuk bagus,5,0
"paket di terima dg baik no cacat, kualitas barang tergolong bagus",5,0
bahan bagus👍..... sayang kekecilan😎😎,5,0
"sangat adem digunakan, ikurannya pas, jaritannya bagus, terima kasih ya kaka",5,0
bahan: bagus pokonya the best lah untuk di pake sehari hari,5,0
pesanan sdh dtg ukuran pas sesuai pesanan warna bagus bahan bagus sesuai hrga smg toko n kurir sukses,5,0
bahan: lumayan bagus bentuk dan ukuran: pas warna: oke suami saya suka,5,0
motifnya bagus sayang tempat talinya lepas satu 🙏🙏🙏🙏,5,0
kualitasx tipis jahitanx kurang kuat.lumayan bagus,3,0
bentuk dan ukuran: ga sesuai bahan nya ke cewa sy,5,0
celana joger yg bagus pas dan nyaman dipakai,5,0
bahan: baguss warna: sesuaii bentuk dan ukuran: pas saat dipakai,5,0
"barang sdh sampai dan muat dipakai anak saya, hanya saja jahitan dipinggang mudah rusak dan benangnya terbuka.",5,0
"celananya keren..nyaman dipake,trimakasih seller..",5,0
bentuk dan ukuran: pas bgt bahan: lumayan warna: bagus,5,0
"bagus bahan nya, lumayan utk hrga segitu 63rb dpt 2,bisa ganti²",5,0
bahan bagus ternyata iri celana untuk olahraga sedangkan yg saya pesen celana untuk sehari hari atw pergi,4,0
"produk tipis gak sesuai dengan iklannya,kependekan.tapi bisalah buat pergi ke kebun.",3,0
bentuk dan ukuran: pas bahan: ok warna: sesuai,5,0
barang sdah sampe kurir ramah sya puas banget murah tpi kwalitas bagus,5,0
"sesuai pokoknya ,kurir baik sukses tuk semuanya",5,0
"bentuk dan ukuran: sesuai bahan: lumayan lah ya warna: hitam,abu² tua",4,0
"kain bagus adem dan lembut, ukuran pas harga murah gak nyesel belanja di toko ini kurirpun baik ramah makasih tik tok",5,0
sip mantap.maaf gk bisa di sertai foto.soal nya kameranya jelek😀😀😀😀,5,0
"alhamdulillah paket udh nyampe lgsg di buka ,bagus halus nyaman di pakai recommended banget deh",5,0
lumayan enak dipakai' bentuk dan ukuran bisa pas banget buat aku,5,0
"kualitas sesuai harga, barang sesuai pesanan, pengiriman cepat dan amanah, terimakasih.",5,0
alhamdulillah barangnya udh nyampe kk.bahannya tipis.tp lumayan harga segitu,5,0
"enak di pakai ,sesuai murah tidakk murahan dapet bonus lgi",5,0
katanya bagus bahannya tebal ko tipis jahitannya jg pada mengkerut,3,0
warna: ok bahan: ok bentuk dan ukuran: ok,5,0
alhamdulilah barang nya dah sampe sesuwai pesanan,5,0
barangnya sih lumayan cuma ukuran xxxl ko kecil yahh kayanya g muat untuk anak saya,5,0
"size paling besar masih kekecilan buat saya☝️😅 mungkin kegemukan ya (bb 88kg, tb 175cm, pinggang uk. 38). muat sih, tp pas jongkok muncul celengan dibelakang 🤪😜😁🤣bah...",5,0
"ada harga ada kwalitas,bagus gk kecewa👍",5,0
"barang sesuai, harga terjangkau, penjual amanah mantab",5,0
"bahan lumayan bagus, cuma sayang yg dateng tidak sesuai iklan..🫢🙏",4,0
"bahanya lumayan tapi kok gk sesuai di foto ya,ambil ukuran xl kok krng besar",5,0
"bahan: sesuai dengan harga, semoga awet... bentuk dan ukuran: belum di coba",5,0
pas cocok buat anak saya bahan lumayan bagus,5,0
kesekian kalinya ak order barangnya bagus kurirnya juga ramah sesuai pesanan tokonya amanah🙏anakku bb 70 muat bnget nyaman ukuran xl,5,0
"suami suka sama celana ini, katanya dipake malam hari hangat. bisa buat tidur, olah raga, jalan2 santai",5,0
bahan: tipis gak tebal sama sekali 👎 warna: abu abu dan hitam bentuk dan ukuran: ukuran kurang panjang karakteristik: menarik masa gak dapet stiker padahal aku udah kiri...,3,0
"barang bagus tapi sayg ga sesuai sama yg di lihat,kirain bahan mulus melar,tapi ga papa mungkin sesuai sama harga",3,0
kolor yg dekat mata kaki terlalu sempit kurang lebar kaki jadi susah masuk,3,0
"material: ternyata tipis bahan nya, dan xl dipake tinggi 168 masih nyantung kaki nya..",3,0
bentuk dan ukuran: pass bahan: bagus warna: sesuai orderan karakteristik: baguss,5,0
warna uk bentuk dan ukuran: pas dan cocok banget,5,0
bahan nya biasa aja tipis banget kirain gak setipis itu gak sesuai iklan bahan nya co,3,0
"mohon maaf sebelumnya, celananya bahan tipis, jahitannya juga kurang bagus gampang robek dan bolong di tengah selakangan, baru dipakai 3 jam, itupun hanya duduk"" saja...",3,0
"bahannya bagus, puas sebagai konsumen👍👍",5,0
pesanan sdh diterima seller amanah bahan cukup bagus terima ksh selkerp,5,0
"bahan: difoto kelihatan bagus tapi pas dtg,bahannya gk sesuai.klo ukuran pas",3,0
"barang bagus sesuai pdsanan trima kasih k, muda2han awet ukuran pas, bentuknya bagus",5,0
kain tebal bagus buat sehari.... suami juga suka nyaman di pakek,5,0
pengiriman cepat sampai tujuan ukuran pas namun barangnya kurang bagus dan tipis,3,0
"alhsmdulillah udah datang,bahannya cukup tebal,serat kain rapat,wort it buat harga segitu",5,0
mantap ...sesuai pesanan kemasan rapi sederhana dan pengiriman jg cpt,5,0
barang bagus pengiriman cepat,5,0
"bsrang bagus,sesuai pesanan,pengiriman cepat",5,0
bentuk dan ukuran: ok bahan: ok warna: sesuai karakteristik: pas,5,0
"celanya udah sampai,barang kainya tipis sesuai harga,tak kirain bahanya halus tebal kaya yg lagi live kan,bang kurirnya udah langanan baik sopan 👍😍",3,0
"baik alhamdulillah ,next beli lagi ,toko amanah",4,0
bentuk dan ukuran: sesuai ekspektasi warna: menarik bahan: soft,5,0
pesanan tiba dgn kondisi baik. pesan hitam dan abu² yg datang biru dan abu² tapi kualitas sama...its ok. terima kasih seller,5,0
bahan tipis,4,0
bahannya tipis banget twrus kantongnya bagian dalam dari kain sisa2 sesuai harga lah....,3,0
barang udah datang tapi di aku ngepres bgt.... padahal untuk bb 80-90 sedang bbku hanya 75....tapi lainnya bagus tebal,5,0
bentuk dan ukuran: lumayan bahan: lumayan warna: sesuai,4,0
bentuk lumayan bagus. bahan sederhana berkuakitas sesuai dengan harga.,5,0
bahan: lembut warna: soft bentuk dan ukuran: pas,5,0
bentuk dan ukuran: pas bahan: lunayan warna: sesuai pesanan karakteristik: ccok buat celana santai,5,0
pas ukurannya dan warnanya kiriman cepat kurir ramah,5,0
paket sudah datang sesuai jadwal dan gambar dan bahan lumayan sesuai harga juga kurir ramah sudah langganan,5,0
"bagus celana y, mau co ukuran anak umur 12 tahun ada ga",5,0
pas ukuran nya nyaman di pakai nya trimakasih buat semua,5,0
"untuk kualitas bahannya agak tipis dan ukurannya juga tidak sesuai bbyang d cantumin di deskripsi,sedikit aga kecewa sih,itu kayanya buat ukuran tanggung,karena kalo buat...",3,0
wow barang bagus alhamdulillah dgn harga segitu asli murah banget . terima kasih ²..,5,0
terimakasih paket nya udah nyampe dengan baik tapi kok kayak kecil ya,4,0
lmyn bgs kok dgn harga segitu.. cm syng nya kurang pnjg di aku jd agak gantung klo dipake.. overall yg lain oke sih dpt 2 dgn harga segitu,5,0
bahan tipis ukuran gede tpi pas datang kecil...lebih ke sesuai sih sama harga..tpi jadi g akan mau beli lagi,3,0
"celananya lumayan, cuma bahannya agak tipis dan tidak ada kantung dibelakang sbgmn dlm iklannya",3,0
bentuk dan ukuran: sesuai bagus dan yaman di pakai,5,0
baru bisa beri ulasan barang sudah mendarat 3hr lalu barang bagus bahan juga kurir ramah dan ada sedikit gak cocok di contoh nya ada sablonya tp datang polosan tp ga papa,3,0
ukuran xl kecil.ini buat anak2.bahan jg tipis,3,0
"bagus ,cakep ,puas",5,0
barang sudah diterima dan lumayan bagus buat sehari hari .. bahan sesuai dengan harga iya..,5,0
"tidak tebal, tapi lumayan bagus. belum tahu akan awet tidaknya nanti.",5,0
shape and size: oke material: oke color: oke,5,0
kecil buat bb 55 saja kekecilan...apalagi sesuai keterangan. 60-80 ga muat dan pendek xl ini pasnya buat bb 40an tolong bikin baju yang sesuai keterangan ya jadi kita ga...,3,0
bentuk dan ukuran: ok bahan: adem warna: sesuai pesanan,5,0
sangat sangat bagus sekali.....tebal juga .... pas buat olahraga..... pokoknya bagus,5,0
barang nya bagus dan kurir ramah packing juga rapi,5,0
karakteristik: mantap murah bngt,5,0
"karna bulan puasa pengiriman lambatt, tapi gpp sii and sesuai harga dengan kualitas.",5,0
celana nya kecil bhn tipis waktu leve bhn bagus.penjualnya bohong,3,0
"celananya udah bagus, cuma sayang belum di pakai koceknya udah sobek",4,0
"ukuran sama tp besarnya celana berbeda,size sama tp celana di kirim beda..tp msh na di pake sih alias di hibahkan..tp gpp.. lain kali di samain ya biar gak kapok.. mksh.",5,0
"bagus bahanya, cocok dgn harganya dan amana tokonya",5,0
bentuk dan ukuran: kekecilan bahan: lumayan bagus warna: bagus karakteristik: biasa,3,0
paket sdh sampai sore tadi tp sayang tdk sesuai yg di iklankan.di iklan ada kantong belakang .trus ukuran xxl kok pendek padahal berat badan 75 .aq pilih ukuran xxl di si...,3,0
sayang xl kurang gede selebihnya c ok semua,5,0
alhamdulillah brg udah sampai.. bentuk dan ukuran: pas d q bahan: adem d pakai warna: sesuai pesanan,5,0
bahan nya tipis tidak sesuai sama yg di foto,3,0
barang dalh sesuai dgn yg di pesan barang lumayan harga segitu murah bahan alus lembut,5,0
"celananya bagis, cm talinya kurang bagus. semoga lebih baik lg talinya. next order lg...",5,0
"ya mending lah sesuai harga ,tipis tapi gak papa",3,0
bentuk dan ukuran: hitam nya kecil abunya besar. ukurannya ndak sama datangnya,3,0
bahannya bagus dan adem semoga jadi langganan ya ka🥰,5,0
barang tepat waktu dan product yg warna abu tua kekecilan yang biru pas,4,0
gagal bos masa ukuran xxxl kcil banget,2,0
terlalu kecil tidak sesuai dan jahitan nya kurang rapi,3,0
"sesuailah dg harganya,bahanya juga lumayan tebal dg harga segitu warna dan ukuran sesuai pesanan,q suka🫰🫰🫰",5,0
"wes siip ar bahannya kaos seperti traning ternyata, blum bisa utk celana formal",5,0
diterima dg baik namun kekecilan untuk istri pas jadi istri yg pake aku yg pake ngatung sejengkal,5,0
bahan: adem warna: sesuai bentuk dan ukuran: pas di bb,4,0
"warna sesuai pesana,ukuran krang pnjang dkit,bhanny tipis 🙏🙏🙏",3,0
kain nya agak tipis tp lumayan bagus sesuai dengan fto,3,0
celananya gak sesuai gambar saya kecewa tokonya gak amanah kain tipis celana buat kekebun 👇🏾,3,0
bagusss bangettt bahan nya poko nya toko nya amanah banget 👍👍👍👍👍,5,0
bentuk dan ukuran: untuk ukuran yg biru dongker dg yg hitam lebih besar yg biru dongker.yg biru dlm kemasan yg yg itam los tdk dikemas dn tdk ada keterangan ukurannya.,4,0
barang lumayan bagus.....tapi kok tidak seperti iklanya,4,0
bentuk dan ukuran: okeh bahan: okeh warna: sesuai karakteristik: baik,5,0
"bahanya bgus halus ,ukuranya pas warna: cocok",5,0
"bahan: kurang tebal bias ae bentuk dan ukuran: bias ukuran mgo ""pas ukurannya",3,0
maaf y aku kasih bintang 3 soalnya bahannya ko beda y dr yg sebelumnya aku beli 2...yg pertama beli 2 hitam n navy bagus tebal bahanya karetnya dipinggang bagus.skrng bel...,3,0
sudah ambil ukuran xxxl masih g muat😅😅,4,0
bentuk dan ukuran: sama seperti di gambar,5,0
"sekedar kasih saran yaa,tolong dong kantong celananya di cek,kok bolong ya... untung saja kunci motor yg saya tarok gk jatuh, mksh, celananya bagus sayangnya kantong nya...",4,0
bagus sesuai pesanan saya suka bgt belinya di lebih gede dri yg biasa kita paki,5,0
barang bagus adem buat keseharian . pengiriman sangat cepat sekali,5,0
bahan lumayan tdk nerawang yah trus adem juga d pake nya,5,0
mashaallah produk ny bagus kk mesti murah gk asal jh jaitan ny bagus peking ny bagus pokonya lancar yh ka ku pasti akan dtng lagi beli suami saya sampai bahagia sekali kk...,5,0
cukup bagus dengan harga segitu. sama maklum dengan harga segitu bisa dapet celana .,5,0
60rb dpt 2 dngn harga segitu lumayan sih buat ganti sehari-hari .gk nyesel sih beli d toko ini.laris manis ya 🙏🏻,5,0
pengiriman nya cepat...untuk bahan ya lumayan,4,0
"kualitas barang sesuai harga,, mau beli yg kualitas bagus ya yang mahal",3,0
"barangnya udah nyampe , kurirnya baik udh langganan,tapi celananya ada yg bolong sedikit masih bisa di jahit sendiri ada mesin jahit di rumah",5,0
"paket nya sudah sampai, tapi kurir nya kurang jujur. masak harganya 65.044 disuruh bayar 66.000. dasar kurir mau banyak untung.",4,0
"trimakasih penjual, barang sudah sampai pas bahan: lumayan sesuai harga",5,0
"pilih warna abu² dan hitam, dtgnya abu² biru.😑bahan lmyan tipis ...sesuailah dgn hrga sgtu",4,0
"kain tipis dan menerawang, utk uk xxl ini kecil bgt, pdhl sengaja pilih yg size nya besar",3,0
"barang sesuai dg harganya,, kecewa karena barang tiba jauh dr estimasi yg ditentukan...sy gk puas dg jasa ekspedisi ninja",3,0
tidak sesuai pesanan yg di tawarkan..,5,0
bentuk dan ukuran: sma dengan ukuran 60-80,3,0
bahan bagus dipakainya enak,5,0
bahannya lumayan cmn beda sama yg d contoh,4,0
tidak sesuai dengan ukuran.. tidak mungkin ini xxxl... selangkangannya sempit... alamat cepet sobek...,4,0
saya beli yg ke dua tpi barangnya sama gak zonk terima kasih sudah amanah kurirnya ramah,5,0
"brang oke, bahanya adem, tebel, sesuai pesanan...... tdk mengecewakn... mksh",5,0
bagus lumayan enak dipakai buat olah raga,4,0
"baik,ok pas ukurannya warna yg dikirim sesuai dengan yg q pesan smoga laris n jaya smoga amanah terus",5,0
alhamdulillah paketnya udah nyampai...barang sesuai pesanan dan harganya sangt terjangkau...,5,0
packing rapih.pengiriman cepat.bahan celana lumayan lah sesuai harga,3,0
ternyata ukuran nya utk anak umur 13 thn na,4,0
alhamdulillah celana nya sampai tepat waktu dan gk mengecewakan bagi saya yg baru pertama kali order celana halus pas di pakai saya,5,0
"mantap barang bagus ga buat kantong kering, nyaman dipakai, kwalitas juga apik, dan tekstur lembut jadi misalkan mau di jalan gitu nda takut lagi saya tidak waswas, terim...",5,0
awalnya memang tertarik sama harganya yang super murah dan tampilannya yang menarik. ada banyak juga pilihan aroma. respon penjual cukup baik. pengirimman cukup baik dan...,4,2
"wangi cukup maskulin tp ada sedikit bunga²nya/feminin, tp tipis aja. bisa dipakai buat sehari² atau nongki² santai. indoor bisa tahan 3-4 jam, outdoor panas kayak sekaran...",5,7
"barang sudah barang sudah diterima dengan baik, sesuai pesanan wanginya enak menyegarkan sesuai ekspektasi lah bisa jadi rekomendasi kaum adam cuma sayang kemasan kardus...",5,1
"wangi parfum ini yang tahan lama, parfum ini memiliki wangi yang cocok untuk untuk semua acara, aroma nya enak saat di ruangan ber-ac, aroma wanginya tidak menyengat bang...",5,3
produk bagus banget apalagi bau parfum untuk pengirim tolong. bungkus nya lebih rapi dan teratur punya saya datang nya sampe kebuka dikit,5,0
"walaupun pas nyampe agak penyok dikit gpp asal isinya aman, wanginya pun juga gk terlalu over, pokoknya pas deh",5,0
"kualiatas nya oke wangi nyaa nempel banget, cocok banget buat kaum priaa, recomend banget ja",5,0
"pelayanannya bagus, produk sangat bagus dan dikirim dengan perlindungan yg cukup aman, sejauh ini saya puas dengan produk dan pelayanannya, suka sm yg vanilla tp yg sensu...",5,0
ini lumayan bau nya dan juga saat awal bau nya mantull untuk pengirim tolong. bungkus nya lebih rapi dan teratur punya saya datang nya sampe kebuka dikit,4,0
"produk ini berbahan yang berkualitas bagus , harganya diskonan , packingnya aman, wangi nya enak, pengiirimannya juga cepat",5,0
"wanginya enak gak terlalu nyegrak, harganya murah dapet 50%, awet dari pagi sampe sore",5,3
mantap bau harum pekatnya pas ga terlalu menyengat doi pasti langsung cium dan nempel truss,5,0
pengiriman cepat pelayanan ramah dan responsif barang sesuai packaging pakai bubble wrap jadi aman kondisi barang dalam keadaan baik tidak mengecewakan beli barang disi...,5,0
"pertama kali beli parfum seumur hidup & wanginya gw suka,ga begitu menyengat masih toleran,entah akan kecium wanginya oleh orang lain/tidak karena hidung gw udah ba&#...",5,1
real product with etalase✅ agannya fast respon banget baru tc udah langsung status menunggu kurir dan fast chat👍🏻 packing safe juga diterima safe✅ dgn waktu antar jit ✅...,5,0
"pengemasan bagus, aroma nya gak terlalu menyengat, tahan lama hanya 4,5 jam sih oke lah",5,2
"packing aman, pengiriman cepat, kualitas sesuai merk",5,0
"barang sampai, kemasan bagus pake bubble wrap menggunakan kardus jg jadi aman banget lah ya",5,2
"wangi manly banget , agak menusuk sih tapi nyaman sih wanginya , cocok buat outdoor kalo menurut ku si , thank you evangeline 😘",5,1
"wangi nya tahan lama, segar bau gaharu, harga sangat terjangkau",5,1
"mantull pesanan ku sudah sampai dengan baik dan amanah, wangi nya sangat elegan dan macho banget, cocok di pakai semua aktivitas, apalagi saat berkeringat makin nyebar w...",5,0
"enak wanginya,botolnya bagus,packaging cukup aman",5,0
"barang sesuai dgn pesanan packing amanah bau parfumnya wangi sekali saya suka dgn baunya cocok buat pria,sdh tidak diragukan lagi kualitasnya ditoko ini 👍🏻👍🏻👍🏻",5,0
barang sudah diterima dan sesuai dengan pesanan wanginya soft enak harumnya terimakasih buat penjual dan mudah mudahan wanginya awet walaupun dipakai kerja lapangan kuali...,4,0
produk di terima dengan selamat wanginya enak original packing rapih mantap dah ga kaleng kaleng,5,0
belum pernah kecewa sih sama wanginya yg sweet dan berkarakter. selalu jadi salahsatu pilihan parfum terbaik untuk aktifitas saya yang mostly diluar ruangan. hanya saja s...,5,0
"packing rapi, proses cepat, wanginya tipe strong, lebih enak braven oud wood",5,0
"coba-coba karena pas ada promo sudah sering pakai evangeline yang black sakura sama black musk dan black vanilla, dan ternyata sumpah cocok banget aroma yang ini sama say...",5,0
"real product etalase👍🏻cassenya kaca, 2 productnya saya suka😍dapet harga diskon👍🏻✔️ baru disemprot dikit, ntar diuji ketahanannya semoga awet wanginya. agan sellerny...",5,0
"parfumnya sudah keterima dengan baik dan kondisi baik juga, wanginya ya wangilah😁😁, pokoknya top markotop, oke terima kasih 😁🙏🙏",5,0
"barang sesuai deskripsi, wangi. ga bisa upload video unboxing, tokopedia ngelag.",5,0
wangi soft.. tahan lama..enak.. ga rusak baju.. good seller..recommended,5,0
"kualitas sesuai harga, lumayan wangi untuk parfum harga 30rban, pengiriman cepat 1 hari sampai the best kurir lah",5,0
barang bagus.. wangi tahan lama.. dan pengemasan rapi aman dan cepat sampai tujuan,5,0
baru nyobain wangi sensual oud ternyata strong banget di awal tapi tetap kalem di akhir cocoknya ini sih buat umur 20 ke atas sama dipakai buat acara formal,5,4
wanginya lumayan enak dan bagus untuk dipakai sehari-hari tapi bagusnya kalau dipakai malam hari,5,0
"barang sampai dengan selamat & utuh, pengemasan aman bubble tebal wangi enak dikelasnya, rekomen untuk sehari hari",5,0
"produk diterima dengan kondisi baik dan sesuai pesanan, packingnya juga aman, buat yang mau beli langsung aja cekout rekomended pokonya",5,0
"packing nya rapih ada bubble wrap menggunakan kardus aroma nya pas belum coba apakah tahan lama tidak, jika parfum tahan lama otw beli lagi deh",5,1
barangnya sudah sampai sesuai ekspektasi... wanginya lembut dan tahan lama.... pengiriman sangat aman kalau di layani tokped sangat aman dalam hal pengiriman.terima kasih...,5,1
"wangi nya seger cocok banget dan braven ini memang mantull,, 😍😍😍langsung double..!! terimakasih bravencollection",5,0
"kualitas tahan lama, fresh banget wangi nya, cucok untuk shalat 5 waktu",5,1
"toko nya gercep bgt, baru klik bayar lsg proses, langsung kirim besok dah sampe.. mantapp ! wangi varian vanila wood ini sedikit kuat dan lumayan tahan lama di baju.",5,0
"harumnya segar ada bau woody cocok saya suka,,ketahanan cukup lama",5,0
"alhamdulillah paket udah sampe, wangi nya enak kualitas produk: enak pol",5,0
packing aman pengiriman cepat rasanya enak dipakenya trnyata .........,5,0
barang sesuai deskripsi.. sdh sering repeat order.. wanginya enak2.. mantab.. tq,5,7
sangat puas dengan barangnya dan sangat suka dengan wangi dari parfumenya,5,0
"barang cepat sampai, sesuai dengan gambar, dan packing nya rapih.",5,0
"respon cepat,pengiriman cepat dan tepat,kualitas parfum/brng mantap, terimakasihhhhh🥰🥰🙏🙏👌👌",5,3
"mantep bgt ini seller, order langsung kirim dan sehari sampai pula, thx gan.. packingnya bagus, rapih jadi aman barangnya",5,0
"sesuai dengan pesanan wangi enak, kurir mantap dan respon penjual baik.",5,0
"nyari tester aroma di toserba tapi belinya online…karena lebih murah 😁😁 suka wanginya nyegerin. pengiriman cepat, packing safety",5,0
kualitas produk: bagus mantep wanginya seger awet,4,0
"recommended. sesuai pesanan, fast respon. wangi menyegarkan. suegerrr. sesuai pesanan",5,0
wangi nya enak. kayaknya lebih cocok jadi parfum untuk kegiatan di malam hari.,5,0
"🤗good job💚🧡❤🖤💛 udah pernah beli disini krn memang murah, cepat, paket rapih dan profesional.. 🙏🏻thanks dan semoga semakin larisssss",5,1
sesuai harapan. packing ok. aroma soft. akan beli lagi.,5,1
"wanginya lumayan enak, lumayan tahan kira kira 2 jam, pengiriman cepat satu hari sampai",5,0
"wangi, packing bagus sesuai ekspektasi nanti klo abis kayaknya bakalan beli lg deh mantap",4,0
wanginya uenaaaakkkkkkkk... dan fast respon buat sellernya...,5,1
apakah rog 9 fe mendukung fitur mhl ? apakah rog 9 fe mendukung fitur mhl ? apakah rog 9 fe mendukung fitur mhl ?,5,0
"pesanan telah sampai, packing rapih aman tidak ada kecacatan. wanginya enak",5,0
paket sdah sampai dengan aman parfume braven series 100ml pria wanginya enak😁😆,5,0
barang sesuai pesanan dan deskripsi. terimakasih ya,5,0
"packing aman, wanginya terlalu strong buat saya",5,0
"packing kardus dan bubble warp,respon cepat,namun aromanya kurang sesuai harapan",4,0
bagus bagus bagus bagus bagus baguebbahusb,5,0
"kualitas produk: bagus sesuai deskripsi wanginya sesuai deskripsi, beneran 100ml ga dikurangi, longetivity emang ga selama itu wajar lah edp yang masih terjangkau, cocok...",5,0
"aman lah, bagus botol juga gaada baret/pecah, tp ga sesuai ekspektasi di live diterangkan aromanya ada manis manisnya tp ternyata aromanya fresh bgt, gpp lah",4,0
"kualitas produk: bagus pengiriman cepat, packing rapi, toko amanah, wangi banget dan kurir ramah",5,0
"gampang pakai botol gak berat, bau wangi",5,0
"barang nya dah saya terima,, kemasan utuh , packing rapih,, seller nya fast respon, pengiriman nya cepat, wangi enak bnget ,,mantap",5,0
fast respon .....seller rmh ....produk amn .....pki bbble wrap ....wngi sger ....trmksh .....,5,0
pengiriman barang cepat pengemasan produk baik keseluruhan okke entah orderan yg keberapa kali . puas bnget barang nya bagus harga murah aku orderin lagi sama tmn2,5,0
barang sesuai wanginya suka sangat recommended lah,5,0
"barang sdh sampai, ada sedikit kerusakan di bagian tutup nya pecah,, tpi gpp",5,0
kualitas produk: wanginya enak banget seharian ditanya pake parfum apa,5,0
"harga murah, pengiriman cepat, penjual responsif, top daah",5,1
"pengiriman cepat, barang sesuai pesanan, kondisi produk aman, cukup puas dgn produknya, sekian terimakasih 🙏🙇✨",4,0
pesanan tiba secara cepat. parfum wangi dan awet. dikemas dengan aman.pastilah..karna dilayani oleh tokopedia. thanks seller.thanks toped. sehat selalu abang kurir.,5,1
"wangi nya pas, cocok, ga terlalu nyengat, mantap pokonya",5,0
"baru nyoba, semoga bisa awet wangi nya dan bikin cewek cewek mendekat. jadi banyak cewek deh",5,0
kualitas produk: sangat bagus dan kalem cocok buat undangan,5,0
pengiriman cepet tambah parfum nya bau nya enak,5,0
"memang jaminan kualitas dan mutu. evangeline dan tokopedia tau cara memanjakan customer. udah dapet diskon gede, gratis ongkir, eh cepat sampai pula dan packingnya aman....",5,0
kualitas produk: sangat bagus.. wanginya enak,5,0
"kualitas produk: mantap packingnya safe, barang sesuai pesenan,semoga cocok dan bisa bila lagi disini,,all in top👍",5,0
wanginya enak yg vanila braee kalo yg sensual ini kaya belgio rasanya. pokoknya enak vanila,5,0
alhamdulillah aman barang nya wangi en semoga cocok en bisa beli lg,4,0
"kualitas produk: bagus dan ok barang sudah diterima dg baik,di bungkus dg rapi,di lapisi dg karton lagi, wanginya saya suka",5,0
"👍sesui pesanan, wanginya kalem cocok untuk acara pengajian wanginya juga lumayan tahan lama dan harga nya termasuk sangat murah tapi berkualitas 👍👍👌⭐⭐⭐⭐⭐",5,0
wanginya suka bgt... kemasan juga ok.. diterima dgn aman,5,0
kualitas produk: sesuai dengan yg di iklan aroma enak.,5,0
enak parah... udh pasti terjangkau... parfum ini sangat rekomen bgt....,5,0
barang yang dikirim sesuai dengan pesanan barang sampai dengan aman kualitas oke,5,0
paket sudah datang sesuai pesanan bahan bagus wangi lumayan,5,0
"aroma wanginya mantap, cocok dipakai pria dan dapat bergaya maskulin.",4,0
"wangi banget, tahan lama, pokoknga rekomen banget deh, cobain gais",5,1
"barang sesuai pesanan,, pengiriman lebih cepat,, semoga berkah",5,0
kualitas produk: bagus... wanginya sensual bgt,5,0
pengiriman nya cepat setelah di coba wanginya tahan lama makasih kk,5,0
"wanginya gal awet, 1 jam dah g wangi. kayaknya bisa sih dicampur tanah kuburan dikit🗿",4,0
saran kalau bisa botolnya di balut plastik bubble wrap juga supaya ketika kena benturan tidak pecah langsung minimal ada pelindung setelah kasihan customer lain yg dari l...,2,0
wanginya mantap lumayan tahan lama yang biru cocok di lagi hari,5,0
barang terima allmdulilah pengiriman cepat terima kasih,5,0
"wangi membuat tahan lama, dan makin pd",5,0
"botol botolnya, kecewa untuk pengirimannya padahal untuk varian yg ini enak wanginya",1,0
paket udh sampai sesuai dgn iklan wanginya mantap citrusi mudah2xan awet wanginya makasi seller sehat2x abang kurirnya,5,0
barang udah sampai.dan aroma farpumnya sip dah...,5,0
"sesuka itu sama wangi nya yg soft ,",5,0
pengiriman cepat juga pesanan sesuai,5,0
paket sudah diterima dengan baik dan rapi. terima pesanan coklat,5,0
kualitas produk: buaguss👍🏻,5,0
barang sampai dengan selamat wangi sangat enak next order lagi,5,1
"kualitas produk: bagus dan wangi, saya suka. untuk pengiriman agak disayangkan, botol nya hampir pecah dan waktu unboxing hampir melukai tangan",4,0
"barng sesuai pesanan dan aromanya sangat enak banget banget halus lembut,dan yang pasti respon reseller cepet tanggap dan pengiriman sangat cepat di luar prediksi",5,0
"untuk packing rapi aman gak pecah, untuk ketahanan belom tau brpa jam smoga aj awet dan tahan lama,wanginya pas strong dan kalem jd enak kalo awet dan tahan lama next pes...",4,0
"nyoba beli 2 parfum sekaligus ternyata yang satu kondisinya pecah setelah di kirim ketika terima paket wangi nya sudah keluar dr kardus sebelum di unboxing, untuk wangi n...",5,0
"penjual responsif & komunikatif. pengiriman sesuai jadwal & aman. kemasan super aman - bubblewrap super tebal. produk sesuai, bagus!.",5,0
"wangi, dan tahan lama, packaging nya juga aman safety dan tidak ada bocor",4,0
wangi enak.. harganya terjangkau untuk 100 ml.. ga nyesel jadi belinya.. next mau beli lagi kalo ud habis,5,0
"paket diterima dengan aman pakai bubble warp, seller responsif, recommended! fast delivery. thx",5,0
"wanginya mistis, kali ini nyoba wangi dari varian yg berbeda dari yg sdh punya. cocok dipake dlm keseharian atau buat acara² tertentu juga bisa.",5,0
"puas segala galanya, response seller dan pengiriman gercep, packing amat rapi & aman sampai tujuan. wangi parfumnya bikin ketagihan tuk menciumnya",5,0
respon penjual sat set. packing aman & raoi. disertai bubble wrap. pengiriman standar. kualitas barang oke meskipun tetep lebih suka varian yang black series dan code...,5,1
packing rapi sehingga barang terkirim tidak rusak memang tokopedia selalu memberi pelayanan lebih buat pelanggannya,5,0
"paket sesuai ,tiba cepat ,tidak perlu takut pecah ,karena peking aman wangi enak ,yang suka kondangan atu berpergian parfum ini cocok bisa juga buat sklh .jang ragu lagi...",5,0
"botol nya kelihatan premium, bau nya enak, berani dan lembut",5,0
respon seller cepat. proses pengiriman super sat set. packing sangat aman...yg botol kaca dobel buble wrap. oke banget nih toko. thumbs up.,5,0
"sayangnya dibungkus dengan kardus/kotak parfumenya braven, ternyata hanya dengan plastik+bublee. selain itu masih ok",4,0
1. seller fast respon 2. cepat pengiriman 3. paking aman 4 barang komplit tanpa cacat terima kasih,5,0
"semprotan awal, kuat wangi oud nya, beberapa menit kemudian mulai manis. kulit tiap org beda2, tp dikulit saya ketahanan nya gak lama, untuk edp hanya bertahan di 1 jam a...",5,0
"kemasan rapih anti pecah, botol cantik, wangi harum. vendor ok",5,0
"kedua paling enak menurut pribadi saya, setelah barber. dan tetap favorit saya adalah braven oud wood. 😁👍",5,1
baik saja belum cukup jika ada yang lebih baik,5,0
"wanginya khas,enak,tahan lama",5,0
"barang sesuai pesanan, respon penjual sangat baik, dan pengiriman sangat cepat, paking juga sangat aman..",5,0
"kualitas bagus sesuai dengan saran si ade ade an itu, worth buat harga segini, sedikit saran packgacing nya ditebelin dikit tp udh bagus kok mantappp",5,0
"packaging nya rapih dan rapet banget jadi barangnya aman sampai di rumah. aseli keren dah sellernya kualitas produk: udah nggak usah diragukan, makanya langsung beli bot...",5,0
"barang kualitas ok, sesuai deskripsi, spray normal, packing super aman. semoga wangi nya tahan lama. thnks.",5,0
"packingan aman , rapi en wrap tebal. aroma khas, elegan dan tahan lama. seller ramah en gercep. tq seller",5,0
🙏proses pesanan cepat respon penjualnya top packaging rapi 👍👍👍 mbake tarengkiu👍👍👍,5,0
"kualitas produk: bagus wangi, pembungkusan kuat dan kualitas baik alhamdulillah sesuai pesanan",5,0
"cair, cocok untuk daily, siang malam masih masuk, wangi gak harus mahal",5,0
"barber wanginya enak cuy, mirip² parfum bulgary aqua, tp lebih bold, wanginya fresh, musky, woody, maskulin, ketahanan lumayan lama, walau sdh dibasuh air wudhu tetep nem...",5,1
"parfumnya wangi banget. wangi buat cowo tapi bukan yang sangat strong, seger ga bikin pusing sama sekali. wanginya cukup tahan lama, packing aman pengiriman cepat. parf...",5,0
"gue kira botolnya bakal pecah karna pengiriman jauh, ternyata aman mantap, untuk wangi cuma 2 jam doang tpi wajar parfum under 50k dan wort it dapet 100ml😈😈 gue kasih b...",5,0
"enak banget wanginya, agak kalem, gak nyesel deh beli disini, apalagi isi 100ml harganya murah banget",5,0
"alhamdulillah sesuai pesanan, packaging rapi dan aman, plus pengiriman kurir cepat. berkah selalu, thx",4,0
"puas banget. beli parfum dua, dapat hadiah hand sanitizer 2. kata istri, kok paketnya gede banget. packaging juga oke, pengiriman cepat. pokoknya recommended",5,0
"barang sesuai orderan, tudak pecah pengiriman cepat",5,0
pengiriman cepat kurir ramah aman gk lecet,5,0
"packaging barang nya rapih banget, barang sesuai dengan produk yang seharusnya mantap",5,0
"parfum nya sudah datang tadi, aromanya enak dan seger tadi udah panik karena kardus nya udah penyok,dan untungnya di double wrap jadi aman dan gak pecah",4,0
"wanginya enak, cuma saya kurang cocok, sellernya fast respon...next time pasti beli lagi. recommended!!",5,0
"fast respon, pengiriman cepat, wangi nya jg enak",5,1
"produk bagus , wanginya agak kurang, bagus yang sensual oud",4,0
pengirimanya cepat paketnya juga aman ga bocor harumnya wangi dahh,5,0
toko amanah bau wangi bau serasa dihutan kalo strong lagi joss ini seperti produc kenzo hutan,5,0
kualitas produk: sanga bagus dan wanginya tahan lama,5,0
"komunikasi cepat dan ramah, barang sampai dengan aman, untuk aromanya unik saya sangat suka 😁",5,0
kualitas produk: wangi nya tahan lama sesuai ekspetasi,5,0
"barang nya ok, respon penjual cepat, sangat direkomendasi",5,0
untuk pengiriman cepat packing nya cukup rapi aroma nya lumayan enak dan seger,4,0
produk diterima dengan baik dan kemasan aman dengan double wrapping. wanginya cukup enak,5,0
"packingnya bagus (pakai dos, bubble wrap) sehingga barang tidak pecah 👍🏻.",5,0
sesuai dg di skripsi.... pengiriman cepat.... respon penjual bagus... packing istimewa........ for all.... goodss,5,0
"kualitas baik, suka wanginya,,reseller mantap packing nya,,,, sukses terusss",5,0
"mantap packing super aman, wangi enak nggak eneg, satset dech",5,0
"wangi nya enak, lumayan untuk harga segini dapat 100 ml",5,0
barang sampai dengan selamat tanpa ada yg rusak. sangat amanah semoga tambah sukses buat toko ini,5,0
"terimakasih, paket sudah tiba....packing aman dan aroma lumayan enak, sesuailah dengan harga dan untuk daya tahan ada di 3 jam ada jg yg lebihh",5,4
"wanginya pas awal"" kaya bau pomade trus lama"" makin enak behhh, pengirimannya cepat lagi+packingnya make dus ama bubblewrap jdi nya ga pecah",5,0
"kualitas produk: bagus wangi ,buat cwek² nempel awoakowk,thanks seller 🎉",5,0
kualitas produk: lumayan sebanding dengan harganya..,5,0
"barang selamat sampai tujuan, alhamdulillah aman gada yng rusak atau apa,,, terimakasih🙏",4,0
"wangi tp cepat hilang. beli ini karena buat olahraga, lagi suka jogging kayaknya cocok dgn wangi ini.",4,0
"barangnya bagus, respon dan pengiriman cepat.",5,0
"alhamdulillah barang nya sudah sampai , peking nya aman ditambah bubblewrap tebel banget jadi aman samapi tujuan farfum nya wangi , terimakasih seller semoga toko nya mak...",5,0
ok bangget n sesuai description n recommended seller n terima kasih,5,1
"packaging keren, barang aman wanginya enak fresh banget",5,0
"wanginya enak anak bujangku suka, packing teramat rapih & aman xuma beli 1 pake kardus & dibubble dong, paketnya juga cepet bgt nyampenya",5,0
sampai dengan tepat waktu barangnya bagus wanginya enak kayak di barbershop,5,0
"pengirimannya sat set banget, emang kurir nya tokopedia cepet banget kirimnya. untuk sensual oud ini lebih ke seger dan fresh banget aroma nya. cocok untuk para bapak2 ya...",5,0
alhamduliah sesuai dengan pesena dan cukup baik kemasan nya..semoga berkah buat penjualnya.makasih udh amanah.,5,0
"pengiriman cepat, packingnya aman, kondisi barang sesuai, aromnya hmm parfum bapak2 supir taksi blue bird wkwkw",5,0
"wangi nyaa enakk ga nyengat pas cocok juga untuk hari hari, packing juga sangat aman rapi dan selamat sampai tujuan 👏👏🔥🔥👍👍👍",5,0
sudah di terima..barang aman tanpa cacat..terima kasih..super cepat responya dan pengirimannya..👍👍,5,0
"mantap, barang sampai dengan aman dan tidak ada yang pecah.👍👍👍",5,0
"alhamdulillah. mantap, pengirimannya cepat, packingnya aman pakai bubblewap. barang sesuai deskripsi. terimakasih banyak gan. 🙏🏼",5,0
sesuai pesanan dan packing baik.. pengiriman cpt semoga cocok dngn wanginny,5,0
"alhamdulillah barang datang dengan selamat, sesuai pesanan, dan tidak ada yg pecah 😁 aromanya pun juga mantappp 👍🏻👍🏻👍🏻",5,0
sangat cocok untuk dipakai wangi dan harum,5,0
"baik, wanginya cowok banget. ketahanan lumayan lama. buat yang nyari parfum harga ekonomis kualitas bagus rekomend nih.",5,0
"salah satu parfum favorite, dari wangi elegan, kualitas bagus",5,0
"barang cepat sampai, wanginya mantap, dan sesuai dengan orderan, semoga makin sering ada promo nya ya",5,0
cepet nyampenya wanginya juga enak lagi dapat diskon langsung aja sikat dah....,5,0
pengantaran cepat. barang diterima dgn baik. parfum wanginya enak. cocok untuk pria,5,0
packing bagus rapi aman.. baru unboxing belum nyoba wangi .. semoga wangi nya sesuai iklan penjual 🙏,5,0
"pengiriman cepat, packing mantap, dapat bonus pula, terimakasih",5,0
"cepet banget udh smpe. penjual gk slow respon lgsg sat set diterima, diproses trus kirim. sehari sampai",5,0
"sudah sampai alhamdulillah, barang ori,mantapp, mudah2 wanginya awet smpe magrib",5,0
"alahamdulillah paket sudah diterima, aroma wangi namun tidak kuat,standar aja. terimakasih",5,0
"barang diterima dgn baik, pengemasan baik dan aman, wanginya segar. cocok utk bersantai dan kesannya fresh.",5,0
paketnya sudah nyampe pekingan nya sangat rapih tahan lama wanginya sukses trus tokonya,5,0
wrap berlapis dan tebal...jadi aman banget.wanginya khas cowok banget,5,0
"mantap kak barang aman dan sesuai,pengiriman cepat",4,0
"makasih paket sudah sampai,dari segi pelayanan pengemasan sangat aman, pengiriman cepat,wangi sesuai selera.",5,0
"kualitas produk: pkt udah dtrm dlm kondisi bgs ,produkny oke aromanya luar biasa sueger bgt...",5,0
barang sudah sampai tepat waktu. sudah dicoba wangi tahan sampai 6-8 jam kualitas bagus rekomend..,5,0
"baguss barangnya pas sudah sampai, cepat jgaa pengirimannyaa baguss",5,0
"pengirimannya cepat, wanginya tahan lama.",5,0
"mantab, barang datangnya biasa aja si ga cepet ga lama juga, barang datang aman tidak cacat dan mantab",5,0
"aromanya tahan lama bgt,gak nyesel beli inimah dengan harga segitu 😁😁",5,0
"paket udh nympek, pengiriman cepat, baru kmren pesen skrng udh smpek wangi nya keren",5,0
"wanginya enak, calm, tidak menusuk hidung. proses pengiriman juga cepat.",5,0
"paket sampai dengan selamat,wangi ok,kecepatan pengiriman sangat cepat,good job",5,0
"barang sesuai, wangi segar, 100ml, nagus, layanan juga ok. tks",5,0
"bagus,sebelumnyaa udahh pernahh belii rekomended bangett dengann harga segituu,jaga kualitas teruss pokonyaa",5,0
"untuk yg jenis ini botol parfumnya keren dari biasanya yg saya beli. terus kalo buat saya baunya itu bikin seger yg nyium, gara” keracunan mas setiawan ade emang nih",5,1
paket udah nyampe puasa dan sesuai pesanan kurir pun sangat ramah,5,0
"baguss, harum, pengiriman nya cepet banget",5,0
baunya manis seger ada vanilla nya. untuk tahan lamanya belum tau belum di tes soalnya,5,0
wangi nya elegant terkesan mewah👍toko nya amanah cepat & tepat wktu,5,0
re order yg wangi bentar tapi enak pengiriman sat set,5,0
"good pesanan sesuai,barang di terima dalam kondisi baik",5,0
sampe di lokasi barang aman selamat pengiriman sat set cepat tepat,5,0
"barangnya mantap, packing ok, pengiriman joss, terima kasih breven",5,0
mantap packing tebel jadi aman wangi lumayan,5,0
"barang udah sampai,wanginya enak sekali cok cocok untuk gw ngampus nih segar setiap hari",5,0
barang telah sampai dengan baik di sayangkan telat dua hari dari masa yang tertulis. terima kasih toko pedia,5,0
"kemasannya rapi dan aman. kondisi produk bagus, tidak cacat dan tidak pecah. semoga aroma parfumnya tahan lama. terima kasih.",5,0
"parfumnya lumayan wangi, dan tidak panas di kulit. harganya terjangkau, packing juga aman pake bubble wrap",5,0
"nyobain, ternyata baunya cocok, terimakasih",5,0
paket sudah sampai dengan selamat paking bagus kualitas produk: wangi mantap,5,0
semprot di kulit aromanya semerbak...semprotan awal baunya tegas..tapi lama2 soft dan merdu sekali baunya...,5,0
"literally emang baunya abang abangan barber, seger ringan",4,0
"gimana ini packaging nya bisa sampe belah gini tutup nya,jadi wangi di kemasan nya itu nyebar kayak bocor",4,0
"baunya tidak menyengat, enak dicium cocok dipake untuk panas",5,0
barang dikemas dengan baik. dilapisin bublewrap cukup tebal guna meminimalisir benturan pada saat proses perpindahan tangan dari penjual kepada jasa ekspedisi dan diterus...,5,1
masya allah wanginya tahan lama dan uangnya mewah banget sumpah 🔥🔥🥰🙏,5,0
"kualitas produk: mantep bangeett wanginya tahan lama, terus rada kenceng ya (nyengat dikit) tapi enak",5,0
"barang udah sampe, harum tahan lama, cocok",5,0
"aroma nya sangat pas dan wanginya bikin candu di hidung dan aromanya tahan lama,cocok buat kalian yang suka jalan² keluar,pokoknya rekomendasi lah👍😁",5,0
sesuai dengan pesanan tidak ada yg pecah alhamdulillah,5,0
"pengemasan sangat aman,aromanya oke,suka 👍🏻",5,0
"parfumnya wanginya enak pas dipake, notes nya juga sesuai, yang french oak ada notes buah²an tipis dengan bau melati dan base-nya ada aroma amber yang hangat",5,0
"pesen tangal 9 september. datang tanggal 23 september 1 minggu lebih, wangi parfum pun nggak tahan lama minimal 30 menit lah . ini baru pakai 15 menit udah hilang wangi...",2,1
"kualitas produk: aroma wanginya enak kalo pemakaian pas tidak lebih,bottle visualnya juga cocok pokoknya mantap braven barber",5,0
kualitas produk: mantap wanginya yg aku suka,5,0
"terbaik memang untuk parfum diharga murah begini wanginya enak, cuman gak se kuat kemasan yang terdahulu menurut saya... overall masih aman untuk seharian",5,0
"awalnya baunya agak fresh tapi tidak terlalu strong, lalu beralih ke inti yang agak earthy, sedikit khas melati yang tipis dan aroma dasar yang cukup sensual, cocok digun...",5,0
"mantab, packing super aman doble buble warp sensual oud wanginya soft enak banget french pak wanginya seger",5,0
product sangat bagus dan sesuai dengan deskripsi penjelasan serta pengiriman sangat cepat sampai diterima dalam keadaan yang sangat aman sangat direkomendasikan untuk di...,5,0
kualitas produk: aman gak pecah wanginya enak gak bikin enek mantap deh pokoknya,5,0
"bubble wrap packing, tp kardusnya jelek jadi masih ada kemungkinan pecah, wanginya ok, semoga tahan lama ya sesuai iklan",5,0
"gapernah bosen langganan parfum braven. tp baru kali ini nyoba yg varian barber ini, ternyata enak wanginya maskulin calm. next coba order yg polo deh. 👍🏻👍🏻",5,0
"mantapppp pesanan sesuai,wangiiii banget sumpah ga nyesel,rekomen bangett makasi seller, pengiriman cepatttt sekali",5,0
"pengiriman serta respon penjualnya bagus banget sih, sesuai pesanan saya suka. tapi sayang untuk tertera free 1 parfumnya ga ada, ntah apakah benar itu free 1 parfum sela...",5,0
"respon seller cepat, pengemasan bagus & aman dengan bubble wrap tebal dan kardus, harga terjangkau, wangi & aroma parfum enak, cocok untuk cowok aktif. ada aroma...",5,0
"wangi oudnya terasa sekali. untuk durasi ketahanan aroma masih diuji berapa jam. so far so good. recommended seller, fast response, safety packing.",5,0
barang bagus packing rapih wangi parfum nya mirip khf ijo cuma sdkt lebih strong,5,2
"seller gercep, suka belanja di toko ini, parfum wangi banget aroma tdk menyengat sesuai , wangi awet",5,0
"barang ori, packing aman tdk pecah dan pengiriman cepat",5,0
"bau alcohol masih cukup kuat, cukup menyengat, gak cocok buat yg gak suka bau menyengat",4,0
"pengemasqn aman sekali pakai buble wrap+kardus. dikirim pake gtl same day, dipakcking subuh sorenya sampe. terimakasih banyak yaaa.",5,0
"barang dalam kondisi sangat bagus, respon cepat, pengiriman cepat juga. recommend",5,0
"halaman promo hoax , invoice resmi gudang ada tertera barang keluar tapi actual barang tidak di berikan . komplain melalui admin tokopedia juga sekongkol dengan penjual ,...",1,4
kualitas produk: wangi lumayan tahan lama sesuai deskripsi seller fast respon baru pesan barang langsung dikirim,5,0
"enak fresh maskulin versatile bisa buat apapun olahraga,sekolah,nongkrong spl nya oke dikulit gua tahan 4-5 jam tapi kecium orang paling 1-2 jam pertama jadi respray aja,...",5,0
"wangi nya enak gampang di terima hidung, awet banget wangi nya suka banget dan harganya juga murah admin nya juga ramah",5,0
mantapp rekomendasi bangett nihh,5,0
pengiriman cepat kurir sangat baik ramah parfume berkelas harga merakyat,5,0
wangi nya manis tapi cuma ga lama.. untuk harga segitu udah dapet 100ml udah bagus.. packing mantap 1 bubble wrap nya di gulung sampe muat 1 kotak.. tapi sayang ga ada k...,5,0
oke oke oke oke oke 9ke oke oke oke oke oke oke,5,0
"barang sudah sampai tapi tutup pecah ,untung bukan botolnya yg pecah",5,0
"sangat sesuai, namun daya tahan nya kayak kurang lama",4,1
"barang original , packing baik ,recomended seller",5,0
"kualitas produk: mantap, enak bau nya. seperti bapak bapak pas jumatan",5,0
kualitas produk: bagus wangi,5,0
wangi parfum enak & kalem. tolong pengemasan lbh aman lg krn 1 parfum pecah di leher botol / bottle neck serta tolong seller lbh responsif lg kalau ada complain dr pe...,1,0
bau nya enak dan cocok di pake buat jalan,5,0
pengiriman nya sih cepet barang nya jg sesuai bagus. tp untuk box minyak wangi nya sebelum di trima uda kebuka syukur nya sih barang nya aman. ga pecah,4,0
"barang sesuai deskripsi, wanginya enak baru mau coba bisa tahan brp lama di ruangan ber ac, respon penjual cepat. kekurangan pd kurir jne barang sampai berhenti proses 1...",5,0
respon cepat n barang sesuai paking bagus cuman wanginya kurang suka tapi segi harga worth it tks,4,0
buat yg polo menurut gua setelah pake malah mirip bau orang selesai mandi wkwkwk. enak jadi kyk fresh baunya,5,1
sampai dengan aman dam sesuai pesanan....baru pertama coba wanginya enak dan harganya ramah dikantong cocok buat dipake harian.....terima kasih,5,4
kualitas produk: baunya segar tidak mengecewakan respon admin juga bagus mantaplah pertahankan kualitas bagus ini 👍,5,0
"bagus cuman ga dapat box nya aja, udh dipake mayan awet wangi nya, ntar saya coba varian lain kualitas produk: ok",4,0
"kualitas produk: bagus produk bagus sesuai dgn fto dan deskripsi, pengiriman cepat",5,0
"brng nympe dngn slmt,mntp bgt pokonya wangi ny jg seger g bikin pusing",5,0
"mantap, wangi, berfungsi dengan baik, real picture, over all ok pisan",5,0
kualitas produk: sangat bagus barang sudah sampai dengan baik packing nya rapih wangi nya juga enak dan cool thanks buat seller nya sudah amanah,5,0
"thankyou min, pengiriman cepat, aman karena ber bubble warp, free 1 juga lagi",5,0
"setelah saya coba dari fresh open unboxing, harum yang dihasilkan sangat soft dan cocok dipakai buat casual, kerja, maupun sekolah, di waktu pagi hari, sore, maupun malam...",5,0
wanginya top pengiriman cepat the best pokonya...,5,0
"wanginya kaya bgt untuk parfum 30rb, cocok dipake buat ngedate malem2👌🏻",5,0
haruman nya sesuai dengan harga dan sesuai dengan gambar👍👍,5,0
"parfum original, sesuai pesanan, tiba tepat waktu, packaging rapi & seller responsive recommended seller !! 👍🏼👍🏼",4,0
barng aman bubblewarp tebel. recomend guys,5,0
kualitas produk: seriusan wanginya cocok awet seharian nempel dibadan,5,0
beli 2 varian: braven vanila wood baunya seperti parfum bau jeruk untuk mobil. dan braven platinum baunya seperti parfum gatsby jaman dulu yang biasanya sering ditemukan...,4,1
"suami sama bapak parfumnya ini , katanya suka sama wanginya, soal keawetan keknya sekitar 3-4jam an, bau nempel dibaju tp sekitar ga ngecium gmn ya wkwk. tp aku sebagai c...",5,0
karena kualitas produk nya sesuai dan tidak ada keresusakan sedikit pun,5,0
bau nya mirip kayak axe cuman aggak terlalu over,5,0
"oke sesuai pesanan, pertama kali coba beli",5,0
wanginya enak bgt.. di pakai sehari hari,5,0
the best packaging and the best quality !!!,5,0
"baunya enak , tapi untuk ketahanan bau nya ga begitu lama , tapi untuk harga di bawah 50k udah bagus sih.",5,0
kualitas produk: baik,5,0
"wanginya seger, dipake abis mandi enakk cocok kayaknya",5,0
cok baunya enak banget njir gilee gw ga nyesel sama sekali kayak parfum 200k wkwk makasih ya braven gw bakal beli lagi gw sebenarnya awal awal ragu ragu ehh ternyata eman...,5,0
pokoknya murah beli online dibanding toko sebelah. wanginya juga mantab. langsung beli 4 2 buat saya dan 2 lagi buat istri. packing super aman jadi gak pecah.,5,0
mantap mantap mantap mantap mantap mantap mantap mantap mantap mantap mantap mantap mantap mantap mantap mantap mantap mantap mantap mantap mantap mantap mantap mantap ma...,5,0
"paket diterima dengan baik packing aman banget, untuk aromanya pertama dicoba lumayan menyengat tapi pas udah nempel kulit enak juga.",5,0
"jujur parfumnya enak banget sesuai yang di rekomendasikan orang lain, cocok untuk malem hari tapi siang juga oke saja dipakai",5,0
"wanginya hangat tidak begitu menusuk hidup, kalem. packaging dus berbuble warp.",5,0
"pengiriman super cepat, barang.sesuai diskirpsi . toko fast respon rekomendasi seller",5,0
harga kualitas produk nya terbaik ajiebbbb,5,0
"baunya fresh dan lumayan tajem, bagus buat yang suka keluar panas""",5,0
"nyari parfum ini susah banget, ehh tau ny dpt di toko ini best lah wangi ny kuat cocok buat aktivitas outdoor",5,1
"wanginya lembut dan tahan lama, pengirimannya cepat, kualitasnya bagus",5,0
"barang sesuai deskripsi, fast respon, pengiriman cepat. thank's, sukses selalu.",4,0
wanginya enak dan tahan lama,5,0
gimana ini pekingn nya gk rapih pas di buka botol minyak wangi nyah pecah,1,0
"produk sesuai ekspektasi, respon penjual cepat",5,0
👉 defenisi cowok rapi 👈 ketahanan 2 jam cuaca panas 12x spray. buat team braven ayo buat edisi khusus exstrait de parfume.,5,0
"barang dalam kondisi bagus, pengiriman cepat, pengemasan rapi",5,0
"alhamdulillah paket sudah di terima, packing nya rapi, wangi parfum nya juga enak...",5,0
mantap sesuai ekspektasi kualitas produk: bagus bnget,5,0
"1botol.parfum pria braven varian french oak kemasan 100ml sesuai pesanan,produknya bagus,wanginya harum menyegarkan tubuh nyaman digunakan dan tahan lama kualitasnya baik...",5,1
"oke lah lumayan, manis fresh untuk satu dua jam dan drydownya tipis banget",4,0
"wangy enak lembut, ga menyengat, cocok dipakai seharian",5,0
"bintang 5, produk sesuai deskripsi, packaging aman, pengiriman cepat. recomend seller. terimakasih",5,0
bagus barang nyampek sesuai foto dan harumnya nempel banget,5,0
"wangi , packaging rapih cepat pengiriman .. cocok untuk pria yang kerja dilapang. mayan tahan lama",5,0
"barang oke banget , pengemasann rapi dan safety, bau nya juga lumayan awet",5,2
"barang sesuai dengan foto & deskripsi, packingan rapi terlatih, barang terjaga dari berantakan dan acak acakan, sehingga pembeli senang dan puas",5,1
parfum berkualitas nyaman dipakai buat sehari hari.,5,0
anak2 suka wanginya. waangiiiiii.... packing aman dan rapih,5,0
produk parfumnya bagus wanginya tidak menyengat 👍,5,1
"wanginya enak untuk harga yang murah, namun harus evaluasi kurir yang dipilih, rumah di bogor tapi paket bisa nyasar dulu ke sulawesi, lalu untuk labelnya ada yang cacat...",4,0
"kualitas packing aman, dikasih bubble warp, untuk wanginya rekomen semua,",5,1
ini parfum aromanya wuiihhh..enak banget sumpah..2 2 behhh...masuk banget.,5,0
"barang sesuai kualitas pesanan, untuk di harga 30rb lumayan lah pelayanan toko juga cepat terbaik lah",5,2
"dapet promo murah, pengiriman cepat, desain bagus, tp wanginya ga terlalu lama,",4,1
"paket mendarat dengan aman, dan sampainya cepat semoga barang selanjutnya yang saya pesan bisa sampai secepatnya",5,0
"alhamdulillah barang sudah sampai, packaging super aman,seller amanah,barang sesuai pesan,pengiriman cepat",5,0
wanginya enak dan tahan lama cocok untuk indoor maupun outdoor,5,0
"wanginya okay banget, cuma sayang tutupnya pecah.",5,0
"bagus banget bro, langsung sampai gg gg murah pula, wanginya masih sama sama produk 3-6 bulan lalu",5,0
"diawal emg wanginya sangat menyengat,tapi setelah beberapa menit dia jadi wangi yg enak",5,1
kualitas produk: bagus pengiriman juga cepat kurir juga ramah dan baik,5,0
"ga ada yg bisa di komplain dri toko ini,,,pengiriman sesuai,cepat,,paking nya sangat bagus good job lh pokonya toko rekomen dri sy",5,0
"wangi seger cocok buat siang hari, repeat order",4,0
kualitas produk: produk bagus baunya biasa kayak gasby.. saya pikir vanila..,4,0
"penjual fast respon, wangi parfumnya cocok harganya juga sesuai dikantong😁",5,0
maaf baru sempet kasih ulasan.. barang bagus sesuai pesanan cuma saya kurang senengnya disini ini toko begitu pesan langsung ga bisa dibatalin.. ga dikasih jeda waktu.. p...,5,0
packing aman pengiriman ok barang sesuai pesanan wanginya mantapp,5,0
"packaging safety, aroma hmm kurang si, ga lama jg aromanya",4,0
kualitas produk: bagus wanginya enak kayak di barber,4,0
akhirnya sampe jg pas ini wanginya buat sehari hari 👌👌 pengiriman cepat dan barang aman👌 pengemasan jg rapih aman,5,0
sesuai dengan deskripsi. wanginya enak. botol kaca.,5,0
"seller baik, gercep, barang sesuai deskripsi, wanginya ok, pengiriman super cepat, packing aman, selebih nya bintang yg berbicara. mksh seller n tokped",5,0
"wanginya ok, packing rapi dan aman, pegiriman cepat, recommend seller",5,1
"kualitas produk: baik wanginya enak, pengiriman cepat",5,0
"respon dan pengirimannya cepat, packing rapi trus wanginya enak dan seger. terima kasih",5,0
kualitas produk: mantap kualitas sesuai harga wanginya juga ok,5,0
"parfum nya wangi x,bungkus nya safety,respon nya ramah dan cepat.mntap x lah, recommended ya",5,1
wanginya condong ke sweet dan agak tebel. memang pas untuk moment2 sensual,5,3
wangi harum dan segar. barang diterima dalam keadaan baik. packing aman. terima kasih reseller abang kurir dan tiktok,5,0
"baunya harum, enak, segar ( tidak menyengat) dan tahan lama. pengemasan sangat baik, pengiriman juga sangat cepat. terimakasih banyak seller.",5,0
"kualitas produk: pengiriman cepat, produk sesuai",5,0
packing aman rapi pengiriman cepat barang sesuai dengan pesanan sudah langganan beli parfum di toko ini mohon dijaga konsistensi nya dan semoga semakin banyak yang berlan...,5,0
harumnya enak untuk sehari hari dan cukup tahan lama. pengiriman cepat dan packing aman,5,0
aromanya cukup menyejukkan dengan ketahanan yang lama sesuai dengan harganya,5,0
"keduanya wanginya enak, yg barber wanginya santai jg marinenya pass, cocok buat pas lagi nyantai. yg polo jg wanginya kalem elegant enak cocok buat bepergian",5,0
kualitas produk: sangat harum suka sekali dengan aroma nya. packing rapi dan aman.,5,0
wanginya enak banget..... mantap juut....,5,0
"barang sampai dengan selamat tanpa ada kerusakan. respon penjual sangat baik, parfume nya enak wangi dan pengiriman nya juga sangat cepat. terima kasih banyak🙏😊😁",5,0
"respon cepat, packing aman bgt, wanginya cocok",5,0
"mantap, kualitas sesuai, wangi enak cocok buat siang hari",5,0
"wangi segar harum enak,, pengiriman cepat,, pengemasan barang bagus baik,,",5,0
"paking sangat amannn banget, tebel banget bubble wrapnya, jadi gak akan pecah botolnya",5,1
kualitas produk: bagus aroma agak menyengat untuk saya pribadi,4,0
kualitas produk: wanginya soft ga terlalu nyengat cocok di baju dripada di kulit,5,0
wanginya sangat berkelas. mantap sekali ini. sesuai deskripsi. seller respon sangat cepat dan helpfull. bintang 7 kalau boleh. sukses buat seller,5,2
"kualitas produk: sesuai, wangi tahan lama pengiriman: cepat, sesuai",5,0
produk sesuai deskripsi packing rapi dan pengiriman cepat terima kasih,5,0
"barang sampai dengan selamat, thanks,ga nyengat dan tahan lama cocok buat anak sekolahan kya gw tapi bau nya ga sesuai ekspektasi ee-tapi it doesn't matter and i don&...",5,0
"mgkin alangkah baiknya packing buble warp nya nya dipertebal lagi ya kak, overall wangi nya kalem, proses nya cepet, recommended seller & recommended parfum, bintang...",5,0
"orderan cpt sampai , ini knp sy pilih yg lbh mahal sdikit dari hrg yg lain krn pelayanan nya yg super cpt dan memuas kan",5,0
"paket nya sudah sampai, tapi sayang nya yg satu nya pecah",5,0
kualitas produk: baguss bangett.. puass.. wangi pass.. mewah.. pokonya bintang tujuh belas.. kalau ada. recomended,5,0
aroma enak & unik pengiriman juga cepat krn dr toped langsung,5,0
"wanginya manis cocok buay anak cowok smp, sayang cuma tahan kurang lebih 2-3 jam",5,0
"barang sesuai deskripsi, packing aman dilapis bubble..pengiriman tepat waktu, thanks",5,0
"braven french oak ""parfum ini punya aroma woody yang elegan dan maskulin. wangi kayunya tahan lama, cocok buat aktivitas sehari-hari atau acara formal. packaging-nya...",5,0
"kualitas produk: baik, ketahanan di kulit saya lumayan lama, untuk wangi sih buat cowo banget fresh gitu, untuk harga segini worth to buy, mantaps",5,0
oke mantab enak wangi seger,5,0
"suka sama wanginya,cocok untuk.pria,penjual fast respon,packing rapi,mantull",5,0
"wanginya cocok, manis. meskipun katanya ini parfum minimarket dan murah tapi untuk harga segini sangat baik.",5,0
"penjual fast respon, pengiriman cepat, parfum wangi",5,0
"baru coba varian ini di saranin sama admin nya, wangi nya enak nempel di baju dan wangi nya like a man banget, terimakasih evangeline",5,0
"wanginya enak, cocok yang suka soft dan g terlalu nusuk hidung. murah. pengiriman cepat.",5,0
barangnya bagus. aromanya maskulin dan elegan sejak awal pemakaian.,5,0
wanginya enak .. harum.. cocok dipake cowok,5,1
packing barangnnya dbuat lebih rapi dan savety lgi kdpanny,3,0
"wanginya enak dan manis meskipun ini parfum pria. pengirimannya cepat dan seller juga kurir komunikatif. terima kasih seller, kurir dan tokopedia. semoga sukses selalu 🤗...",5,0
allhamdulilah lumayan dapet harga 400 perak parfum nya juga wangi makasih toko pedia& seller sukses selalu 😂,5,0
packing bagus pakai bubble..barang aman sampai lokasi...smogaa wanginya awet..klo wanginya suka..klo cocok bisa nanti beli lagi...makasih seller ...,5,0
done paket terima pengiriman cepet cuman 1 hari udah sampe sellernya grecep dan ori parfumnya wanginya kaya agak semebrak di hidung klo cium deket,5,0
"seneng banget, admin fast respon. dari co langsung gercep di proses dan masuk antrian pengiriman di jam yg sama. 1 hari barang dah sampe",5,0
"product nya bagus, wanginya maskulin, lumayan tahan lama di ruangan..terimakasih ya",5,0
barang sesuai pesanan n packing aman untuk pengiriman cepat,5,0
"mantap pengiriman cepat,serta babel rip nya juga tebel jadi aman",5,0
sesuai pesanan cepat sampai toko amanah terima kasih semuanya,5,0
wanginya mantap. sdh 2x belanja di toko ini hasilnya ngga mengecewakan.. sangat di rekomendasikan belanja disini buat teman2 yg cari parfum original murah berkualitas.,5,0
"mantap juga wanginya juga enak, recomend sih buat kalian yg pada nyari parfum buat olharga ini cocok sih wanginya juga bisa tahan sampe 5-7jm tergantung aktivitas kalian...",5,0
"respon dan pengirimannya cepat, barang sesuai dan wanginya ok serta sudah biasa beli disini. terima kasih",5,0
bagus barangnya lengkap dan sampainya cepat dan tanpa ada kendala sama sekali,5,0
"barang sudah diterima, packing aman, dan pengiriman cpt bgt. untuk produk sesuai, wangi cwo banget, puas belanja di sini. next order lagi ya",5,0
"sudah sampai min wangi mantap, saya juga baru punya yang black series juga min nanti kalo habis saya beli disini lagi ya min 🤙😎🤙",5,0
"fresh, kualitas mantap, cocok untuk siang ke sore hari",5,0
"bagus, ada peningkatan packingnya pakai bublewrap per item. jadi ga ada yang pecah",5,0
"mantappp, pengiriman cepat, packing juga aman banget, wangy nya enak semua",5,1
"pengiriman cepat, wanginya cocok utk dikondisi apapun (versatile). packaging bagus",5,0
"alhamdulillah barang sudah sampek dgn selamat, kualitas bagus. yg mau order jgn ragu ragu buruan. wanginya enak cocok buat dipakek sehari hari. terima kasi seller 🙏🏻🙏�...",5,0
"kualitas produk: sangat baik, wangi nya enak, pasti bklaan repeat order.",5,0
"bau nya wangi, beda pokoknya. bisa dipakai semua orang",5,0
"barang sesuai orderan, packingan rapi dan terlatih, barang terlindung dari benturan benda keras dan terlindung dari goncangan yang membuat barang berantakan, rekomen mant...",5,0
"wanginya enak, tapi gk tau tahan berapa lama, baru nyoba",5,0
"alhamdulillah sampai dengan selamat, mayan daripada manyun",5,0
"sesuai pesanan, sayang type wanginya yg saya kurang suka.. over all bagus.. tks",5,0
"mantap harumnya strong, sangat direkomendasikan untuk dibeli",5,0
"wangi bgt seneng sm wanginya, lumayan tahan lama juga,, next order lagi,, yg pasti fast delivery & fast response 🙏👍💯",5,0
"bau di awal nya sangat menyengat sekali,saya mungkin lebih cocok di cool water.",4,0
"baunya enak, cuma pas pertama kali di semprot agak strong, tapi lama kelamaan wanginya jadi fresh.untuk ketahanan lumayan lama",5,0
"lumayan tahan lama. cuma bukan wangi yang fresh. over all, bagus dengan harga tercantum.",5,0
(pengemasan bintang 1) kedepannya bublewrapnya di tebalkan lagi soalnya saya kecewa krna botolnya pecah bagian bawah😮‍💨😔,3,0
"harumnya cool dan enak, cukup tahan lama juga",5,0
kualitas produk: sesuai dengan harganya,5,0
"meskipun waktu datang dan ku kurang suka sama parfumnya, tapi pelayanan di sini sangat oke. paket dibungkus dengan sangat baik dan pengantaran lebih cepat dari estimasi",5,0
"paket aman, cepat pengiriman, enak wangi, ketahanan lumayan lah, cocok siang hari, next order lg varian yg lain",4,0
"kemasan mantap,tapi sayang mesan barber sama vanilla wood yg datang dua dua nya barber tapi ga apa lah penting sampai dgn selamat aroma oke semoga awet tahan lama",5,0
barang sudah smpai packing nya bagus di jamin aman smpe tujuan !makasih,5,0
"setelah 5 menit semprot wanginya beda kaya parfume mahal aja,padahal murah banget",5,0
"sesuai pesanan, respon cepat pengiriman cepat.",5,0
paket sudah sampai mantap harum ketahanan blum tao semoga awet besok pesen lagi mantap👍👍murah tapi bukan muarahan good,5,0
"pengiriman cepat, dan parfumnya mantap cocok untuk outdoor juga",5,0
"sipp sesuai pesanan,, packing nya jg oke,, barang aman,, thx yaa",5,0
"barang sudah sampai dengan baik,baru nyoba nyemprot di tangan wangi nya enak semoga wanginya awet. seller nya juga ramah respon cepat,pengiriman cepat juga trimakasih",5,0
barang sesuai pesanan. wangi nya jg enak. proses pengiriman nya cepat..,5,0
"wanginya suka, packingnya aman, pengiriman nya juga cepat, fast respon juga.",5,0
"barang sesuai pesanan. respon cepat, packing aman. wangi parfumnya soft, mdh""n tahan lama",5,0
"wanginya biasa aja sesuai harga juga si, ya tapi ga masalah dan pengiriman juga cepet",4,1
"wanginya enak, cuman gak tahan lama, enak di taruh di badan, itu aja sih... ✌",5,0
pengiriman cepat. aman wangi has. klow boleh tau kandungan alkohol nya berapa persen yaaah?,5,1
"sesuai harapan. wanginya ga terlalu nyengat dan kalem, untuk durasi belum coba pakai baru banget beli.",5,0
mantap banget wangi nya bikin enak poko nya rekomen banget klo buat saya,5,0
uda sering repeat order.. wangi nya selalu enak.. ditingkatkan lg utk kualitas semprotan nya ya.. mantab.. tq,5,0
"respon dan pengirimannya cepat, barang sesuai dan wanginya ok. terima kasih banyak",5,0
"paket sudah sy terima, cuma duz nya agak penyok, untung isinya gak kenapa2, so far oke.. cuma pas coba parfumnya rasanya koq biasa aja y, maaf kalo pendapat sy agak beda",5,0
makasih gan.. srmoga sukses selalu.. makasih bonusnya.. wanginya awet..,5,0
"wanginya enak, fresh dan lumayan tahan lama kualitasnya baik.",5,0
"cool water: aroma manis maskulin, tahan lama. katanya agak mirip brand ""s"". cocok indoor outdoor suka aromanya! 👍 vanilla wood: aroma sweet manis kalem, sanga...",5,0
kualitas produk: mantap berkualitas pecing aman sekali joosss,5,0
pangiriman cepat harga terjangkau wangi awet tahan lama fresh,5,1
"cepat sekali sampai nya. estimasi tg 17, ternyata sdh sampai tg 14. dan barangnya oke banget. sangat recommended. .",5,0
"barang bagus, sesuai dan wangi enak maskulin banget",5,0
"pengiriman cepat, packing aman, produk sesuai pesanan",5,0
"wanginya enak, terus packingnya aman walaupun pengiriman lama bener padahal sameday",5,0
packingnya zuperr duperr tebal dan aman dengan pelapis buble wrap.. makasih buat bonusnya yaa.. ajiibb benerr dah..👍👍,5,0
"order kesekian kalinya di sini, kali ini nyobain yang vanilla wood, wanginya vanilla men banget agak beda dengan yang black vanilla yang cendrung sweet, tapi 2 2 nya oke...",5,0
"barang sesuai pesanan, asli ini parfum baunya enak dan tidak nyengat",5,0
barang nya bagus pekingannya aman banget parfumnya wangi banget rekomend deh untuk di beli buruan guys di cem out kurirnya pun baik banget,5,0
parfum ny sangat bagus dan pengiriman ny juga cepat👍👍,5,0
asli wanginya lumayan tahan lama. tapi sedikit kurang soft aja,5,0
"respons penjual dan pengiriman bagus. parfumnya kurang di vanila, tp kuat di woody dan citrusnya. trims.",4,0
wanginya strong di awal tapi lama2 jadi agak soft. semoga awet wanginya,5,0
"proses cepat dan sesuai,mantap ada promo dari toped",5,0
"barang cepat sampai, dikemas cukup baik, wangi seger + maskulin, cocok untuk siang maupun malam",5,0
"pengiriman cepat dan packing sangat aman, semoga aromanya awet, makasih seller",5,0
"wangi oke, tahan lama , rekomendasi tapi.... oke",4,0
mantap wanginya gak strong banget cocok buat kalo berpegian naik mobil jd seger,5,0
"paket diterima dengan baik.aroma suka.seger.packaging aman,pake dus + bublewrap.",5,1
"waah parfumnya wangi sekali, thanks seller.",5,0
"alhamdulillah...pesanan sdh memdarat dgn selamat... wanginya enak, barang sesuai pesanan... terima kasih seler amanah.",5,0
"sesuai pesanan, barang berfungsi,include kabel type c sama brush, bisa cukur sampai halus/gundul, tapi bikin luka dikit di atas bibir, entah cara saya yg salah atau shave...",5,17
"pengiriman cepat, bladenya aman di pegang/ sentuh pake jari tangan enggak baret2/luka, ada penutupnya, di coba di cuci juga aman, sayangnya yang ngelupas2 di cover razorn...",5,0
"suka banget sama shaver ini, mungil gampang dipakai, gampang dibersihin pula udah ada alat pembersihnya, mata pisau nya magnetic jadi gampang buat lepasin nya",5,0
paling sangat cepat pengiriman cepat. admin sangat responsif. barang sampai dengan selamat dan real bisa cukur basah kering. ngga usah di ragukan lagi tooop,5,1
"respon yg cpt proses cpt pengiriman cpt, barang bagus, sperti deskripsi dan review pembeli lainnya, sesuai ekspektasi, kini ta perlu repot-repot unt pake pengurud kumis/j...",5,4
barang sampai sesuai deskripsi pengiriman cepat kualitas barang bagus mata pisau tajam hasil cukup memuaskan,5,0
"pengiriman aman dan cepat, kondisi barang bagus, kualitas barang bagus",5,1
performa: bagus banget masa pakai baterai: tahan lama,5,0
"barang original,sudah dicoba berfungsi dengan kuwalitas baik, pengiriman cepat, semoga awet. thanks",5,0
produk sdh tiba sangat puas dgn kwalitas jg desain produk hasil cukur maximal cara pakai simpel,5,0
packaging sih oke. tapi produknya masih terasa sakit juga ketika nyukur jenggot yg pendek2,4,1
"bukan shavr abal2, baterai awet, buat cukuran jg nyaman",5,6
"pemakaian oke, batere tahan lama, minimalis + ada penutup pisaunya. saran sebaiknya pakai saat rambut sudah pendek sekali (digunting dahulu) karena cukup sakit kalo dipak...",5,1
"suka dengan produk, packing aman, segel, simpel cara menggunakan dan membersihkan sesudah pakai",5,0
"tau shaver ini bukan lain ya dari salah satu youtuber. akhirnya coba beli dulu soalnya selalu pake shaver yg non elektrik. sejauh ini oke shaver nya, gk bikin iritasi kul...",5,1
"pengiriman cepat, respon penjual ramah, harga terjangkau. terimakasih 🙏🏻",5,0
"sdh orderan ke 2 yak puas dgn kwalitas produk tp tdk dgn etalase promo buy one get one. krna ada kesalahan dr adm, jd nya yg datang hanya produk tnpa giftnya",5,0
semoga awet masa pakai baterai: semoga awet sangat bagus performa: pas di gengam,5,0
"suka banget, barang bagus banget modern canggih dan dapat diskon juga pengirimannya cepat. makasih banyak ya tokopedia. sukses selalu",5,0
barang bgs pengiriman cepat. ori sukses selalu yg jual barang bgs.,5,1
"alhamdulillah barangnya sudah sampai sesuai dengan diskripsi dan pesanan, dan saya coba alhamdulillah berfungsi dengan baik. packing nya rapi dan aman terimakasih seller...",5,0
"barang bagus sesuai dengan deskripsi, lumayan bersih untuk mencukur👍",5,3
sesuai deskripsi pengiriman cepat order kemarin hari ini sudah tiba pengemasan rapi dan aman,5,0
"keren neh. udh test jg, cukup aman n bersih hasilnya. semoga awet.",5,1
paket sdh sampai sesuai ekspektasi lumayan utk cukur pendek jenggot sama kumis dan harus ttp pakai cukur jenggot supaya licin,5,0
bagus dan mantap dan fast respon dan mantul,5,0
"performa: baik, sesuai dengan yang di foto sesuai ekspektasi",5,0
"belom aku coba si, yang penting barang sudah aman sampai tujuan dan pacakagingnya sangat aman. trusted toko, rekomen buat yang mau nyukur jenggot tapi gamau ribet",5,0
"barang datang dengan cepat dan aman, recommended buat rambut yg cepat tumbuh👍",5,0
performa: bagus harga: sesuai kualitas pengiriman : tepat wadaktu,5,0
paket sdh tiba. paket sesuai pesanan. mesin cukurnya sesuai harapan. tks,5,0
baguss barangnya sesuaii dan berfungsi dengan baiik ☺️,5,4
"pengiriman cepat, barang bagus, semoga awet",5,0
bagus 👍 cakep buat kado suami. packing juga rapi.,5,0
"barang sesuai gambar, ternyata cara mengaktifkan dan memamtikannya unik sekali, awalnya cukup binggung namun ternyata cukup di tekan saja bisa nyala dan ditekan lagi untu...",5,3
barang online dan konvensional yang tidak pernah gagal dalam mengupayakan agar kesempatan menjadi pemenang,5,1
"paket sudah saya terima dan coba.. overall sangat bagus, mulai dari pengiriman cepat, packing rapi, alat cukurnya cakep, simpel dan efisien banget buat cukuran. sesuai in...",5,0
kualitas nya lumayan pengirman cepat mantap smoga awet,5,2
sesuai deskripsi produk original enshen k8 mantap full,5,0
masa pakai baterai: awet bagus bahan elegan,5,1
mari kita coba beralih dr phili** yang harganya semakin bikin bangkrut.. semoga awet,5,0
"ni barang dari desain sampai kinerja alatnya 100% bagus banget, ga ngecewain serius gw mah, rekomen deh buat yang gamau punya janggut sama kumis",5,0
"bagus, berfungsi dg baik. pacing oke, box ny juga oke. cocok buat dijadiin kado. semoga awet",5,0
"produknya keren banget, asli kemasan, kualitas baik",5,0
barangnya oke dan berfungsi dg baik. agak takut2 pas on/offnya,5,5
"barangnya udah datang beberapa hari yg lewat, cuma karna untuk hadiah jadi unboxingnya cuma bisa kayak gini. barangnya berfungsi dengan baik, makasih",5,0
terlihat mewaah belum sempat dicoba belum ada yg panjang panjang masj rapi,5,2
mantabs bossque........ premium shaver harga murah tp gak murahan terima kasih.,5,0
makasih min. pengiriman cepat.. mantap sekali produknya. sukses terus.,5,4
"barang ok, sesuai pict... seller fast respon... semoga awet",5,1
"barang cepat sampai, sesuai gambar. semoga sesuai dg testimoni. terimakasih",5,4
barang sesuai ekspetasi dan sampai nya juga cepat pokoknya rekomended buat ini toko,5,5
mantap . barang nya langsung saya cobain dan nyaman 👍,5,0
alhamdulillah paket sdh sampai bos ku pakkingmy rapi dan kurirnya jua baik ramah lagi,5,0
"sudah coba pakai sekali, langsung bersih buat jenggot🤭 hanya saja belum ketemu teknik supaya lebih maksimal hasilnya biar gak kasar.",5,1
"barang sesuai dan material bagus, semoga nnt di coba mantab cukurannya",5,0
"barang sdah sampai dengan baik, packing aman terima kasih min 🙏",5,0
"bagus, desainnya mewah elegant. fungsinya baik dan sesuai deskripsi",5,0
mudah d pakai semoga awet bahan kuat dan mantap,5,1
barang sesuai seller .bagus kirimannya tepat dan palet aman,5,0
"halus lembut, belum di coba... baru tes hidup...",5,0
barang nya memang mantap dan bagus,5,0
barang sesuai. dan kemasan aman,5,1
"sumpah ini rekomendasi buat yang mau cukur sampai rata abis, ini keren",5,0
"bagusss bangettt the best pokoknya ,sama suamiku lngsung dicobaa dn enaak suaranya haluss",5,1
barangnya bagus sesuai pesanan :))),5,0
"barang sudah sampai semoga bermanfaat sudah dicoba tajam,bersih hasilnya",5,1
mantapp tajam dan tahan lamaaaaaaaaaaaaaaaaa,5,1
"keren, hasil cukuran rapih, semoga awet",5,0
mantaapp kerens banger ssuai foto,5,0
"alhamdulillah paketnya uadah datang belum , kurir ramah, sesuai dg gambar",5,0
di vidio dapat dua alat yg saya dapat cuma satu.,2,0
"mata pisau oke, oke untuk saat ini",4,1
nice shaver nice shaver nice shaver nice shaver nice shaver nice shaver nice shaver nice shaver nice shaver nice shaver nice shaver nice shaver nice shaver ni...,4,0
barangnya bagus sesuai real nya mantab,5,0
barang baru d buka sdh rusak lepas,1,1
"barang sesuai dengan gambar dan deskripsi produk, berfungsi dengan baik, pengiriman cukup cepat, penjual cukup responsif. mantap 👍",5,1
"gak nyangka sepremium itu kemasannya, alat bekerja dengan normal, recommendlah buat yang mau cukuran tapi gak mau ribet 👍",5,0
"thanks, barang bagus, pertama kali pakai shaver electrik gini agak takut jg kirain sakit/luka, ternyata aman bahkan g ada nyeri biarpun abis kena air",5,0
"barang terlihat elegan dan bagus, alhamdulillah ketika gk sengaja menyalakannya ternyata menyala. semoga bisa awet dan tahan lama untuk pemakaian jangka panjang dan semog...",5,0
"built quality bagus, fungsi ok, ukuran cukup kecil untuk dibawa travel, ringkas dan praktis. mantapp",5,0
"respon toko cepat, pelayanan baik dan maksimal. senang berbelanja di toko ini, produknya sesuai dengan deskripsi dan dapat berfungsi dengan baik. packing aman, terima kas...",5,1
enak nih cukus kumir sekarang ngga usah pake silet lagi. pake ini jadi super halus dan praktis bisa dimana aja cukus kumirnya 🔥,5,0
"enchen k8 ini adalah alat cukur kumis yang praktis dan elegan, terutama dengan desain compact-nya yang memudahkan untuk dibawa ke mana saja. selain itu, performanya sanga...",5,2
barang bagus dan kualitas terbaik. barang anti air,5,2
"produk berfungsi, packing baik, kondisi baik",5,0
"bagus banget, boxya bagus, isi lengkap, berfungsi dengan baik, gak sakit di kulit, fyi ini ga cocok buat rambut panjang yaa",5,0
"barang sesuai deskripsi, aman, kualitas dan kemasan baik, barang nya berfungsi, bagus, potongan nya cukup rapi. terima kasih banyak 🙂👍",5,0
"udh pake beberapa hari, nyaman banget dan bersih banget, ga harus cape2 pake alat cukur sm foam. buat kaum yang males nyukur sm yang kumisnya tumbuhnya cepet",5,0
"sesuai pesanan, diluar ekspektasiku, mewah sekali, kualitas bagus, berat berbobot, harga promo saler responsif dan ramah terima kasih",5,6
"bagus packingnya, kesan mahalnya dapet jg. simple karna muat dikantong, tapi kurang tajam karna harus agak ditekan lama juga alat cukurnya. overall bagus dan berfungsi dg...",5,1
"barang ok banget, kualitas bahannya bagus banget, seller juga informative banget selalu kasih update status barangnya. mantapp",5,0
alhamdulillah barang sampai dengan selamat. btw ini pembelian yang kedua. barangnya bagus quality nya tidak perlu diragukan. secara fungsional juga bagus. bisa mencukur s...,5,3
berfungsi normal performa: putaran kencang,5,0
"alhamdulillah barangnya sudah sampai, sesuai dan berasa mewah banget, harga gak pernah bohong, berfungsi dengan baik, packing rapi plus aman ada bubble wrap. memuaskan 👍",5,1
"langsung dicoba, suara halus, tajam pisaunya kak, terimakasih",5,0
"barang diterima, kualitas , okay. dapat berfungsi. battery life: good performance: okay",5,0
"terima kasih paket diterima dengan baik. barang berfungsi dengan baik, awalnya was was krn paket lama di expedisi ga jalan jalan. pas diterima bagus barangnya, ada box ny...",5,0
produk sesuai deskripsi dikemas rapih original lembut mencukurnya pengiriman lebih cepat gercep recomended,5,0
"kualitas barangnya ok, nyukur kumis dan jenggot gak sesakit pakai pisau cukur biasa. nyaman dipakai, cuman kadang kalau terlalu dekat bisa bikin iritasi. sejauh ini ok.",5,0
"produknya baguss, mudah banget di pake ga ribet, cepet juga jadinya, agak susah bersihkan alatnya pake kuas nya aja sih",5,0
"barang bagus, design keren, dan simple mudah dibawa dan berfungsi dengan baik. penjual fast respon. sukses",5,0
"produk bagus banget, packaging rapi. kualitas okke, isi box lengkap",5,1
"kwalitas barang baik, pelayanan penjual bagus & harganya relatif bersaing. kendalanya di jasa pengiriman kurir id express, yg mengantarkan barang pd batas akhir pen...",4,0
"pas dibuka terasa premium, untuk pemakaian pertama kali harus belajar dulu biar gak nyangkut jenggotnya wkwk. overall untuk harga segini sangat worth it, recommended 🫶🏼",5,2
masa pakai baterai: hemat performa: sangat bagus,5,0
"bisa buat ngebotakin kepala asal sdh dr awal kepala rambut cepat 0,5cm",5,3
"barang sampai dengan aman dan mulus, berfungsi dengan baik 👍",5,0
"respon ramah & cepat, proses cepat, pengiriman cepat, packing bagus & rapih. barang dipakai memuaskan👍🏻👍🏻",5,0
"paketnya sudah diterima, packaging aman, barang bagus, harga murmer, worth to buy! hasil cukurnya terbilang bersih, good quality, gak berisik! terima kasih seller, salam...",5,0
bagus...kecil...bahan berkualitas...hasil cukuran rapi n smooth semoga awet,5,0
"kalian yang gk mau brewokan wajib punya ini sih, gk bikin kulit rusak enak digunakan terima aksih untuk semuanya",5,0
"sesuai ekspektasi, enak banget hasil shavingnya di kulit muka, ga bikin iritasi. penggunaan mudah, dan portable-nya juara! thanks seller!",5,0
"packing rapih,aman sampai tujuan karena titipan teman... jadinya tidak tau hasilnya....tapi katanya nyala dan udh di coba berfungsi dengan baik.... thank you seller....",5,0
"material mewah, berfungsi dengan baik, hasil memuaskan",5,0
kemasan baik alat berfungsi dg baik . info yg saya terima di tik tok beli satu dapat satu : yaitu satu lagi pembersih bulu hidung tapi di sini tidak sda . gmn nih .........,5,0
"barangnya bagus recomended banget, packing jg rapi dan aman tidak ada penyok sama sekali di dusnya 👍",5,0
"produk nya berfungsi dengan baik & dipakai untuk mencukur pun bersih banget. memang awal nya ragu, setelah dicoba beneran bisa bersih 😂😂 tapi kalo soal ketahanan b...",5,0
"sesuai pesanan. barang datang sesuai waktu dan tidak ada kerusakan. walau kardusnya dalam sebagian basah, alatnya masih aman tidak terkena air. terimakasih banyak.",5,1
barang sudah diterima pengiriman cepat seller responsif packing aman sudah dicoba semoga awet,5,1
masa pakai baterai: baru dicoba performa: mantab,5,0
ssuai pesanan. proses cpat & lncar. sellernya jg ramah. barang brfungsi dg baik. puas dg plyanannya. terima kasih 🙏,5,0
"bagus ,jos, rekomen masa pakai baterai: bru coba performa: oke jos",5,0
masa pakai baterai: lama performa: terbaik,5,0
produk nyala.packing nya rapi.repon penjual baik.,5,0
"alhamdulillah paket tiba ditangan tanpa cacat, sudah dicoba sesuai deskripsi dan tentunya paket ori,,semoga awet. terima kasih tokopedia",5,0
"paket sdh diterima dlm kondisi baik dan aman, blm di coba sich, semoga alat cukurnya dapat berfungsi dgn baik.",4,0
"pengemasan rapi barang sesuai dengan iklan di gunakan nyaman ,dan semoga awet.",5,0
performa: mantap masa pakai baterai: lumayan awet,5,0
"packing aman dan bagus.. alat nya berfungsi baik,...",5,0
"harga sesuai, barang di luar ekspektasi, kenapa tidak dari dulu dulu saja😅 saya belinya. respon dan pengiriman juga cepat, semoga barang aman dan awet, terima kasih",5,0
"produk ini sangat bagus dan sangat recommended, pengiriman cepat dan kurirnya sangat ramah.. terimakasih",5,0
paketnya mantap sesuai deskripsi dan nyaman digunakan. rekom banget. toko gercep ga pake lama prosesnya👍 🤩,5,0
"barang bagus, pisau tajam, design juga bagus. packaging mewah...semoga awet",5,0
"barangnya sampai dengan baik, diantar cepat, berfungsi dengan baik, semoga awet",4,0
"pengiriman cepat, packagingnya super aman, barang bagus, untuk hasil cukurnya memuaskan semoga awet barangnya",5,1
"barangnya cepat sampai, saat di pakai hasil cukurannya halus dibagian yg d cukur",5,0
"mantap barang bagus sesuai semuanya, pelayanan dan pengiriman cepat",5,0
"barang berkualitas , pelayanannya cepat , kurir amanah . terima kasih",5,0
udah dicoba dan gacor parahh berfungsi dengan maksimal sangat mudah digunakan,5,0
"mencoba beli sesuatu yang lagi trend. murah, praktis, fungsional, berfungsi baik. semoga awet",5,0
"barang bagus, kemasan juga bagus, semoga awet,",5,0
"barang sudah sampai, bagus bangat kualitasnya, gak rugi belinya, moga awet dan kulit👍",5,0
mantab. pokoknya keren. berfungsi baik. barang bagus. dan puas banget,5,0
"setelah saya pakai hasil cukuran sangat memuaskan dan sangat mudah di gunakan, produk ini sangat rekomen",4,0
barang sudah datang pengiriman nya cepat barang berfungsi dengan baik,5,0
mantap cukuran bersih elegan premium mungil bisa dibawa kemana saja,5,0
"barang bagus. enak dipakenya, sesuai deskripsi, packing rapih.",5,10
"mantaappp barang aman sampai ditempat tidak ada yang rusak, sudah dicoba bagus sekali dengan harga yang sangat bersaing.....over all puaass",5,0
"barangnya bagus, sesuai pesanan, kualitas ok. performa: bagus, dapat mencukur jenggot",5,0
packing nga rapi bisa di gunakan dengan baik rekomen sih ini,5,0
barang sudah sampai juga sudah di gunakan dengan baik lumayan sekarang sudah bisa cukur jenggot dengan santai dengan adanya enchen makasih pak kurir yang sudah mengantark...,5,0
alhamdulillah tiba dalam keadaan aman dan bisa digunakan,4,0
barang sesuai packing super aman pengiriman cepat resphone penjual baik,5,0
"barang nya keren, kesan nya mewah, pengiriman cepat. sejauh ini cukup ok untuk digunakan, g sakit sama sekali",5,0
"bagus, barang datang langsung nyobain, puas dengan hasil cukurnya. thank you. 👍🏻",5,0
sesuai barangnya bagus banget dan pekingnya rapih,5,0
"barang sudah sampai, bagus tampilan elegan dan mewah semoga awet karna di pkek sendiri",5,0
"barangnya sesuai, cepat datangnya walaupun tidak next day bener bener nextday wkwkw, overall bagus barangnya dipackage dengan rapih barangnya baru",5,0
barang bagus sesuai dengan saya lihat di video,5,0
barang nya tajam dan kualitas oke semoga awet sukses juga untuk kk,5,0
barang yang dikirim sesuai masih tersegel,5,0
"sesuai pesanan, mantap menyala.. biarkan bintang yang bicara..",5,0
"mantap, abis pakai untuk cukur, langsung dapet 2 pacar seksi nan bohai, nih kenalin pacarku namanya anzu dan clorence",5,2
nggak ada bonusnya,4,0
"paketnyaa udah sampee,kondisi aman dan baguss bangett,gk nyesel belinya,admin juga responnya gercep,selalu info paketnya udh sampe mana²nya,maaf belum aku buka soalnya bu...",5,0
"paket susah diterima sesuai order, dicoba cukur jenggot kurang bersih mungkin karena belum biasa, mudahan awet barangnya",5,0
"barangnya mantap sesuai video dan foto. packingannya jga rapi, best dah👍",5,0
"barang datang sesuai pesanan, lebih cepat dari waktu po yg diinfokan, barang bagus, semoga awet",5,0
"mantap, packing rapi, pengiriman cepat, kualitas keren",5,0
"produk dalam kondisi bagus waktu diterima, semoga awet.",5,4
cepat sampai...berfungsi jg dgn baik..mudah2an awet,5,0
"first impresion takjub, barang oke dan materialnya juga bagus. semoga awet tajamnya",5,0
barang sudah sampai tepat waktu. berfungsi dengan baik. terimakasih penjual dan pengiriman 👍,5,1
sudah diterimah ..alat oke punya ..sangat layak untuk dimiliki,5,0
"barang yg datang sesuai dan asli,nggak nyesal beli barang di toko ini",5,0
"pelayanan oke, belum dicoba kayaknya barangnya kualiasnya bagus",5,0
"hasil cukuran memuaskan, barang mudah digunakan terdapat panduan pula👌",5,1
"produk sesuai, barang bagus, paketnya rapih.",5,0
"mantap barangnya,,pelayannya bagus sesuai pesanan,,,semoga awet d'pakai",5,0
"looks good, dijajal paksu nyala dgn baik. semoga awet!!",5,0
"mantep banget ini, mulus hasilnya 👋🏼",5,0
"bagus, ringan, performanya belum tau karena belum coba, tapi kelihatannya ok sih. pelayanan penjual bintang 5, kecepatan pengiriman secepat awan kinton. thank you sell...",5,0
"bagus, bagus, lumayan awet, mulus dan lembut",5,0
"dusnya lecet, padahal buat kado. isi belum dibuku. mudah""an berfungsi dengan baik.",3,0
performance: sesuai harapan packingannya juga bagus,5,0
keren enchen k8 mantap,5,0
barang di packing dengan baik dan di terima dengan selamat thank you,5,0
belum dicoba tapi mesin nyala,5,0
produk udah diterima. packingnya rapi. pengirkman cepat. yg pastinya alat ini berfungsi dengab baik.,5,0
"beli ke dua kalinya di seller ini rekomendasi seller, thanks",5,0
mantap barang nya sesuai di vidio toko nya amanah,5,0
berfungsi dgn baik👍suamik jga suka banget😍 semoga awet dipke suamik🤗,5,0
"sudah smpai ,barang cucok dengan wktu live.. lagi dicas selama 8 jam.",5,0
baru ini coba elektrik. bersih cuy. baru terbiasa kalau cukur agak lama dan hangat ni alat. sama gatal gak tau kenapa,5,0
"bingung katanya d iklan dapat sama penyukur bulu idung pas nyampe cuma cukurannya aja, tapi gpp untuk smuanya bagus",5,0
"keliatan mewah, belum dicoba, soalnya baru dateng langsung dicas,tapi semoga aja bisa",5,0
"masya allah ,finnaly tba juga..akat cukur simple praktis dan elegan telah tba,buat paksu nih.. beliau seneng bangetttt",5,0
barang sudah mendarat kondisi aman,5,0
alhamdulillah barang sudah sampai dan bagus banget ngak nyesel deh beli barang ini,5,0
terimakasih paket nya sudah tiba dengan baik dan dapat diskon dengan harga murah berpungsi dengan baik,5,0
bagus bgt sumpah ampe temen juga kepengen pada mau beli😂😂😂😂🥰🥰🥰🥰❤❤👍👍👍 moga awetttt🤲🤲🤲,5,0
"paket tiba dengan kemasan rapi dan aman, tidak ada kerusakan yang terlihat. pengiriman juga tepat waktu, sesuai dengan estimasi yang diberikan. semua item lengkap sesuai...",5,0
"bagus, original. berfungsi dengan baik. enak buat cukur, hasil bersih",5,0
"berfungsi dengan baik, namun masih terdapat bintik2 hitam dari jenggotnya., cocok dipakai daily or travel",5,0
alhamdulillah barang sampai dengan selamat. untuk harga segitu kualitas barang tidak perlu diragukan. hasil cukuran bersih. gak melukai kulit pula. bahan juga bagus. berk...,5,0
"sesuai gbr n keterangannya. pengemasan sip, kurir jg baik",5,0
"sumpah tangerang ke lampung nyebrang cuma sehari doang. tokonya sat set prosesnya cepet, berfungsi dengan baik langsung gw gunakan di setiap harinya. packing aman pokonya...",5,0
"masa pakai baterai: tahan awet sekalee mantap performa: cepat pangkas jadi kumis mulus pokok nya mantap sekali, kemarin sempat ragu mungkin hanya halu saja. tpi stelah db...",5,0
kualitas bagus sesuai iklan bahan juga terlihat sangat premium,5,0
"seller responsif, packing aman, barang bagus mulus",5,0
"responsif, on time, kemasan baik, barang tersegel ..",5,1
"premium banget dr segi bahannya, barang kecil mudah di bawa2 cocok untuk keperluan mendadak",5,0
"terimakasih barang pesanan saya sudah sampai, cepat, kurir ramah terimakasih untuk toko dan kurir nya, sesuai dengan iklan nya, blom di coba semoga awet, berfungsi dengan...",5,0
"barang berfungsi dengan baik, cuman ada minus di karet penutup lubang charger karena tidak menutup lubangnya dengan rapat",4,0
"shaver sudah berfungsi dengan baik, memang kalau dari sangat dekat masih tetap lebih bersih pakai pisau silet, tapi overall k8 ini luar biasa.",5,0
"easy to use banget sih ini, cuman ini dipake buat kumis/jenggot yang rambutnya masih pendek. kalo yang udah mulai panjang bisa sih cuma berasa sakit nanti",5,1
"kurang bersih hasilnya, tetep lebih rapi hair clipper biasa. terus kalo nyukur jenggot dan kumis dari panjang malah kaya ditarik. ada perih perihnya. tetep cuma emang dip...",4,0
"sudah tiba, dan mantap.. pengiriman cepat dan sesuai estimasi, kurir jg sudah langganan",5,0
barang bagus pengiriman aman,5,1
"bagus banget, tiba2 banget pas dibuka kemasannya nyala panik donk karna gak ada tombol on off wkwkwk maklum baru pertama x hahahahahaha",5,0
"produk sesuai deskripsi, build quality nya baik, packing baik, semoga awet.",5,0
masa pakai baterai: awet performa: berfungsi dengan semestinya,5,0
"barang nya bagus pengiriman pun cepat tapi bonus pencukur hidungnya tidak ada, saya tertarik karena klo pesan di link itu ada bonus pencukur hidung nya, agak kecewa sedik...",5,0
"barang pengiriman cepat, seller fast response, sudah dicoba berfungsi dengan baik",5,1
"saya sudah pakai pisau cukur ini selama 2 bulan dan sangat puas. pisau cukurnya tajam, bikin kulit halus tanpa iritasi. fitur waterproof-nya juga sangat berguna untuk men...",5,0
"design simpel tapi elegan. build quality bagus, feel megangnya juga enak. dan yg pasti fungsional. overall, good news.",5,0
performa: bagus masa pakai baterai: kut tahan lama,5,0
"suka banget sama produk ini, tidak sakit sama sekali, malah tidak kerasa,, kulit jadi mulus tanpa bulu,, pokoknya worth it banget,, gw akan beli lagi sihh",5,0
"gampang di pakai, power sesuai, proses cleaning juga bersih & simple.",5,0
barang bagus berfungsi dengan baik hasil bersih,5,0
"barang sesuai dan qualitas nya bagus, seller nya juga ramah dan responsif.",5,0
"paket udah ada di tangan, paking ny mewah, real pict, semoga awet",5,0
"barang ok datang dengan selamat moga awet, tp ganti harga peso yg baru mahal",4,0
"pengiriman fastrespon cepat banget,produk ori tidak mengecewakan,mantap",5,0
"cakep, bahannya dri plastik atom, meskipun gitu build quality nya kokoh dan cukup berat, buat harga 150k ini udh bagus banget",5,1
"barang sampai dengan selamat, packing aman, barang berfungsi dengan baik, hasil memang sesuai sama harga nya tapi cukup lahh... mantapp",5,0
"lumayan lama sih barang sampai nya, barang nya bagus",5,0
"pengiriman cepat dan aman untuk barangnya lumayan standar aja sih gak yang wow banget tapi gak jelek juga, mengingat harganya yang terjangkau ini boleh dicoba",5,0
"mantap.. respon proses pengiriman cepat.. packaging aman, kualitas bagus.. semoga awet..",5,0
"barangnya bagus banget dan berfungsi normal, pengiriman jg cepet",5,0
"kotak masih segel, model juga keren dan mewah, kurir nya ramah dan baik",5,0
masa pakai baterai: lama menarik & elegan performa: bagus,5,0
"barang bagus, berfungsi dengan baik & normal. semoga awet. tq enchen. 😁",5,0
"barang bagus, berfungsi dengan baik, dan packing rapi 👍🏼",5,1
"mantap ini barangnya, langsung mulus bagian kumis dan jenggot",5,0
sesuai dengan deskripsi dan original juga sangat mudah digunakan juga,5,0
kren dan kemasan pengiriman nya rapi dan bagus jd 100℅ barang tidak rusak,5,0
cukuran keren. rekomen bentuk compact dan mesin kenceng,5,0
"mantap barang udah sampe dengan selamat, respon penjual sangat cepat dan ramah, packing rapi dan aman reccomended seller.....",5,0
performa: bagus sekali. bahan kokoh kuat,4,0
"barangnya mendarat dengan mulus,barang 👍",5,0
masa pakai baterai: bagus mantap,5,0
tampilannya mewah dan bagus dan berfungsi ketika dihidupkan.belum dicoba karena belum dicoba ama suami,5,0
"pesanan sesuai deskripsi, nyaman dipakai pengiriman cepat",5,0
"produk original, build quality nya bagus terimakasih",5,0
"barang berfungsi dengan normal, mantap",5,0
"kemasan rapi dan aman. dikirkm cepat. produk sesuai pesanan. sudah dicoba : mudah dipake, aman di kulit muka. semoga awet.",5,0
"kualitas sesuai harga, msh terasa krg tajam/kulit tertarik. overall ok.",5,2
barang sesuai dengan gambar pengiriman cepat barang berfungsi dengan baik,5,0
"performa baik, masih tahap coba thanks ya",5,0
barang original harga murah... respon cepat... pengiriman kurir rekomendasi tokopedia nggak rekomendasi,5,1
pake aman dan rapih. berfungsi dengan baik serta sampaj repat waktu.,5,0
masa pakai baterai: belum di pakai semoga tahan lama performa: bagus,5,0
barang sesuai pesanan dan barang berfungsi dengan baik,5,0
cukuran untuk kumis dan jenggot pendek berfungsi dengan baik,5,0
"mantap banget ini. bentuknya compact. mata pisau tajem bisa pas di semua lekukan wajah. dan plusnya, bisa sebersih itu.",5,0
"respon penjual sangat baik, pengiriman cepat, barang datang sesuai pesanan dlm keadaan aman 👍 (sudah dipakai berulang x dan bagus)",5,0
"barang berfungsi dengan baik,kualitas nya bagus mudah mudahan awet",5,0
"mantap, barang datang cepet bgt, barang juga berfungsi sempurna, pokoknya top deh",5,0
pesanan tiba lebih cepat dari estimasi. barang berfungsi dengan baik. kurir ramah & baik. terimakasih seller.,5,0
"barang sesuai deskripsi, respon penjual cepat, mantap",5,0
"tajam, rapih seperti paki pisau cukur biasa",5,0
masa pakai baterai: belum tau performa: bagus banget,5,0
"sesuai deskripsi, proses cepat, packing baik, semoga awet",5,0
barang sesuai deskripsi. penjual responsif.,5,0
packaging bagus. barang sampai dengan aman. pisau tajam. build quality nya mantap digenggaman,5,0
"packaging oke, barang sesuai deskripsi, model keren, sudah dicoba, hasilnya cukupbaguss.. terima kasih",5,0
"barangnya sangat rekomended, respon dari sellernya jg cepat banget.. rekomended deh pokoknya",5,0
sudah di tes berfungsi dan dicoba di charge ok,5,0
"barang tiba dg aman & selamat di tangan konsumen. kualitasnya bagus,mudah & nyaman dipakai. aku suka. yg bikin kerennya lagi,barang tiba dg cepat di kota bdg,pdhl...",5,0
"barang bagus, pengiriman juga cepat, pelayanan toko juga bagus, terimakasih ya",5,1
"barang sampai tujuan dengan aman, berfungsi dengan baik dan panduannya mudah di pahami. semoga awet. terima kasih",5,0
"brg bagus, seller gercep kirim nya, brg berfungsi dg baik",5,1
"simple, ringan dan bersih mencukur. gak sia-sia membeli enchen",5,0
produk sesuai pesanan dan berfungsi baik..,5,1
"no komplain , datangnya cepet cuma 2 hari",5,0
hasil cukur bagus pas pertama pakai kaget belum terbiasa lama2 nyaman,5,0
"bagus sekali, saya suka, tajam n hasil cukurnya sangat bersih",5,0
"mantap sihh barang ga ada lecet, pengiriman cepat",5,0
beli pas harga murah dari barang bagus sangat beruntung sekali hehehe. semoga awet,5,0
"pesen di hari sabtu pagi, minggu sore udah sampe bandung. top seller, top jnt juga. thanks! barang memuaskan",5,0
berfungsi dengan baik. semoga awet. model keren. harga ga mahal. design bagus. br kali ini punya shaver. jd ga bisa bandingkan,5,0
paket nya kami sudah terima datang sangat tepat waktu..produkx yg dtng sesuai dng di iklannya,4,0
barang bagus. sesuai. dipake langsung ganteng,5,0
"bagus, tapi pas dtg boxnya rusak🥲",5,0
"recomended banget, barang bagus, tajam design bagus, okelah, respon pelapak cepat dan barang cepat sampai",5,0
"barang sesuai dan nyala, terimakasih banyak, packing kerdus nya juga premium",5,0
"sangat rapi, dan cepat pengiriman, barangnya ok berfungsi dg baik, thanks",5,0
"barang sudah sampai,produk ""oke"" sesuai deskripsi. hasil cukurannya bersih dan halus,mudah² alat nya awet. seller nya ramah,tks tokped",5,1
dipakainya enak dan efektif..kualitas bagus baterainya awet,5,1
"performa: terima kasih pengiriman barang cepat dan dalam keadaan baik,kualitas barang bagus tapi belum dicoba ,mudah-mudahan bagus dan awet.",5,0
"barang sudah di terima dengan baik dan sesuai deskripsi. respon penjual dan pengiriman cepat, harga murah.",5,0
barang sudah sampai produk sesuai pesanan kualitas baik bagus 👍,5,0
"mantabb barangnya berfungsi dengan baik,thanks ya",5,1
"barangnya mantap banget udah anti air, penjualnya juga gercep polll👍👍👍👍👍",5,0
paket nya dah smp seler nya amanah maksih kurir nya ramah,5,0
"masa pakai baterai: yang sangat lama,mantaaap😘",5,0
"mantap, sesuai deskripsi dan barang bekerja dg baik",5,1
untuk barang saya puas tapi tidak dengan ekspedisi. barang sudah sampai di ekspedisi pagi tapi baru diantar sore. saya sudah chat dengan penjual bahwa mau dipakai barangn...,4,0
"berfungsi dgn baik, packingan rapi",5,0
emang simple dan bagus banget👍👍👍 ga perlu nunggu lama buat cukuran lagi,5,0
"produk sangat recommended, mantap buat cukus kumir dan cukut jenggor",5,0
"sampe dengan box yg aman, packing amang banget dan berfungsi dengan baik",5,0
"paket terbungkus rapi, lumayan cepat sampai, barangnya lengkap dan oke.. terimakasih..",5,0
"untuk shaver seharga ini lumayan lah ya, memang masih ada sisa bulunya dikit",4,0
"barang berfungsi dengan jelas, datang dengan cepat",5,0
"pengiriman cepet, barang sesuai, pengemasan oke",5,0
"mantap barang berfungsi dngn baik, smoga awet 🙏",5,0
"ketajaman yang sesuai, good quality, sesuai",5,4
"barang sesuai spek , sudah di test dikulit nyaman dan aman , mantap",5,0
"barang recommended bagus n mantap, mewah pengiriman cepat sangat sesuai keinginan",5,0
"biarkan bintang yg berbicara abangku pokoknya brangnya keren habis puaskan bangettttt yg bikin salfok gue adalah dusnya, pokoknya mantap jgn ragu beli yang k8 ini.. makas...",5,0
"lumayan bagus,tapi mata tumpul,tidak terlalu tajam",1,0
"barang sesuai di foto, pengiriman cepat dan aman",5,0
barang bagus. shaver nya berfungsi maksimal,5,0
"here is the fifth official ascendance of a bookworm fanbook, intended to be read after finishing part 5 volume 3. includes end cards from the anime, coverage of another d...",5,0
"sudah dicoba, berfungsi baik. semoga barangnya awet.. terima kasih..",5,0
sesuai deskripsi..material produk baik,4,0
"barang sesuai pesanan, packing nya bagus, pengiriman cepat.. blm dicoba tp semoga bagusss.. good",5,0
"simple banget pakainya, harga relatif murah, pengiriman cepat, recommend bgt",5,0
barang sesuai pekingan rapi dan aman,4,0
"service cepet bgt, pengiriman cepat, produknya sejauh ini bagus",5,0
barang bisa dipakai buat cukur kumis dengan cukup baik.,4,0
"pengiriman cepat, pengemasan bagus gak ada penyok semoga awet... terima kasih seller",5,0
"paket aman, cepat sampai, kualitas juara dan hasil shaving yang rwarbiasa. easy n safe to use. very recommended for buy!",5,1
bagus berfungsi dengan baik . murah kerennnn.,5,0
pembelian ke2 berfungsi dengan baik 👍👍👍,5,0
"barang bagus sesuai pesanan ..packing rapi recomended bgt semoga awet ,toko amanah",5,0
seger seger hasilnya lumayan rapih jadinya,5,0
"produk aman, bisa digunakan,, terimakasih",5,0
"barangnya bagua & berfungsi dengan baik, terimakasih",5,1
"barang sudah tiba di kediaman kami, pihak toko sangat respond, rekomended akan toko ini barang sesuai diskripsi",5,0
"dikirimnya yg beardo 2, yg notabane harganya lebih murah. terlepas dr kelalaian saya tidak video unboxing tp murni ini adalah kesalahan seller yg salah kirim barang dan m...",1,12
mantap... mesin bekerja dengan baik.. thanks ya,5,0
peraaan beli nya pas live dapat yg pencukur kecil untuk di lobang hidup...ini gak dapat....kecewa x lah.....klo barang ini hidup dan bagus....,3,0
"pengiriman cepat, real pict, packing rapi. recommended.",5,0
barang diterima dengan baik dan sesuai dengan deskripsi produk,5,0
"bagus, sudah di coba semoga aman",4,0
"hasil potongannya bersih, model keren. pop up langsung greng.",5,2
sesuai pesanan mantap recommended seller,5,0
"packingan rapi dan tersegel. ini pesanan ke 2, semoga awet seperti pesanan yg pertama",5,1
barang bagus sesuai discripsi tajam juga,5,0
"produknya ok kecil , pakainya mudah, semoga tahan lama",5,0
"bagus, estetik, keren, tahan air rekomen bangett",5,0
tidak ada alat ntuk potong bulu hidungnya,5,0
"alhamdulillah, berfungsi dengan baik..",5,1
"barangnya sampai dengan selamat, dan packingannya juga rapi.",5,1
"praktis bisa dibawa kemana-mana dan cukup tajam, semoga awet",5,0
"packagingnya wah gila, rapi banget. udh kayak barang eksklusif aja. kualitasnya juga oke 👍🏻",5,0
"design bagus, harga terjangkau, terima kasih.",5,0
barang sudah di terima ..mohon maaf tidak ada di lokasi penerima ..mudah2an aman aman saja barang nya tdk bisa unboxing video,5,0
"alhamdulillah paket suda sampai, cuman kyknya k8 yg ini lebih ringan dari yg pertama sya beli... smoga pemakaiannya awet dan masi sama kyak yg pertama saya beli",4,0
sudah sampai dengan selamat dan berfungsi dengan baik. semoga awet. tq seller,5,0
bagus banget bisa bersih buat cukur jenggot,5,0
"datang langsung pake, dan hasilnya mantap",5,0
"jadilah daripada gak ya kan, he he he he he",5,0
overall okelah cmn ya gimana ya habis nyukur perih,4,1
"barang sampai dengan selamat, barang bagus semoga awet. sudah dicoba dan bersih untuk mencukur janggut dan kumis. hasil sangat halus, terimakasih",5,0
kereen siih barang nya. packing nya juga exlusive. semoga awet barang nya,5,0
performa: terima kasih beneran alat cukur k8 yang bagus dan bermanfaat siapapun yang beli tidak akan kecewa,5,0
brh sdh sampai diterima. tapi kenapa ngga dapat bonus pembersih bulu hidung. kemaren waktu pesan kata nyandapat bous pembersih buhu hidung,5,0
kualitas terbaik..barang sesuai deskripsi..,5,1
sampai dengan selamat... pengiriman jg ya lumayanlah... seleranya jg ramah.. terimakasih.. mudahan awet...,5,1
"terima kasih min,barang sudah sampai dengan selamat,barang bagus sesuai diskripsi",5,0
gilaaa sih baru coba pertama kali shaver ini smooth dan hasilnya wajah jd halus,5,2
"bagus sesuai deskripsi, semoga tahan lama",5,0
recomended seller.. terima kasih seller dan kurir ya.. performa: ok,5,0
"pesanan yg ke 2x produk bagus, sesuai pesanan 👍👍👍",5,0
"barang ny bagus , seller reponsif ... rekomended 👍🏻",5,0
msh tersegel dan ini untuk orderan yg ke 2 dengan varian yg baru...,5,0
performa: bagus dan tahan lama,5,0
"smoga tahan 3 taunan lah ya, hanupis banget nih kak udah bikin produk best value for money utk shaving, aku izin jump out ya kak huhu🖐️✊😆🖐️✊",5,0
"mantaf gan rekomended tokonya,,packing rapi pengiriman cepat",5,0
sudah saya terima sesuai berfungsi dengan baik,5,0
"sesuai deskripsi,praktis,mudah dibawah kemana2",5,2
mantap produknya. sudah di coba dan oke banget. mudah2an bisa tahan lama. toko recomended lah.,5,1
mantap barang nya tapi pisau cukur nya dtg terlambat egk sekalian sama mesin cukur nya,5,0
barang mantap .. sesaui harapan dan tidak mengecewakan,5,0
"barang nya bagus dan sesuai yg di harapkan, semoga awet,terimakasih",5,1
workit bangett gk lebih hakus dari mesin ragum umumnya,5,0
"barang sesuai, packing aman, semoga awet",5,0
packing rapi tepat waktu barang bagus,5,0
"overall baik, thanks min semoga awettt. klo bisa produksi pisau nya juga min.",5,0
"terima kasih alat cukur electric nya sudah sampai walaupun agak telat sampainya,tetapi sudah saya pergunakan dan hasil cukurannya memuaskan👍👍👍😁",5,0
"alhamdulillah... paket nya sudah saya terima. barang mantap, sesuai iklan dan datangnya cepat, ndk rugi mantap barang nya terimakasih bos kuh semoga usaha lancar.........",5,0
beneran enak simple dan praktis...,5,0
semoga awet dan aman tidak meninggalkan bekas cukur,5,1
overall okay. good. not great.,4,0
"sangat bagus dan elegan, pkoknya g ada kawan, sesuai aa yg sy ingin kan",5,0
performa: sangat rekomendasi,5,0
brg bermasalah dipengiriman akhirnya sampai juga,4,0
produk sesuai deskripsi dan semoga awet.,5,0
berfungsi sesuai yang di promosikan 👍🏻,5,0
"mantep banget min, nyampenya jga cpet banget. gacor🔛🔝",5,0
pengiriman cepat. bungkusnya rapih. barangnya sesuai.,5,0
terimakasih paketnya sudah sampai di rumah paking nya bagus semoga berfungsi sebagai mana mestinya,5,0
maaf ya baru ksh review. soalnya dicoba dulu. baguuuus bgttt! bisa nyukur dgn simple. pengiriman cepat dan kondisi barang baik. terima kasih enchen,5,0
"suka, belum di coba karna buat kado cowo aku, terimamasih seller",5,0
suka bgt sma shaver nya.. praktis dan eye catching bg. temen pada nanya mereknya apa,5,0
mantap. barang sampai dengan selamat kurir ramah dan gercep banget sudah langganan paket packingan nya aman banget,5,0
"mohon maaf gak bintang 5, dikarenakan pengiriman kurir sangat mengecewakan, barang sdh dicoba berjalan dgn baik sesuai deksripsi dan semoga awet dipakainya",4,1
barangnya bagus ga ada kendala,4,0
"barang sampai dengan selamat,bagus sesuai dengan yg di foto,yaman di pakai tdi",5,0
barang datang sesuai dengan pesanan packing rapi,5,0
mantap sesuai deskripsi jos pokok nya tidak mngecewakan,5,0
mantap sesuai pesanan kemasannya rapih maksih🙏🙏🙏,5,0
wow keren bangett. tampilan elite 👍👍👍,5,0
gak banyak komen intinya bagus👌,5,0
bagus sama kayak fotonya sudah,5,0
thank you barangnya bagus sesuai yang di video.,5,0
barang nya sangat bagus.. mantap.. 👍👍,5,0
sangat rekomendasi seperti gambar,5,0
ok. mantap. sesuai,5,0
"alhamdulilla barang sudah sampai dengan cepat, pokoknya the best lah",5,1
"mantap, blm dicoba. baru pertamakali pindah dari konvesional ke elektrik. mudah2 an cocok",5,0
masa pakai baterai: awet performa: bagus,5,0
mendarat dengan sempurna.. barang nya juga bagus,5,0
diterima dengan cepat dan baik. mudah2an awet dan ok... belum sempat dicoba..... terimakasih.... ...... ...,5,1
luar biasa bang cepat sekali baranya nyampe,5,0
"terima kasih, barang telah diterima dengan baik.",5,0
barang bagus respon penjual juga cepet,5,0
"built quality nya mantap,nyaman dipakai,",5,0
"mntp, kukira pencukur modelan gini g tajem ternyata tajem cuy jd mudah memotong bulu² kecil.",5,0
halus bngt suara dan engga berisik,5,0
barang sesuai pesanan dan cepat sampai,5,0
gila cepet banget sehari doang sampe,5,0
mantappp barang sesuai gambar dan kualitas josssssss,5,0
pakenya udah sampi sesuai dengan pesan,5,0
good performance: nice battery life: good,5,0
barangnya sdh sampai bagus sesuai dgn gambar & videonya,5,0
manthab produk dan kemasannya.. sayangnya pickup kurirnya luamaaaaa,5,0
"produk nya bagus, berfungsi dengan baik",5,0
mantaap barangnya. toko amanah. kurir tanggung jawab,5,0
"bagus, mencukur hingga bersih dan halus",5,0
"pisau cukur tajam, mudah dibersihkan, semoga pisau nya awet selalu.",5,0
barang sudah sampai dah bisa di guna kan dengan baik,5,1
"kata buy 1 get 1 cukur bulu hidung,pas datang tidak ada 👎",2,0
"saya baru pertama belanja di toko ini, tetapi pelayanannya luar biasa, kalau ada bintang 10 sdh sy kasih ini, mantap jiwa",5,0
baru di buka di pakai udah hancur lepas semua .. gimana masang nya coba 🥵,1,0
pesanan sesuai. layanan memuaskan,5,0
"suda order yg ke 2 x , mesinnya sangat bagus....",5,0
"mantap dan respect dengan kurir beserta pengiriman estimasinya,ngg rugi si beli di akun ini cepat bngat sampainya,nd cukup 4hari lo,mantap!!!",5,0
masa pakai baterai: lama keren,5,0
"elegance, berfungsi normal, smoga awet",5,0
"kok cuma kirim 1produk tanpa bonusannya, kurang amanah ni",2,2
sesui barang nya cma kok agak goyang klw d pakai,2,0
bagus tida ada kendala rekomended,5,0
saya pesan cukuran elektrik dg bknus cukuran bulu hidung elektrik tapi yg datang cuman satu tanpa benus nya ....mau hub tokk gk ada akses,3,0
packing rapi... barang original,5,0
"paket sdh sampai tepat waktu, paket rapi dan barang sesuai yg di pesan , terima kasih,",5,0
"belum di coba untuk cukur,semoga berfungsi dengan baik",5,3
"gercet banget sampenya prroduk juga sesuai, tka sis",5,0
coba aja gak perlu nyilet duku baru make ini barang pastiii debes,3,0
barang berfungsi dengan baik semoga awet,5,4
"cepet pelayanannya, goooddd, kereeeennnnnn barangnya",5,0
👍👍👍sesuai dan berfungsi baik..,5,0
"bagus di bawa kemana mana, tahan",5,0
"terima kasih, pesanan udah diterima, pengiriman cepat, paking ok, barangnya ok sesuai keinginan yg dipilih...mantap ...👍",5,0
"thank you.. peoduk mantan, fungsi joss. pengiriman aman.",5,0
barang mantap & berfungsi dgn baik,5,0
sesuai pesanan..berfungsi baik,5,0
pesanan diterima berfungsi baik semoga awet,5,0
"barang hilang, tidak sampai ke pembeli. sebaiknya penjual memilih kurir yang lebih terpercaya, sehingga tidak terjadi lagi hal serupa yang mempersulit pembeli maupun penj...",1,4
"performance: wah, bagus, saya sangat menyukainya😍😍",5,0
mantaaabbb packingnya siip berasa kyk beli hp,5,0
mantap barangnya sesuai reall makasih leselerr nya amanah,5,0
"mantap, sesuai dengan deskripsi… semoga awet",5,0
"packaging rapih, barang sesuai pesanan",5,0
puas banget cukurannya rapi dan praktis,5,0
"baru landing, blm coba mudah2an awet bosku",5,0
allhamdulillah udah sampai paketnya bagus sekali,3,0
tkdak bisa menempel sama sekali,5,0
untuk kado.. jadi belum dibuka. semoga berfungsi dgn baik..,5,0
"keren, toko.amanah, midah2an awet",5,0
"barang sudah sampai.. packing aman bgt.. belum dicoba semoga awet. liat fisiknya keren bgt, harusnya performanya keren juga 🔥",5,0
"barang sampai dengan selamat,sejauh ini tidak ada kendala",5,0
barang bagus... mudah-mudahan awet dan tahan lama.,5,0
bagus,5,0
barang oke,5,0
komplit tanpa kurang sama sekali ini,5,0
keren parah. bulu nya langsung habis. mudah-mudahan awet,5,1
"terimakasih barang nya bagus banget, sampai dengan selamat",5,0
mantap barang bagus dan sesuai,5,0
sangat puas,5,0
bagus alatnya.. bisa cukur abis,5,0
semoga awet cma 1 aja kendalanya tolong pilih kurir yg cekatan bsa banget telat,4,1
barang sampai dgn cpt. performa bagus.,5,0
mantap sekali mini bisa diajak keliling,5,0
produk ori dan sesuai deskripsi. pengemasan rapi dan aman. pengiriman standar pakai ekspedisi sicepat.,5,0
"respon penjul cepat produk sesui deskripsi kemasan plastik, packing plastik klip",5,1
brg berfungsi dg baik se tp pengirimannya kacau harusnya jam 5 sore terakhir malah diantar jam 7 malam akhirnya nunggu senin deh br bs diantar,5,0
"➡️respon penjual: saya tidak berdiskusi dengan penjual. ➡️harga produk: saya cari yang ulasannya baik, lebih worth it dari segi harga dan gratis ongkir kebetulan toko ini...",5,0
kualitas pengerjaan: bagus performa: bagus paket udah nyampe dengan selamat dan cocok untuk membuka sim dan bagus terimakasih seller 🙏,5,1
pengiriman aman walaupun barang kecil ttp diksih buble wrep👍,5,0
"barang sesuai pesanan, dan ya sesuai dengan sim ejector lainnya",5,0
pembuka kartu pada umumnya meskipun kemarin saya nemu yg lebih murah tapi tetep sama aja sih harusnya,5,0
"pengirim amanah, pengiriman cepat, barang sesuai dan berfungsi... terimakasih banyak",5,0
barang sesuai deskripsi pengiriman cepat…packing rapi…sukses selalu…,5,0
kejernihan lensa: ok kualitas pengerjaan: ok performa: ok pengiriman nya standar sesuai dengan estimasi barang nya di terima sesuai dengan yang di pesan,5,0
"seperti jarum tapi bukan jarum, aku sangat suka jarum ini sangat bagus padahal hanya sebuah jarum tapi membuatku merasa senang dan bangga",5,0
"sesuai pesanan, harga murah, dapat banyak untuk stok 👍👍👍 packing aman pengiriman cepat",5,0
"produk, pengemasan dan pengirimannya ok gan 👌🏾",5,0
"mantap, pernah ga sengaja beli di konter deket rumah harganya sebiji 5rb, ehh dimari dapet harga 300 perak auto co sih 😂",5,0
"barangnya 500 perak, ongkir 8500, biaya penanganan 1000 total 10rb, cuma 1 jarum",2,0
alhamdulillah ... pesanan dateng sesuai deskripsi ... mudah2an tetap istiqomah dan tambah barokah 🤲🏻,5,0
"sesuai deskripsi, buat backup cocok.",5,0
pengiriman cepat. barang sesuai pesanan,5,0
"pengiriman cepat, barang aman ga ada lecet apapun ataupun rusak",5,0
selller cepat .kurir ramah..paket aman tq kak..,5,0
yes sudah mendarat barangnya.. terima kasih banyak admin.. ini hehehe mantap admin yg 1 ini baik ramah sopan dan santun serta fast respone sekali.. sukses selalu mas admi...,5,0
"barangnya ****** pada penyok, padahal dibungkus bubble wrap sampai segede gaban 🤔",5,0
lumayan bagus walau potongan nya kurang rapi,5,0
pas di hp nice seller walaupun pengirimannya melebihi tanggal,5,0
"recommendded seller, barang sudah sampai sesuai dengan deskripsi",5,0
"kemasannya keren, modelnya juga bagus. makin mantap dan rekomended beli barang disini",5,0
"kiriman cepat, paling paling murah",5,0
saya kecewa dg kurir nya si cepat ganti nama aj deh jd si telat n dikit sellernya agak telat ksh kbr n telat jwbnya..tp lumayanlah ngebantu dikit..semoga tdk dialami kons...,3,0
brg dah diterima dengan baik dan benar sesuai deskripsi...tks,5,0
"performa: saya tidak menerima barang nya,ga tau siapa yg bawa barang nya tidak ada konfirmasi sangat buruk",1,0
"sangat jelek,gk amanah toko nya😭😭😭😭😭",1,0
"cukup berguna, kasar dan agak ringgkih",3,0
ga berfungsi..karena terlalu pendek,1,0
"barang udah sampai dengan baik, maaf baru ngasih ulasan",5,0
bahannya tipis,4,0
bagus,5,0
mantap sesuai pesanan,5,0
"mantap lah, buat ngepasin harga wkwk",5,0
"bagus, sesuai, dan berfungsi",5,0
この製品はクソ良いです。 なぜ私はこの商品を昔から買わなかったのですか？ わからない。 酔ってるかも……,5,0
"di pengiriman udh di terima, tapi ga nyampe kensaya",1,0
produk berfungsi baik,5,0
good amanah,5,0
good,5,0
pengiriman sesuai,5,1
bagus dan murah cuma 1500,5,0
gampang patah,1,0
dkdo sesuai dng yg ku banyangkan,2,0
kualitas pengerjaan: cepat,5,0
"sampai, lengkap, sip",5,0
jarumnya patah..,1,0
jos baik bagus,5,0
barang sudah sampai dengan aman,5,0
bagus baget jos bro,5,0
"sesuai expektasi,good👍",4,0
bagussss... josss gandosss.. tebaallll,5,0
barang datang sesuai pesanan,5,0
barang tidak diterima dalam paket pengiriman oleh kurir,1,0
pengiriman cepat,5,0
cukup membantu,5,0
mantabb oke deh,5,0
sesuai pesanan,5,0
amanah,5,0
sesuai,5,0
ongkirnya mahal,2,0
berguna banget!!,5,0
celeg,5,0
baik,5,0
sorround,5,0
baik 👍🏻,5,0
cpet banget datangnya,5,0
mantap,5,0
josss,5,0
suda sampai,5,0
ok,5,0
tidak sampai ke rumah,1,0
thank u,5,0
terima kasih,5,0
sip lah,5,0
performa: buruk,1,0
guud,5,0
kualitas bahan bagus,5,0
"pengiriman cepat, packing baik sekali, respon penjual baik",5,0
mantap juga,5,0
oke lah,5,0
"produk, penjual dan pengiriman bagus !!!",5,0
"cepat dan sesuai , semoga awet",5,0
rekomended seller,5,0
"1 bengkok, 1 pendek, yg 3 oke... yaaa sesuai harga...",3,0
sesuai fungsi. tidak ng barang baguss official store ajibb paling murahhhh dahh salam dr account gold,5,0
ok,5,0
manntaaappp kaalliii,5,0
terimakasih barang sampai dengan aman,5,0
ori,5,0
bagus top,5,0
sesuai deskripsi toko,5,0
mantul,5,0
semoga awet,5,0
"mantep lah, walaupun agak tipis, ingat harga juga sih",4,0
barang sesuai dan berfungsi dengan baik.,5,0
"packing aman & penjual cepat tanggap, respon nya top barang berkualitas & berfungsi baik",5,0
pas,5,0
"saya tidak mendapatkan barangnya. saya sudah cek berkali-kali, namun tidak menemukan.",1,0
good pokoknya,4,0
"mentang-mentang cuman beli pin hp aja kayak gini. baru kali ini saya dikecewakan. sama toko, kurir sama tokopedianya sendiri. kurirnya jne yang gak ada otak sebenarnya ud...",1,1
mantap thanks,5,0
karena murah beli 2 tapi barang tetap bagus lah,5,0
barang tidak mengecewakan semua ok sesuai pesanan,5,0
keren sesuai deskripsi,5,0
barang nyelip ternyata,5,0
⭐️⭐️⭐️⭐️⭐️👍,5,0
ok barang telah diterima packaging rapi barang ok yg antar juga ok,5,0
nyampeeeeeeeeeeeeeeeeeeeeeee,5,0
"respon sangat cepat, pengiriman pihak kurir sangat cepat, dan packaging kurang rapi, dus tetap agak penyok karena tipis walau pakai bubble warp. saran diberi dus tambahan...",5,1
semoga awet..................,5,0
ngga dikirim,1,1
"barang bagus, semoga bermanfaat",5,0
recommended seller,5,0
mantab murah,5,0
puas bgt,5,0
"bagus, berguna, top! apalagi murah banget, makin top!",5,0
produk sesuai harga,5,0
mantap barang baik tidak ada kendala cuma di bagian pengiriman nya saja yang agak sedikit lama karena ongkir gratis mungkin,5,0
puas banget,5,0
"beli 2 pcs, yang satu pinnya bengkok",3,0
sesuai harga.,4,0
kualitas bahan bagus. sesuai harga.,5,0
"respon seller cepat, packing rapih, barang dikirimnsesuai pesanan",5,0
paket dikirim sesuai pesanan dan deskripsi cepat dikirim packing cukup aman,5,0
sesuai harga. sesuai dengan di foto. kualitas bahan bagus. pengemasan cukup baik,5,0
bahan nya beda lbh halus puas blanja nya thank u,5,0
kualitas bahan bagus. sesuai dengan di foto. sesuai harga.,5,0
kualitas bahan bagus.,5,0
nice!,5,0
"mantap pengiriman cepat, aman",5,0
"pengiriman barang cepat, kualitas barang nya okee, harganya mumer juga, packing barangnya oke punya, respon penjual ramah dan cepat. sukses selalu yahh... terimakasih",5,0
sesuai harga. barang sesuai deskripsi,5,0
oke,5,0
beli ginian karena gabut hehe,5,0
"sesuai harga. bahan ga kokoh, lempengan besi tipis",3,0
okay nicee,5,0
ok lah,5,0
kualitas bahan bagus. sesuai dengan di foto. aku suka.... 👍♥️🥰,5,0
sesuai harga. sesuai dengan di foto.,5,0
tajam,1,0
"good seller, responsif, packing baik, pengiriman cepat, barang oke... makasih... ^^",5,0
thx,5,0
kualitas bahan bagus. sesuai harga. sesuai dengan di foto.,5,0
biar bintang yg berbicara,5,0
"harga murah, kualitas baik, pengiriman cepat, terima kasih banyak",5,0
"kualitas produk baik, terutama pada bagian kerah leher. potongan bagus. nyaman digunakan. harga terjangkau. semoga lebih banyak promo",5,13
"pembelian kedua, tapi sepertinya cutting agak sedikit berbeda. lebih longgar (sedikit, sedikit sekali kok). tapi produk sangat baik dan saya rekomendasikan. cutting mirip...",5,1
"proses dan pengiriman cepat meski dari luar kota, total waktu sekitar 28 jam sejak kaos diorder. bahan kaos cukup tebal dan tidak mudah kusut, nyaman dipakai",5,1
"barang bagus sesuai deskripsi, kain bagus dan sangat breathable, packing dan respon seller sangat baik, thanks",5,4
"bahan kain adem dan enak dipakai. halus dan lembut, ukuran pas",5,1
"kalau dibilang mirip brand jepang, beda sih kualitasnya, tapi bukan yg terlalu panas dan masih bisa dipakai jalan kaki di jkt cuma memang ga terlalu nyerap keringat. buat...",5,1
"keren sih ini, kualitas bahannya emng ga diragukan lagi, pas megang dikit aja udah ketauan kalau bahan nya bagus, dan yang paling keren lagi warna nya banyak pilihan, nex...",5,0
kualitas bagus.. bahan juga bagus.. ukuran pas banget,4,0
"midelnya bagus, bahan juga tebal dan nyaman dipakai. yg terbaik sizingnya pas bagus sesuai dengan ukurannya",5,0
"keren!! bahan lembut, ga panas.. ukuran pas! mantap!",5,1
"kualitas produk: bingung jujur agak bingung sih ini pembelian ke dua, kemaren beli uk xl warna cream kain nya bagus banget dan besar, eh kok yg ini uk xl kecil dan kain n...",5,1
"kainnya bagus,tapi xl agak pendek kek ukuran l ,bodynya udah pas tapi panjangin skit lagi",4,0
"pengiriman cepat dan produk sesuai harga. namun waktu langsung di cuci, warnanya luntur.",5,0
"mantap, fast respon dan siap membantu follow up kalo ada kendala dalam pengiriman",5,1
"the material feels comfortable, perfect for lounging around the house. the cut of the shirt is decent; it fits me well, and it's not too tight or baggy. overall, it s...",5,1
"ini pembelian yang kedua karena sblmnya salah pilih size, bb 71 tb 167 cocok pakai size l.. kualitas produk mantap 👍",5,4
"pesan ukuran xl, tinggi/berat badan 167cm/75kg, pas dipakai bajunya pas di badan. ini foto pakai tshirt-nya saat baju belum dicuci dan karena dibajunya ada tag kalau ini...",5,2
cakep asli.. bahannya adem.. fix bakalan beli warna laennya 😎😎,5,1
"bahan sesuai dengan deskripsi, hampir mirip dengan toko merah sebelah. bagin leher agak sedikit menutup dan bentuk “o” . bagian dalam terasa sejuk",5,0
kualitas produk: bagus pas dibadan bahannya adem dan nyaman dipake.,5,0
"tb 169 cm, bb 67 kg, tipe badan: lean. buat yang cari kaos fit ini ukuran m cocok banget. bahan apik, cuttingan pas, sesuai deskripsi regular fit, jaitan ada yang kelebih...",5,1
kualitas produk: baik jahitan rapi dan bagus. walopun agak sedikit panas makenya,5,1
"pengiriman cepat, check out kemarin sampe hari ini, bahan adem, cocok untuk olahraga juga",5,0
bahannya dak kalah sm sebelah cukup oke dengan harga segini,5,0
"bagus, untuk di harga segitu wort it, bahan adem, fittingnya pas banget, nyaman parah",5,0
kualitas produk: bahannya bagus dan keren sesuai kespetasi pembeli paketnya di bungkus rapih dan aman,5,0
alhamdulillah udah sampai tapi sangat disayangkan kok bisa rusak.. kecewa banget padahal udah sering beli... apes banget sih.. tolong di ganti ya mas barang yg kami pes...,1,3
"penjual sangat responsif, salah pilih ukuran, tetap dilayani sampai tukar ukuran yg sesuai. kaosnya juga bagus. langsung dipakai. ada kemungkinan mau order lgi. terima ka...",5,0
"sesuai dengan foto, bahannya cukup oke dengan harga segini, packingnya bagus",5,0
"kualitas bahan, jahitan, dll. bgus bet. rekomendasi dah😘👍🏻",5,2
sudah punya semua varian warnanya barangnya bagus dan nyaman di pakai,5,9
"bahannya bagus, jahitan rapi, tb 177 bb 68 size l pas",5,0
"kemaren sudah beli yg warna oatmeal ukuran l, sekarang beli lagi lyg warna charcoal ukuran l juga ternyata yg ini agak kecil 1-2 cm jahitan ditangan nya kurang rapih juga...",4,1
sesuai dengan di gambar pas juga dipakai cocok pokoknya 👍,5,1
"bahannya cukup oke, harga sesuai dan warna cakep",5,0
bahanya bagus nyaman di pakai seharian pokonya pasti beli lagi mantap👍👍👍,5,0
"ganteng kali aku pake baju ini bg😹,thaks you bg baju nya enak lembut kalo siang di pakai bahan nyaa adem",5,0
okeokeokeoekeokekekekeke kualitas produk: oke,4,0
kualitas produk: sangat memuaskan,5,0
"bagus sih ini, cuma kita liat nanti apakah awet apa ga. baru ini soalnya beli warna hitam",5,1
"bahannya mantap, adem, tdk mudah kusut, mantap lah",4,0
"barang no void minds gapernah gagal, keren",5,0
sangat suka sesuai dengan harga dan kainnya juga adem banget,5,0
gw kira bakalan biasa aja... ini baguuuussss bangeeet sialan pengen semuanya..... kasi tau gw kalo udah 50rebuan gw borong toloooong ini bagus asli dari bahannya aja udah...,5,2
product quality: 👍👍👍👍👍,5,0
bahan bagus adem suka bgt sama kaosnya,5,0
"bahannya bagus nyaman di pakai, pelayanan toko aktif dan responsif",5,0
"kirim cepat, bahan bagus dan jahitan rapi, packing kuat. seller tanggap dan semoga tambah maju",5,1
"kain kaosnya oke, berasa ga tipis ga tebel juga, kadang kalo uda kena dingin ikut adem, gasuka bagian lehernya yang karet gitu karna kulit sensitif jadi agak gaenak di le...",5,0
"kualitas produk: semakin menurun kualitasnya ga kayak sebelumnya bahannya, kalo jahitan rapi tapi kualitasnya ga sama seperti yg aku beli sebelumnya tolong di tingkatkan...",5,1
"ukurannya pas banget bahannya tebel, untuk harga segini bagus banget, pengiriman cepat, sayang yang abu2 ada benang lepas sedikit, tapi overall ok banget",5,8
product quality: ada bulu-bulu halus saya sarankan buat nvm untuk melakukan pengukuran ulang pada produk t-shirt reguler ini. karena ukuran yang tercantum di deskripsi ti...,4,1
"ukuran sesuai, bahan halus, enak dan nyaman dipakai.",5,0
"bagus sekali bahannya adem fit sekali, berbeda dengan yg over size beli sebelumnya agak tebal dan agak panas.",5,0
"waktu di coba bajunya terasa adem, untuk bagian dalam dan luar berbeda. bagian dalam lebih licin di bandingkan yang bagian luar. untuk ukuran m cutting nya pas di badan....",4,0
"modelnya bagus, cuttingan nya baguss banget, warna bagus, bahan luar dan dalam beda yang bahan dalam pas dipakai jadi adem, next bakal beli lagi insyaallah",5,0
"bahan oke, cukup tebal dan kualitasnya bagus, secara jahitan juga rapi, dan jatuhnya bagus ketika dipakai.",5,0
"barang sesuai pesanan dan real pict. warnanya bagus, bahan dalemnya halus. packing nya juga rapi pakai pouch",5,1
"beli 2 pcs lagi. bahannya enak, lembut, nyaman, ga bikin bau meskipun berkeringat.",5,0
"asli keren banget ini kaos polosnya, bahan adem ukuran nya pas di badan harga affordable, pokonya saya kasih bintang lima ya, thanks no void minds kualitas produk: sangat...",5,1
"produk sesuai deskripsi. bahan halus, berat & nyaman dipakai. semoga awet. mantap",5,0
"t-shirt yang keren seriusan.. ukuran l untuk bb 50 tinggi 165 sudah pas menurut ku,tidak terlihat kegedean bahannya enak,terlihat simple sekaligus mengkeren.",5,0
mantap barang bagus sesuai pesanan bahan bagus sesuai dengan di video wort it lah lumayan murah tapi barang bukan murahan bahan kualitas mantap dengan harga segitu mantap...,5,0
"tampilannya, jahitan, dan cuttingannya sih beda ya sama brand uqlo ini punya ciri khas sendiri cuma untuk harga segini udah gokil kalo dimirip”n kualitas bahan, cuttingan...",5,3
"bahan bagus , ukuran pas , packaging bagus",5,0
"agak kecewa sih,bahan tipis gak kaya yg overzize,trus ukuran m ny kek ukuran s,ukuran s ny kek ukuran xs muat tuk bocil umur 7 th,klau mau beli lagi hrus naikin 1/2 ukura...",4,0
"modelnya pas, cuman ukuran m agak kekecilan, mungkin ntar bisa order yg ukurannya lebih gede lagi. packing-nya juga keren.",5,5
"terima kasih bahan nya gak tebal dan gak tipis juga, adem",5,0
"kaosnya bagus banget bahan mirip sama dengan uniqlo , kualitas produk no void minds memang yang terbaik, bakalan beli lagi dah",5,0
"asli, kece banget. nvm ga pernah gagal bikin produk. product quality: grade a+",5,0
kualitas produk: bahan bagus .. berkualitas,5,0
"pengirimannya cepat, suka banget sama packagingnya terkesan mevvah dan premium, kondisi barang dlm keadaan baik, kualitas bahan kaosnya jg terasa bagus, semoga bisa selal...",5,0
"kualitas produk: enak bahan nya kualitas top, gw rekomendasi sih, and next gw bkl beli trus baju disini packing nya juga rapih keren",5,0
kaos nya bagus walau sesikit agk tipis tapi nyaman dipakai. ukuran nya beneran reguler.,5,1
"juara lah bahannya.. gokil super fast respon, product good & seller recommend . thanks",5,0
kualitas produk: mantul... bahan kain enak dan nyaman,5,0
"packingannya bagus, kliatan prestige. bahannya jg lembut nyaman",5,0
"product quality: bagus, dapat yg kurang rapi. ada bagian lengan (sobek jahitan) dan kerah spt difoto. untuk panjang kaos lebih pendek drpd yg sdh pesen sebelumnya padahal...",4,0
"pertama kali belanja di nvm sentuhan pertama saat pegang kaos ini, rasanya enak sekali lembut, alus dan berbeda dari beberapa kaos yg pernah saya beli dari store lain...",5,0
"udah beli yang ke 3x nya dan seperti biasa sangat puas sama barangnya, tapi sayangnya tag nya beda ngga kaya yang dulu apa karena ini reguler makanya tag nya ngga bisa bu...",5,1
"produk oke, pengiriman cepat, packing standar, harga normal, mantap lah pokoknya",5,0
mantap bajunya bagus adep dipakai ukuran pas di badan jahitan rapi.,5,1
"ternyata bahan nya bagus banget ya ini kaos. dan langsung pas di badan saya yg tb nya 158cm. biasa nya stiap saya beli kaos, pasti di kecilin ke tukang jahit.alhamdulilla...",5,0
gak usah bacot kualitas jelass terjamin bagus,5,1
"pengiriman cepat, admin mantaps, bahan enak banget",5,0
"ukurannya pas di badan, kualitas bahan ok mudah mudahan tidak gerah saat digunakan",5,0
"kualitas sangat bagus, kain tidak transparan, tebal seperti dinding pertahanan manchester united, pengemasan rapi seperti politikus yg baru diangkat, pengiriman juga cepa...",5,6
mirip si tapi kek 11 12 kurang tebel dikit aja ai,5,0
kualitas produk: bagus ini order yg kesekian kalinya unk kualitas produk ini jangan diragukan lagi.buktikan sendiri,5,0
kualitas produk: bagus ukuran: pas jahitan: rapi warna: sesuai,5,0
"gak sia"" beli baju ditoko ini bahannya sangat bagus jaitannya sangat rapi",5,0
"bahan bagus ,,tebal,,,warna sesuai,,cuma salah ukuran aja,,,yg xl lebih besar kyk xxl ,,",5,1
packing sangat bagus. kualitas produk: baik,4,0
bahan halus nyaman juga di pake tpi sayang agak kecewa sedikit karna ada yg lecet,4,0
"kena iklan tiktok iseng ae beli, dan bener ga nyesel sih emang adem gamudah kusut dan enak banget dipake main muay thai",5,0
"hebat bahane enak dulur, cuman salah ukuran tok",5,0
alhamdulillah barang sudah sampai bagus sesuai dengan gambar mantab size sesuai dibagian leher juga pas,5,0
kualitas produk baik tapi sayang salah pilih ukuran tb 167 bb 71 seharusnya pilih size l,5,0
respon toko cepat. produk sesuai deskripsi.,5,0
wah... inimah premium.. bahan ny jg adem 👍,5,0
barang nyampek dengan baik kain nya lembur adem nyaman dipakai ukuran nya alhamdulillah pass👍,5,0
"alhamdulillah barang sudah sampai di tangan, barang bagus dan lainnya lembut banget 👍👍👍👍",5,0
"panjang baju nya sekarang terlalu pendek, biasanya pass bagus sekarang order 5 pcs malah cuting nya pendek banget . sering order l sebelum2 nya bagus panjang dr atas ke b...",3,1
- warna smoke ukuran l pembelian 2024 kualitas tebal dan jaitan sangat rapih. - warna hitam ukuran l pembelian hari ini 2025 kualitas tidak setebal seperti yg sy beli 202...,3,0
"bajunya adem, tebal & lembut. paketnya dikemas rapi dan elegant. sangat recommended buat kamu yg cari kaos berkualitas",5,0
"produk nya oke banget jirlah bintang five, meskipun pas pertama kali pesen di cancel dibilang stok nya abis padahal di live bilang nya ada",5,0
barang nya bagus sesuai yg digambar dan kualitas baju nya jugaa baguss pokok the best 🙏🏻,5,0
wow.. kaos ny lembut halus enak di pake 👍🏼,5,0
"the best poknama,lancar selalu dan tetap amanah. untuk kaosnya udah jangan diragukan lagi silahkn nilai sendiri",5,0
bahan nyaman dan adem ..mantauuppp bangt pokoke,5,1
"bahannya lumayan lah tapi kecewa aku pesannya l malah di kirim xl, udah bajunya sampe lama ehh udh sampe slh ukuran pula",4,0
"alhamdulilah, barang sdh sampe dengan selamat, dan untuk kualitas sangat bagus,",4,0
"kaosnya bagus. kainnya bagus, nyaman, adem dan ringan. packingnya juga aman. mantap deh 👍",5,0
"bakalan jadi langganan ini mah barangnya sesuai pesanan nyaman lagi di pakek nya,tiap bulan co 1 trus ini mah …🤣🤣😭",5,0
"muantap, cepet banget dikirimnya dan bahan adem 👍🏼👍🏼👍🏼",5,1
kainnya bagus nyaman packingnya rapi.. recomend,5,0
bagus nyaman dipakai semoga awet dipakai terimakasih,5,0
bguss cuman kehabisan yang reguler jadi di kirim yang oversize 🙂‍↕️ tapi ga papa bagus jugaa yang penting kerah nya ga melar ngepas gitu di leher suka,5,2
"kualitas produk: baik, memuaskan. sudah pesen kesekian kalinya",5,1
"alhamdulillah barang sudah sampai di tangan, nyaman banget di pakai 👍👍👍👍",5,0
"potongan pas, warna bagus, kain haruss bb 71,tinggi badan 158 enak",5,0
bagus banget fit ke badannya great job nvm!,5,3
"pengiriman lama banget, jd malas mau beli lagi, paket terombang ambing gak jelas, kaosnya kwalitas bagus",5,0
"kualitas produk: best ga bosen bosen beli disini, dah pasti sesuai gambar 🔥",5,0
"kualitas produk: baik, memuaskan sudah pesen yg ke sekian kalinya",5,0
"udah ke 2 x beli brand lokal ini suami suka, bahan adem, jaitan rapi. sizenya jg pas . trmksh...",4,0
barang tidak sesuai dengan yg di live,2,0
baju nya bagus sampai dengan aman di pakai jugak adem cocok lah pokok nya next order disni lagi rekomended banget,5,0
baju nya keren bahhan nya jugak bagus 🙏 kualitas produk: mantap,5,0
"paket sudah di terima dengan baik. kain kaos ketebalannya biasa aja , hanya dingin dan nyaman di badan. untuk model : classic.",5,0
bagian ketiak dan kerah nya jahitan ga rapi.,3,0
"barang sesuai deskripsi, tidak ada cacat. bahan nyaman dipakai, jahitan rapi, fitting pas dibadan. recommended.",5,0
"keren, udah 3x cuci ga berbulu, jahitan juga rapih",5,0
"cukup oke kualitasnya, agak mirip tapi ga mirip banget. yang hitam kok agak beda ya bahannya sama yang abu abu?",5,0
product quality: barang sesuai deskripsi dan variasi. respon seller cepat dan pengiriman di hari yang sama. packing tebal dan safety,5,0
kualitas produk: bahan halus dan tebal cocok untuk seharian,5,0
"baru sempat kasih ulasan, karena emang baru dipake. kualitas kain bagus, emang tidak kusut tapi masih ada bekas lipatan.",5,0
"agak nyesel, kok baru tau sekarang.. baju.y bagus, ukuran.y pas, mana nyaman dipake lagi.. harga segitu, bakal beli lagi lah..",5,0
promosinya kwalitas premium realitasnya kwalitas sangat buruk jahitan gak simetris ngasal,1,0
kualitas produk: bahan tebal dan alus dingin di pake seharian,5,0
"kecewa banget beli dua dengan ukuran yg sama tapi kenapa bahan dan ketebalannya berbeda, bahkan ukurannya berbeda lengan, leher, dan panjang baju. padahal menurutku harg...",2,0
"kecewa banget beli dua dengan ukuran yg sama tapi kenapa bahan dan ketebalannya berbeda, bahkan ukurannya berbeda dari lengan sampai leher dan panjang baju padahal menuru...",2,0
"bahannya bagus, kualitas top, yang paling penting seller sangat komunikatif bantu saat ada kendala dengan pengiriman, makasih ya gan, next bakal repeat order lagi",5,0
"kecepatan waktu pengiriman luar biasa, pesen kemarin hari ini sampai untuk bahan oke, cuma untuk size seperti kecil, belum saya ukur dengan meteran sih, tapi saya biasa p...",5,0
"overall bahannya enak, apa lagi kalo dapet di harga 60-70 rb. walaupun gak se adem yang diharapkan tapi masih oke. pengen ngebandingin sama airsm tapi belum pernah coba.",5,0
"bahannya alus banget enak dipake, bahannya adem, semoga awet",5,0
barang sesuai untuk 170/65-70 fittingannya pas banget size m kalau mau loose tentunya pakai size l hanya agak panas bahannya,5,0
kualitas produk: bagus anti kusut bahan yaman tebel,5,0
"bahan oke, gk kalah sama brand sebelah, tapi pengiriman lama sekali sampai 2 kali gagal jemput barang, mungkin kedepan nya di perbaiki kecepatan pengiriman nya ya, terima...",5,0
"ukuran pas, bahannya tebal dan nyaman. love it",5,0
"no comment si.. sebagus itu, udah c.o lagi 2buah. saran aja, kasi stiker ny dong ka😭",5,0
"bahannya tebal, sepertinya ada campuran bahan polyster atau nylon jadi bajunya agak mengkilap. dipakainya lumayan adem",5,0
"kualitas produk: bahan adem, anti lecek, dan fittingnya bagus banget",5,1
"ini udh pembelian ketiga. sebagus itu dan emang asli adem bahan nya, gak gampang kusut biar d pake seharian. pengiriman juga cepet banget.. aduh pengen koleksi semua warn...",5,0
"puas banget sama aslinya, bahannya gak bikin gerah waktu di pakai",5,0
"kemasan produk bagus,tampilan kemasan juga bagus,cuman sayangnya bahan kain yg digunakan agak asing dibadan ,atau memang saya yg kurang faham jenis kain ,gatau dech,untuk...",4,0
"bahannya lembut, adem dan gk bikin gerah saat hari panas nyoba beli yang reguler fit, next bakal order yg oversize masih ngincer warna carbon heheh",5,0
"barangnya dah sampe, bahannya enakk dan adem. pengirimannya sesuai estimasi. makasih 🔥🔥",5,0
"ada beberapa lubang kecil di pundak dan disayangkan buat orang yang punya ocd, tapi overall bagus, cuttingan nya pas, nyaman, sejuk",4,0
packaging bagus banget. tapi barangnya sendiri sebenernya bahannya ketebelan. bukan tipikal kaos yang cocok buat dipake nyantai di rumah gitu,5,0
"model keren, bahan bagus, ukuran pas. nyaman",5,0
"kualitas produk: kualitas sangat baik, adem, nyaman",5,1
"warnanya agak beda ma yg ku pilih , tapi bagus jugag 👍",5,0
sudah seperti merk/brand sebelah dengan harga sangat terjangkau padahal pesan mendekati lebaran ternyata cepet juga sampai padahal pengiriman reguler respon sellernya ram...,5,0
"pertama kali beli di no void mind, semoga pada saat dipakai memuaskan, hanya dari tangan juga sudah memuaskan sih, admin live juga fast respond, dan sangat ramah, semoga...",5,0
"alhamdulillah sampai. keren, ukuran pas, cuttingan oke, bahan halus nyaman dikenakan.",5,0
"paket nyampe dgn aman gada cacat juga, overall bagus bahannya 👍",5,0
"cuttingannya pas buat badan saya, bahan bagus, enak dipake. udah pembelian yg ke sekian kali",5,0
"fitnya cocok di badan saya yang berisi. untuk kualitasnya sendiri serasa ada downgrade dari varian oversize yg pernah saya beli dulu, kainnya lebih tipis dan kasar, mungk...",4,5
modelnya bagus bahannya mantap tidak panas 👍👍👍,5,0
asli keren bgt ini mah. bahan lembut halus agak tebal lebih flexible. sesuai harga lah. mantap,5,1
fittingnya bagus bgt di badan tp bagian kerahnya agak ngetat ya. bahannya anti kusut dan enak bgt cuttingnya cuma ga terlalu menyerap keringat jd agak gerah. kalo dipake...,5,0
bahan lumayan tebal.. lembut. cocok dipakai dimalam hari dicuaca dingin atau di tepi pantai yang gelapa ditemani kerlap kerlip bintang nun di ufuk sana...,5,0
"bagus banget bahannya, adem, nyaman dipakai",5,1
"saya beli ukuran l, cutting tinggi cuma 55 cm. saya kira memang seperti itu. lalu saya beli lagi ukuran l, dapet 55 cm juga. setelah sebulan dipakai, saya baru tahu bahwa...",1,2
"barang sampai dengan baik , seller ramah fast respon, cm kendala di pengirimannya saja",5,0
"bahan halus, dan cutting size nya rapi. saat dipakai nggak bikin gerah",5,4
bahan premium recomended kualitas produk: sangat baik,5,0
"bahan bagus, fitting kaos presisi, nyaman dipakai",5,3
"yg ngarep tebel, jangan beli ini bahannya tipis dan adem banget di pake sehari-hari dan saran saya jgn 100% percaya sm host live ny dlm memilih ukuran, mending di pertimb...",5,0
produk dan handfeel nya bagus. bagian leher jg bagus. cuman bagian panjang baju kependekan di saya dg tb 169 bb 61 pake size l. saran sih panjang baju tambah lagi.,4,0
"pembedaan bahan kak,,,bagian kera warna steel pas,ketika yang chorcoal malah longgar kerah nya",2,0
"warnanya agak lebih gelap dr ekspektasi. but it's ok, bahannya bagus dan nyaman dipakai",5,0
"proses cepat, untuk bajunya bahan adem dan untuk ukuran l juga cocok buat saya yang tb 169 & bb 62",5,0
jahitan rapi dan bagu kualitas produk: baik walopun agak panas pakenya.,5,0
baju sangat fit di badan untuk ukuran l berasa seperti m tapi masih ada daya strech yg lumayan. baju ini saya rasa cocok jika dipakai untuk olahraga atau aktifitas fisik...,5,1
bahannya enak ukurannya juga pas dan sesuai,5,0
"bagus, bahan nyaman cocok dengan cuaca yg fanass",5,0
"alhamdulillah, paket sampai dengan cepat. produk berkualitas, di badan pas, nggak panas.",5,0
"suka banget material aezy, ngak tipis dan ngak gampang lecek. beli lagi sih pasti nihh",5,0
"sesuai deskripsi, bahan lembut, cuttingan rapih. sepertinya bakal repeat order",5,0
kualitas produk: bagus dan nyaman dipakai unk pengiriman cepat sekali..ini order yg kesekian kalinya.,5,0
paket sdah diterima dan sesuai dengan pesanan.. kaos bagus bahan bagus nyaman dipakai dan sangat rekomended,5,1
kualitas produk: bagus sekali sangat nyaman,5,0
"fit. bahan adem. sepertinya anti kusut, mari kita liat. knp bintang 4? karna harganya ga jelas fixnya brp, kmren dpet harga di 94k (diskon dr 99k), akhir2 liat harga 74-7...",4,1
"mantep bahannya, size l fit di tb 177 bb 77 cuman jangan sembarang laundry takut nyusut jadi kekecilan. next bakal order lgi",5,0
"kemasan paket 👍, fittingan pas, enak dan nyaman dipakai",5,0
bahannya okelah. gk tebal gk terlalu tipis.. cm ukuran l sy rasa cuttingan nya terlalu pendek..,4,0
keren bahannya bagus nyaman terus ngepas di badan,5,0
kualitas produk: bagus,5,2
"pembelian kedua dan masih terjaga kualitas-nya, kaos adem, bahan bagus dan tebal..",5,0
ok mantap ukuran pas bahan seperti campuran katun dan poliester agak tebal tp adem,4,0
"bahannya oke bgt, udh dicoba beberapa kali dan udh dicuci pertama kali. fit nya pas juga untuk gua yg tinggi 177 tp berat 92 kg. alternatif yg oke bgt kalo mau kaos war...",5,0
"suka banget sama bahannya, tebal tapi adem. fittingnya jg bagus",5,0
bahannya enak dipakai ukurannya pas untuk saya dg bb 85,5,0
"bahan adem, nyaman dipakai pas dibadan. recomend t-shirt 👍🏻",5,0
bahan bagus sangat pas ukurannya paking mantap,5,0
bahan adem ukuran sesuai tapi sepertinya warnanya tidak sesuai pesanan🥲,5,0
"order ke 2 dg warna beda bahan bagus, enak dipakai ukuran pas utk tb 170 bb 65",5,6
"kata host live mirip2 sma merk uniql* tpi nyatanya enggak, beda jauh, bahannya tipis banget",1,1
"bahannya mahal, no kusut, size pas, oke banget",5,0
kain lembut kemasan aman bgt nyaman pokonya kalo di pakai tapi asal jgn makan jgn ini bukan makanan kualitas produk: gg bagus bgtttt anj,5,0
"kualitas produk: bagus bahan nya, sesuai pesanan",5,0
modelnya keren berat badan 75kg tinggi badan 170 pakai ukuran m pas dan nyaman bahan lembut dan adem semoga awet dan tdk cepat berubah warnanya,5,2
"kemasan oke, cakep, bahan adem, cutting-an top 👍",5,0
bajunya kecil gak cocok buat d pake pakah bisa d kembalikan lagi,1,0
cakepny kebngtan kaosny pngen beli lg deh,5,0
bahan baju agak tipis belum bisa kasih nilai lebih y 🙏🏼,4,0
"produk baguss, packaging nya niat bgt, kerenn smpe ke pack pengirimannya detail. good job, sukses terus. abis ini mau order lagi hehe",5,0
sudah landet sengan sempurna trims kurir langganan ternyata,5,0
"mantep banget, ukuran pas, bahan enak, puas dah",5,0
puas banget sama kualitas bajunya kain nya adem dan tidak dapat melar. untuk tb 177 bb 77 ukuran l sangat pas tidak kebesaran & tidak kekecilan👍,5,1
"mantap bgt. klo badan lu bagus, pake baju ini lebih mantep drpd oversize",5,0
emng produk nya enak banget gak nyesel tapi lebih ke kenapa varian warna nya cepet abis,5,0
"bahan nya oke lembut banget pegiriman cepat sekali,, realpict",5,1
"bahan oke, ukuran sesuai dengan yang dijelaskan",5,0
"bahan lembut adem nyaman dipakai, warna solid",5,0
"bahannya adem & ringan, jahitannya juga rapi. sangat bagus",5,0
"pengiriman rapi dan aman, di packing rapi dan bahannya mantap",5,0
"bahannya premium, dalamnya enak banget klo bersentuhan sm kulit jdnya adem",5,0
kualitas produk: bagus b10 nyaman adem the best dah,5,0
"bahannya bagus, jahitan rapi, ukuran sesuia",5,0
"bahannya enak utk dipakai olahraga. biar ⭐ yang bicara. pelayanan ramah, proses lincah, packing aman.",5,0
bahannya oke bgt! sangat2 premium dengan harga murah 🔥,5,0
"nyaman untuk pemakaian, sesuai dengan ukuran yang dipesan terimakasih",5,0
"kualitas produk: sangat sangat bagus,dan sangat puas",5,0
tb 173 bb 61 pas dipakai and cocok jg buat nge gym,5,0
bahan kwalitas premium..warna sesuai pesanan.,5,0
"bahan bagus, lumayan tebal lah sesuai harga😁",5,0
"amanah ni , real pic ,,, penjual fast respon ,, kurirnya baik pelayanan antar cepat sampai … mantabb 👍",5,0
udah chekout berkali2 karena sebagus itu bahan nya meskpun harus tukar ke2 x karena penasaran bkal jadi langganan terimakasih tokonya amah jangan ragu beli di sini gaes,5,0
kaosnya bagus. sesuai dgn deskripsi. bahan tebal,5,0
dipakai pertama kali sih bahannya adem. ga tau nih setelah dicuci gimana,5,0
"bahannya lumayan nyaman, fitting slim size bagus, harga terjangkau. minus, fitting bagian kerah terlalu sesak. jadi tidak nyaman dipakai. andaikan bagian leher dilongga...",3,10
barang bagus sesuai dengan diskripsi & respon cepat,5,0
"pengiriman cepat, kualitas kaosnya juga oke sesuai deskripsi",5,0
barang nya sesuai halus tebal gak gatal pokoknya mantap next order lagi mah kalo ini,5,0
cukup tau aja,2,0
pas di badan bahan lembut pengiriman cepat,5,0
lah kocak pesen 2 regular fit dikirim satu nya oversize,4,0
"bahan bagus, untuk tb bb 172/65 ukuran pas",5,0
"bahannya bagus, worth lah ya, bisa buat olahraga jg.",5,0
pengiriman cepat packing rapih kualitas bagus,5,0
"barang sesuai pesanan, warna bagus, bahan bagus",5,0
no void mind aezy selalu memuaskan tiada kecewa dengan kualitas bahan,5,0
"bahan nya bagus dan adem, cuttingan nya juga bagus",5,0
warna elegan sesuai dg pesanan dan bahan adem dipakai,5,0
"dengan harga segitu bahan dan cuttingan nya totally worh it. bener2 bagus, pengen coba warna lain",5,0
"bahan enak sekali dipakainya, sangat recomended",5,1
"bagus, berkualitas seperti biasanya, sayang salah pesan model",5,0
"kualitas produk: bagus, tapi yg warna hitam agak kekecilan padahal ukurannya sama:(",4,0
"beneran senyaman itu untuk dipakai seharian, warnanya sesuai ekspetasi, keren",5,0
review jujur ya. kelebihan : 1. bahan adem 2. nyaman dipakai 3. warna sesuai di live,5,0
produk yang super sekali. penjual yg baik hati. jual barang berkwalitas dgn harga yg sangat bersaing. terus sukses ya,5,0
oderan yang ke 2 kali nya serius ini enak banget si t-shirt nya akhirnya nemu juga t-shirt yang selma ini di cari pasti jadi laganan. semoga kualitas nya tetep di pertaha...,5,0
oke udah baju ke 8 dan suka semua pokoknya,5,0
kualitas barang cukup bagus dan pengiriman barang cukup cepat.,5,0
kualitas produk: oke lah jujur salah ambil size😅,4,0
"kualitas bagus, sesuai deskripsi, semoga awet",5,0
ukuranya pas bgt. modelnya bagus. pengiriman cepat. terimakasih banyak. semoga makin sukses dan banyak orderanya ya,5,0
⭐️⭐️⭐️⭐️⭐️ original packing rapi bagus pengiriman cepat,5,0
"enak banget bahannya, anti kusut kusut club pokoknya, udah beli yg ke 4 kalinya 🤣",5,0
bahan bagus ukuran sesuai keterangan.,5,0
"barang sudah datang, bahan bagus, pas di badan",4,0
barang sudah tiba sesuai dengan poto ny tpi pengiriman sicepat nya lama padahal satu nya lwat n&t 3 hri sdah smpai .,5,1
paket sudah di terima makasih untuk semuanya. bahan kaosnya halus jahitan rapi . belum dicuci moga aja setelah cuci bentuk kaosnya gak berubah jadi melar,5,1
"barang di terima dengan baik, ukuran sesuai dan bahan adem",5,1
"barang bagus dan packing aman, pengiriman cepat",5,0
enak nyaman 👌🏻 size m nya super fit dibanding brand lain.,5,0
"asli bagus bgt bajunya, enak dipakai adem",5,0
"barang sesuai deskripsi, packing aman, trima kasih.",5,0
pesanan sudah sampai. kaosnya bagus. bahan bagus. adem. jahitan rapi. sesuai foto,5,1
"lain kali beli lagi , bagus bahannya",5,0
"wah mantap bahan kous nya tebal,rekomed dari mba luchy wiryono pengamat motogp,.saya pesan xl muat lho di bb 90, mantap next mau pesan lagi👍",5,0
"cukup bagus 6,5/10, warnanya kurang suka, mungkin karena trllu ekspetasi tinggi. 171/66 uk m regular pas.",3,0
"untuk kesekian kalinya belanja di nvm, tapi kali ini coba yang regular nya.keren banget bahannya adem dan untuk ukuran sangat pas. nex bakal order lagi 👍👍👍",5,0
"tb 165 bb 75, ukuran m press tapi ga ketat2 banget enak, nyaman, lembut recomended bgt",5,0
"okee banget pokoknya, ini pembelian kedua setelah beli yang model oversize. kali ini yang reguler fit semoga cocok. terima kasih no void minds",5,0
it is rlly good,5,0
"pesan yg kedua kalinya kain nya agak tipis jahitan ga rapi ambil ukuran s malah kekecilan di bandingkan pembelian yg pertama, sedikit kecewaaa",3,1
seperti biasa produk ny gak perna ngecewain dan aku suka sama katingan yg lite ny pas banget,5,0
untuk bb 82 dan tinggi 166 ukuran l sangat fit,5,0
"kualitas ok. tp sayang reguler size l koq pendek amat yak 68 cm, hadeuh, bingung sm size no voids mind, sekedar saran l panjang 70 cm aja.",4,0
baguss bangetttt bangettt bangettttt kainnya enakeun packagingnya jugaa rapih pengirimannya jugaa cepet meski sempet ada kesalahan di ekspedisinya tapi adminnya gercep la...,5,0
"bajunya mantap, fitting pas. overall puas banget!! nanti mau order warna lain lagi. minusnya cuma pengiriman agak lama. bintang 4 dlu yah 🙏😅",4,0
bahan gak usah tanyak sana sini.. udah jellas² enak. 11/12 bren sebelah. goooooooddddd,5,0
"produk sesuai deskripsi, diterima dgn baik, pengiriman cepat, as expected.",5,0
"kualitas produk: jujur bagus banget bajunya, tapi yg sampai nggak sesuai warna nya yg saya pesen smoke sama cloud, tapi yg datang malah warna smoke dua""nya, udah saya tul...",4,0
"barang sesuai di iklan dan gambar, pengiriman cepat",5,0
kain nya adem..sesuai ekspektasi. keren..bakalan repeat order,5,0
mantul lah dengan harga segini tp masih punya kualitas good job,5,0
polos simpel nyaman dipakai 🔥,5,0
warna putihnya agak kuning kirain putih ke abuan ternyata beda dari bayangan tapi tetep suka sih,5,0
"ok, belum dipake, semoga bikin nyaman. thankyou",5,1
bagus bahanya sesuai deskripsi pengiriman cepat,5,0
"alhamdulillah paket saya sudah datang , barang bagus sesuai pesanan, makasih semuanya🙏👍",5,0
"modelnya keren, pas di badan dan bahannya comfort",5,0
mau upgrade semua t shirt ke nvm 🥲 bagus bet udeh punya 3,5,0
bagus halus dan sesuai gambar. cm uk xl nya kecil bener,5,0
"ekspektasi saya warna oatmeal itu bakalan yg bagus perpaduan warna abu & putih tulang gitu seperti yg saya lihat di vt orang2, tapi ternyata ini warnanya lebih ke cok...",5,0
"bahan bagus,sesuai 👍👍👍",5,4
"packingnya rapi, kualitas baju halus tp bahan tipis, hmm okelah dipake untuk kaos dalam aja oke",3,0
"nice!!! packing rapih, bahanny premium, sangaat rekomendasi untuk yang suka kaos polos tampilan elegan, thank youuuu !!!",5,0
ganeysel beli ini tapi nyesel karna varian warna nya cepet banget habis,5,0
kualitas produk: pesen yg ke 2x nya langsung 4,5,0
"packingnya rapi, baju halus tp bahan tipis, hmm okelah dipake untuk kaos dalam aja oke",3,0
"saya beli oatmeal tapi yang dateng seperti nya tidak sesuai sama foto, sy tidak tau ini oatmeal benar atau emng clay",4,0
"barang sesuai pesanan, pakaian nya nyaman buat daily outfit",5,0
mantap kainnya ukuranya juga pas cuma memang lumayan lama saya menunggu di hitung dari saya memesan sampai tiba itu 12hari... tapi produknya sih oke mantap deh pokoknya,5,0
"sipp, pas dibadann… pengiriman cuman 1 hari josss",5,0
"barang sudah sampai, sesuai deskripsi, packing aman. trima kasih.",5,0
"bagus banget pokoknya, dan enak banget di mix and match nya",5,0
"barangnya bagus, dan pengirimannya sangat cepet bgt keren sihh . thankyou seller",5,0
"pertama kali beli dan bagus bgttt bajunyaaa, rapih juga packaging nyaa, pengirimannya juga cpt bgt suka!! 🤩🤩",5,0
-sesuai deskripsi -pengiriman cepat -cakep jd bisa diulangi beli lagi,5,0
"sesuai pesanan, sayang banget warna cloud nya habis, semoga nanti di restock lagi",5,0
first time order beli baju nvm rupanya sebagus itu bahannya adem dan sejuk juga,5,0
"pola nya kecil jadi saran ambil 1 size diatasnya apalgi bahannya tipis, tb 160 uk m tpi seperti s . cukup 1x aja belinya, gaada tuh airsm sprti uni",3,0
"mantap makan atap, apotek tutup gada obatt",5,0
"barang sesuai pesanan kak terimakasih ukuran l , bahannya lembut",5,0
"bahan nya bagus adem josss, beli 60pcs ga ada yang kurang",5,0
jahitan rapi. sy tinggi 173 & bb 100 kg cocok pake size xl,5,0
"modelny keren, fit nya bagus bgt. next bakal bdli di sini lg.",5,0
"nnti nambah lagi :3, enak ini buat pake ngantoran",5,0
"ga kecewa deh... udah sekian kalinya beli, bagus bahan nyaman dan keren dah.",5,0
bahnnya bagus lembut gak nampak murahan...,5,0
"barang sesuai, pengiriman cepat, semoga berkah. terima kasih.",5,0
mantappp pengiriman barang nya cepat alhamdulillah,5,0
mantap tapi salah beli harusnya yang oversized 😭 auto beli lagi yang oversized 🥳,5,1
"tidak sesuai , panjang baju l dengan xl sama aja. jdi nya kekecilan di sya. seharusnya panjang baju",1,0
done sesuai warna dan ukuran udah 3x order dan suka warna2 soft nya hehee tinggal warna putih nih yg reguler belum punya dan keknya yg reguler juga belum loncing warna pu...,5,0
"min ni yakin ukuran l, ko sama sama m nya, cmn beda dilebar aj.",4,0
luar biasa sangat nyaman sekali di pakainya.,5,0
"size s nya kekecilan,minta tukar ke size m",5,0
detail baju nya kurang rapih tapi untuk bahan aku suka,3,0
sangat bagus dan tidak kusut sensasi dingjn yang nyaman,5,0
"tolol, di size card 68cm tapi barang nya 62cm penipuan ini jgn beli di sini saran saya",1,0
dengan harga agak mahal tapi kualitas biasa saja dengan barang yg biasa saya beli harga sama tp kualitas bagus..,3,1
bahan adem ukuran pas sesuai postur bb 65 uk l aja,5,0
nyesal bgt mesan di sini mesan nya dua warna yang berbeda tapi yang datang warna nya sama mana nunggu nya lama bgt mesan 30 juni datang 20 juli gak amanah kecewa berat,1,0
"bahanya adem, pas + nyaman jugaaa.. sipp sipp",5,0
baru pertama beli coba² ternyata emang bagus nnti co lagi,5,1
produk yg dikirim sesuai deskripsi.. respon + pengiriman nya cpt!,5,0
"jangan sampai kualitas menurun, soalnya brand ini sudah menjadi andalan utk beli kaos",5,0
"bagus sih, worth it buat harganya, recommended 👍",5,1
beli yang ke-4x dan selalu memuaskan..keep up the good work..,5,0
bagus banget melar elastis warna sesuai ukuran pas. buat bb 65 tb 165,5,0
"sesuai ekspetasi, bb 60 tb 160 saya ambil s pas",5,0
cuttingan ny bagus ngefit di badanku,5,0
so far produknya cukup bagus dan worth the price cuma ada kesalahan produk yg dikirim aja pesen charcoal tp yang dikirim carbon next lebih teliti lg untuk barang pesanan...,3,0
"barang, warna, ukuran sesuai. pengiriman sangat cepat",5,0
"modelnya keren kaosnya, bahan enak. raumum.",5,0
"ini kedua kalinya sy beli...tanpa dibuka sy sdh tau kualitas tees ini.keep the good work, selalu berinovasi & stay humble",5,0
sesuai bagus,5,0
paket sampai dengan selamat. udah punya yg oversize. sekarang mau coba reguler. bahannya adem,5,0
dengan harga sgini menurut ku kurang bagus bahan juga tipis dan panas kayak bahan baju di pasar ga wort it dan juga ovet claim beda sama di deskripsi,1,0
product quality: kecewa dengan kualitas jahitannya padahal baru banget dipakai sekali,1,0
baru x ini puas dengan kualitas bahanny tb : 165 (cm) bb : 55 (kg) size : m,5,0
mohon maaf kaosnya tidak bisa saya gunakan karena cutting leher terlalu sempit. ketika dipake terasa sesak dan tidak nyaman.,2,3
"pengiriman cepat, bajunya sesuai yg diharapkan",5,0
paket sdh di terima dan kualitas emang sebagus itu jgn ragu beli di toko ini next time beli lgi di sini,5,0
"bagus, udah dua kali beli disini dan hasilnya mantap, rekomen deh",5,0
"bahannya nyaman, sizenya juga sesuai ,sudah 2 kali ku belanja d sini dan nagih banget. next time ku belih lagi",5,0
produk keren dan berkualitas. pengiriman aman 👍👍,5,0
"bagus, packing rapi, bahan halus",5,0
kualitas bagus tapi ini dapetnya emang satu aja atau salah yaa?,3,1
"kereeennn, enak dipakai...bb ku 92kg xl pas banget ga yang sesak modelnya...mantap lah pokoknya 👍🏽",5,0
mantaaaap...bahan yg enakeun dibadan...pas banget,5,1
pas live di bilang anti gusut pas di buka baju y gusut di tipu bahan y ringat bahan y kasar kecewaaaaaa aq,1,0
"terlalu biasa aja bajunya gk sesuai sama yang di kontenin orang"" yang katanya bahannya alus banget kayak uniqlo,terus baru dibuka dari plastik nya kayak buluan gitu l...",1,1
"bahan tipis, tidak sesuai klaim, punya yg uniqlo lebih tebal jauh… perbedaan kemiripan di 95% lain kali kalau bikin statement gak usah lebay!",2,1
bahanya adem dan tebel. bagusssssss banget,5,0
"barang yang saya pesan sama sekali tidak sesuai, pesanan saya salah ukuran, yg saya pesa uk l yg datang malah uk m, terus pesanan saya cuma satu pcs doang yang di kirim y...",1,0
"bahannya bagus, nyaman di pakai",5,0
"pas dan fit di badan, keren👍🏼👍🏼",5,0
"gak espek sebagus ini barangnya, keren sih.",5,0
pesanan sesuai permintaan dasar nya bagus,5,0
"kualitas produk: sz m nya terlalu kecil, saran buat yg mau beli mending naik 1 sz aja. terimakasih..",1,1
kualitas produk: tebel ukuran pas,5,0
"barang sudah sampai sesuai pesanan, pas bngt dibadan",5,0
"jauh bgt dari klaim yg katanya mirip uq, bagian dlm aezy lebih mirip bahan scuba, kasar, tipis & terawang, sesuai lah sm harganya, ekspektasi saya yang ketinggian, nyesel...",2,0
size chart nya ga sesuai masa size l panjang nya cuman 64cm?? ga bener ini baju jadi nya..,2,1
"barang sampai sesuai pesanan,pengiriman sesuai dengan waktunya",5,0
bagus dan cocok utk cuaca panas,5,0
bgus bahan enak nyaman di pakai,5,0
agak lebar kiarin bakal ngepas gitu,4,0
kualitas produk: bagus bahan adem,5,0
bahan halus bagus sesaui real pict,5,1
"kualitas top dah, lembut di kulit. semoga awet",5,0
"saya beli ukuran l warna charcoal, beda dengan ukuran l yang sebelumnya saya beli warna sand. panjang baju lebih pendek 2 cm. seperti cuttingan boxy .",3,0
"emmm, sebenarnya bagus"" aja kaosnya, tapi pesen oatmeal dikirim sand dan tidak ada konfirmasi. sebaiknya lain mungkin lain kali bisa dikonfirmasi dulu kalau memang st...",3,0
bagus bgt👍🤟 (bb 160 tb 66 size m) fit di badan,5,0
alhamdulillah sudah sampai barang bagus adem di pakai mantap,5,0
sudah sering pesan. pesan yg reguler yg datang malah boxy,3,0
pembelian kesekian bagus buat regular fit nya saya salah beli harusnya oversize 🥲,5,0
wwwuuuuuuunak banget ini sih rekomend banget kaos polosnya,5,0
kemasan ya cantik dan memuaskan lah bakalan order balik ini,5,0
"ukuran pas, kainnya adem nyaman",5,0
"cakep broh jangan ragu, biar bintang yang berbicara!",5,0
"super rapi, barang bagus adem ukuran pas",5,0
"barang sudah sampai, sesuai dengan pesanan, mantap👍",5,0
cutingannya sampah punya 5 ukuran l tapi ukurannya gaada yg sama,1,3
"harga ga sesuaii kualitass!! kuliatas bagus bgt, harga nya kemurahannn😡😎😆",5,0
"mantap barangnya bagussss, sesuai gamabr",5,0
"goodquality, bahan alus dan lembut",5,0
"bahannya enak, cuttingnya bagus.",5,2
suka banget bajunya best pokoknya😍🥳 terimakasih ya min🙏🏻😇,5,0
paket sudah kami terima dengan baik dan aman barang bagus sesuai dengan pesanan terimakasih 🙏,5,0
barang nya gak usah di ragukan lagi,5,0
mantapp bgttttttt ... auto co lagi nexx ganti warna,5,0
ukuran lebih pendek dari yg warna hitam beli sebelumnya jadi ngatung nih.. kmrn warna hitam bagus pas,3,0
jahitan kurang rapi yaa tolong qc nya di jaga,3,0
pesanan dah sampe pengiriman cepat mksh buat semuanya abng kurir reseller jg penjual,5,0
"mantap,sesuai ekspektasi..next order lagi..",5,0
sangat bagus dan cocok sekali😍,5,0
p,5,0
barang sudah di terima kondisi baik thankyou,5,0
"bahannya adem, berkualitas pokoke.",5,0
"yang pertama beli bagus, yang kedua kali kecewa kerah udah kaya jersey,",3,2
bagus ga kecewa udh kedua kalinya beli dsni,5,0
parahh di gambar ada dua datangya hanya 1,1,0
jos jis pokoknya mah sudah sering order di sini,5,0
pertama kali beli product ini semoga cocok,5,0
bagus banget kainya gak nyesel beli,5,0
"pembelian ke sekian kali, produk nyaman.",5,0
"hati2 dalam bertransaksi, pastikan unboxing pakai video, beli 3pcs, tapi dalam paket hanya isi 2pcs. official belum tentu pelayanan bagus.",1,7
keren bahan bagus mantep sekali,5,0
"pesanan sesuai , thanks seller 👍🏻👍🏻",5,0
bagus dan nyaman sudah beli 4x,5,0
"kalo gaada ukuran l bilang, jadi ga kepake baju nya jancuk",2,0
saya pesan yg varian abbey tpi yg dtg malah warna hitam,2,0
paket sudah kami terima dengan baik dan aman barang bagus 👍,5,0
enak bahannya smp co k 2x sbyk 8pcs,5,0
mesan 3 warna beda malah banyak penjabaran,1,0
"iseng beli x aja bagus,ehh bnr2bahan bagus banget,bnr2 memuaskan next mau order lagi",4,1
parah kualitas nya gini 👍🏼,5,0
"keren baju nya, gak nyesel saya beli nya mungkin nanti beli lagi baju ini",5,0
"kualitas produk: jelek, tipis kek kertas",1,1
kerja bagus kualitas terbaik terima kasih,5,0
oke bagus .. barang sudah diterima dan sesuai tapi belum dicoba,5,0
di tb/bb 166/65 cocok pakai size m,5,0
cakep bahannya juga bagus,5,2
"mantap min, barangnya sesuai 💯✨",4,0
"barang bagus, worthed pokoknya belanja disini, mantep...",5,0
"bakal beli lagi tdk ragu,mantap",5,0
barang sesuai dengan gambar bagus,4,0
"otw koleksi semua warna, nyaman pakainya",5,0
bagus banget...sesuai ekspektasi,5,0
"biarpun dipake agak panas, tapi gak bikin keringet bau.",5,0
170/68 ambil ukuran m sangat pas dibadan,5,0
"bahannya bagus, tebal dan enak dipakai, jahitan rapi, sangat sesuai dengan harganya",5,0
bahannya lembut banget enak di pakai ga bikin bau sama fit banget di tangan jadi keliatan bicept hahaha,5,0
akhir nya nemu kaos cakep haha,5,0
"product quality: bagus bahannya, tidak gampang lecek, adem, warna espressonya keren",5,0
"kualitas produk: untuk kualitasnya oke, bahan adem sesuai sama ekspetasi pas pertama kali liat live toko.",5,0
"jahitan bawah lepas,makin d tarik makin lepas",4,0
"kalo dari tone color, jahitan, dan bahan bagus kok. tapi kalo nyari kenyamanan, bahannya agak bikin gerah dikit",5,0
"pas,,enak dipake simpel,,ringan ,,enak lah untuk kemana2",5,0
product quality: overall good bagus. paling suka yang ini. saya sarankan buat nvm untuk melakukan pengukuran ulang pada produk t-shirt reguler ini. karena ukuran yang ter...,5,0
ya overall bagus sih dari harga juga ramah mungkin kalo yang sering pake full cotton untuk sehari hari pasti bakalan agak beda rasanya tapi barang bagus cukup rekomend,4,0
"bahan tebel, halus, adem. sayang ketat di bagian leher",5,0
"bahan bagus, jahitan rapi tapi sepertinya agak panas kalo dipakai.",5,0
"bahan tebal, kain halus, gak panas di badan",4,0
"woila edan banget masa iya harga murah dapet kualitas keren gini, mana kemarin diskon 4.4 juga (lupa foto keburu dicuci bajunya mau dipake besok hehe)",5,0
"ini beneran bagus bahannya. tebal, elastis, dan ga panas. berkali kali beli kaos online ga pernah bener, kalo butuh lagi bakal beli di sini.",5,0
"bagus, worth it. kualitas bahan dan jahitan bagus. tidak gampang rusak walau pakai mesin cuci. pasti pesan lg di sini.",5,0
manfaat produk: sudah menjadi skincare rutin yang menjaga kulit wajah tetap sehat tanpa jerawat,4,0
"pengemasan rapi,pengiriman cepat mksh g2g💖💖",5,0
"baru pertama x nyoba,smoga cocok d kulit aq...thanks seller & tiktok 🙏",5,0
uda langganan the best g2g.maap g kefoto,5,0
"belum d pakai,semoga cocok d kulit⭐⭐⭐⭐⭐⭐⭐ jenis kulit: sensitif",5,0
"terimakasih paketannya sudah sya terima,blom di coba mudah2an cocok buat kulit sya",5,0
pecah tutup toner ny k kurang puas coalny d chat mau pink semua nyatany hadeuh,1,0
cocok untuk bapak yg udah masuk usia 40 tahun... muka jadi kayak 20 tahun hwhwhwhw,5,0
alhamdulillah paketnya sdh sampai .. pengirimannya cepat pekingnya rapi banget .. semoga cocok ..,5,0
kurir ramah toko amanah.barang sesuai pesanan komplit ..terima kasih,5,0
bahan: sangat lembut dan wangi manfaat produk: melembabkan dan mencerahkan jenis kulit: utk semua jenis kulit..,5,0
"sering tanya disini produknya, dan akhirnya coba cek out niacinimide nya, dus tidak tersegel(saya beli multi copper peptide dari australia dus nya tersegel) tp dr ciri du...",5,0
"barangnya semoga original, pengemasan cepat, pengemasan juga safety tidak ada kerusakan,pengiriman tidak ada kendala langsung satset",5,0
"repeat order kesekian kali, kl beli the ordinary pasti ke sini. dijamin ori dan aman ya gais, pengiriman juga cepat. thank u, seller😉",5,2
"baru sampai. chat dan sampai. terasa lebih lama, karena toko tutup hari libur. kental. tidak bening. belum di coba. antara cocok dan tidak. tidak tau original, abal-aba...",5,0
perfect kemasannya. produk original. senoga cocok. terbaik.,5,0
tipe kulitku berminyak tipe kulitku sensitif dan berjerawat. semoga cocok ya br mau nyoba... the ordinary yg udah teruji...,5,1
"bagus, cepat meresap, dan bikin kulit glowing!",5,0
saya baru akan mencoba untuk kulit sy yg sensitif pengiriman cepat produk original,5,0
"pembelian kedua, batch masih sama, original, texture dan aroma khas nya yg pernah pakai pasti tau.. good",5,0
ringan banget saat di aplikasikan ke wajah dan ini orderku yg ke 3x dengan seller yang sama. thank you 😊🙏,5,0
belanya disini dah 3x alhamdullilah cocok ma produk ini,5,0
udah sering beli di sini dan tidak permah mengecewakan :),5,0
"alhamdulillah datang juga, insyaallooh original guaranteed from seller, dan uda re-check original ya bund, packing nya alhamdulillah aman sampai dengan selamat baik. teks...",4,0
penjualnya ramah banget. proses pesanan cepat. packaging rapi. packaging aman 🙏.,5,0
"di liat dan di review youtube si ciri-ciri nya ini ori, tapi gatau masih coba2, kalo cocok bakal repeat order lagi disini, tekstur nya juga kental agak berbusa dan bisa d...",5,0
"👍 adminnya ramah, fast resp, pengiriman super cepat, packing super rapi and aman (ada sticker fragile)💯 don't worry guys i got the original one. semoga bisa selalu...",5,0
the product delivered undamaged. usage date is ok and the cover says that it was really made in canada. although i haven't tried it yet i like the way it looks,5,0
"cocok dg serum ini bikin muka tambah muda & glowing, produk ori dg ciri2 akan sedikit berbusa kl digosok ke tangan dan pastinya sdh beli dari toko ini sejak lama tdk...",5,0
"beneran ori sudah di cek di web 👍 packing aman, seller fast respon. ciri the ordinary asli warna serumnya tuh agak butek, baunya gak menyengat, kalo digosokin ke kulit b...",5,6
"produk original, sudah beli berulang kali disini, packaging rapi , bubblewrap tebal dan aman",5,0
i loved this serum. 100% original and arrived on perfect time 👍🏻,5,0
"produknya ori, packaging juga rapi, bubble wrapnya bikin barangnya terlindungi. kalau memang cocok, akan order lagi. thank you 🙏🏻",5,0
"sudah sering beli dari lapak ini dan barangnya ori, teksturnya lbh kental & tidak berbau lem, warna lebih keruh sedikit. rekomendasi produk & seller. packingnya s...",5,0
"excellent service! the goods are in perfect condition, original and the shipping is also good. honestly this shop deserves more than 5 stars!",5,0
"barangnya original. udah dari 2017 pakai to niacinamide, jadi udh hafal sama produknya. pernah beli reguler dari ulta beauty us dan deciem kanada lgsg. produknya memang s...",5,8
"ke2 kalinya blanja di sini , brg ori. tetesin di tangan serumnya agak pliket, moga2 cocok. sukses selalu y",5,0
"produk nya sesuai dan ori, pengiriman nya juga cepat.... makasih seller baik banget, aku salah pilih alamat tapi di arahin ke kurir nya dan si cepat yang admin nya juga f...",5,0
"sudah sampai dalam keadaan baik, terbungkus rapi dengan bubble wrap 🫧 produk ini juga cocok untuk kulit yang lebih sensitif 🤩✊💗. besar😊🙌 sangat senang saya akan memb...",5,0
"kemasannya rapi, double wrapnya tebel, barang original, sudah purchase beberapa kali disini.",5,0
"packing sangat aman. belum dicoba. sepertinya asli. maaf, gak ada foto, gak bisa diupload",5,0
"the order was packed well, all items in the box. i was satisfied with the order and i can recommend this store to other buyers 👍",5,1
"shout out untuk adminnya yang super fast respons dan bener-bener proses packaging sampai pengiriman cepet banget. tricky banget beli the ordinary di ecommerce, kemarin be...",5,1
to check expiry date of the product before opened : ********************************************** (mine april 2025) expiry product after opened : 12 months,5,0
"recommended niacinamide product dari to, semoga tdk iritasi dikulit servis dan delivery lbh cepat dari perkiraan, 2 hari sampe (dari perkiraan 3-4hari). thank you!",5,0
repurchase yg kesekian kalinya.. barang sampai dengan selamat tanpa cacat 👌🏼 packaging aman dengan box dan bubble wrap,5,0
"looks like original, so hope it is. bach codes, packaging, everything is ok!",5,2
fast delivery. packaging nya bagus. expiry dat oct 2025. will order again next time.,5,0
so far pake face wash yg mengandung niacinamide sih cocok di muka ku bikin glowing semoga pake ini ga ada masalah dan cocok di kulit ku. original (i think),5,0
udh kesekian kali pesen di sini krn udh tau ori dan gercep bgt prosesnya. thank you!,5,0
"teksturnya cair agak kental, cepet nyerapnya, baunya ya khasnya niacinamide. kalau cocok atau ga nya belum dicoba, nanti kalau udah ada hasilnya aku edit reviewnya 😊",5,0
"original dan pelayanan memuaskan, terima kasih!",5,0
repeat order kesekian kali. trusted 100%. kalau di aku cocok banget serum ini dan ga pernah berefek kurang enak,5,0
"recommended seller ga pake nanya lagi, udah repeat sekian kali",5,0
wiiww... cpt bgt barang nya sampe... packingan rapi dan aman... thank you.. wait my next order ... 😊,5,0
"pengemasan rapi. pemrosesan dan pengiriman cepat. udah beberapa kali beli dari toko ini, mantaap!",5,0
akhirnya nemu yang murah dan ori canada. mantuy sekali pemirsaaaaaa,5,0
"produk asli, sudah beli beberapa kali di toko ini",5,0
pengemasannya cpt... barang nya bagus... pengirimannya jg cepat...,5,0
repurchase. sejauh ini botol pertama cocok di saya.,5,1
belum dicoba. pertama kali menggunakan the ordinary. barangnya asli,5,0
"seller ramah, blm pernah beli disini siih. smg ori yaa.",5,0
"jujur ini firat time pake serum ini karena tiap hari bakal pake make up terus, jd berharap malemnya kulit dapet nutrisi. semoga cocok. anyway semua aman, packaging rapi,...",5,0
uda langganan sama toko ini alhamdulillah produk ori. cocok ke muka semua produk the ordinary.. kulit jadi tampak sehat. aplikator mudah dipakai. penjualnya ramah banget....,5,0
"first time buyer, barang tembus barcode. semoga cocok.",5,0
"sebelah kiri beli di elu sebelah kanan beli di tempat yang lain,kenapa warnanya beda ya,mnta penjelasan dong,dan trimakasih penjelas nya",5,0
saya beli hyaluronic dan niacinamide sekaligus. pengiriman relatif cepat. pengemasan baik dan aman krn dibalut bubble wrap. boks juga tidak penyok. isi juga tidak ada bau...,5,0
"barang sampai dengan selamat. bubble wrap oke, beli dua barang yang satu lagi serum hyaluronic acid dan dua-duanya aman, gak pecah. baunya agak menyengat, warnanya gak se...",5,0
kulit jadi tampak sehat. penjualnya ramah banget. desainnya elegan 🌟. packaging rapi. aplikator mudah dipakai. respon penjualnya top. proses pesanan cepat. packaging ama...,5,0
"udah beli 2x di sini dan ttp gapernah ngecewain 🥺 barangnya sampai dg aman, bubble wrap tebel, dan adminnya ramah, luv luv!",5,0
"baru coba, rekomendasi salah satu aplikasi analisa kulit ternama. setelah 2x pemakaian hasilnya cukup baik, bekas jerawat atau kemerahan di kulit terlihat memudar. harga...",5,1
"love products of this shop, always original, in good packaging and fast shipping",5,1
"barang 100% original adminnya juga sangat informatif, kalo minus sih mungkin jarak respond dari admin cukup lama. overall tidak ragu untuk beli di toko ini lagi.",5,1
"pembelian ke 2, foto gapake filter.. saya cowok cocok banget pake ini, pori pori kerasa banget mengecil, warna wajah jadi rata (dulu balas bogo kalau kata orang sunda), t...",5,14
"mantap, packing extra tebal+aman. 100% ori karena kental, warna serta bau ciri khas niacinamide sekali dan juga yang fake cenderung bening dan ori agak butek. thx",5,2
"langganan di seller ini, produk asli & kemasan gak penyok/kotor.",5,0
"barangnya ok original, packing bagus, pelayanan diskusi ramah, pengiriman cepat, recomended seller!",5,2
insyaallah asli 100% sih. dari kemasan persis sama kek official deicim (kemasan terbaru). untuk komposisi serum nya agak keruh seperti yang aku baca atau tonton di bebera...,5,0
aku membeli serum ini karena yakin banget bakal cocok dan ori di toko ini dan emang bener dong cocok meskipun niacimide nya lumayan gede bisa ngaruh buat kulit tipe oily...,5,0
"awalnya pake ini agak was2, karena baca beberapa review bikin breakout. surprisingly, ternyata di saya cocok. bikin muka mulus dan ngurangin jerawat. cuma untuk efek brig...",5,0
"pesanan cepat sampai, packaging rapi dan bagus, barang sesuai yang dipesan, sangat puas dengan pelayanannya, bakalan repeat order nih",5,0
"tipe kulitku berminyak tipe kulitku sensitif masalah kulitku pori besar masalah kulitku kerutan, dg serum muka lebih glowing. belanjanya di toko ini barang2nya ori.",5,0
"puas banget belanja di sini, barangnya ori, pengemasan juga aman padahal paket ku dilempar sama kurir🙃🙃 bakal repeat order di sini karna susah bgt nyari seller yang jua...",5,0
"pembelian ke 2, seller responsif, packing rapi . recommend bgt.",5,0
produk ny ori pembelian k sekian x ny penjual ny ramah&past respond pengiriman ger cep kulit jadi tampak sehat,5,0
"barang sudah diterima dengan baik, dan sudah digunakan, sangat nyaman, membantu kulit ku yg acne prone, sudah jauh mendingan, dan meratakan warna kulit juga",5,0
pengiriman cepat recomended terimakasih barang asli,5,0
seller responsif…pengiriman sesuai jadwal….produk baru d terima dan semoga cocok d kulit sensitifku,5,0
beli yg 60 ml sudah sesuai invoice tapi di kirim yg 30 ml dan tidak ada respon seller tetapi otomatis diselesaikan pembayaran ke seller oleh tokopedia karena saya di luar...,1,3
tiap ordinary abis pokoknya selalu beli disini karna trusted dan ori,5,0
"pelayanannya oke banget, packingnya bagus, barangnya secara keseluruhan sama kya yang sebelum2nya beli dari nitip temen pas ke korea. tapi agak kotor di bagian dkt tutupn...",4,0
barang ori.sdh pakai 1 botol ada hasil di kulitku ini sdh pembelian ke-2.buat seller tetap jaga keasliannya.,5,0
"cepet sekali pengiriman cmn sehari, packing bagus, dan barang cocok",5,0
"ok approved 100% ori. dari kotakhya aja udah keliatan 🥰 ga perlu di cek lagi barcodenya, cukup gosok ke kulit aja langsung tau ini ori 🥰",5,0
sudah langganan toko ini ori penjual past respond packing aman pengiriman gercep kurir ramah,5,0
"barang terasa ori, pesan yang tanpa box dan sampai dgn selamat",5,0
"pengiriman aman & cepat, produk jg mantap, original",5,0
"delivery time : 1 hari ! packaging : rapi aman pakai bubble wrap juga barang ori , udah cek barcode nya harga : muraaaahhh",5,0
"beli niacinemade 10% yang 60 ml, dikirimnya latic acid 5% 30ml. minta ditukar kembali tidak bisa. dari harga aja udah beda loh ini. 100 ribu bedanya bossku. pembelian ke...",1,12
repeat kesekian kalinya fast response recommended seller,5,0
sudah langganan barang ori so far so good cocok di kulitku. thank you seller packing jg sampai dgn aman,5,0
"sudah cek barcode original, baru pertama kali beli disini pengemasan cepat barang sesuai pesanan",5,1
"mantap, terima kasih seller. mudahan cocok dan bisa berlangganan di sini 😊",5,0
sudah langganan belanja di toko ini produk ny ori penjual past respond paxking aman pengiriman ger cep kurir ramah,5,0
tipe kulitku sensitif tipe kulitku kombinasi.bagus utk.mencerahkanwajah masalah kulitku pori besar,5,0
kulit jadi tampak sehat. desainnya elegan 🌟. aplikator mudah dipakai. cek scan bar barang ori pengiriman dan proses cepat terimakasih,5,0
"adminnya baik dan sabar banget bls chat, padahal aku banyak nanya. . . kurir juga tanggung jawab, maaf baru kasih ulasan karena baru pulang dari luar kota. sukses terus y...",5,0
masih mencoba apakah barang ini bagus atau tidak,4,0
tipe kulitku berminyak tipe kulitku sensitif masalah kulitku jerawat,5,0
produk sangat bagus dan highly recommended. seller juga cepat dalam memproses orderan.,5,0
sudah q cek barcode nya ternyata ada....semoga asli dan cocok ya di akunya....pengirimannya cepat dan pengemasannya save banget.....terima kasih,5,0
sudah pernah beli sebelumnya dan cocok semoga sekarang masih cocok di kulit,5,0
"paket sudah diterima, proses order cepat, packing aman, dan pengiriman juga cepat..sudah lama pakai to dan cocok banget di wajah..thank u🙏",5,0
"cocok banget pake the ordinary, gamau pindah kemana mana lagi",5,0
"baru pertama ini beli niacinamide, tapi udah coba ha dan retinolnya, cocok. packing rapi dan pengiriman cepat. terima kasih.",5,0
tipe kulitku berminyak masalah kulitku pori besar,5,0
"langganan, pengiriman selalu cepat. barang aman, dan pasti original. tq 👍",5,0
kulit jadi tampak sehat. packaging rapi. aplikator mudah dipakai. penjualnya ramah banget. makasih yaaa.,5,0
"bakal langganan kayaknya, kualitas produk sesuai dengan yang aku beli sebelumnya. nice ✨✨",5,0
"uda pake ini bertahun2, jadi daily serum, tipe kulitku berminyak dan super sensitif tapi selalu fine2 aja pake ini, thank you seller",5,0
pembelian pertama kalinya. setelah bolak balik baca review akhirnya chek out. packing aman. fast delivery. semoga cocok dimuka.,5,0
"paket sesuai pesanan, masa kemas oke, paket aman tdk ada rusak..",5,0
"tipe kulitku berminyak, sudah langganan di toko ini. barang dijamin ori.",5,0
"barang bagus, harga bersaing, packing rapi, pengiriman cepat…",5,0
sesuai gambar dan deskripsi. sudah saya pesan berkali2 dengan toko ini. cocok untuk kulitku yang kombinasi dan sensitif,5,1
"safely arrived, and bener2 real deal! karena udah di cek originalitynya juga. thx☝🏻",5,3
"pengiriman slalu aman, setelah coba ternyata cocok",5,0
"barang langsung diproses dgn cepat, pengiriman jg cepat",5,1
"order untuk kesekian kali. yang gue rasain langsung kerasa perubahannya, berarti ori ini. thanks seller..",5,0
i i am a very good person and i am a good person and a good person and you are a good person and i’m very good at that i am very good at this job,5,0
"udah bbrp kali beli disini slalu puas, pengiriman jga cepat, barang ori, trusted bgtt makasiiih seller",5,0
"sudah order yang kesekian kali, respons dan pengirimannya cepat dan barang kualitasnya sangat baik.",5,0
produk asli dan pengiriman sangat cepat sudah repeat order kedua kli di toko ini tidak pernah mengecewakan,5,0
"pengiriman cepat, packaging rapi, udah ketiga kalinya beli di sini dan selalu puas. thank you seller",5,0
. pengiriman cepat.. kualitas bagus... original... sudah pembelian kesekian kali di toko ini.. harganya bersaing,5,0
"udah langganan, produk ori. mantep deh. semoga terus konsisten. thx.",5,0
"yeay akhirnyaa paket yang di tunggu tunggu dateng juga. kedua kalinya beli serum niacinamide disini, sempet ada trouble dikit sama pengiriman nya karna dari pihak kurir n...",5,0
cocok sama produk ini.. udah repeat order disini.. seller responsif.. pengiriman sesuai estimasi,5,0
pembelian kedua kalinya. harga murah dan expired masih lama,5,0
"packingnya aman banget, prosesnya cepat. semoga ori",5,0
"pelayanan baik, barang sampai dengan cepat dan aman. niacinamide made in canada.",5,0
packaging aman 🙏. proses pesanan cepat.,5,0
"packaging rapi, aman. sudah sering pakai. 🙏",5,1
"packaging nya bagus, teksturnya lebih encer dari pada yang biasa aku beli di milan, italy. mudah2an ga salah beli.. sampai saat ini ga ada masalah sih untuk muka, tapi te...",5,0
"mudah mudahan asli ya allah.. ada perbedaan di tutup botol nya dg yg saya beli di toko lain dan cocok, semoga ini sama, amim",5,1
"pembelian yang ke 3, wajah semakin nampak cerah, penuh percaya diri, kulit semakin berseri2 dan tentunya glowing, recomended seller!",5,0
"dari tahun 2020 pake the ordinary, kulit makin sehat",5,0
"puas banget, respon cepat barang udah sampai di kemas rapi terimakasih tokopedia🙏",5,0
desainnya elegan 🌟 aplikator mudah dipakai produk oke punya,5,0
"pengiriman cepat & aman, produk sesuai pesanan, langganan beli disini",5,0
"maaf ya aku honest review... huhuu kok pas dateng udh oksidasi duluaan udh menguning gt (kiri), beda sm aku beli di toko sebelah (kanan) hikzzz. pas dipake panas & pe...",4,1
"barang sesuai pesanan, pengiriman juga cepat 1 hari sampi. sesuai dengan ekspektasi",5,0
"langganan disini, cepet pengirimannya dan cocok jugaa thankss",5,0
"bagusss bakal repeat order disiniii, tipe kulitku sensitif",5,0
barang yg dikirim 30ml pdahal saya beli 60ml. pihak penjual tidak ada usaha utk membantu memberikan solusi. menyesal beli di toko ini. pdahal niat beli yg besar biar lebi...,1,6
muka yg banyak minyaknya langsung hilang. enak dipakai. semoga cocok dalam jangka waktu lama.,5,0
semoga ori produknya. tengkyu seller,5,0
cepet bgd sampai nyaaa.... seller ramah.. recommended.. kulit jadi tampak sehat. desainnya elegan 🌟. aplikator mudah dipakai.,5,0
"respon cepet bgt, ga pake nanya... lgsg order .. ga lama di proses... baru pertama nyoba mdh2an cocok besok ke toko ini lg keep up the good job 👌👌👏",5,0
"packing aman rapih cepat kilat semoga hasilnya okeee, makasih",5,0
gak pernah ragu belanja to di toko ini. productnya sudah pasti original,5,1
"repeat order kesekian kali pengiriman cepat, fast response keren mudah2n aman",5,0
pembelian kedua kalinya. packing aman dan pengiriman cepat. thank you seller,5,1
barang dtng sesuai pesanan...packing aman dan rapih..terimakasih,5,0
"puass aja pake the ordinary, asli beli disini, makasih seller , pengiriman cepet bener",5,1
will repurchase! my skin is so much better w this product!!,5,0
"pengiriman cepat, nyobain pertama semoga cocok",5,0
packing aman dan pengiriman nya cepat… terima kasih kakak seller 🙏🏻,5,0
"barang sudah diterima, packing rapi, pengiriman cepat. terima kasih",5,0
"sudah langganan kesekian kalinya mantap, revomended seller",5,0
barang sudah diterima dgn baik.. pengiriman cepat.. sudah bbrp kali beli di toko ini & sll puas 👍,5,0
"udah lama gk beli to, biasanya gk beli di toko ini. agak kaget kok isinya gk full. emang gk full atau gmn yaa. kalo emang dikurangi takarannya jadi kayak yg di foto, kece...",2,2
"barang sampai dengan aman (packing dobell), setia beli di seller inii👍",5,0
packing aman dan rapih..product ori,5,0
"awalnya emg agak curiga knp kok lengket gt ke botolnya,trs dibedain sm botol yg lama juga kok beda,tp mikir positif aja,malemnya pake paginya mumcul jerawat,ttp mikir pos...",1,10
ke sekian kali order disini hanya bisa bilang the best 😁🙏,5,0
"barang sudah datang, sesuai dengan deskripsi…",5,0
pengiriman tepat waktu. produk sesuai. tq ya.,5,1
belanja d toko ini dh kesekian x ny gk pernah mengecewakan poko ny rekomended dech top banget,5,0
pengiriman cepat dan packingnya aman. makasih seller 🙏🏼,5,0
puasss bangett. pengiriman juga cepet. beli berkali-kali puas banget,5,1
"mudah2an cocok ,pengemasan aman.",4,0
barangnya bagus & packaging rapi,5,0
hasilnya selalu memuaskan pemkaian berkali kali 🫰🏻,5,0
barangnya sdh tiba. pengirimannya cepat sampai di alamat. terima kasih seller,5,0
mantap pelayanan cepat udah langganan lama,5,0
packing sangat aman. semoga cocok di kulit saya,5,0
"barang sampai dengan selamat, semoga cocok ya, baru pertamakali pakai soalnya..",5,0
pesanan tiba tepat waktu dan semua ok. tks🙏👍👍,5,0
barang sampai dengam baik dan tepat waktu,5,0
"packingnya okee, pengiriman mantepp jg hehehe terima kasihh",5,0
pelayanan mantap repeat order sekian kali recomended seller,5,2
barang ori,5,0
ini bagus buat muka yang st oily,5,0
suka sama produk ini udah yg ke tiga trimakasi bosku udah melayani samapi ke tuannya 😁,5,0
tipe kulitku berminyak tipe kulitku kering tipe kulitku kombinasi tipe kulitku normal tipe kulitku sensitif masalah kulitku jerawat masalah kulitku kerutan masalah kulitk...,5,0
"awal make karena muka ku kusam numpuk kulit mati, malah jadi kerak, ini hari ke 7 setelah digabungin aplikasi exfoliating per 2-3 hari mulai kerasa bersih pori pori bersi...",5,0
"not my first time to order. the seller is super responsive, reliable and delivery is done in a quick and nice manner. product is great!",5,0
"barang ori, ditandai dengan bagian karet pipet tang tebal.",5,0
"barang kondisi baik, cek barcode ada. pake buble juga ngirimnya. tapi asli atau tidaknya kurang tau. semoga asli",5,0
kulit jadi tampak sehat. desainnya elegan 🌟. penjualnya ramah banget. aplikator mudah dipakai. packaging rapi. proses pesanan cepat. respon penjualnya top. packaging ama...,5,0
kulit jadi tampak sehat. desainnya elegan 🌟. aplikator mudah dipakai. penjualnya ramah banget. proses pesanan cepat. packaging aman 🙏. packaging rapi. respon penjualnya...,5,0
suka banget karena jerawatku mendingan pake ini. dan ori ya karena saya sering beli di toko ini. sellernya amanah banget,5,0
kulit jadi tampak sehat. proses pesanan cepat. packaging aman 🙏. packaging rapi. penjualnya ramah banget.,5,0
"trusted seller, fast response , product original , thank u",5,0
baru sekali pakai mantap bikin halus n cerah. note setelah pakai cleansing foam toner hydrating. setelah penggunaan pakai mousturizer murni,5,0
kulit jadi tampak sehat penjualnya ramah banget packaging rapi aplikator mudah dipakai packaging aman 🙏,5,0
bahannya langsung meresap ke kulit. 100% ori,5,0
"bahan nya ringan mudah diserap, toko ramah respon cepat , susuh beberapa kali beli disini , tdk sempat di foto langsung dibawa anak keluar kota, tks toko dan kurir.",5,0
"ini pembelian ke 2 aku, teksturnya bening dan agak lengket, baunya agak kayak lem, tp lama"" biasa aja. manfaatnya di kulit aku keliatan banget nge jaga jerawat supaya...",5,1
tipe kulitku berminyak tipe kulitku kombinasi tipe kulitku sensitif masalah kulitku jerawat masalah kulitku pori besar,5,0
"pembelian ketiga. pelayanan dan respon masih supercepat, barang ori. pelanggan setia.",5,0
repurchase lagi. emang produk original. respond cepat packing aman 👍,5,0
"ngga pernah mengecewakan, udh sering bgt langganan di sini. produk ori, packing aman, pengirimannya cepet bgt! thank you.",5,0
sudah berlangganan ditoko ini produk original 100%asli terimakasih proses pesanan cepat.,5,0
"dicocokkan dengan produk ori sebelumnya yg saya punya bau dan konsistensi nya sama , pemakaian bbrapa hari hasilnya sama , thankyou☺️☺️",5,0
langganan selalu ditoko ini. amana banget sellernya barang juga ori 😍,5,0
"pengiriman cepat, packaging aman dan rapi, sampai ke tangan dengan selamat. dari scan barcode original, makasih seller.",5,0
"paket dikirim & kemas dalam sikon ok. admin fast respond sebelum produk dibeli, slow respond pasca beli. produk tdk sesuai ekspektasi. tks petugas toko & kurir.",5,0
bagus dan aman 🙏🙏🙏👌👌👌👌,5,0
"scan ada tapi blm tau ori atau engk ,bau nya agak menyengat",4,0
pembelian sekian kalinya. packing super aman.,5,0
"packingan aman bgt dan proses cepat. barang ori, terkonfirmasi barcode👍",5,0
ordinary niaciamide 10% sangat cocok di kulit muka saya flex dan bekas jerawat memudar dgn cepat dan juga bikin glowing.,5,0
"tipe kulitku kombinasi produk original, sudah cek barcodenya juga dapat diskon dari tokopedia jd lebih murah",5,0
"pengiriman cepat, layanan seller baik, barangnya ori, sip.",5,0
sudah pake produk ini dan cocok untuk bekas jerawat dan flek. pengirimannya juga cepat di toko ini well done.,5,0
"awalnya ragu krn banyak palsu di pasaran tapi yakin ternyata 100% ori aku bandingin beli yg di os to sama , harganya sekarang wooow murah sekali",5,0
2nd buy niacinamide di lapak ini. yang pertama bau nya kyk lem (mungkin karena batch lama). yang kedua ini baunya netral gaada bau apa-apa.,5,2
"aku udh pakai selama 2 mingguan, produknya ori 👌 untuk hasilnya sendiri aku belum ngerasa banget karena masih ada jerawat kecil"" nya. tp setelah pemakaian selama ini...",5,0
"respon penjual sangat cepat, barang jg cepat sampai ditujuan, recommended seller",5,0
"pelayanan cepat, kemasan baik, semoga ori",5,0
"pemakaian 2 minggu bekas jerawat ada semakin memudar,...memang tidak bisa langsung hilang,...pelan pelan tapi hasilnya nampak yah. menurut ku lebih bagus begitu,...berart...",5,0
"i use this product fir more then a year and it helps to prevent acne, makes skin glowing and mono color. the packaging was fine and toko shipped fast",5,0
produk bagus pelayanan bagus ramah cepat,5,0
thanks seller barangnya beneran ori sama seperti sebelumnya yg aku beli lgsg. pengiriman cepat.,5,0
barang ori & membuat tekstur kulit semakin glowing,5,0
"pengiriman cepat, packing aman, dan barang ori. thanks seller.",5,0
pembelian kesekian kalinya krn yakin barang ori & membuat wajah kita lembut bersinar. 😍😍,5,0
"udah nyoba beli ke lapak2 sebelah, tapi balik lagi kesini, krn memang disini yang pasti ori... smg amanah terus yaaa kak...🥺 makasiii seller",5,0
"pengiriman cepat , dan yang terpenting produk ori. efektif.",5,0
barang sesuai deskripsi. penjual sangat fast respond. terima kasih seller,5,0
"seller sgt gercep, lgsg dikirim trus tau2 dah nyampe, packaging super aman. sbnernya baru pertama coba. agak ragu krn bbrp org blg baunya kyk lem, tp mnrtku enggak sih. s...",5,0
selalu beli disini dan alhamdulillah ori pengiriman juga cepet banget,5,0
sudah beli untuk kesekian kali. barang oke.,5,0
selalu cocok...pengiriman cepet ..barang ori,5,0
"tipe kulitku berminyak, pake ini buat daily serum, cocok 🏆🤌👌 tapi aku pribadi ga terlalu ngaruh buat hilangim hiperpigmentasi huhu :( tapi overall ini good product dan...",5,0
tipe kulitku kombinasi tipe kulitku sensitif,5,0
sudah sering order disini barang dijamin ori,5,0
"ok puas selalu belanja disini ori. ketambah cocok bgt. sempet berpaling ke serum lain, malah bo. akhirnya akan tetap setia pake to niacin❤️ berkah terus yah jualan nya",5,0
"fast respon, barang diterima sesuai pesanan. ori. recommended seller. 👍🏻",5,0
"udh langganan di toko ini, selalu ori, packing aman, sat set bgt pengirimannya. thank youuu",5,0
langganan.hahah cocok dengan kulitku. makasih min,5,0
"ini pembelian saya ke berapa ya, ke-3 atau ke-4 mgk. packing-nya ok bgt, brgnya juga ori. trims seller, terus pertahankan.",5,0
niacinamide nya the ordinary selalu paling bagus! dan barang ini original dari canada suka dibandingin yg thailand,5,0
"udh langganan dr dulu, barang ori ngga pernah mengecewakan. thanks seller!",5,0
"cocok dgn ordinaru tipe kulitku berminyak, sensitif, masalah kulitku pori besar",5,0
"fast respon, fast delivery 👍🏻👍🏻 yg terpenting ori 😊",5,0
biasanya belanja disini pake sicepat. kali ini kena jne. sekali panggil langsung lempar. tidak pake nunggu penerima keluar,5,0
so far cocok banget sama produk ini. jerawat ngurang dan bekasnya dah lumayan pudar. barangnya ori dan dipacking rapi n safe smp tujuan. makasih gan! bakal repeat order n...,5,0
"telat ulasanx,,barang dah sampai,,sdh coba juga,,ori,,gitu dpakai,,serumx ada busa,,,ciri produk ori",5,0
sudah lama langganan di toko ini. seller fast respond. barang sesuai deskripsi👍,5,0
sudah langganan di toko ini dr dulu. pertahankan pelayanan dan kualitasnya. recommended seller and product!,5,0
uuuu i like it🤗,5,0
"mendarat dengan baik dan packingan juga rapii tapi gak tau ori apa gak, tks seller",5,0
barang sesuai dengan iklan. warna serum agak putih keruh dan ga ada wanginya. kalopun ada wangi seperti lem itu soft bgt hampir ga kecium. semoga asli dan cocok sama kuli...,5,0
produk sesuai deskripsi. packing and pengiriman baik. recommended.,5,0
"beli kedua kalinya, the best emng adminnya fast respon",5,0
"cocok udh pake ini lama sech..gak jerawatan,ringan glowing..dan di toko ini ori udh langganan bnget..",5,0
"produk original, pengiriman aman dan cepat. terima kasih",5,0
"packing rapi, pengiriman cepat, dan semoga cocok dipake ke kulitku",5,0
cocok buat aku. sudah sering beli di sini . produk asli. respon seller cepat. terima kasih,5,0
selalu langganan beli disini dan alhamdulillah ori ya. pengiriman juga cepet banget,5,0
alhamdulillah sudah sampai semoga cocok dikulit aku packing juga aman,5,0
"pembelian kedua. alhamdulillah cocok. packing aman, seller baek fast respond juga. thank you ya",5,0
"produk ok, packing rapi, pengiriman cepat. berharap cocok",5,0
cocok pake ini kulit jadi cerah dan ga berminyak mantaab reselernya,5,0
"toko bagus, barang original.. langsung saya follow toko ini",5,0
"kualitas produk sangat baik, kulit jadi lebih sehat",5,0
repeat order trs di sini karena ori dan prosesnya cepat. thanks a lot!,5,0
"pengiriman cepat, packingnya rapi, kualitas produk bagus.. 👍👍",5,0
"best! beli berulang kali selalu cepat sampai, packaging rapi & barang bagus",5,0
"prodik original, kulit kembali cerah & kenyal😍",5,0
"pembelian kesekian kalinya di toko ini, selalu memuaskan dan barangnya pasti ori. thank you!",5,0
"sangat bagus dan cocok dikulit, packing aman dan pengiriman juga super cepat..👍👍👍",5,0
"barang sampe dg selamat. packagingnya rapi, bubble wrapnya lumayan tebel. barang ori udah cek barcodenya. makasih seller",5,0
"sudah beberapa kali beli produk the ordinary di sini, sejauh ini aman, produk bekerja dengan baik.",5,0
"udah sering banget beli produk ini, dan cocok buat kulitku yg sensitif",5,0
"tipe kulitku kombinasi masalah kulitku pori besar. lumayan mencerahkan, habis ini mau beli yang copper peptide nya. semoga cocok. aamiin..",5,0
"sudah sering beli serum disini jadi kualitas barang sudah pasti terjamin, pengiriman juga cepat, packing sangat aman..👍👍👍",5,0
original ygy,5,0
serumnya dikemas secara aman. cepet juga pengiriman nya. good job min 👍,5,0
semoga ori. kardus serumnya ga ada segel nya,5,0
100% ori,5,0
recommended seller tapi kurirnya asli lama banget,5,0
bagus banget efek glowing bikin kulit lebih rata texturenya. dan menyamarkan pori,5,0
"barang sesuai pesanan, packaging rapi, pengiriman tepat waktu, udah jadi langganan di toko ini dengan harga yg lebih murah dan trusted.",5,0
tipe kulitku berminyak masalah kulitku pori besar masalah kulitku jerawat,5,0
"ini sudah kesekian kali saya belanja di sini. selalu puas! responnya cepat, selalu ramah sama customer, packing rapi, benar ori. highly recommended deh belanja di sini ❤️",5,0
selalu belanja ditoko sini utk skincare. kadang di ****** kadang di toped. jaminan ori pokoknya. plus packingnya selalu rapi. recomended lar.,5,0
"setelah pake peeling , terus make niacinamide ,kulit matinya rontok. muka jadi bersihh dan enteng",4,0
"mencerahkan kantong mata aku, kulit aku mayan badak gk gt sensitif cumaa kering. ordinary di muka aku gk bikin makinn kering, malah memudarkan bngt n kinclong",5,0
"ini sih cocok banget buat kulit gw, membuat pori2 mengecil, dan menghilangkan kerutan halus. terima kasih",5,0
"product as advertised, brand new and sealed. service was good, thanks seller! 🙆‍♂️",5,0
tipe kulitku kombinasi. semoga cocok,5,0
"bagus, datangnya tidak terlalu lama dan dalam kondisi bagus",5,0
thanks ka pelayanan nya garcep.. sukses selalu ya..,5,0
"barang original, thanks you seller! semoga cocok",5,0
semua ciri2 produk orisinal keceklis sih. efeknya di kulit juga keliatan.,5,0
"barang dtg tepat wkt,kemasan aman dan rapi",5,0
pengiriman cepat. utk hasil produk belum tau krn masih dicoba,5,0
produknya efektif bgt di kulit. pembelian kedua untuk produk ini. pelayanannya memuaskan.,5,0
ada bubble wrap jadi aman 👌🏽,5,0
"cs nya baiikkk dan jelas banget ngejelasin produk nya. paket aman, cepet nyampe. begitu beli ga pake lama dikirim.",5,0
"produk pilihan yang membuat kulit glowing cerah, thanks seller, tokopedia dan mitra ekspedisi",5,0
"puas bgt sama pengirimannya yg super cepat, responnya mantap pokonya👍 klo soal produk blm dicoba ya",5,0
recommended product,5,0
bagus pakai 1hari lgs merah hilang,5,0
"reviewnya agak telat, karena cobain dulu produknya, overall sudah coba 1 minggu, cocok"" saja, semoga original deh. nanti jika okay bakal jadi langganan.",4,0
"uda langganan pakai ini cucok 😊 pelayanan tdk berubah, tetap ok",5,0
pengiriman aman. pelayanan toko ok. tp saya paham mengapa banyak komentar yg mempertanyakan originalitas barangnya. karena cairannya agak kusem dan bau chemical. yah bism...,4,0
"repurchase ke 2, yg sekarang dapetnya agak kentel. semoga efeknya sama kaya sebelumnya karna sebelumnya ngaruh banget di muka",5,0
sudah beberapa kali beli di sini dan produk yang diterima selalu original.,5,0
"packing paling the best, sampai di kalimantan utara dengan selamat👍👍👍👍♥️",5,0
brngnya original dan efektif. packingnya rapi dan aman dgn bubble rap. 👍👍,5,0
ori..kental dan ada efek di kulit..thanks,5,0
tks pesana sudah sampai. ini yg ke 2x order disini. ok. recommended🙏👍,5,0
proses pesanan cepat. kulit jadi tampak sehat.,5,0
"udah beberapa kali beli disini, barang ori. makasi",5,0
3rd buy niacinamide di lapak ini.,5,0
"packing oke, pengiriman cepat, belum dicoba, semoga cocok",5,0
"baru checkout udah langsung diproses, datengnya cepet bangettt. dari testi sih banyak yang bilang original, semoga emang beneran",5,0
pesanan cepat sampainya. barang aman n ok. semoga cocok bismillah,5,0
puas! botol kedua dari produk ini. toko langganan utk beli the ordinary,5,0
"tipe kulitku normal, udah 2x order disini karena cuma percaya disini wkwkwk",5,0
cocok dengan produk ini dan gak mengecewakan.. terimakasih 🙏🙏,5,0
very very happy! great seller! fast shipping!,5,0
"sudah repeat order di sini. kualitasnya sangat bagus, semoga cocok di kulit",5,0
"lebih cocok pakai ini daripada ordinary salicilic acid, buat pori2 dan adem di inflamasi bekas jerawat",5,0
produk original,5,0
tipe kulitku kering,5,0
bebas ongkir sehari nyampe 😀 luar biasa. barang ori thanks 👍👍,5,0
barang sesuai.. packing aman rapi.. thanks...,5,0
"udah langganan banget btw beli di sini, all my the ordinary from myskinplus 👏🏼👏🏼 original product from canada deciem.",5,0
"gak cocok dikulit saya, tadinya saya pengen hilangin bekas hitam dari bekas jerawat ketika saya olesin ini malah wajah saya jerawatan dibuatnya .",3,0
"sampainya cepet banget, seller ramaaah pisan. semoga serumnya cucoook",5,0
barang ori.,5,0
"udah pembelian 2x dsini, pengiriman cpt, packing aman.",5,0
"bagus bgt d suamiku, mukany lgsung trlihat lbh bersih dan glowing hihi",5,0
barang original 👍🏻,5,0
100% original. txs,5,0
"pembelian kedua, yg pertama beli 30ml, ternyata ada hasil, ywdah beli yg 60ml :v",5,0
it give tingling sensation when i tried to apply in my face because of high concentration of niacinamide🙂,5,0
thank you :) everything is good,5,0
desainnya elegan 🌟 aplikator mudah dipakai kulit jadi tampak sehat,5,0
selalu beli disini sudah cocok dengan serum ini. membuat wajah lebih kenyal dan cerah,5,0
sellernya baik dan saya terima paket kondisi baik,5,0
suka produk inj untuk mencerahkan kulit wajah,5,0
product is fake. when you apply it is not transparent but white viscous. it also caused mild rashes to my skin. i have had used the same product earlier and it worked per...,1,3
"baru mo coba smg cocok, terima kasih seller",5,0
ga tau asli apa ga? baru pertama kali beli,4,0
"sudah coba dan efeknya bagus, pengiriman cepat dan akan langganan disini. makasih min",5,0
"sudah di terima dengan baik, terima kasih banyak kakak seller 🙏🏻",5,0
"uda order berkali2 disini, pengiriman super cepat dan terpercaya..👍👍👍",5,0
trusted store selalu beli ordinary disini lengka,5,0
desainnya elegan 🌟 kulit jadi tampak sehat,5,0
mantab thanks seller pengiriman cepet banget,5,0
kulit jadi tampak sehat. desainnya elegan 🌟. aplikator mudah dipakai.,5,0
"pertama pake, semoga berhasil di kulit ku",5,0
"pengiriman cepat, paket aman,belum coba semoga bagus dan cocok",5,0
ori barangnya n cepet kirimnya,5,0
makasih kak... ori banget.. g usah ragu,5,0
selalu langganan disini . barang nya ori,5,0
pembelian ke 2. barang original 👍,5,0
sering beli di toko ini dijamin original,5,0
kulit jadi tampak sehat. desainnya elegan 🌟.,5,0
kulit jadi tampak sehat. brg diterima dlm 1 hari,5,0
"mantap, pengiriman cepat packingnya rapi. tksh",5,0
barang sesuai & pengiriman cepet bangeeedddd 👏🏻,5,0
finally i found something that's real!,5,0
i only ordered one but then when i checked the bill it appeared that i paid for 2. this is like a scam because the system changed the items to 2 even if i knew that i rea...,1,8
pembelian berulang di toko ini. cocok serum nya di saya,5,0
"this product never arrived at my home. the courier never messaged and usually they send a photo, but none of the above happened.",1,0
pengiriman cepat barang oke,5,0
sudah beberapa kali beli disini orginal recommende dan cepat sampai,5,0
semiga cocok amiin dan semiga amanah,5,0
"makasih, barang cepat sampai 👍",5,1
"not recomended, attitude kary yg replay di chat kok sangat tidak sopan ya??! tidak menjelaskan dgn baik, mlh berani judge customer dg kasar.",2,2
thank you for the additional little surprise! i got a super pretty lip cream and an eye pencil ❤️😍🥰 awesome thoughts ❤️,5,0
kualitas dan layanan mantab,5,0
rekomended seller jangan ragu belanja disini,5,0
"barang ori, kesekian kalinya beli disini",5,0
"alhamdulillah produk nya sudah sampai,,,mudah² cocok,,, trimakasih 🙏😊",4,0
"kulit semakin glowing, semakin cinta. thanks seller terkeren 😍",5,0
rekomended seller jgn ragu belanja disini joss,5,0
100% orii...pengiriman cepat...soo happy,5,0
"bagus, cepet nyembuhin jerawat",5,0
"sellernya ok, kecepatan pengiriman ok",5,0
kya ny udah 3 tahun an gw beli d toko ini.,5,0
"makasi kk, paketnya udah nyampe, paking xa aman.",5,0
thanks untuk pembelian yg ke 3,5,0
barangnya ori puas blanja dsni pkoknya,5,0
"barcodenya tembus, pengiriman cepat 👍",5,0
langganan beli disini alhamdulillah tidak pernah mengecewakan👍🏻,5,0
pengiriman cepat dan packing bagus,5,0
pembelian sekian kalinya. packing aman dan barang sudah diterima dengan baik.,5,0
pembelian ke-3 utk produk ini,5,0
udah 8 kali ini order disini. produknya original pol 🙏🏻 bintang seribu dahhhh pokoknya,5,0
gak pernah gagal deh emg juaraaa👍🏻👍🏻,5,0
terimakasih🤗 suka,5,0
barang sesuai dan pengiriman cepat.,5,0
pengiriman cepat dan aman,5,0
mantap recomende seller,5,0
trusted seller.. udah repurchase berkali2,5,0
cuma ordinary yang ga pake janji2,5,0
aplikator mudah dipakai. desainnya elegan 🌟.,5,0
"udh cek lwt barcodenya, asli sih",5,0
"pengiriman super cepat, sudah langganan. thank you 👍👍",5,0
cocok untuk kulit sensitive aku,5,0
"produknya ok, cocok di wajah..",5,0
udh langganan dari dulu original,5,0
"alhamdulillah udah nyampe, makasih seller..",5,0
"mantap, pengiriman cepat",5,0
desainnya elegan 🌟. aplikator mudah dipakai.,5,0
barang sudah sampe...pengiriman cepat dan anak saya cocok......terima kasih tokopedia,5,0
selalu langganan dan memang best!,5,0
tak ubahnya seperti lem kertas.,1,2
packing aman barang diterima dengan keadaan baik terimakasih,5,0
datangnya cepet bgt. padahal dikirim ke kalimantan,5,0
barang orikulit jadi tampak sehat.,5,0
dua kalo beli disini 😆🦦🦦😘,5,0
"pertama kali mau coba ini, semoga works di aku.",5,0
selalu beli disii dah 3x ga rnah ragu,5,0
pembelian ke-2. ga pernah kapok kalau belanja disini. the best deh!,5,0
"top markotop makasih kak, buat stock mumpung toped promo kmrn",5,0
desainnya elegan 🌟pengiriman cepat,5,0
bagus productnya,5,0
"ini bener2 bagus, tks tuk sellernya",5,0
"sdh langganan di sini, beli sdh berulang kali",5,0
seller gercep lgsg kirim makasih yaa <3,5,0
bagus paket lengkap,5,0
"seller gercep, kurir gercep.. pesan kemarin, hari ini sampai... makasiih.. sdh beli yg keberapa/langganan",5,0
produk ori,5,0
sudah sampai sepertinya ori,5,0
2/3 kali beli to niacinamide disini yg jelas2 aja,5,0
sudah diterima dengan baik dan sesuai pesanan. thanks,5,0
barang sdh sampai gak pakai lama..,5,0
pesanan ke sekian kali.. flek hitam yg sudah menahun menipis,5,0
tipe kulitku normal,5,0
tipe kulitku sensitif,5,0
ori seperti biasa,5,0
mudah2an cocok bisa melembabkan,5,0
"bagus, bikin wajah gak kusam",4,0
yakin original,5,0
bener ori 👍,5,0
"pesen kemarin, sampai hari ini. terima kasih ya 😄",5,0
pas discan ori,5,0
sudah langganan dan selalu memuaskan.,5,0
nice cepat sampai original,5,0
masalah kulitku pori besar,5,0
produk asli,5,0
ori👍🏼👍🏼👍🏼,5,0
selalu beli ordinary disini. thank youu,5,0
"sabar ya, gw kasih 3 dulu nanti kalo ada perubahan gw tambah bintang👍",3,0
barang ini asli,5,0
mantapp brang ori,5,0
pelayanannya bagus sekali.,5,0
udah botol ke 4 cocok sih,5,0
produk sesuai deslripsi,5,0
langganan. bagus.,5,0
original 👌👍,5,0
fast respon bingits luvv,5,0
produk sesuai dengan iklan,5,0
service the best,5,0
bagus istri saya bahagia,5,1
brg nya sama spt yg sy beli di tempat lain spt nya asli tp pengiriman lama,5,0
original !!,5,0
proses pesanan cepat.,5,0
udah pembelian ke-2. selalu puas order disini,5,0
semoga ori...,5,0
tipe kulitku berminyak,5,0
mantabbb,5,0
barang sudah di terima mantap,5,0
bagus cocok di wajah,5,0
recommended seller..,5,0
terimaksih,5,0
proses cepat,5,0
ori !!! thankyouuuu,5,0
"sudah langganan,",5,0
kulit jadi tampak sehat.,5,0
sesuai deskripsi..,5,0
asli baunya sama,5,0
entah kenapa formula the ordinary yang paling cocok sama kulit ini. kendalanya adalah banyak sekali duplikat dan produk palsunya. range harganya merentang dari puluhan ri...,5,1
packingnya oke. barang datang dalam keadaan aman. tapi blom di coba. semoga ori ya.,5,0
smoga tiada dusta diantara kita 😊🙏 tkq bos 🙏,5,0
pengiriman cepat. tapi masih ragu ini produk original atau tidak. overall memuaskan.,5,0
"bahannya suka, packagingnnya jg aman, sofar pemakaian bagus",5,0
"hmm pengemasannya cukup menghawatirkan ya tapi alhamdulillah produk aman meski kotaknya sdh remuk. barang dlm kondisi aman. tampak ori, mudah2an memang begitu.",5,0
pengiriman sangat cepat. packaging rapi. bubble wrap tebal. produk original (td udah scan barcodenya jga plus dites di tangan ciri2nya seperti yg asli). kalo cocok bakal...,5,0
"pesanan sudah sampai 2 jam stelah order, penjual responsif. barang tidak ada cacat, dipacking dengan lumayan rapi, cm pas nyampe suhu botolnya agak hangat (?) mungkin krn...",5,0
"barang sesuai deskripsi, kemasan aman (pake bubble wrap), pengiriman cepet.",5,0
produk dipaketkan dengan aman dan rapi. adminnya responsif.,5,0
"suka beli disni krn productnya dah pasti ori terjamin, hrg pun oke, pengiriman cpt 🫶🏻",5,0
"penjual fast respon, pengiriman cepat, packing mantap..",5,0
barang lumayan cpt sampai padhal pake ekspedisi yg free ong. packing rapi bubble wrap tebel. bagus bgtt... so far dibandingin barang yg kupunya isinya sepwrtinya asli. b...,5,0
"produk ori , packing ny rapi dan bagus mudah mudahan cocok dengan kulit ... 😊😇😁",5,0
"packaging rapi, barang sampai dengan cepat dan aman. oriiiii. aku ini udah ke2kalinya di toko ini.",5,0
"respon dan pengiriman cepat. baru coba pakai, semoga cocok. terima kasih🙏🏻😊",5,1
pengiriman cepat. moga cocok sm produk ini cz br pertama coba..,5,0
"pengiriman cepat,packing bagus barang aman",5,0
"mantap ngefek banget ke wajah, bekas jerawat hilang semua, sekarang udah beli yang kedua kalinya di toko ini 🔥🔥🔥",5,0
"pengiriman super aman dengan double bubble wrap, barang orisinal, dan manufacture date: 02/2019. thanks!",5,0
"kedua kalinya beli di toko ini kayanya, dan selalu puas dengan pelayanannya. barang ori, respon cepat, dan didukung pengiriman yang cepat pula. 👍",5,0
"ini ampuh banget buat mencerahkan, walaupun lambat tapi hasilnya oke, product juga original",5,0
produk original. barcode terdeteksi. hanya saja terlihat seperti pernah digunakan.,4,0
"pesanan sesuai deskripsi, packing rapih, bubble wrapnya tebal jadi anti pecah. pesanan cepat sampai walau pakai reguler, kemarin bayar hari ini sampai. smoga cocok jadi b...",5,0
"sepertinya original. sy nonton videonya ponny beaute yg membandingkan ori dan fake, dan sepertinya ini produk ori dari video 👍",5,0
proses dari pemesanan sampai pengiriman super cepat. recommended deh. packaging juga aman karena bubble nya cukup tebal sama sekali tidak ada penyok juga di kotakny,5,0
"udah lama pk niacinemide the ordinary mmg cocok bikin kulit halus n plumpy, efek cerah msh blm berasa..biasa beli di ln, so far ini produk sama persis dgn yg dulu beli /...",5,0
"packingnya selalu super aman, bubble wrap tebel, barang selalu original tidak perlu diragukan lagi",5,0
"kecewa barang palsu, dari tutup botol aja keliatan samam bau nya beda",5,5
"terima kasih, produk ori dan cocok di kulit",5,0
"packaging aman 🙏. proses pesanan cepat. packaging rapi. baru mau coba, semoga cocok",5,0
serum paling cocok! ga bikin iritasi dan ga bikin kulit kusam.,5,0
"so far product ini cocok untuk kulit sy yg cenderung berminyak. jerawat bruntusan jg terkendali. dan blemish bekas jerawat jg memudar. produk kiriman seller tepat, pengir...",5,0
"pernah beli di oren itu barangnya ori dan ternyata ada di tokopediaa, makasi sellerr, bubble warp nya tebel sekaliii, mantapp",5,0
"respon penjual cepat, packaging rapih dan tentunya barang ori~ recomended bgt!",5,0
"uda lama pake ordinary, barang bagus. seller cepet kirim & dibubble wrap rapi beut! thank you yah tipe kulitku berminyak",5,0
"barang sudah sampai, sepertinya original dilihat tekstur isinya",5,4
"mantap, packing aman, pake bubblewrap nya tebal bangetttt. sayangnya ngga cocok dikulit, malah bikin breakout. pernah pakai yg dari australia, hasilnya mulus kinclong, be...",4,0
"speedy delivery, safe packaging and product as described. recommended!",5,0
"agak penyok ini, hehe mohon untuk lebih berhati hati untuk sortir barang nya. karena,alasan sya beli disini slain brng original, juga sya akan jual produk2 ini ke kustom...",4,0
produk original. pengemasan rapi. aman. thank you :),5,0
produk original dan pengiriman sangat cepat,5,0
"pertama kali nyoba the ordinary, gatau asli apa palsu silakan nilai sendiri",5,0
"baru pertama kali pake serum ini. teksturnya gel bgt, awal agak lengket memang tapi cuma sebentar aja. bikin glowing . tks yaaa",5,0
"barang ori dan di kemas baik,semoga cocok",5,0
packaging rapi dan aman. waktu pengiriman sesuai request. penjual merespon dengan baik. terima kasih ya!,5,0
"bublewrapnya tuebel amat, jadinya produk super aman 👍👍👍",5,0
"orderan ke 2, fast respon 1hari sampai. ori",5,0
"bismillah setelah di cek original, semoga cocok",5,0
"barang original , nyampe cpt , respond ok",5,0
rada kesal sama pihak jne karena ada human error atau system error. owner nya bantuin saya buat follow up ke pihak jne nya. sangat responsif terimakasih banyak ya owner...,5,0
"baru pertama beli disini, sangat puas, pelayanan mudah cepat dan aman pakingnya bubblerap tebel, recommended deh, semoga product sesuai discripsi ya, biar jadi ga repot c...",5,0
barang orii super hepi deh sm seller ini. proses cpet lgs sampe dan ga jauh jg dr rumah jd bs gojek instant. will repurchase disini,5,0
ada 2 botol. tp isinya beda. 1lbh penuh. 1 krg penuh,4,0
"sesuai deskripsi, konsistensi ringan, tidak bikin iritasi",5,0
"pengiriman oke, packaging oke, harga jangan naik yaa hahaaa... langsung follow dehh aku biar bs langganan. thank you",5,0
"‼️palsu‼️kw‼️ kok bisa sih di sosmed2 banyak yg blg disini ori?! saya sudah pake to ini 3 botol sblmnya. baunya beda bgt dan warnanya juga. untuk warna, disanggah spt it...",1,48
"nyampe cepet packaging luar rapi bgt, tapi pas buka rada mengecewakan. yg kiri aku beli handcarry europe nah yg kanan aku beli disini, botolnya gatau kenapa kek ada bekas...",3,10
"baru mau nyoba, blm tau hasilnya. tapi sudah sering belanja di toko ini. smua produk original.",5,0
bagus. recommended. packing rapi. fast respon. semoga cocok.,5,0
"di proses dengan sangat cepat , baru order sudah langsung di carikan driver ojek dalam beberapa menit. good service !",5,0
"pertama kali beli dan coba, semoga cocok, sudah coba cek keaslian produk dgn cek barcodenya, dan asli.. thank youu seller nyampenya juga cepet..",5,0
packaging aman dan barang sampai dengan kondisi baik 👌🏼,5,0
"pengiriman cepat, respon sangat baik, kemasan aman ,tengkyuu ♥",5,0
"bingung, ori ga ya? beda bgt dr yg biasa dipake, beli di eropa dan di indo jg. yg ini pertama kali dg box tulisan korea. dr ciri2 yg palsu di web, ini termasuk ga ori. se...",3,3
fast respon packing ok semoga cocok jd bsa repurchase lagi,5,0
"ori udah dicek , pengiriman lumayan lah , seller ok .",5,0
pengiriman cepat dan packing aman dengan bubble wrap berlapis-lapis.,5,0
"barang sudah diterima, packing aman, semoga cocok serumnya. makasih",5,1
"sesuai ulasan produk yang uda banyak, pengiriman cepat dan produk greget. thx seller",5,0
"barang sesuai pesanan, dan packing rapi. terima kasih.",5,0
"perdana beli disini, packingnya rapi dan aman jd pas sampai rumah produknya masih aman bgt.. over all puas sih",5,0
serum ter favorite & ga bikin kulit iritasi. aman-aman saja buat kulit berminyak.,5,0
"barang sampai dengan selamat, bubble warpnya juga teball... makasih sis",5,0
pertama kali beli disini sellernya cepet banget responnya good job 👍,5,0
"sehari sampe, pesen kemarin siang, pagi udah sampe, pengemasan pke bubble, aman semua diterima dengan baik. udah 3x belanja disini. restock skincare hehehe terima kasih s...",5,0
"produk original, packingnya tebel, bakal belanja lg disini, makasiiihh",5,0
"sdh 10 hr pakai, kulit lbh smooth n sehat",5,0
"brand kesukaan sy sejak dulu, baru kali ini beli ada tulisan korea tapi cocok saja.",5,0
tenkyu.. packaging rapihh.. produk original..,5,0
as you can see from the bubble wrap were so extra! will definitely re-buy! original! fast shipping!,5,0
"pengiriman cepat, packingan rapih, sesuai dengan pesanan. 👍",5,0
"packing aman, cepat sampai, enak bgt di kulit ya",5,1
bagus..pengiriman cepat..original..thanks,5,0
beli disini alhamdulillah selalu ori makasii,5,0
"udah kesekian kali beli to selalu disini, pelayanan pengiriman cepat dan barang original. terimakasih",5,0
thank you cepat sampai dan rapih packingnya ~,5,0
"masih yes favorit, mantap recommended",5,0
"cepet bgt datengnyaa gasampe sehari udah sampe,dicek juga orii semoga cocok dehhhh makasihh",5,0
"terima kasih barangnya udah sampai. packingnya bagus, rapi, dan aman. barang sesuai dengan pesanan.",5,0
"pengiriman cepat dan dikirim dengan bubble wrap, mantap gan. sukhron",5,0
"resiko beli online, ini sudah botol ketiga saya tapi baru kali ini beli dari olshop ini. ketika datang isi di dalam botol seperti di foto, bisa dilihat sendiri isinya kur...",1,32
"barang 100% ori, semoga tmbh glow up",5,0
"packaging aman, fast response!",5,0
cepat sekali datangnya suka bgt beli di sini insyaallah terpercaya udh sering beli di toko ini,5,0
"serumnya masa iya stlh dipake di muka jdi kyk menggumpal gitu (di foto cm keliatan dikit yg gumpal tpi kerasa bgt dimuka ada banyak yg gumpal begitu), muka jg malah jadi...",1,5
"wahhh ini palsu. sy udh pernah beli dr toko lain, ini bau nya kyk lem trs cair bgt, terus wrnya rada kuning, terus pas dipake muka ku langsung panas bgt pdhal biasa nya e...",1,37
udah sekian lama pake ini dan ga di ragukan lagi pokoknya kalian wajib coba!,5,0
"rutin pakai ini pori2 mengecil, wajah jd tdk berminyak",5,0
barang palsu ! sangat cair dan baunya sangat menyengat ! punya yang asli beda banget . yang asli lebih kental dan tidak menyengat . hati” beli disini jangan tergiur harga...,1,23
"responnya cepet, packaging rapih 👍",5,0
"yeayyy... order kemarin dan hari ini diterima... packing rapi + bubble wrap, tinggal coba barangnya",4,0
"barang cepat sampai, thankyouu",5,0
"sudah sampai dengan selamat...sellernya keren bgt,konsul di jwb dng sabar n jelas.1st beli disini,dan lg mau coba.insyaallah cocok,beli lagi...",5,0
"produknya original, nyampe nya cepet.",5,0
barangnya ori ❤️❤️❤️❤️,5,4
"i think they sell a fake products, its different from mine that i bought in other store. please take precautions before buying from this store. thanks",1,5
dikirim tanggal 2 tdi siang jam 12 udah sampe 😍😍 holly grail,5,0
mantap recommended sudah 8x disini tinggal nunggu bonus 😊😀😁🙏,5,0
udah 3x beli di toko ini. produknya sama percis kaya pas beli di eropa 👌🏼,5,0
produk ori pengiriman cepat,5,0
berkali kali pas & cocok tengkiyu 😊👍 ⭐⭐⭐⭐⭐,5,0
"produk original, seller ramah dan responsif, packaging sangat aman. sukses selalu ya 😁",5,0
"produk original, harga murah juga sellernya fast response, pertahankan. bintang lima juga selipin buat ekspedisinya",5,0
"produk original, respon penjual baik, barang cepat sampai walau pakai paket yang biasa.. good job!",5,0
"fast response seller, original and best price on tokped",5,0
"seller fast response. pengiriman cepat, packaging oke. produk ori. thanks",5,0
"barang bagus, original, pengiriman cepat dan kemasan rapi. tapi begitu nyampe produknya panas seperti habis direbus. sampai pas dicoba di tetes di tangan pun terasa panas...",4,0
"packaging rapi, sellernya responsif. barang original dan sampai dengan selamat 👍",5,0
"respon seller cepat, packaging rapi, dan barang sesuai ekspektasi, good job👌",5,0
"udah ketiga kalinya order disini. selalu suka karna harganya lebih murah dari tempat lain, barang original, seller responsif dan pengirimannya cepat. recommended banget!",5,0
"dari sisi pengiriman, packaging dan originalitas produk, memuaskan sekali. mari kita bahas khasiat produk ini. ini adalah produk terbaik menurut aku untuk kamu yang kulit...",5,0
"seller responsif, produk original, packingnya rapi. sis, jual foundationnya dong 😁",5,0
produk original respone cepat pengiriman tepat waktu baru dipake 2 kali dan berhasil mengkalemkan rombongan jerawat hormonal yang masih berkeliaran :'),5,0
produk asli. sama seperti produk to yang sebelumnya sudah pernah saya beli. tidak ada tanda2 produk palsu. recommended seller. harga bersahabat.,5,0
"sepertinya ori, respon chat jg cepat. insyaallah bakal langganan disini.",5,0
"g tau si asli atau palsu, semoga asli. pacakingny juga seems legit. pengiriman aman dan cepat",5,0
ori barang tapi memang harga lebih mahal but klau cari asli pasti asli sih disini,5,0
"sudah berkali-kali belanja disini. barang ori, packing rapi banget, bubble wrap extra tebal.",5,0
pengiriman sangat cepat dan produk sepertinya original,5,0
ini kali kedua order ama mbak venus... packing rapi pengiriman cepat... untuk product saya gak tau ini ori apa gak yang pasti perlahan-lahan saya merasakan efek yang baik...,4,0
di saya cocok banget. ga da break out. tekstur kulit lbh halus. sedikit lebih cerah setelah beberapa hari pake. tp gada efek mengelupas. suka banget.,5,1
"barang ori, packing rapi, pengiriman cepat.. recomended ..",5,0
"pengirimannya cepet, mudah2an cocok..",5,0
"sesuai dengan deskripsi, barang original, pengiriman cepat, packaging rapi dan terjaga 👌👍👍",5,0
respon penjual sangat cepat.. penggirimna pun cepat.. produk original..,5,0
bagus ori karena saya sudah pakai banyak dan tau mana rasanya yg ori dan gak,5,0
"beneran ngefek bikin kulit lebi cerah, bikin skintone even, dan memudarkan bekas2 kayak flek dan bekas jerawat! maap gan baru review, ane coba pake lamaan dulu 😁",5,0
penjualnya ramah banget. aplikator mudah dipakai. kulit jadi tampak sehat. packaging rapi. respon penjualnya top.,5,0
seller fast respon. ori setelah dicek. terimakasih,5,0
"respon cepat, packing bagus, produk original. mantap.",5,0
great stuff ! barang sesuai pesanan. akurasi barang sesuai dengan deskripsi yang diberikan. pelayanan sangat cepat. packaging aman pakai bubblewrap dan amplop coklat.,5,1
"alhamdulillah, penjual amanah, tonya ori ya teman². ini sudah pemakaian botol ke empat klo gk salah. tiap beli, beda toko dan alhamdulillahnya selalu ketemu pnjual yg ama...",5,0
"productnya ori, cuma kalo pake ini mesti sabar ya krn ga langsung keliatan effectnya",5,0
bagus. packing bubble wrap tebel bgt. semoga original dan cocok. kemaren beli toner the ordinary disini jg alhamdulillah cocok. klo cocok langganan disini aja. soalnya su...,5,0
"packing rapi, respon penjual ramah dan cepat , barang sesuai dgn deskripsi",5,0
"gila, pengirimannya cepet banget, cuma butuh waktu 3 hari jakarta-sulsel. padahal, biasanya tuh semingguan. produknya juga dikemas rapih dan aman bangettttt, bublle wrapn...",5,0
"pertama kali nyoba dunia perskinkeran dan ternyata ordinary mantep banget, 2-3 minggu noda hitam memudar dan breakout di bagian pipi hilang. ukurannya kecil tapi bisa sam...",5,0
"produk ori, harga lebih miring daripada toko sebelah. packingnya rapi pakai bubble wrap. sama kurir dilempar begitu aja tp alhamdulillah gpp barangnya aman ngga ada pecah...",5,0
"product ori, packing pengiriman aman. thank you!",5,0
"terima kasih, barangnya mendarat dengan sempurna, semoga cocok sama kulitku",5,0
barang original. packaging barang juga rapi. thank you!,5,0
mantap cepet banget pengirimanny. barang ori . the best . semoga berjaya terus thanks,5,0
terimakasih ya... produk ori & cepat sampai nya respon toko cepat .... recommended seller,5,0
produk asli pengiriman juga cepat kemasan rapi dan aman. thank you,5,0
"fast response, fast delivery. recommended. sudah pakai ini setahun lebih dan belum pernah mengecewakan. bagus utk memudarkan bekas jerawat",5,0
"baunya agak seperti lem, bungkusnya lumayan rapat",4,1
pengiriman cepat barang ori packing rapih,5,0
"barang sesuai pesanan,response cepat,packing aman",5,0
fast response.. barang ori packing aman! tqu...,5,0
"original, packing ok masa proses dan pengiriman juga cepat. terimakasih",5,0
product ini original karena saya suda test product nya. thank you,5,0
barang diterima dgn baik sesuai dengan fotonya dan kwalitas asli,5,0
"fast response, cepet sampe, packaging rapih",5,0
"fast respon, langsung nyampe sehari, barang dalam kondisi bagus",5,0
"produk sesuai pesanan, packing rapih, respon seller cepat 👍",5,0
barangnya sesuai packaging bagus pengiriman sesuai harga lbh murah drpd lainnya,5,0
"produk original, pengiriman cepat, packing rapih.",5,0
sesuai deskripsi..respon penjual sangat cepet,5,0
"cocok banget sama kulit kering, seller sigap replay chat pengiriman super cepat",5,0
"udh langganan. produk ori. pengiriman cepat, sesuai pesanan.",5,0
produk ori pengiriman juga cepet... thank you,5,0
"secara bentuk botol si bagus.. cuma buat hasil gua belom tau, semoga cuco..",5,0
packaging 5/5 pengiriman 5/5 produk 5/5 original dan sesuai deskripsi,5,0
"produk nya original, pengiriman cepat banget",5,0
"packing rapi, kondisi barang bagus dan sangat cepet banget sampe nya.",5,0
"product sesuai deskripsi, packaging rapih, sampe nya cepeett, same day with grab. recommended!",5,0
"produk bagus, sesuai. packaging rapih, aman. pengiriman cepat!",5,0
"barang sesuai, dan respon penjual cepat dan baik. sukses selalu!",5,0
"original, dateng cepet bgy, bayar sore besok siang nya dah ada hehehe",5,0
"tanggapan cepat, pengiriman juga cepat, produk sesuai gambar, recommended shop",5,0
"proses pengiriman cepat, barangnya original, sudah saya coba dan oke di kulit 👍",5,0
"original pembelian kedua ,cocok buat kulit ku yg sensitif ini ,",4,1
barang ori dan di packing dgn baik. cepat sampai lg.,5,0
packaging super aman & product sesuai ekspektasi,5,0
"barang sampe dengan aman, ini pertama kali make niaciamide, jadi belum tahu efeknya gmana cuma dari teksturnya tuh enak bgt. mmg agak pekat tp bener2 cepet bgt nyerepnya...",5,0
seller responsif dan cepat barang sesuai thanks,5,0
kiriman cepat sesuai dengan pesanan,4,0
packing barang bagus dan rapi. pesanan juga sangat cepat diproses. terima kasih,5,0
thank you! produk ori & cepet banget sampe nya,5,0
ada efek purging kalo di saya. belum brani pake kalo masih punya jerawat aktif. mungkin setelah jerawat bersih akan mulai pake lagi,4,1
"produk sesuai, packing rapi, respond cepat dan tepat waktu. highly recommended!",5,0
"barang original, pengiriman cepat, packing aman bgt 👍👍",5,0
"seller fast respond , barang cepet bgt sampenya",5,0
"barang sampai cepat sesuai yang di iklan, packing cukup rapi dan sepertinya aman... barang datang sesuai pesanan. untuk kualitas barang saya belum coba tapi mudah-mudahan...",4,0
"terima kasih, packing oke banget, barang ori.",5,0
fast response. packing dan pengiriman ok. barang sesuai deskripsi,5,0
barang sesuai deskripsi dan packing aman dan rapi,5,0
toko favorit di seluruh tokopedia. pelayanan gercep dan barang selalu dalam kondisi baik. tiap kali mau coba skincare baru jadi selalu berharap dijual disini! <3,5,0
"udah botol kedua, ngaruh bgt utk kulit ku yg normal ke berminyak (normal to oily). barangnya asli, packagingnya sampai dengan baik. waktu sampe nya jg tepat waktu. thanks...",4,0
"respon nya cepet, barang nya jg sehari nyampe, ada promo gratis ongkir pula hehe",5,0
"packing rapi,produk sesuai deskripsi jg,mantap",5,0
"barangnya asli, sudah sy bandingin sm yg palsu. packaging rapih. harga lebih murah dikit dr yg official.",5,0
ini btl ke 3 pake produk ini hasilnya bikin kulit saya kenyal dan moist,4,0
"respon penjual cepat, pengiriman juga cepat",5,0
"pesanan tiba dengan cepat, rapih, dan responnya juga cepat. terimakasih.",5,0
"bagus banget buat membantu produksi minyak berlebih dan menyimbangkan kondisi kulit. bagus juga to prep the skin before using retinol, retinoic acid agar kulit tidak menj...",5,0
"produknya original, semoga cocok digunakan di kulit sy",5,0
barang original. double bubble wrap tanpa diminta. ini uda repurchase ke sekian kali deh pokoknya! 👍,5,0
"so far so good, but i haven’t tried it yet the product",4,0
"barang sesuai deskripsi, ngga ada cacat. thanks😁",5,0
"barang sesuai, cepet banget pengiriman, pagi order dan siang sampai, packaging rapih",5,0
response dan pengiriman cepat & rapi. produk sesuai deskripsi. thanks !,5,0
"sesuai deskripsi. respon cepat, pengiriman cepat dan packing rapi. 👍🏻👍🏻👍🏻 recommended",5,0
"recommended seller, harga produk oke banget",5,0
"packing oke,respon oke banget,cepat thanks ya",5,0
"respon dan pengiriman dari penjual cepat, barang sesuai deskripsi. 👍",5,0
product ini bagus dan cocok untuk kulit saya. venus88 pengiriman cepat dan tidak pakai drama. thanks ya,5,0
"respons penjual cepat, baik dan product ok .",5,0
packing rapi dan barang sesuai deskripsi. hal yang paling mengesankan adalah cepatnya pengiriman diproses sejak kita pesan. kalau habis akan beli di sini lagi.,5,0
"produk sesuai pesanan, packaging baik dan pengiriman tepat waktu",5,0
"barang bagus, respon penjual dan pengiriman cepat :) semoga cucok hasilnya",5,0
produk ori. bagus banget utk ngilangin blemishes. thanks!,5,0
seller fast response dan barang lgs dikirim. super recommended!,5,0
"packaging rapih, pengiriman cepat, semoga ampuh ya, sukses",5,0
seller sangat repsonsive dan sangat cepat dalam mengirim.. padahal pembayaran baru d verif jam 12 tapi sore harinya sudah sampai (bukan dikirim hari besoknya). packagingp...,5,0
packing aman pake bubblewrap. pengiriman cepat. produk oke.,4,0
warna sesuai pesanan. produk dipaketkan dengan rapi dan tidak cacat. recommended!,5,0
"ku cinta sekali sama produknya, packaging rapi, dan on time sampe nya👌🏻",5,0
produk sesuai deskripsi. recommended seller. terima kasih seller dan tokopedia.,5,0
"barang ori, dan fast respon",5,0
"barang sampai, semoga cocok di kulit",5,0
barang yang dikirimkan sesuai dengan yang di pesan. respon penjual baik. packing rapih,5,0
"terima kasih, pengiriman cepat, produk original.",5,0
barang bagus packing rapi dan pengiriman cepat,5,0
packing bagus tp sayang d taruh d jok spd motor jd panas smoga tdk berpengaruh k produk,5,0
"barang sesuai, packaging mantap. semoga produknya cocok",5,0
"makasih seller fast response, thanks..sorry baru sempat kasih ulasan",5,0
"cepet banget nyampenya. pesen pagi, sebelum sore udah nyampe. seller juga responnya bagus. recommended!",5,0
barang original! pengiriman cepat sampai dan aman. tidak ada kerusakan. repurchase? yes.,5,0
"selalu puas belanja di toko ini, produk terjamin, respon penjual dan pengiriman juga cepat. masih dapet bebas ongkir pula... 😍",5,0
respon & pengiriman cepat barang sesuai deskripsi,5,0
produk nya sampai dg selamat. dipakein bubble wrap dan amplop. dikirim oleh bapak grab. makasih penjual.,5,0
pengiriman cepet banget. packing bubble wrapnya tebel 👍,5,0
"barang sesuai, pengemasan rapi dg tambahan bubble wrap.",5,0
"barang mendarat seperti kilat, baru pake sehari jerawat mulai kering semoga cucok",4,0
suka deh sama produknya. ori trs pengirimannya cepet. makasih yaa,5,0
"barang tiba dgn selamat, packaging aman dan rapi",5,0
"the cheapest one from this store, good for stock. the product itself works well on me.",5,0
"sesuai, barang cepat sampai. respond cepat",5,0
saya gak tau asli atau enggak... baru coba... semoga asli dan rezkimu berkah,5,0
"produk bagus, sesuai, tersegel. puas belanja disini",5,0
packing rapi pengiriman dan respon penjual cepat. barang sesuai deskripsi dan harga bersaing. puaaasss,5,0
"di kardusnya tulisan koreaa (biasa aku beli yg bahasanya france) tp kalo dari tekstur dan baunya ori sih, thank u",5,0
"barang sesuai pesanan,seller responsif..makasih ya say...kayanua bakal langganan nih disini",5,0
produk nya asli & harganya lumayan bersaing,5,0
love it. saya pakai selama 2 minggu. jerawat besar mengering. bekas2 jerawat lama juga memudar.,5,0
"order ke 3, kemasan tanpa cap biru",2,1
tipe kulitku berminyak masalah kulitku jerawat tipe kulitku sensitif...smoga cocok...mksih..,5,0
"original.. sip bakalan langganan.. packing aman, proses cepet..",5,0
barang sesuai pesanan dan ori,5,0
"cepet banget dateng nya… packing rapih, dan semoga cocook dengan skincare ini",5,0
produk ini bagus banget. sesuai deskripsi,5,0
"seller fast response. barang sdh sampai, semoga cocok",4,0
"produk nya bagus, cocok dengan kulit saya.",5,0
respon cepat pengiriman jg cepat. makasih ya,5,0
sdh mencoba..cocok dan ada perubahan di wajah jd lebih bersih dan halus,5,0
barang sudah diterima dengan cepat dan packaging sangat aman,5,0
produknya asli dan cocok pemakaiannya 😁,5,0
paking bagus fast respon kalau nanya nanya,5,0
produk sesuai deskripsi dan pengiriman cepat :),5,0
"seller super ramah dan helpful, pengiriman cepat...",5,0
respon baik dan cepat. barang sampai dengan rapi 👍,5,0
packing aman dan rapi..pengiriman jg cepat..trimakasih seller:),5,0
ori.. selalu beli dsini.. packing super aman...,5,0
"asli barangnya ud di cek, semoga stock ready terus",5,1
"produk bagus,,kerasa manfaatnya buat kulitku.tekstur lembut..ini utk kesekian kalinya ak beli serum ini di toko ini.pengiriman cpt..trmksh",5,0
"produk yang dikirim sesuai pesanan, produknya juga cepat diproses oleh penjual jadi cepat sampai.",5,0
barangnya cepet banget sampainya. packaging rapih.,5,0
"baru sempet ngereview, packing oke, produknya dasyat suka bgt sm hasilnya glowing parah",5,0
serum cepat menyerap dan tidak lengket. untuk khasiat belum terlihat,5,0
"barang ok, sesuai pesanan, packing rapi dan cepat diproses 👍🏻",5,0
"brg cepat sampai,packing rapi.moga2 cocok di kulit sy",5,0
"sampai dengan selamat dan aman, packing nya rapih banget dan aku baru nyoba produknya semoga cocok biar bisa order trus. 👌👌",5,0
produk dibungkus dengan baik dan dikirimkan dengan cepat,5,0
"barang sesuai dengan gambar, packing rapih 👍",5,0
"barang sesuai, paket aman , seller tanggap",4,0
mantap. pertama kali pake ni produk. nyoba dl yach hehehe,5,0
mantap pengiriman cepet dan barang sesuai deskripsi semua.. tinggal di coba aja nih,5,0
"penjual responnya ok..bangett,packing rapi...barang ok...dikirimnya jg cepattt...🤩🤩...sukses terus yaa boss..😀😀",5,0
best serum for combo/oily skin untuk mengatur minyak di kulit. zinc membantu untuk mengatasi jerawat. so a good affordable 2-1 product.,5,0
"barang sesuai pesanan, cepat sampai, packing rapih aman, recommended seller dehhhh bosss,",5,0
"penjual ramah, barangnya sampai tepat waktu dan packagingnya rapih. makasih banyak yaa, semoga produknya cocok dan akan repurchase lagii hehe. aamiin 🤲🏻",5,0
baunya bener bener kimia banget sayang ga ada perubahan diwajah aku setelah pakai ini yang penting ga nambah rusak wajah aku,4,0
"cepatnya parahhhh. pilih option pengiriman pake jne yes, malam di transfer, langsung konfirmasi. paginya sekitar jam 7 udah dikirim, jam 5sore udah nyampe ke alamat yg te...",5,0
"sukaa banget produk ini, muka ku berminyak & gampang kusam.. pakai ini jd gk berminyak dn gk kusam lg hihihi bakal pakai ini terus.. :)",5,0
"admin lovely bgt, mau kasih saran dan ramah.",5,0
"cepat sampai , produk oke punya, terima kasih",5,0
"respon penjual cepat, dan barang sesuai. terimakasihh^^",5,0
bagus utk jerawat jadi cepet kering dan kempes,5,0
"pengiriman sangat rapi, safety dan cepat.",5,0
"packing rapi dan pengiriman cepat. baru coba lihat review the ordinary bgus bgt, semoga cocok.",4,0
pengiriman cepat. baru coba produk ini. kayaknya sih cocok. thanks ya,4,0
fast respon ! reccomended lah :d thank you,5,0
"produk sesuai, pengiriman dan packing aman semoga berkah bersama",5,0
enak bgt pakai serum ini. seller fast respon. trims,5,0
"packaging rapih, pengiriman aman, barang sesuai bintang",5,0
"pengiriman super cepat, harga murah. recommended",5,0
holy grail kebanyakan org kayanya. cocok buat oily skin. pengirimannya cepat dan packagingnya aman :),5,0
yaaaa udahhhh ke sekian kalinya dan belum kecewa sih hahahaa maacih ya ka selalu puas pengiriman cepat dan barang original,5,0
"ga lengket , belum tahu juga hasilnya bakalan mencerahkan ga . so far sih cocok aja ga break out.",5,0
"kemasan rapih, dikasih bubble wrap yang banyak",5,0
produk cpt sampai nya n sesuai dng yg diinginkan...jempol buat tokopedia n venus88...,5,0
"barang nya bagus, dan khasiatnya luar biasa bgt buat kulit berjerawat",5,0
"pesen sabtu senin sampe , suka banget sama barangnya original ❤️",5,0
pengiriman cpt..harga juga bersaing..ini barang lg bnyk dicari krn reviewnya bagus,5,0
baru pake sebulan.so far flek berkurang.tq,5,0
"cukup baik, kemasan di bungkus rapihhh ga pecahhh kerenn deh cepet sekali sampai pesanannyaaa. terimakasihh yaaa",4,0
belum dipakai tetapi mudah2an ramuan ini dapat menyamarkan noda bekas jerawat pada wajah serta menyeimbangkan kadar sebum pada wajah.,5,0
"ok banget sesuai pesanan,cepat sampenya,semoga cocok",5,0
packaging rapi dan cpt smpe. smg produknya cocok dg sy.. trmksh bnyk..,5,0
"stlh sebulan lalu beli baru kasih ulasan skrg sambil nunggu hasilnya, jerawat yg meradang + noda hitam aku hilang perlahan dan bikin cerah kulit lho.. must try buat yg mu...",5,1
suka belanja kalau seller reaponsif...barang ok.. kulit jd halus.,4,0
barangnya sampai lebih cepat dr perkiraan. swmoga cocok di saya :),5,0
brg nya cepet bgt sampe.. recomended & trusted seller.. mantull,5,0
barang sesuai dengan yg dipesan dan pengirimannya jugaa cepat,5,0
barangnya sudah ada dri kemaren duluh. mohon maaf saya lupa mengabarkan barangnya sudah tiba hehehe,5,0
"pengiriman cepat. pesan sabtu, diproses senin, selasa udah nyampe... dilengkapi bubble wrap tebel, thankss",5,0
"sampenya super cepet.beli jumat,minggu udh sampe.....produk dibungkus rapi..buble wrapnya bnyak.jd langsung follow tokonya.recomended!!😊",5,0
langganan di sini. produk ok dan packing ok.,5,0
respon dan pengiriman cepat. suka. terimakasiii,4,0
"maaf kak ini kalo aku layer ke skincareku yg lain, moisturizer sama sunscreen aku kok jadi lumer dan menggumpal kayak berubah jadi air dan ada butiran gumpalan gitu ya ka...",2,0
product ori and pelayanan bagus,4,0
sebelumnya saya pernah membeli produk the ordinary niacinamide dari toko lain dan merasa sangat cocok. tapi pada saat saya memulai pemakaian produk yang kebetulan saya be...,1,49
pengiriman cepat.. packing nya aman.. blm pake sih produknya.. mudah2an cucok ya..,5,0
semoga cocok di kulit dan memberi efek positif desainnya elegan 🌟,5,0
paket sampai dengan slamaaaat! smoga cocok dengan produknya🙏🏻,5,0
sesuai dengan pesanan ya. packagingnya rapi. semoga kupakai cocok. terima kasih seller semoga laris selalu 👍👍,5,0
"more than 15 bottles repurchased, it works",5,0
packaging rapi dan barang ori. puas!,5,0
pengiriman cepat dan produk original,5,0
kulit jadi tampak sehat aplikator mudah dipakai,5,0
"packingnya oke bgt, barang sesuai pesanan. thx ya",5,0
"barang cepat sampai, penjual responsif",4,0
"produk oke, kecepatan baik, packing oke",5,0
"wahhgelaseh.. baru saja diorder, sudah sampai ditempat tujuan dgn mnggunakan instant courier, betul2 sgt recommended toko ini😍😍puas polll.. kualitas produknya jg sgt ba...",5,0
"produk sesuai pesanan. udah berkali2 pesan disini, selalu cepat diproses :)",5,0
"akhirnya ada stock lagi , udah lama ditunggu2 & baru sempet beli sekarang..... venus is d'best..",5,0
pesan hari ini besok sampai padahal weekend. you did a great service! well done 😊,5,0
"so far oke, kiriman cepat..thanks ya gan!",4,0
bakalan pesen lagi di toko ini. insyallah tokonya amanah,5,0
barang ok n seller fast respon,5,0
"produk original, pengiriman cepat",5,0
"barang diterima tanpa ada kekurangan, terima kasih banyak, semoga sukses selalu",5,0
barang ori. packing aman. cepat sampai,5,0
recommended seller ;) original,5,0
terima kasih barang bagus sesuai dekripsi,5,0
"udah pembelian ke 3. sejauh ini puas, wraping juga bagus.",5,0
"respon penjual ramah, packing rapih",5,0
"barang sudah diterima dgn baik. packingnya jg baik. semoga dapat bermanfaat pemakaiannya, terima kasih.",5,0
selalu terjamin ori kl beli disni,5,0
good product and fast delivery,5,0
akhirnya nemuin produk original,5,0
kulit jadi tampak sehat. aplikator mudah dipakai.,5,0
sesuai gambar dan sampainya tepat sesuai waktu,5,0
"paket sudah diterima dengan baik, cepat sekali pengirimannya, terima kasih.",5,0
fast response dan barang sesuai,5,0
response cepat dan barang bagus,5,0
"makasih udah sampai. ini repurchase yg kedua kalinya. pengiriman lumayan, barang packagingnya rapi dan aman.",5,0
"barang sdh sampai, packing aman, harga bersaing. recomended. thx",5,0
barang yang dikirimkan sesuai dengan yang dipesan,5,0
"ori, toko langganan ga pake cemas",5,0
selalu puas belanja disini. packing rapi dan renspon nya cepat. 👍thanks,5,0
saya suka belanja disini respon'y cepat barangnya oke.. terima kasih ya...,5,0
sudah 2 kali repurchase di toko ini. pelayanannya selalu juara.,5,0
barangnya ori. trusted pokoknya,5,0
barangnya ori. sudah cek barcode 👍,5,0
mantapppppp sissssss barang oriii pengiriman cepett harga paling muraahhhhhh ahhhh terbaiqqq sihhhhh,5,0
"sdh berulangkali beli dan seller ini satu kota jadi berharap barang cepat sampai karena yang lama sudah habis, ternyata sama pembelian di lapak lain yang belakangan order...",1,0
produk bagus dan sesuai deskripsi,5,0
pengiriman cepat..produk semoga ori,5,0
recommended... barang orii pengiriman cepet bgtt,5,0
"respon seller cepat bgt, semoga cocok",5,0
produknya sesuai. pengiriman juga cepat. makasih yaa,5,0
"sampai cepat, packaging aman dan rapih.",5,0
"paket rapi, produk sesuai deskripsi",4,0
"bgss bgtt! it works on my skin, definitely going to repurchase dizzz soon",5,0
"nyampenya cepet, dibungkus rapi",5,0
ga kebaca barcode nya. biasa beli lgsg dr us bisa kebaca barcode nya.,2,0
"the smell is very strong, it irritates my skin, and the color looks milky.. not sure it's original.",1,2
"sangat puas, pesan pagi sorenya sampai good seller 👍",5,0
bagus dan original☺️☺️☺️,5,0
"sesuai pesanan, packing aman.. thankksssss",5,0
always original!,5,0
"puas bgt deh , psen trs di kirim di hari yg sama , nyampe lngsung ke bdg kurang dr 24 jam, thanks ya smoga cocok 😆nanti langganan dsni trs",5,0
"cocok banget pakai ini, respon ok",5,0
fast respond. semoga serumnya cocok,4,0
cepat sampai dan cepat response!,5,0
packing & produk originall ! sukses terus,5,0
fast respon..barang ori thx kak,5,0
bagus sesuai deskripsi & cepat!,5,0
produknya cukup memberi manfaat & cocok,4,1
"cepat,aman,dan barang 100% legitttt",5,0
sesuai harapan 😇 dan puas sekali,5,0
"paket rapi, pelayanan n respon ok..",5,0
barang sesuai + packaging sgt rapi,5,0
packing oke. kirim cepat. blm bisa review karna baru coba,5,0
"sesuai deskripsi, pengiriman cepat",5,0
produk bagus dan pengiriman cepat,5,0
"respon cepat, barang cepat sampai",5,0
sesuai deskripsi.. moga2 cocok,5,0
"produk memuaskan, pengiriman juga cepat",5,0
barang nya sudah diterima.. cuma lama di ekspedisi nya.. terima kasih yaa..,5,0
"barang sesuai deskripsi, mantap👍",5,0
"good product, fast delivery, thanks",5,0
"good product, fast delivery, thanks",4,0
"pengirimannya cuepet bangett, gak nyangka bisa secepet ituu. good job!!!",5,0
respon cepat ....profuk berkualitas top,5,0
barang sudah sampai dan sesuai pesanan 😊,5,0
respon cpt..pengiriman cpt..thanks,5,0
"produk sesuai, epngiriman cepat",5,0
"paking rapih, produk ik",5,0
kondisi baik&cepat sampai😊,5,0
semoga produk nya sesuai harapan,5,0
pengirimana cepet packing rapih,5,0
"produk sangat bagus, recommented",5,0
kiriman cepat dan barang bagus,5,0
"serumnya sudah datang, mau coba nih.. semoga cocok",5,0
"barangnya mencurigakan, packagingnya beda am yg sy pesan di ponny beaute.",3,0
cocok banget dengan jenis kulit saya,5,0
pengiriman cepat dan packing aman..,5,0
barang mantep sesuai deskripsi. makasih gan,4,0
pesanan sudah diterima dengan baik dan pengiriman cepat,5,0
cucok meong 👍👍👍👍👍👍👍👍👍👍👍,5,0
"packingnya bagus, rapi & aman",5,0
karena kepotong weekend jd pengiriman tertunda,3,0
barang sesuai dan sampainya cepat,4,0
reseller gercep...semoga product cocok 😊,4,0
"barang telah sampai, blm dicoba tp smoga cocok deh",5,0
pengiriman cepat .packing rapi,4,0
barang ny bagus,5,0
smoga jempolan selalu disini,5,0
pesanan sudah diterima.. packing aman banget.. pengiriman cepat.. thx,5,0
sudah beberapa kali pesan disini selalu ok,4,0
packing bagus tp agak lama nih sampainya,4,0
"sangat memuaskan, cepet sampe, bagus",5,0
"barang sudah sampai,mudah2 an cocok.thanks",5,0
memuaskan. packing rapi harga oke,5,0
pengiriman cepat aman..ok banget,5,0
pengiriman cepat sekali,5,0
"packing aman, blm dicoba. original",5,0
barang sampai dengan aman. produk bagus,5,0
"packing rapi, barang blm dicoba. thank you sis",5,0
terima kasih. barang dateng sesuai pesanan. 👍👍👍,5,0
puasss dan cepat pengirimannya,5,0
ulasan untuk produk ini sangat baik,5,0
barang diterima dengan baik semoga cocok,5,0
bagus puas,5,0
"super puas!! order jam 3, jam 4an dah nyampe.. mantap",5,0
kirimnya cepat dan orii,5,0
barang sampai tepat waktu. packing aman. thanks,5,0
"paket rapi, servis gercep, thanks sis",5,0
barang ok. pengiriman ok. sudah repeat order,5,0
barang yg datang sesuai dengan yg dipesan,5,0
sesuai pesanan dan cepat sampai 😉,5,0
"packing aman, cepat sampai. thank u",5,0
kemasan aman..,5,0
mantap pengiriman cepat,5,0
"pengiriman cepat, barang ori",5,0
"ori, fast response!",5,0
"produk ok, pengiriman ok!! thanks ya",5,0
"cepat dan sesuai pesanan. terima kasih :"")",4,0
respon cepat barang asli,5,0
"barang ori, pengiriman cepat",5,0
"barang oke, ori 👌🏻",5,0
produk sampai dengan keadaan baik,5,0
"barang ori, kemasan rapih",5,0
"barang sesuai yg di inginkan, terimakasih",4,0
bismillah ori dan cocok,5,0
cepet respon and packing aman,5,0
ori dan bagus banget dikulit,5,0
bagus dan fast respon,5,0
double tebelnya,5,0
"fast respon ,,,,,,,,,,",5,0
bagus! semoga cocok 🤍,5,0
"fast respon, pengiriman cepat",5,0
produk original 👍🏻,5,0
good seller good product,5,0
"respons cpt,packing nya rapi",5,0
absolutely love it!,5,0
produknya bagus asli,5,0
barang baik dan packging baik,5,0
"kasih 3 dulu, ntar klo ada hasilnya nambah bintang.",3,0
respon penjual sangat baik,4,0
thank you pesenan udh sampe tanpa kekurangan..,5,0
"fast respon,,, terima kasih",5,0
okay. accurate and fast.,5,0
"barang masih segel garansi, berfungsi dengan baik, original tapi pengiriman lama",5,0
pelayanan toko sangat memuaskan dan ipad berhasil diaktifkan. garansi 1th. barang asal us. mantap jiwa dan cakeep. harga paling murah di sini. tg bonus sudah dipasang pas...,5,0
mantap barang baru segel new garasi resmi indo,5,2
jos sesuai pesanan barang new segel resmi indo,5,1
"mantab barang sesuai dengan deskripsi, pengiriman cepat sekali dan aman",5,0
"pengiriman cepet bgt,biasa 4 hari ini 2 hari sampe,packing bgs jg.. dpt harga flashsale jauh dibawah retail,eh setelah co turun lg harganya wkwkwk",5,0
berfungsi dengan baik terima kasih banyak 🙏,5,0
packing safety powlll. pakai kardus+buble wrapp. gausah ragu di digitechmall dijamin iphone aman dan cepat sampai,5,1
"terima kasih seller, paket sampai dengan selamat dan berfungsi dengan baik ⭐⭐⭐⭐⭐",5,0
semua pesanan diterima dengan baik nggak ada lecet atau po pada dusun coverall unit,5,0
"tebal aman dan terjaga sampai tujuan, dari awal sampai akhir.. dari hulu dan hilir",5,0
packingnya tebal aman dan pengiriman cepat. makasih hehe,5,0
okeh bangeet pertahan kan bertahan lebih sulit ketimbang berjuang menuju indonesia makmur sejahetar di 2035,5,1
barang masih di segel waktu sampai. berfungsi dengan baik. barang original. packing aman. recommended seller. 👍,5,0
"pengiriman cepat sekali, mantap. produk juga ori dan bagus. sejauh ini aman. tapi sayang yang bikin sebel itu note atau pesan saya nggak dilakukan. abis deh saya jadi cen...",5,0
"barang original berkualitas, packing aman, respon seller top.",5,0
"barang sudah diterima dengan baik, nyamoe cepet, packing bagus. barangnya pun sesuai dengan request. saya baru tau ternyata tidak ada kepala charger dari samsungnya. semo...",5,2
bubble wrap di bagian dalam box bukan di luar.. oke dan tebal. 👌,5,0
"walaupun pengiriman sempat tertunda sehari, tapi produk samsung a56 5g 12/256 sampai dengan selamat.. 3 paket bundling bonusnya juga lengkap: 1. powerbank (vention), 2. h...",5,3
"barang berfungsi dengan baik garansi masi full satu tahun makasi ya min walaupun di 12.12 tetep cepet kok pengiriman nya dan admin nya jg cukup fast respon, pemilihan kur...",5,1
"trima kasih seller, brg sudah tiba dgn baik dgn kondisi yg bagus dan original 🙏🏻",5,0
"bubble warp nya tebal, pengiriman cepat, barang sesuai iklan, terima kasih",5,0
bagus sekali dan wrapping nya tebal sehingga barang aman,5,0
makasih ya barang di segel dan pengiriman gercep banget,5,0
"barang yang diterima bekerja dengan baik, warna sesuai dengan yang di pesam. hanya saja pengiriman dari gosend instan (3jam) kurang menyenangkan.",5,1
"barang sampai dengan aman. pengiriman cepat, tidak ada kendala, puas!",5,0
barang sudah diterima ok mantap dah sip punya,5,0
barang masih segel original garansi tam,5,0
"barang sudah sampai dengan selamar, tanpa ada kerusakan, berfungsi dengan sangat baik, masih segelan, ori, warna sesuai",5,0
"cakep, diproses sesuai pesanan barang original pengiriman cepat seller respon cepat",5,0
"nyampe dengan selamat, terima kasih seller, terimakasih tokped, terimakasih vouchernya, tapi gak tau voucher diskon pembelian selanjutnya gimana gunainnya",5,0
barang masih segel dan ada garansi resmi nya,5,0
barang sampai dengan aman. product asli. bergaransi. 100% ori. respons seller cepet pas jam kerja. aga slow process tp maklum karena 12.12 overall recommended seller.,5,0
"keren, tebal, sangat aman, puas. bahannya juga kuat.",5,0
"packing aman, proses cepat, dan admin komunikatif",5,0
bubble wrap tebal tp kondisi kardus ipadny penyok,4,0
bagus .segel .original. mantap,5,0
mantappp bonusnyaaa.. recomendedddd sekalleeee. thank,5,1
barang sampai dengan selamat. admin responsive. request garansi jg sesuai. mantap! thanks. 🙏,5,1
paking nya aman tebal pake dus juga top pokonya di toko ini,5,0
"barang segel dan mulus, perfecto..",5,0
"respon dan packing nya mantap sekali,pengiriman cepat juga",5,0
packing extra bubble wrap jadi makin tebal,5,0
"lorem ipsum dolor sit amet, consectetur adipiscing elit. cras sodales sapien quis augue tempor sagittis. suspendisse potenti. sed accumsan velit et nunc hendrerit, vitae...",5,0
barang sesuai pesanan dan original.. recomended seller deh pokok nya,5,0
barangnya bagus harga bersahabat seller cepat tanggap kurir gokil abis,5,0
"dijamin original, lancar jaya, mantapppppp!",5,0
"even without wood-packing, the items arrived in good condition. just a bit of a crack of screen protectors. for me, it5s normal with no wood coverage.",4,1
kejernihan lensa: bagus mantap hadiahnya banyak mksh bos,5,0
packing oke. tapi kurang tebal. selebihnya okeeeee,5,0
bubble tebal berlapis jadi aman saat datang dalam keadaan baik,5,0
bubble wrap super tebal jadi aman di perjalanan saat kirim,5,0
"bagusss, original, suka suka dahhhh pengiriman cepat",5,0
jos walaupun gak tau kenapa toped sekarang ada seperti ini.,5,0
"pengiriman aman, buble tebal, sampe dgn selamat",5,1
"packing luar biasa aman, padahal pengiriman instan tapi keamanan tetap dijaga sama toko ya. terima kasih",5,0
"terima kasih barang sdh d terima sesuai pesanan, pengiriman aman",5,0
barang bagus resmi dan banyak diskon,5,0
bubble wrap sangat membantu! terimakasih admin!,5,0
"packing aman, pengiriman cepat. mantapp boss",5,0
pengiriman cepat sampai dan barang bagus terimakasih banyak kak,5,0
hapenya sudah sampai dengan sempurna. makasih banyak yaa oom 🙂,5,1
hal terbaik dr oppo a3 yg saya order adalah bubble wrapnya,3,1
"bubble wrap aman, packingannya oke punya",5,0
bubble wrap buat paket makin aman......mantappp,5,0
"barang saya terima dg baik tanpa cacat, thx seller quality of work: semua fungsi hp berjalan dg baik, tanpa cacat, kamera bagus, kapasitas besar, semoga awet lens clarit...",5,0
"pengiriman cepat dan aman,seller gercep,produk ori segelan,ini repeat order kedua kali✌🏻",5,0
barang bagus original pengiriman cepat packing rapi dan aman,5,0
seller fast respond.. barang yg dijual juga sesuai deskripsi.. overall recommended seller..,5,0
"mantap, responsif, harga terbaik, berfungsi dengan baik. thanks",5,0
keamanan barang terjamin dgn ekstra packaging dari seller.. packaging tebal dan aman dari guncangan ataupun benturan yg mungkin terjadi saat pengiriman,5,0
"mantap banget... garansi sampe 1/12/2026. ini toko recommended banget. harga murah, no tipu tipu.... puas banget",5,0
barang ori dan masih segel 👌 minus pengiriman jne lebih lama dari biasaanya untuk barang jenis elektronik /hp,4,0
"barang sampai dengan cepat, packagingnya super aman, bahkan package iphonenya pun masih mulus.",5,0
"barang bagus sesuai deskripsi, penjual responsif.",5,0
"maaf krna kurang tebal, samping kotak tab nya peot",4,0
"fast respond, good product, fast delivery",5,0
barang bagus masih segelan. berfungsi dengan baik,5,0
buka kualitas pengerjaan: packing rapih mantapss kejernihan lensa: sangat jernih ada harga ada kualitas,5,0
"proses toko cepat, pengiriman aman dan rapi, hp sementara ini bagus sesuai ekspetasi",5,0
packing aman pake bubble wrap tebel banget,5,0
"bagus, fungsi dgn baik. seller jg okay. terim kasih",5,0
"sesuai pesanan,packing aman,pengriman cepat,cuman blm test krn buat d jual lagi",5,0
mantap admin fast respon meskipun salah kirim seharusnya pb malah tws tapi gapapa hehe pengiriman cepat puol,5,0
bubble wrap nya tebal. ipad terlindungi dengan baik. sayangnya untuk bonus tempered glass nya tidak terlindungi alias tempered glass nya retak,3,0
mntp dianter mlm ok trusted brang bgus mkshhhh,5,0
"bubble wrap benar2 aman, paket di dalamnya super aman, tidak ada dent pada kardus",5,0
"recomended seller, barang bagus dan oke 👍👍👍",5,0
tidak perlu diragukan lagi..udah ga keitung berapa kali belanja disini..sangat rekomen..,5,0
segel dan bergaransi …cepat sampai…ongkir murah,5,0
barang sudah sampai dan juga aman sentosa mantaaaappppppp,5,3
mantappp... merapat dengan sempurna. anak saya suka.,5,0
"boxnya tebal, bublewrapnya lebih tebal, mantaaap, barang cepat sampai",5,0
bungkus bungkus bungkus bungkus bungkus bungkus,5,0
"okelah cukup tebal bubble wrapnya, produk sampai dengan aman.",5,0
"barang di iklan seharga seri pro, tapi setelah saya pesan termyata itu hanya seri t biasa, karena harga masih di bawah harga pasar jadi ya saya terima",2,0
packing kuat ad buble,5,0
bubble wrap tebal dan rapi,5,0
pelayanan bagus semua awet,5,0
bubble wrap berlapis lapis aman benturan. top seller dah. 👍🏻👍🏻,5,0
sangat bagus karena paket jadi lebih aman,5,0
tebal. aman untuk produk.,5,0
barang original dan masih bersegel,5,0
"deskripsinya tidak lengkap, sangat mengecewakan.",3,0
terima kasih banyak atas semuanya beneran di doble babble wrap aman dan slamat,5,0
barang baek sesuai harapan n asli,5,0
"barang sangat aman, wrapping tebal",5,0
terima kasih banyak saya sudah menerima brg dalam kondisi baik,5,0
bubble warp tebal.. barang terlindungi,5,0
bubble rap banyak sekali tebal,5,0
bubblenya tebal dan dilapis dus lagi...,5,0
bagus asli,5,0
"penjual tidak ramah, jangan beli disini. marah2 gak jelas tidak punya sopan santun. hati hati klo beli di sini!!!",1,4
bubbblenya tebal sekali mantaap,5,0
barang sudah sampai di tempat terima kasih,5,0
"jangan beli di toko ini, penipuan dengan modus hp repack & barang ditukar dengan pengganti",1,6
barang sesuai pebarang sesuai pesanan dan ceapt sampaisanan dan ceapt sampai,5,0
kurang rapih aja aga pada bolong,3,0
ok barang sesuai pesanan,5,0
produk bagus dan pengiriman tepat waktu,5,0
hanya dapat free kurir toko rp.0,5,0
barang sesuai dengan pesanan terima kasih,5,0
tiba2 d suruh review.. beli aja ngga.. aneh,1,2
mantapppp keren bang pertahankan! nanti pasti repeat order,5,0
semoga barang tidak ada masalah,5,0
barang okeeeee,5,1
bubble tebal. produk aman.,5,0
extra bubble nya tebal bgt,5,0
buble tebal dan cukup aman,5,0
amanah dan cepat,5,0
mantap bubblenya,5,0
bagus dan aman,5,0
product sesuai order,5,0
barang ok....kemasan bagus,1,0
semua bagus,5,0
tidak ada bubblewrap,1,2
sangat bagus,5,0
dkasih buble rlwrap,5,0
"oke, 👍👍👍👍👍👍",5,0
tidak sesuai pesanan,1,3
mantab cepat,5,0
good,5,0
josss mantap,5,0
mantul banget.,5,0
sesuai dengan yang dikirim,5,0
ga ada bagusnya,1,2
mantappp kerennn,5,0
mantappppppp,5,0
top,5,0
mantapp,5,0
leh uga u,5,0
sesuai semoga awet..,5,0
top gila,5,0
sabi,5,0
sip,5,0
bintang 5,5,0
mntabbb,5,0
semoga awet yaa 🙏,5,0
performa: bagus kualitas pengerjaan: bagus pengemasan rapi dengan kardus dan bubble warp. barang sampai di lokasi tujuan dengan aman jaya. berfungsi dengan baik. jam nya...,5,3
"performa: bagus kualitas pengerjaan: kuat performa sistem: multifungsi, lengkap pengiriman cepat, dapat harga pas lagi agak tinggi, semoga awet",5,0
"good quality. mgkn sblm dikirim sm mimin di qc (quality control) dl, sehingga ga ada mslh smpe ditangan saya sbgai pembeli. cakep jg stlh ganti strap. biar ga bosen dgn t...",5,1
"barangnya bagus,sesuai deskripsi, admin dan pengiriman sangat cepat.. mantab",5,1
"ringan banget ternyata, cocok bwt dibawa pergi petualangan jauh, semoga barangnya awet",5,3
"alhamdulillah jamnya sudah sampai, packingnya rapi. puas, bagus banget dan berfungsi dengan baik.",5,0
"untuk di harga segini kulaitas barang sangat bagus, hanya saja hitungan langkahnya kurang akurat ya, kebanyakan langkah",5,2
"datang dengan selamat gada cacat, ternyata beneran warna oren lebih ciamik dr yg item.",5,0
barang bagus pengiriman cepat tpi belom dicoba,5,0
smartwatch yg paling rekomended tahun ini 🔥🔥🔥,5,2
performa sistem: kualitas mantap cuman ada beberapa keluhan setelah pemakaian,5,1
"pengiriman cepat, nunggu active go ndak di re-stock"" lama jdi beli yg onyx aja keluaran baru, tpi tetep puas walau ndak ada fitur dibekap layar mati, gps akurat & presisi...",5,1
"barang sesuai dengan etalase, mantab sesuailah dengan harga keren.",5,0
proses pengiriman cepat barangnya bagus mulus ada garansi nya 1 tahunn keren bangett pokoknyaa💯💯💯💯💯💯,5,0
sesuai deskripsi dan gambar .. beruntung sekali bisa dapat dengan harga yang terjangkau.,5,1
untuk kualitas dan fitur memang bagus .. hanya saja paket yang deterima tidak ada jaminan kalau ini produk baru ... sebab produk tidak dilapisi plastik segel atau adanya...,3,0
"mantap.. suka sekali desaintnya, aplikasi nya uda canggih..",5,0
"maaf gak kasih bintang 5 pengirimannya emang cepat tapi gak safety, kardusnya bisa sampe penyok begitu hmm... untung jamnya gak kenapa kenapa:((",3,3
performa: good kualitas pengerjaan: good performa sistem: good,5,0
"alhamdulillah sesuai pesanan, semoga awet, cuma untuk pilihan bahasa indonesia nya enggk ada, pokok puas",5,0
performa sistem: barang sesuwai dgn harga,5,0
bagus dan berfungsi dengan baik,5,0
"akhirnyaaaa punya juga smartwatch ghaib under sejutaan. gelooo, keren cuy",5,0
"puas sama barang nya. data2 olahraga pas ke share ke strava gak beda jauh sih.. walaupun lock gps nya agak lama, tapi gak masalah. pas udah lock, signal selalu full dan...",5,0
"performa: sangat bagus gps akurat. kualitas pengerjaan: sangat bagus. performa sistem: baru tiba langsung di tes lari 5km, gps akurat, notifikasi wa bekerja, kualitas san...",5,0
"kualitas barang sangat bagus untuk harga segini dan fitur untuk olahraga outdoor lengkap, gps akurat cuma di awal aja waktu mancari gps agak sedikit delay. hr juga akuran...",5,2
"agak fomo sih dengan jam ini, banyak reviewer yg bilang bagus, jadi ttp dibeli walaupun harganya pas ga fs, karena harganya naik turun dan stok nya pun cepat habis. tadin...",5,1
"barang berfungsi dengan sangat baik, batrai awet banget 9 hari, pengiriman cepat bangetttt",5,0
"performa: bagus,original,pengiriman sameday cepat langsung terkonfirmasi",5,0
"performa: sangat bagus baik kualitas pengerjaan: sesuai deskripsi performa sistem: elegan packingan sangat aman baik pake bubblewrap, smg awet🫶🏻 kurir sangat satset cep...",5,0
"pengiriman sangat cepat dan dipacking aman sesuai permintaan.. bahan ringan, sesuai di tangan",5,1
"build qualitynya kokoh banget, solid. gps ok, bisa connect strava juga mantep lah",5,1
quality of work: mantap penjualnya nih... barangnya bagus bener sesuai deskripsi dan fungsi2nya jalan semua. sukses selalu buat penjual dan resellernya.,5,0
performa: bagus kualitas pengerjaan: cepat performa sistem: lancar,5,0
gila....mewah barangnya. connect cepat. puaslah. mudah2an tahan lama. tinggal gonta ganti strep aja biar nggak bosan. trus kemasan full burble warp,5,0
performa: recommended kualitas pengerjaan: recommended performa sistem: recommended,5,0
pengiriman cepat. barangnya bagus. semoga awet dan berfungsi dengan baik,5,0
"performa: baik performa sistem: cukup memuaskan, & smooth pesan malam besok sore nya sampai. produk mendarat dengan baik, tidak ada kecacatan sejauh ini aman.",4,0
barang sdh sampai sesuai pesanan berfungsi bagus saya suka smoga awet,5,0
"alhamdulillah 8 hari tiba safety paket rapi & aman outdoor sport watch : keren, mudah digunakan terima kasih tokonya terima kasih j&t rekomended da'best",5,0
performa: best kualitas pengerjaan: best performa sistem: best,5,0
performa: ok kualitas pengerjaan: bagus bagus dan ok,5,1
"gokil, keren abis ini jam. gak sesuai dengan harganya. terlalu keren ini mah 😀",5,0
"performa: mantap betol berat pas, keren, batrai super awet 🤣",5,0
"keren batrey awet kayak jam 5 jutaan,bingung aja conec wa setelah bergadang semalaman bisa juga setingnya strava conec..klau turun lamborghini orange pas kalilah pakek ja...",5,1
"saya kehilangan garmin 55, dan sudah lama berlari tanpa sportwatch. sekarang supercalla mengembalikan semangatku, dengan fitur yang lebih banyak daripada arloji sebelumny...",5,0
bagus dan sesuai deskripsi... semoga awet...,5,0
"baguss kualitas blum di cobaa, mantap bngt datang dngn aman, dan cepatt, soal kualitas blum di coba sii",5,0
"behhhhh bintang lima, gpsnya akurat banget bisa di share ke strava juga kalo gw yang yang paling berguna sih senternya",5,0
masya allah alhamdulillah setelah menunggu lam akhirnya sc onysnya sudah di tangan mantap sekali barangnya...,5,0
performance: keren sih mantap quality of work: blm di coba secara detil tp sekilas akurat system performance: bagus sih gerak nya smooth serasa sw mahal wkwkkw,5,0
trimkasih orderan sy sdh sampai k tgn sy jamnya keren parah sy suka sekalii😍😍 penjualnya amanah pdahal sy sdikit was² krn sy sdh lunas pmbyaran d muka yg hampir sejut...,5,0
mkasih sudah diterima dan berfungsi dengan baik🙏,5,0
berfungsi dengan baik tadi dipake tes running hasilnya presisi 🔥,5,0
"respon jam cepat, akurat kualitas material bagus, tampilan mewah dan terlihat mahal pengiriman cepat",5,0
beli ini udah paling bener jangan tergoda yg murah-murah,5,0
"sangat puas, barang original dan seller pun fast respon. terimakasih semoga awet",5,1
"barang okee, kualitas mantap, seller good komunikatif terjadi sedikit kendala tpi komunikasi seller open. mantap",5,0
"barang mantap, besar tp tidak berat. build quality bagus dan gps akurat. recomended lah setelah menunggu lama",5,0
"respon seller cepat, barang sesuai deskripsi dan berfungsi dengan baik",5,0
"untuk produk oke overall, moga2 awet yah pemakaian lama, baru bisa bilang baguss",5,0
"alhamdulillah barang sudah sampai, dari segi fisik mantap poll, semoga gps akurat dan awet",4,0
"barang berfungsi dengan baik, packing rapih, pengiriman cepat,",5,0
"mantap sekali kualitas nya, udah di pake kurang lebih seminggu an, batere masih sekitar 50% an dari kotak..",5,0
performa: nyoss kualitas pengerjaan: josss performa sistem: jissss mudahan awet dan tahan lama,5,0
"jam oke, sementara berfungsi dengan baik, untuk gps belum di coba",5,0
"performa: alhamdulillah produk sesuai sama apa yg sering di promosikan di vt² kualitas pengerjaan: bahan bagus , gaj berat enak d pergelangan tangan semoga awetttttttt, w...",5,0
"performa: bagus performa sistem: ya bagus sejauh ini seminggu baru habis batre 20%,semoga awet jam nya..",5,0
keren ini onyx. saran di tamba lagi temanya 🙏,5,0
"terima kasih, paket diterima dg baik, cukup ringan, nyaman dipake, masih blm dicoba fitur"" nya",5,0
"cakep parah, fitur lengkap sisa mau ngetest gpsnya doang paling",5,0
"keren, kualitas nya bagus, berfungsi dengam baik, semoga aweett",5,0
"seller fast respon,pengiriman cepat,barang super keren fitur lengkap",5,0
"jam nya keren bngettt,, berfungsi dengan baik. baru dihidupkan baterai juga sudah full the best lahh pokok nya🔥🔥🔥🔥",5,0
"keren mantappp, fitur lengkap sperti yg jutaan",5,0
"packing aman, barang berfungsi dengan baik",5,0
"barang sampai , berfungsi, sesuai ekspektasi",5,0
performa: berfungsi dgn baik kualitas pengerjaan: mudah di operasikan performa sistem: smoga awet,5,0
"bagus, pas di tangan saya kecil. besok buat lari semoga awet",5,1
barang baru sampai. body jam oke sesuai iklan. penampilan keren banget (warna oranye). belum dites gps dan anti airnya. semoga awet.,5,0
performa: ok kualitas pengerjaan: ok cocok untuk olahraga dannkegiatan outdoor lainnya,5,0
"mantap , penjual fast respon . jam juga sesuai . semoga awet",5,0
sdh dinyalakan... sdh konek dg hp... sdh dipake... saat memakainya terasa beratnya pas... suka krn berasa mmg sedang pake jam tangan...,5,0
"bagus dan berfungsi dengan baik, semoga awet jam nya",5,0
"bagus, ternyata gak besar2 bgt pas ditangan, mantaaap, semoga awet.",5,0
keren bagus sangat performa: bagus kualitas pengerjaan: rapih performa sistem: bagus,5,0
"sumpah diluar ekspektasi banget menambah kegantengan ini mah keren supercalla, layarnya enak dipandang, dibawah terik mataharipun masih oke",5,0
"good,ganteng, performa: belum dicoba tahan air apa tidak kualitas pengerjaan: mantap performa sistem: good belum tau udah military grade apa belum.",5,0
performa: bagus kualitas pengerjaan: bagus performa sistem: bagus,5,0
"pengiriman cepat, pengemasan bagus, dan jam nya ga kaleng² serasa beli smart watch harga diatas 3 jutaan.. keren banget 👍",5,0
mantap dan cepat sampai bergeraransi 1 tahun,5,1
performa: good performa onyx recommend 🫵,5,0
performa sistem: baik kualitas pengerjaan: bagus performa: baik,5,0
dari segi packing aman bgt pengiriman cepat barang diterima kondisi baik dan berfingsi semua... semoga aja awet dipakainya,4,0
pelayanan seller memuaskan.. kualitas smartwatch melebihi harga.. terima kasih min 🙏,5,0
"mantap pengiriman cepat , cus langsung pakai bekerja .. hehehe",5,0
luar biasa jam tangan nya keren . elegan . enteng dipakai . cepat sekali pengiriman . performa: luar biasa bagus rapih elegan,5,0
"barang datang ok ini baru saya charge, dari 100% tadi malam tapi ini kondisi jadi 20%, gmn solusinya",3,1
performa: gps baguss kualitas pengerjaan: rapi performa sistem: baguss,5,0
performa: jam bagus sesuai pesanan puas pakai dengan harga di bawah 1 jt,5,0
murah meriah baguuss...build quality nya sangat ok,5,0
"mantapp sesuai mudah mudahan awett, kerenn mau coba fitur gpsnya 😁",5,0
performa: mantap bagus banget kualitas pengerjaan: bagus,5,0
"nice keren fitur juga banyak, belum coba pakai olahraga semoga akurat semua👍, seller ramah barang langsung di proses mantap",5,0
barang sesuai ekspektasi. packingnya rapi banget. pengirimannya juga cepat.,5,0
performa: bagus kualitas pengerjaan: bagus performa sistem: good suka,5,0
"barang bagus, pengiman aman dengan bubble wrap tebel",5,0
"barang bagus, packing rapih . jam sangat recomended",5,0
mantap performa: bagus kualitas pengerjaan: cepat,5,0
"barang sampai dengan selamat dan berfungsi dengan baik, mudhn awet",5,0
mantep sih kece bgt meskipun pergelangan tangan kecil,5,0
produk yang bagus pelayanan penjualan yang xcelet super sekali 👍👍,5,0
yg disesalkan sistem pengiriman tokopedia nya. tau gitu gakan pakai free ongkir. jakarta bandung 6 hari dong. dilempar2 kurir. untung barang aman,5,0
recommend banget buat yang sering outdoor an..,5,0
kualitas nya ga usah di tanya sih. liat review aja bre. pengiriman toko nya cepat bgt best,5,0
barang dtg pas dgn jadwal saya berenang jd langsung tes ketahanan air kedalaman 250cm aman bgt matap poll dah,5,1
"paket diterima dengan aman, jamnya bagus sudah saya uji hasil gpsnya hasilnya oke, semoga awet",5,0
performa: keren kualitas pengerjaan: bagus performa sistem: bagus,5,0
proses kirim cepet bgt dapet promo ongkir gratis pakai sameday,5,0
alhamdulilah mendarat dengan selamat packaging mantap smartwatchnya juga gila kerem abis onyx,5,0
"performa mantap, kualitas pengerjaan mantap, terimakasih supercalla onyx,",5,0
"ini cara pakai nya gimana guys 😭😭😭😭 gara"" ikut""an malah gk tau fungsi nya hanya tau jam doang 🗿🗿🗿🗿",5,0
performance: 🔥🔥🔥 quality of work: 🔥🔥🔥 system performance: 🔥🔥🔥 semoga awet aja,5,0
bagus brgnya...cuma janji d live bonus strapnya..tpi tdk ada dlm kotak..,5,0
performance: mantap quality of work: keren system performance: awesome,5,0
saran gue jgn beli onyx sering mati tiba²😭,3,0
bagus batrei awet poll tp bahan ringan poll semoga awet,3,0
performa: bagos kualitas pengerjaan: rapi kompact kokoh,5,0
performa: mantapp bagus dan bekerja dengan baik,5,0
"pekingan mantap rapi aman, pokoke mantap.... memuaskan",4,0
"performa: belum di coba semoga sesuai dengan apa yg di iklankan kualitas pengerjaan: packing aman, dengan buble wrap, paket pengiriman lumayan cepat",5,0
baguss bangett rekomendasi banget buat jam ini,5,0
performa: bagus dan rekomendasi,5,0
onyx mantap..lingkar tangan sy 16cm tetap oke..pengiriman cepat,5,0
performa sistem: rekomendasi buat pemula yg make smartwatch,4,0
"barang sesuai pesanan, keren bangett jamnya semoga awett",5,0
istimewa wa wa wa wa connect strava mudah baterei awet,5,0
"jamnya keren, pengiriman cepat, pesan malam, sore sudah sampai , packing rapih",5,0
kualitas barang bagus👍🏽👍🏽👍🏽👍🏽,5,0
kualitas pengerjaan: bagus performa: keren bgt performa sistem: baru beli jd blm trll tau,5,0
di terima dengan kondisi baik sesuai dengan pesanan supercalla onyx keren terimakasiih,5,0
kualitas pengerjaan: sangat luar biasa performa: mantap,5,0
bagus banget sih. mudah²an awet dan akurasi tetap akurat.,5,0
good responds.,5,0
sangat bagus sekali sudsh d coba dan sesuai ekspektasi,5,0
"sesuai pesanan,tampilan ganteng poll,semoga awet aja",5,0
barang produk lama yg belum update firmware terbaru seharusnya sudah os kriki v0.0.6,3,0
performa: bagus semoga jam tangan ini awet,5,0
"supercalla onyx mantap keren, ga usah banyak mikir ini itu co aja",5,0
jamnya bagus bang at. pkoknyan nga nyesal beli,5,0
"recomended seller, fast respon",5,0
"keren jam tangannya, pengirimannya cepattt, packagingnya oke. jd klo suka jangan ragu"" klo mau beli.",5,0
mantap barangnya bagus 👍,5,0
barang diterima lebih cepat & dalam keadaan baik 🔥🔥,5,0
cukup oke pelayanannya👍🏻,5,0
performa: bagus banget barang sudah diterima dengan selamat. semoga awet. cakep bgt sih ini smartwatch,5,0
"barang sampai dengan selamat,tapi melebihi estimasi pengiriman kurir sicepat buruk sekali",5,0
performa: baguss bangett pengiriman cepatt,5,0
untuk sementara ini masih bagus,5,0
barang sesuai kualitas ok lah ini,5,0
mantap pesen malem siang dateng,5,0
"jam tangannya bagus, keren dan berkwalitas",5,0
"performa: pesanan sdh sampai, keren euy jam nya, thanks seller & kurir",5,0
performance: nice quality of work: nice,5,0
insyaallah bagus dan tetap bagus,5,0
mantap sih pengirimannya cepat semoga awet,5,0
bagus bat supercalla onyx ini. terimakasii smartwatch hub!,5,0
"respon cepat, seller ramah dan kooperatif, barang sesuai deskripsi, kualitas oke banget. terima kasih",5,0
performa: bagus sesuai ekspektasi kualitas pengerjaan: sangat elegan performa sistem: bekerja dengan baik terima kasih untuk admin yang sangat responsif ketika di chat🙂,5,0
"mantap, puas banget👍👍👍",5,0
"bagus, mewah di kelasnya. puas gayanya.",5,0
"barang original dan berfungsi dengan baik. untuk ketahan dan awetnya belum tau, kita lihat nanti berapa bulan kedepan.",5,0
mantap... packing aman bgt walopun g pakai plester fragile... wkwkwkwk...,5,0
performa: mantap kualitas pengerjaan: keren performa sistem: bagus seller gercep kualitas barang ga perlu diragukan. saya sebelumnya pakai supercalla p106 sudah setahun d...,5,0
"produk sesuai, ori dan berfungsi dengan baik tanpa cacat. kereeeeeeen",5,0
performance: batre tahan lama kalau aod mati. quality of work: kualitas bagus. system performance: berfungsi baik.,5,0
"brg dikemas dgn baik, berfungsi sesuai deskripsinya, smart watch yg bagus dgn harga terjangkau",5,0
mantaappp. fast respond. makasih ya,5,0
"sejauh ini bagus, entah itu baterai layar performa ataupun fitur nya, keren",5,0
performance: cakep quality of work: bekerja normal,5,0
"jam nyaa keliatan baru,cuman tombol samping jam nya kalo mau kembali kemenu harus benar"" pas di pencet klo gak gak bisa kembali ke menu nya,cuman blm tau,btlan tahan...",5,0
"performa: model keren dan sporty,cocok buat yg suka stylish dan berkelas kualitas pengerjaan: bahannya premium untuk kelas di bawah 1 juta tidak mengecewakan",5,0
performa: bagus kualitas pengerjaan: bagus rapi dan kokoh paket sudah sampai packing rapi..barang aman tidak ada yang rusak. barang realpict dan amanah,5,0
performa: bagus kualitas pengerjaan: high quality,5,0
sangat bagus dan berfungsi dengan baik. pengiriman super cepat.,5,0
"performa: oke banget, lancar kualitas pengerjaan: bagus performa sistem: lancar semoga penggunaan nya awet",5,0
"barangnya datang sesuai dengan pesanan,respon penjual cepat pakingnya aman barang berfungsi dengan baik",4,0
baterai sangat awet krn bs di turn off jamnya saat tdk digunakan. pokoke puassss !!!,5,0
semua fitur berfungsi normal. semoga awet 🤲,5,0
"barang sudah sampai dengan baik, kondisi barang bagus kwalitas istimewa",5,0
fast respon dan memang terbaik nih jam untuk harga dan fungsi nya,5,0
sesuai ekspestasi...bagus barangnya,5,0
"performa: buruk dengan harga segitu harusnya bisa lebih, layarnya ada yg tidak terang, cenderung buram di bagian tengah, beda dengan sisi lainnya, baru pake seminggu lay...",1,0
"mudah2an awet sampai bertahun tahun, dan juga untuk garansi mudah2an tetap berlaku hehe",5,0
"barang sdh diterima dlm keadaan baik, seller fast respon. semoga awet",5,0
performa: baik kualitas pengerjaan: bagus performa sistem: amanah,5,0
performa: bagus kualitas pengerjaan: detail dan rapi performa sistem: bagus,5,0
performance: bagus quality of work: bagus,5,0
"barang asli tersegel, dg kemasan dan pengiriman yg baik",5,0
performa: bagus kualitas pengerjaan: rapi performa sistem: bagus,5,0
performa: baik kualitas pengerjaan: bagus performa sistem: oke,5,0
performa: keren ori sampai dalam kondisi baik,5,0
"performa: cepat, fitur mantap",5,0
performa: oke kualitas pengerjaan: mantap performa sistem: oke dan sesuai dengan yg ada di vidio,5,0
"performa: good banget performa sistem: sesuai dengan tampilan, bagus banget dan kereeen",5,0
alhamdulillah sampek dengan aman fitur aman,5,1
jam tangan aku mati.bgt di cash nga hidup.bgm y,3,0
kualitas pengerjaan: oke performa: bagus performa sistem: josjis,5,0
lumayan bagus… pelayanan baik,5,0
"mantap, pengn punya jam g***** tp g kesampaian. tp dengan fitur dll g kalah dengan yang mahal👍👍👍",5,0
sudah dcoba sesuai semoga awet pas dtanganq,5,0
oke jamnya. sangat membantu aktivitas sehari-hari plus olahraga,5,0
performa: keren kualitas pengerjaan: rapih performa sistem: fitur lengkap,5,0
barang sampai tepat waktu barang nya mantap berdungsi dengan baik,5,0
mantap...barang sesuai iklan,5,0
bagus dan worth it..untuk pergelangan kecil recomended,5,0
kualitas pengerjaan: bagus sekali performa: sesuai dengan permintaan,5,0
barang bagus semoga. ermanfaat,5,0
performa: mantap kualitas pengerjaan: oke performa sistem: josss,5,0
"murah dan keren, hanya watch face nya sangat sedikit.",5,0
"performa sistem: smartwatch keren dan berkualitas, fitur lengkap. cocok utk pria yg ingin tampil gagah dan sporti",5,0
performa: bagus bismillah menunjang hidup sehat dan awet,5,0
barang udah sampai mantap pengirimna cepet banget,5,0
capek,5,0
"baru 1 kali pemakaian, blum bisa menjelaskan detail",5,0
"u have to buy it, if ur money just around 700-900 rupiah, and if u want the best smartwatch in under 1 million",5,0
bagus sih model jam nya cakep....tp syg spt bysa fitbeing pilihan watchface nya sdkit dan jelek2....,5,0
"asli keren banget smartwatch nya, built quality 💯 thx seller💯 thx tiktokshop 💯 ⭐⭐⭐⭐⭐",5,0
performance: good quality of work: good system performance: good,5,0
barang sudah diterima dan sesuai pesanan,5,0
alhamdulillah bagus dan amanah barang dan tokonya,5,0
performa: mantap kualitas pengerjaan: oke,5,0
barang bagus pengiriman cepat kurir ramah,5,0
"barang diterima sesuai jadwal, & tepat waktu hasil memuaska.",5,0
"maaf utk fungsi kompas, spo2, barometer nya ada dimana ya?",4,0
gookss abiss sii kek dipake ganteng tinggal ditess lari aja sama ketahanan air,5,0
bagus gtau kalo kelamaan aja semoga tahan air,5,0
"alhamdulillah paket sdh diterima dgn aman, semoga berguna buat olahraga.",5,0
barangnya dikirim sangat baik sesuai deskripsi,5,0
kualitas pengerjaan: kurir cepat performa: paket aman dan sesuai toko amanah rekomend semoga awet,5,0
performa: baik kualitas pengerjaan: baik performa sistem: lumayan,3,0
"seller & kurir garcep bet dah...gas poll jgn ragu dgn toko ni mah,the best lah",5,0
"sesuai, cepat, murah",5,0
barang sesuai semoga awet,5,0
"paketnya mendarat dengan cepat sesuai dengan pesanan,packingnya rapi,untuk jamnya keren abis pokonya mantaplah onix,thanks bang",5,0
jam nya keren..sesuai promo..dan sudah saya pake diving hingga kedalaman 35m...top banget,5,0
kualitas sesuai rekomendasi,5,0
performa: luar biasa kualitas pengerjaan: maksimal,5,0
paket mendarat dengan baik. pengiriman cepat,5,0
untuk smartwatch supercalla onyx rekomended sekali terima kasih seler nya sangat amanah,5,0
"barangnya bagus, oke banget",5,0
sangat sesuai yang di harapkan,5,0
"wihh barang sudah diterima dengan baik, packingnya aman dan rapi, sukses selalu dah 👍",5,0
bagus banget. diluar espektasi pokonya mantul takentulkentul 👍👍👍👍👍👍👍👍👍👍 jempol sepuluh pokonya.,5,0
"semoga awet, tidak seberat kelihatannya padahal jamnya besar nicee",5,0
toppp the best bgt supercalla onyx ga sia2 tggu lama restock,5,0
performa: josss kualitas pengerjaan: josss,5,0
produk ok dan berfungsi dengan baik,5,0
"keren si barangnya....terlihat mevvah.., semoga awet",5,0
mantep,5,0
"barangnya sudah sampai,bagus 👍🏼",5,0
barang bersegel dan kondisi baik👍,5,0
terimakasih banyak tokoh grandestorea atas kiriman pesanan saya. pesanan yg dipesan sesuai dgn yg dikirim barangnya mantap. kualitas barang tidak perlu diragukan jam supe...,5,0
performa: joss kualitas pengerjaan: keren performa sistem: jossss,5,0
cukup bagus. cowok banget.,5,0
bagus sangan bagus,5,0
"barang sesuai iklan, pengiriman cepat",5,0
"bagus , cuma kurirnya kelamaan ngantarnya",5,0
jam nya keren.. pengiriman cepat..aman juga.,5,0
kualitas pengerjaan: lmbat performa sistem: lmbat,3,0
bagus lah kondisi barang nya mantap,5,0
pas sekali,5,0
"barang bagus, ke depan semoga awet terus",5,0
"bagus banget pokoknya, makasih",5,0
cihuy yahud bagus aslinya memang,5,0
"packing bagus, pengiriman cepat 👍",5,0
keren dan puas sama kualitas barangnya..,5,0
performa: bagus pengiriman lelet melebihi batas waktu yg ditentukan,5,0
"barangnya keren euy, recommended seller",5,0
keren bgt jam tangan nya..masyaallah..gak nyesel beli nya..semoga awet. aamiin.,5,0
mantabs barang bagus lanjut jangan ragu,5,0
mantap bgs jamny!!,5,0
barang sesuai pesanan terimakasih,5,0
bagus dan super cepat pengiriman... tq,5,0
barangnya sangat bagus,5,0
"barangnya sesuai, bagus bgt !!",5,0
"mantap,, muda2han awet dan tahan lama",5,0
bagus banget dan mewah jam nya,5,0
performa sistem: mantap..,5,0
"mantap banget, keren elegan, fitur lengkapp",5,0
belum bisa connect dengan hb poco,4,0
kualitas pengerjaan: bagus bgt,5,0
mantul . belom di coba gps nya,5,0
keren banget sumpah,5,0
semoga nanti bisa upgrade yg lebih baik lagi... 🤲🏻,5,0
"performa: mantap sihh, bagus jamnya",5,0
manteppp keren semoga awet sampai 5 tahun,5,0
barangnya sangatt sangat bagus,5,0
"barangnya mantep bgt, fiturnya lengkap",5,0
performa: bagus bangett,5,0
"bagus jamnya ,",5,0
"mantabbb 🔥🔥🔥 semoga awetttt ,",5,1
muanteeeepppp bgggghghhhh,5,0
"pesanan sudah sampai dan sudah sesuai, terima kasih",5,0
bagus bnget,5,1
performa: fiturnya cukup lengkap,5,0
performa: kerenn bngtt menunjang sistem latihan saya,5,0
👍🏻👍🏻👍🏻💪🏻💪🏻,5,0
bagus. sygna ga bs kamera,4,0
intinya mantep lah cocok sama harga,4,0
performa sistem: luar biasa 👍👍,5,0
kurir gercep barang bagus,5,0
berfungsi dan bagus banget,5,0
bagus mantap kali buat running,5,0
bagus dan kwalitas baik,5,0
barang original,5,0
performa: baik,5,0
barang ok,5,0
tdk ada kartu garansinya,4,0
supercala onyx kereeennn 👍🏻👍🏻,5,0
"bener2 worth dengan harganya, terimakasih kak",5,0
jamnya berfungsi dgn baik,5,0
mantap bangettt,5,0
kereeeeennn,5,0
bukan kaleng2,5,0
performa: mantap,5,0
mantab berfungsi dengan baik,5,0
sangat worth it dengan harga segini,5,0
"mantabb sesuai pesanan, semoga aweett",5,0
bagus mantap,5,0
kualitas dan packingnya bagus,4,0
"bagus,, sesuai,,,",5,0
mantull poll,5,1
bagus mewah beneer onyx...,5,0
sesuai harga,5,0
baguss,5,0
bagus banget woooiiii,5,0
"mantap, keren lah",5,0
best,5,1
barangnya bagus dan sesuai,5,0
keren,5,0
barang sudah diterima.. terima kasih,5,0
alhamdulillah mendarat dengan selamat,5,0
"barang sesuai, semoga awet. 😁😉",5,0
sangat bagus sekalii saya sukaaa semoga suami suka 🥰,5,0
barang diterima dengan baik sangat puas,5,0
"jamnya ringan,mantap",5,0
"bgsss, mudah” an awet jam nya🤗",5,0
ok baik,5,0
performa: bagus dan baik,5,0
sangat baik bagus recommended,5,0
ngeri,5,0
worth it sih,5,0
asli nya keren banget,5,0
"mantap, blm dicoba.",5,0
performa: baguus,5,0
mangstube,5,0
kualitas pengerjaan: bagus,5,0
jam nya bagus keren! saya suka,5,0
"fix, bagus bgt.. cowok bgt",5,0
mantap,5,0
kereen,5,0
kelas,5,0
mantap bgt,5,0
kerennn🤙,5,0
baik dan cepat,5,0
performa: gps sangat akurat,5,0
sesuai deskripsi,5,0
gacoorrrrr,5,0
ganteng,5,0
joss bngt pokok nya,5,0
bagussss harga terjangkau,5,0
mantab sesuai keinginan hari ini pesan hari ini sampai,5,0
bagus banget jamnya,5,0
asli bnr2 mantap,5,0
pengirimqn cepat,5,0
cakep bgt jam nya,5,0
performa sistem: mantap,5,0
mantul,5,0
bagus bangeetttt,5,1
keren bingiiitttt,5,0
keren pokoknya,5,0
"keren jamnya, mantapp",5,0
nice product...good job,5,0
bagus sangad,5,0
baguss barang nya,5,0
kece abis makasih 😁,5,0
barang sesuai,5,0
pokoknya keren,5,0
cakep semoga awet,4,0
bintang yg berbicara,5,0
"speechless,mantap polll",5,0
barang sampai dengan selamat,5,0
keren dah pokonyaa,5,0
performa bagus,5,0
sesuai ekspetasi,5,0
kerennnnnnn,5,0
bagus sesuai,5,0
barang nya ok,5,0
design nya bagus,5,0
kren parah sih,5,0
karetnya lembut,5,0
performa: bagus,5,0
bagus sesuai...,5,0
mantap n mewah,5,0
👍👍👍,5,0
meledakkkk,5,1
keren cokkkk,5,0
mantapp semoga awet,5,0
sangat bagus,5,0
keren barangnya. great stuff,5,0
performa: gokil,5,0
amazing bagus top banget,5,0
sehari sampai,5,0
performa: elegan mudah,5,0
performa: good,5,0
mantap jamnya,5,0
sesuai.,5,0
gacor wak,5,0
pokoknya mantap performanya,5,0
barang sampai dengan baik,5,0
oke,5,0
memuaskan,5,0
sangat puas💯,5,0
bagus dan keren,5,0
perfecr,5,0
buruk skali jam nya,1,0
fiturr goksss harga glokss,5,0
recommended.. 👍,5,0
onyx mantap selalu dihati,5,0
gercep,5,0
mantabbbbbb......................,5,0
cocokkk nih,5,0
mantap onix nya,5,0
"suaranya jelas tapi kurang ngebas, semua berfungsi dengan baik, mudah di sambungkan ke bluetooth hp, warna sesuai pesanan, bentuknya simpel, barang sampai dengan aman wal...",5,0
paket sampe dg aman. pengemasan rapi dan aman. tws baguss nyaman dipakai dan sesuai pesanan 👌🏻,5,0
"tws cantik dan warnanya, kencang suaranya sama juga ga bocor suaranya",5,0
saya gak bisa pakainya kalau mengecilkan vilumenya gimana ?,4,0
"kecewa si masa udah satu jam d cash gada bunyinya, dan juga pas tadi baru dateng aku buka udah kotor kaya ada debu trus di tws nya kaya dah rusak bjirr",1,0
"barangnya baguss, kardusnya rusak dikit tapi gapapa dalemnya ga cacat kok,,, alhamdulilah🤗🤗, paketnya dateng pagi untung ada uangnya, kurirnya ramah mantap👍🤗. jangan...",4,0
"warnanya bagus, sesuai ekspektasi",5,0
barang sdh diterima dan berfungsi dgn baik,5,0
barangnya bagus ngga nyesel beli pokoknya👍🏻,5,0
tidak sesuai dengan ulasan ternyata pas di cobain suaranya pecah dan tidak ngebas saya minta di balikin uang saya,1,0
"bagus sekali, cuman agak lama dtng nya.",5,0
"kejernihan lensa: suara jernih kualitas pengerjaan: berfungsi dengan baik barang sudah datang warna beige sesuai pesanan, keduanya berfungsi dengan baik, buat tlp juga ok...",5,0
"barang nyampe nya cepat ,aman dan suara nya baik jernih suka warna lucu makasih seller dan kurir",5,0
"paket udah sampai, kondisi aman dan kedua earphone nya menyala, suaranya juga besar dan bass nya lumayan imo. cuman emang agak sensitif sih si bagian yg touch(?) nya itu,...",5,0
"kesenggol telinga atau bantal dikit mati ,, benerin lebih masuk ke telinga juga mati 😩 sebenernya bagus cuman gampang mati musti sambungin lagi..",4,0
"berfungsi dgn baik, suaranya jg ngebass tp gatau ya baterainya bakal cepet habis atau ngga",5,0
"kejernihan lensa: bener bagus kualitas pengerjaan: mulus, gaada baret performa: ngegas banget, suara nya ga terlalu kenceng tapi bagus didenger nya ini harga 32k suara ng...",5,0
kejernihan lensa: jernih juga suara nya cuma hrus hati megangnyaa tkut ke pencet di bwahnya kualitas pengerjaan: bagus,5,0
"suaranya bagus untuk harga 30rb, warnanya juga lucu🤗",5,0
"pengirimannya cepat sekali, barangnya lumayan lah yaa tapi knpa ya yg belakang itu kyak mau patah ya?? atau barang itu udh lama, semogaa awett buat 3 bulan ke depannya ya...",4,0
"pengirimannya cepat sekali, handsetnya lucu pink😍 semoga lama kejernihan lensa: jernih kualitas pengerjaan: cepat performa: bagus",4,1
baguss bgt sesuaii ngebass 💗😭,5,0
jernih suaranya cuman tempatnya gabisa nutup rapet,3,0
"alhamdulillah berfungsi smua, pengiriman super cepat pesan hari ini bsok sudah sampe cuma 1 hari, mksih buat kurirnya josss lah pokonya.",5,0
barang bagus okay pokok nya sesuai opsi di banding hrg sesuai ..kurir oke tks,5,0
mantapppp😍😍😍,5,0
barang sudah sampai kondisi baik belum dicoba mudah-mudahan berfungsi dengan baik,5,0
"gimana ini tolong , etikat baiknya ka hengseat nya awal nya sember yang kiri ,kanan mah normal ,terus gak lama ko mati yang kanan suaranya ,cuma yang kiri aja normal",1,0
"suaranya jelas cuman gak terlalu ngebass, dusnya penyok tapi aman isi dalemnya",5,0
"barang sampai dengan aman, kualitas nya standar lah ya sesuai dengan harga, performanya oke dengerin musik juga nge bass suaranya.",4,0
"barang aman, dan suara jernih, tidak ada kerusakan",5,0
"barang sudah saya terima kondisi barang dalam kondisi bagus, pengiriman cepat tepat waktu dan dari segi suara tws nya bagus dan bass nya kedengaran dengn jelas charger ny...",5,0
"barang aman, suara jernih, tidak ada kerusakan",5,0
masa beda² bluetooth masing² jadinya yang bisa di denger satu ga bisa langsung dua itu gmn aya maksud nya kecewa banget,1,0
"pesanan sudah sampai, sesuai pesanan pengiriman super cepat 1 hari sampai. tapi suara bas nya menurut ku masih kurang. batre gak kuat lama saat pengisian data tidak ada...",5,0
cuma kepake sekali trus pas abis batre di cas dan gak nyala lagiii padahal pas di cas blum sampe abis bnget batrenya,2,0
sempet ragu karna pas dpke tidak bisa nyambung tpi tdk apa2 aman bagus nyala trimakaaih sukses buat semuany 🙏,5,0
kejernihan lensa: sangat jernih kualitas sangat bagus dan sesuai deskripsi,4,0
baru nyampe tapi yg satunya mati gak nyala,1,0
"susah connect and mati 1 tws nyaa,kecewa si tapi gapapa",1,0
realpick bagus berfungsi dengan baik 22anya nyala ada suara nya warna nya baguss lucu 👍,5,0
"baguss, cuma ko sebelah kanan nya gak bisa nyala ya, udah nyoba beberapa cara sama di cas lama padahal...",4,0
"maaf sebelumnya kak headset yang warna biru pas sampai kok nggak ada bungkusan plastik dan yang hidup cuma 1 dan yg 1 nya lagi ada suara tapi putus"". dan yang warna h...",1,0
"baru dateng headset nya ga nyala,padahal udah di cas sangat kecewaa",1,0
"lucu imut, pengiriman cepat, tapi yg sebelah mati yg hidup hanya satu aja",5,0
paketan baru datang langsung di coba 2/2 berpungsi suaranya jernih kren lah makasih seller makasih kurir,5,0
"kualitas pengerjaan: bagus bgt, gampang connect nya. suaranya enak.",5,0
"produk datang seperti bekas, untung masih bisa nyala jd saya tdk komen, untuk penutupny seperti sudah di pakai dia longgar, baru pertama kali saya belanja online dtngny s...",1,0
bagus suara jernih tapi yaa cuma batre nya kuat 2 jam lebih tpi gpp semuanya bagus,5,0
suara nya jernih bgt terus pas datang udah di cas jdi bisa langsung di coba 😽💗 makasiii seller semoga usahanya lancar teruzzz,5,0
"bagian sisi boxnya robek. kejernihan lensa: kurang, tapi dgn harga segini lumayan walaupun ada ""nging ngingnya.""",4,0
"agak kurang rapih packingannya, barang blm gua coba masi di cas",5,0
"kotaknya ko kaya ancur abis kebentur gitu luat dalemnya, juga pas di pakai yang kanan serasa ada suara listrik tadi takut kesetrum, terima kasih.",3,0
alhamdulilah realpic suara jernih warna sesuai yg di pesan moga amanah terus jualan nya kurir ramah,5,0
kok lampunya ga nyala pas di buka tutup dan di charge ya?,3,0
"paket nya dh smpe, bluetooth nya bagus.. suaranya jernih dua²nya nyalaaa gk ekspek hargaa semurahh ini baguss🥰buat kalian jangan ragu buat co yaaww🤏🏻😍😍",5,0
"mantap pengiriman cepat , barang sesuai pesanan aman tidak ada kendala bagus untuk nyantai sambil kopi sebats",5,0
"alhamdulillah paket saya sudah sampai dengan selamat, headset bluetooth nya bisa dipakai dua dua, semoga tahan lama ya baterai nya dan gak mudah rusak amiiinn 🤲🏻🤲🏻🤲�...",5,0
"lumayan sih, suaranya juga ok,tapi terlalu sensitif,masa pasang ditelinga bentar langsung off",3,0
lumayan.tp buat tlvonan suara kurang jelas,4,0
"biasa aja no bass, tapi ya lumayan lah berharap apa sama harga semurah ini, btw thanks",4,0
bagusss kejernihan lensa: jernih kualitas pengerjaan: oke,5,0
pesanan dah sampai dan sesuai. packing aman. lumayan buat harga segitu berfungsi gak ada kendala,5,0
kejernihan lensa: sangat jernih kualitas pengerjaan: kualitasnya bagus dan sesuai deskripsi,3,0
penutup tws nya ngga ngerekat/ tertutup rapat.. ngeloss,4,0
"bentuknya lucu, blm di coba sih. pas lg di coba, batrainya habis, trs di cas dl, semoga aktif smua. terima kasih kok udh di cas, yg hidup kok hanya satu. yg satunya mati...",3,0
"pas baru dibuka, packaging nya udah rusak🤦‍♀️, semoga headset nya masih berfungsi dengan baik",4,0
kejernihan lensa: bagus kualitas pengerjaan: baik,5,0
"barang nya kacaww ya emang sih cuma 30rb, tp tetep aja ya di beli. yg bagus cuma pelayanan nya aja, fast respon toopppp barang nya ga lagi deh",2,0
"barangnya sesuai,datengnya cepet,sesuai banget sama yang difoto",5,0
punyaku kok gak nyambung ya. aq bl 2pcs nih.. apa minta dicarger dl ya,4,0
"cepet banget nyampe nya cuman 2 harii,untuk 30rb ini sangat worth it bangettt!!",5,0
barang lumayan batre awet 3hari dan pengiriman tepat waktu,4,0
barang yg datang tidak sesuai produk yg dijual,1,0
"sooo cutee 👋🏻👋🏻, lucuuu banget soft pink nyaaa. makasii seller berfungsii dua dua nyaa 💕💕💕💕🙋🏻‍♀️🙋🏻‍♀️🙋🏻‍♀️",5,0
"barangnya sesua, aman, pengirimnya juga ternyata cepet bgt😭😭. thankss yaaa💞😽👍🏻",4,0
okee sesuai berfungsi jugaa terimakasihh,5,0
headset nya parah masa ga bisa di cas dan mati 1 lagi parah nich mah,1,0
cuma 1 doang yg nyala sebelah kiri kalo sebelah kanan ga nyala,2,0
"kualitas pengerjaan: buruk apaan ini barang busuk dijual begini, gabisa nyambung ke bluetooth hape sendiri malah nyambung ke orang jualan tuh yg amanah",1,0
"barang cacat, bagiannya ada yang terlepas dan suaranya juga sudah tidak berfungsi dengan baik",1,0
"barang sudah sampai, tpi minesnya mati sebelah gimana masa barang baru sudah mati sebelah begini",2,0
satunya gak bisa di sentuh on of terus kebuka lagi,1,0
"headset bego kaga full bass, gua kira full bass, t*l*l bgt, mana ngga dapet carannya",1,0
pengirimannya cepat suaranya jernih,5,0
"suara nya kresek kresek gitu anjir?! fak lah, beli di toko lain 30k ada kualitas gabisa dipake buat tidur🙂😭",1,0
casingnya bagus lucu ada gantungannya tapi stikernya kurang rame,3,0
yang nyala hanya sebelah jadi tidak terpakai,1,0
"ini gimana yang kirim kok gak ada headset nya,nyesel belinya sumpah kualitas pengerjaan: 0",1,0
kereeennnn bangeettt. suara jg okehhh !!,5,0
"halo kak sorry bgt ya, ini kok yg nyalaa cuman sebelah ya? yang sebelah kanan gada suaranya gmn ni kak.",1,0
nyala nya cuman sebelah terus dikasih kabel data yg udh karatan.,1,0
kakk ini kenapa suara nya yang nyala cuman sebelah aja ya,2,0
ga fungsi blasss....di chas udh semaleman juga ga ada batre nya respon penjual saat di komplen ga tanggung jawab,1,0
"tws nya yg kanan mati ,baru bgt nyampe udh di cas tapi yg ada suara ny kiri doanh yg kanan mati syg bgt padahal bagus warna ny",2,0
kualitas pengerjaan: lamaa performa: belom diketahui,4,0
barang datang dalam keadaan baik tanpa kendala,5,0
"gak sesuai harapan, soalnya suaranya gak ada",1,0
"sedikit saran lain kali brg ny di cek lgi ya kk, soalnya yg berfungsi cmn 1 doang 1 ny lgi gk berfungsi",2,0
"mohon maaf sebelumnya np yg sebelah nya rusak ya, padahal baru.?? apa kah bisa di ganti.?",1,0
real pict. cmn belom tau tahan brp lama,4,0
bagus suara jernih semoga awet,5,0
"beli 2 yang satunya dikirim rongsokan udah mah ga bisa nutup ga bisa hidup pula, tolong perbaiki",2,0
gak nyala sebelah gimana nih kak,1,0
bagus..tapi baterainya cepet lowbat,5,0
ga sesuai ekptasi yg seblahnya ga ada suaranya,4,0
bagus suaranya ngebas 😍👍,5,0
"banyak lecet,jamur,warna nya kekuningan kaya bekas",1,0
pengiriman nya capet tapi saya kecewa dengan tws yang datang cuman perfungsi sebelah,1,0
"sangat bagusss,, tetapi saya pesan 3 datang hanya 2",5,0
blm bs dipake. mgkn mnta dicas dl kah,4,0
"jelek baru nyampe,sebelahnya malah ga nyala toko apaan ini",1,0
kecewa produk diterima keadaan rusak,1,0
bagus keren juga suara oke smoga awet,5,0
kualitas pengerjaan: masa d kasih headset kosong.mana bluetooth ny,1,0
kecewa banget ka yng datang bukan headset malah busa😭😭,1,0
"gw beli dua, yang satunya boros bet etdah",2,0
suara nya brisik bngtt bkn kuping sakit kecewa berat😕,1,0
madep bagus sesuai yng ada di foto,4,0
saya pesen heanset kenapa yg dtg cuma spon n tempatnya doang apakah aku salah pesen ya,5,0
"bahan bagus, sesuai yg dinginkan",4,0
barang rusak cuman nyala seblah doang,1,0
kok dicas ga nyala yak lampunya,1,0
"headset ga nyala satu ,gembel jelek",1,0
"barangnya sesuai,bassnya mantep",5,0
keren banget barangnya berkualitas,5,0
"baagus, suaranya jernih dan gak bocor. sangat mini dan pocket size, overall it’s a 9.5/10! 🤍",5,0
kejernihan lensa: sangat jernih dan enak di telinga kualitas pengerjaan: sangat bagus performa: sangat bagus suaranya jernih,5,0
"bagus nyala, suaranya juga jernih. dipakenya juga enakeun..",5,0
sebelah baguss sebelah gak ada suarah,1,0
masa baru nyampe kabel nya udah putus,1,0
kualitas pengerjaan: bagus cuma kadang2 tiba2 mati sendiri kalo di senggol tws nya di telinga,5,0
mungil lucu tapi saya pasang di casing tws bagian tutup gak muat suara jernih tapi bas'a kurang,4,0
"kejernihan lensa: jernih kualitas pengerjaan: baik real pict, warnanya canti, bass nya oke, cucok pokok nya mahh",5,0
kwalitas suara bagus dan awet cuma minus nya pengiriman lama,5,0
suara ok worthit sama harga tapi indikator pengisian ngga kelihatan jadi ngga tau udh full belum saat mengisi,4,0
"lumayan, mines nya lampu depan gak nyala. tapi overall suara dah bagus dan bass udah kerasa",4,0
"beli dia ttp saja sm2 ngedropnya,gak bisa lama padahal ngecharge full",4,0
quality of work: buat harga 30rb ya cocok lah ya performance: bagus cuma buat telfonan suaranya kecil,5,0
"headset nya bagus lucu dan berfungsi dengan baik smoga awet ,, pengiriman nya juga cepat",5,0
tws aku sebelah ga ada suara nya,1,0
"paket sudah sampai kemarin, bagus suaranya jg jernih bagus banget sangat recommended pokoknya,,, jangan ragu beli ditoko ini",5,0
"kejernihan lensa: jernih,tapi kadang yg satu mati,tapi kalo jernih ini super jernih si ngga kresek"" smsek",4,0
"sangat bagus headsetnya, sudah beberapa x jatuh pun tetap aman",5,0
"pengirimannnya cepat, respon penjualnya baik dan sangat ramah, cuma satu cas headsetnya gak bisa di gunakan, selebihnya gak ada masalah dan worth it banget🥰 terimakasih",5,0
ini bukan pro 6 asli but it's okay lumayan lah suaranya juha nge-bass hampir sama kyk yg asli buat kalian yang kecewa jangan salahin tokonya karena kalian tau sendiri...,4,0
suaranya sangat jelas banget bagus banget saya suka banget sma produknya,5,0
uk nya beda dgn sy pikirkan . tp lucu lah gak butuh space byk klo bawa tas kecil. suara yg dihasilkan cukup good untuk harga segini. worth to buy lah intinya buat kalian...,4,0
"lumayan dengan harga yang segitu, semoga awet dan tahan lama",5,0
jangan beli ditoko ini twsnya hidup satu,1,0
"bagus ,ga ada yang cacat , suaranya jelas",5,0
kualitas bagus sekali saya suka sekali suaranya mantap,5,0
bagusssss awalnya agak khawatir karena yg biru kok susah banget dihubungin tapi udah bisa kok cuman agak bermasalah dikit buttt gapapa tetep bagusssss,5,0
dateng dateng longgar penutupnya,1,0
berfungsi dengan baik,5,0
bagus sesuai lah dengan harganya,5,0
"baterai cepet habis, belum beberapa jam udah habis",4,0
sesuai pesanan suara nya nge bass... ttp amanah,5,0
"alhamdulillah sampe dengan selamat tanpa ad kekurangan satupun . suara headset jernih bgt , kekuatan baterai nya tahan lama . tapi memang ga keliatan yaa pas ngchas nyaa...",4,0
headset sangat bagus,4,0
kualitas suara sesuai dgn rate bintang ya,5,0
suara yang satu kecil kadang mati sendiri kadang bunyi cuma satu,3,0
barang sampe dengan selamat cuma kardusny robek tpi gpp aman berfungsi,5,0
"bagus, berfungsi dg baik.. pengiriman juga cepet",5,0
performa: suara ny jernih tp gk terlalu nge-bass tp sy puas sm brg ny mudah2n awet y,5,0
headset nya bagus baterainya tahan lama aku suka warnyaa 🫰🏻,5,0
aku bukan pecinta pink tapi ini sukaaak,5,0
performa: mantab sesuai pesanan dan berfungsi sebagai mana mestinya,5,0
kualitas pengerjaan: bagus kadang tersendat² mati hidup bluethoot,3,0
bagus bangett cuma agak lemot pas mau nyambungin,5,0
"bagus suara nya jernih, tapi yg nyala hanya sebelah kiri saja yg kanan gada suaranya",3,0
"enak suara nya kayak gada masalah, cuma kebesaran aja di kuping sama cepet habis batre",3,0
belanja di tiktok emang the best pengiriman nya cepat gak kyk toko sebelah,5,0
"okee si, cuma chargernya yg diberikan dari situ tidak berfungsi, alhasil saya pake charger hp saya untuk mengecasnya.",3,0
"kejernihan lensa: 6/10 kualitas pengerjaan: 8/10 performa: 7,5/10 kurang worth it mending beli yg bermerek",3,0
bgus. cuma pas ngeces nya gk keliatan penuh atau blm nya,4,0
kejernihan lensa: oke kualitas pengerjaan: oke performa: oke,4,0
"yang satu matii, ga nyala",4,0
lumayan. tapi kepala gerak dikit suka mati2an suaranya. 🙃,3,0
di cas udah seharian tapi waktu di pake gampang habis batrenya.,3,0
kejernihan lensa: bagus kualitas pengerjaan: ngebass,5,0
"kecewa banget karena headset nya gak ada suaranya sebelah, pdhal di cas sampe berjam"" karena aku kira batre nya yg habis, padahal emang kualitas nya yg kurang bagus🙏",3,0
nyampenya cepet semoga bagus waktu dipakai nyoba dicas dulu,5,0
kejernihan lensa: jernih bngt kualitas pengerjaan: bagus,5,0
"punya saya satu tidak bisa di gunakan, pengiriman lumayan lamaa",4,0
terimakasih barang sampai dengan baik aku sudah coba suara nya ngebas bagus lain kli pesan pesan lg,5,0
barang sudah sampai dan berfungsi dengan baik,5,0
"headset nya kadang mati sebelah, kalau di cas kadang jga gk msuk,,",3,0
yang datang cuman gantungan tas,1,0
bagus banget barangnya packingan rapi juga,5,0
kejernihan lensa: bagus kualitas pengerjaan: rapih performa: sesuai ekspektasi trimakasih...,5,0
"lucuuukkkk, thank uu kakaa dan kurir nya juga baguss bangett💗💗💗💗",5,0
"mantap bgt harga murah , rekomend bgt buat tws harga pelajar gak nyesel ada box + cargernya pokok nya mantap bgt",5,0
baguuuuuuuuusssss👍👍👍👍👍👍 lucu warna nya sesuai 🤏 🤍🤍🤍🤍🤍🤍🤍🤍🤍🤍🤍🤍🤍🤍🤍,5,0
"batrenya cpet banget abiss, mana ke toel dikit langsung ga nyambung, rada ribet",3,0
bagus tidak mengecewakan pokonya👍,5,0
"batrenya boros bgt bru di cas blm di pke udh berkurang baterai nya, tp tempat nya bgs",3,0
"sesuai pesanan ,kualitas sesuai harga lah ya👌🏻",5,0
kejernihan lensa: baik kualitas pengerjaan: bagus,5,0
over all bagus tapi buat main free fire delay parah,3,0
performa: bagus kualitas pengerjaan: bagus,5,0
"smoga awet, tpi ini bkin telinga agak sakit",4,0
seler amanah sewai orderan mantap,5,0
kejernihan lensa: ok kualitas pengerjaan: ok performa: ok,5,0
kenapa tidak bisa disambungkan dgn bluetooth? nama bluetoothny ap ya?,3,0
mati sebeleh gabisa digunain,1,0
mantap lah sesuai harga kwalitasnya,4,0
kejernihan lensa: ok kualitas pengerjaan: bagus,5,0
paket sdh mendarat dengan aman packingnya rapih kurir nya ramah nyaman banget di telinga kereeen,5,0
"bagus, untuk harga 30k wort it bgt sii, semoga awet",5,0
kejernihan lensa: jernis kualitas pengerjaan: bagus,5,0
"okeh, barangnya bagus berfungsi dengan baikk",5,0
suara bagus,5,0
yang satunya nggak bisa keluar suaranya/nggak nyala,2,0
jelek tidak berfungsi alias mati di cas juga ga bisa,1,0
"yang sebelah kiri nyala,yang sebelah kanan engga🙂",1,0
"barangnya bagus,warnanya sesuai yg di pesen biar bintang yg menentukan.",5,0
"barangnya bagus bgt sumpah dehh, kalian harus beli di tokonya y, tnsk kk dan abang yang udah ngantar barang ak love y",5,0
ada yg cacat,4,0
tws nya mati sebelah,5,0
"jelek, gak bisa dicas, lampu hijaunya menyala terus",1,0
suaranya oke tapi koneksinya putus2 terus,2,0
kurang ngebas dan batre cepat habis gak bertahan lama .. kecewa bgd dkirain ngebas,2,0
yg sebelah kiri kresek2 ga jelas trus suka tiba2 mati sendiri,2,0
kejernihan lensa: kurang jernih kualitas pengerjaan: kurang bagus performa: kurang bagus,2,0
kejernihan lensa: good kualitas pengerjaan: good performa: good,5,0
"handset nya jelek eror sering mati , sering nyambung ke org .",1,0
"bagus, berfungsi dg baik",5,0
"barangnya rusak , satu tidak berfungsi kabelnya rusak juga",2,0
murah banget dengan harga segini puas banget😍,5,0
"kecewa berat ngga berfungsi satu. knpa ngga di cek dulu plis,",1,0
cepet banget kirim nyaaa padahal baru 3/2 hari yg lalu pesenn,5,0
mati sebelah mana batrainya cepet habis 😩,2,0
"saya beli 2 , 1 ny hidup tapi 1 ny lagi mati jadi gimana dong ini",2,0
"suara yg keluar tidak jernih, tidak bass, mudah habis baterainya, gerak sedikit malah ke ai, sesuai dg harganya",2,0
barang sudah sampai kualitas nya bagus tapi kenapa cuma sebelah aja yang bunyi sebelah lagi engga sangat tidak memuaskan,1,0
"suaranya si bagus lumayan, tpi baterainya boros banget",2,0
ga yala meski udah di cas ber jam jam tapi tetep ga yala gimana dong kak jadi ga ke pake🖕🙄🙄,2,0
"suara kecil, ga berfungsi dgn baik, baru aja dibuka dicoba pake udh copot sebelah",1,0
tidak bisa ditutup rapatr,2,0
"jelek barang nya ga nyala sama sekali,lain kali kalau mau jualan yang amanah",1,0
"apaan tws nya gede sebelah suaranya, yang kanan lebih besar yang kiri malah kecil suaranya",2,0
suara jernih dan warnanya sesuai,5,0
mff ngsih bintang 3 soalnya suaranya kresek kresek,3,0
"gabisa nyala lagi, baru dipake satu lagu sudah mati di charger juga ga bisa nyala"" syg banget, padahal btrai nya 100%",1,0
"tidak bisa berfungsi satu nya, cuma satu doang handset nya yg berfungsi",1,0
"bagus si,tpi suaranya ngk bgs trus kaya serek serek",1,0
soal harga ya lumayan cuman mines nya yang sebla kananya pica pica suaranya,2,0
cakep banget suaranya pas ditelinga,5,0
"suara nya suka mendem sendiri, sensor nya juga sensitif bgt gmpang mati""an",2,0
mantap & jangan ragu suaranya jos jos,5,0
"kecewa bgt abis btree ehh taunya ga bisa di cas,rusak tws ga bisa di cas",1,0
"mengecewakan, yg sebelah kanan tidak hidup",1,0
maaf boss kita jujur aja... stelah di pake..agak jauh sama di vidio...batre kurng tahan.hendset rusak satu....sory ya boss kita jujur aja kasih ulasan,1,0
"suara ga bner dateng""rusak 1 al hasil ga ke pake",1,0
kek kntl sebelah kanan ga bisa cuma sebelah kiri aja males bgt sumpah,1,0
yang sebelah kanan gak bisa hidup jadi satu doang yg hidup nya🤦🤦🤦,1,0
suaranya cuma bunyi satu kecewa ah mana jelek lg,1,0
"masa baru sampe tapi tidak nyala,udah saya cas padahal segala cara sudah saya coba",1,0
"kureng terlalu kecil, ga ngebas",4,0
"ga bisa nyala bersamaan,nyalahnya terpisah",2,0
kejernihan lensa: ga nyambung kualitas pengerjaan: rusak,1,0
lumayan dengan harga segini,4,0
suaranya cempreng beda sama punya saya yang beli dari dulu,1,0
masa baru dateng udah mati udah di cas lama banget,1,0
headset sebelah nya ga bisa di sambungin ke bluetooth nya,2,0
"pas nyampe cuma bisa satu yang nyala, setelah dicass pun hanya satu yang nyala, dan sy diemin, sy cass lg malah gabisa nyambung ke bluetooth tulisannya tidak dalam jangka...",2,0
barang cacat ga usah di belii sumpahh cacat barang yahh ini di kasih bintang 5 biar paling atas,5,0
oke lah cuma baterai tws nya agak boros,4,0
"kapok beli ini, balum dipake , baru dateng paket trus nyoba cas eh malah meledak",1,0
rusak 1 jir yg kanan ga bunyi apalah baru nyampe padahal,1,0
kejernihan lensa: lumayan kualitas pengerjaan: mantap,5,0
jelekk bangett jelekkkk. yg satunya lagi gabisa dipake sial. udah di gimana gimana in juga tetep ga nyala.,1,0
alhamdulillah barang sdh sampai tepat waktu produk bagus sesuai pemesanan,5,0
barang sudah sampe tapi mati sebelah,4,0
"hedsetnya tidak berfungsi dengan baik satu , kecewa beli disini 😡😡😡",1,0
bagussssssssssssssssssssssssss bangetttttttttttttttttttttttttt,5,0
hetsetnya kenapa bunyi cmn sebelah aja ya ka tolong,1,0
"maaf ya kak barang produk nya rusak ,kok bisa kirim yg rusak 🙏🙏🥺",1,0
anjng bgt ni toko punya gw mati sebelah jelek barang nya kekbekas,1,0
masa syaa ngecas henset lampu nyaa gak nyalah si,1,0
murahhh tapi ga murahan👍🏻👍🏻🫠,5,0
buat harga segini udah bagus bngt,5,0
pas dipakek malah sering ter putus sendiri sambungan nyaa aduhhh,1,0
nyesel gua belii tai baru gua pake 2 hari udah kga ada suara nya gimana siih,1,0
produk sangat bagus tapi kurang nge bas,4,0
alhamdulillah barangnya sudah sampai dg peking nya rapi dan kurir nya sangat baik ramah..,5,0
"biasa aja, suaranya gk terlalu ngebas",4,0
parah banget baru juga paket dateng pas di coba cas gbisa,1,0
kacau barang rusak dikirim,1,0
barang datang dalam keadaan lecet seperti barang habis pakai tolong di kasih plastik dalamnya seperti warna biru,1,0
"kalau barg rusak jgn dikirim donk kk..mahal"" dibli sampainya brg rusak ..gk amanah bngt sich kk apa segtunya mau dapet duit ya...disambungin kebluetoth mlhan gk da kl...",1,0
sy kecewa skli cas gk bsa di pke jga suaranya gk bgus 🙄🙄😡,1,0
sesuai pesanan twsnya jg nyaman dipakai,4,0
"bluetooth nya ga nyambung bareng, jadi pisah2 kayak bedak jaringan",2,0
"baguss earphone nya nyala 2"" nya",5,0
sy puas belanja d tiktok shope krn barang sesuai pesanan .🙏🙏🙏,5,0
tidak sesuai pesanan dan tidak nyala jelekkk,1,0
bagus diharga segitu,5,0
bagus sesuai pesanan ngak kecewa pokot,4,0
barang sampai kondisi sesuai,5,0
maaf baru ksh ulasan heandset nya mati matian trus,2,0
performa: suara bass nya kurangg baguss,4,0
paket udah sampe... barang bagus cuman pengiriman agk telat,4,0
"ya baguslah dengan harga yg murahhh,pengirimannya mantup cepet bangett",5,0
usb tidak dapat digunakan / rusak,3,0
keren banget sih dengan harga segitu tp kualitasnya keren polll,5,0
"barang sesuai pesanan,kualitas ok",4,0
harga murah kualitas bagus bgt,5,0
"lucu, bagus, imut, kiyut",5,0
saya pesan 2 keduanya tidak berfungsi...kecewa..,1,0
barang bagus sesuai ekspektasi,5,0
"rusak sblh , gbsa ke chrge pdhl bru bgt smpe",2,0
benar benar rusakkkk pas baru sampe bener2 ga adaa sambungan blutut nya,1,0
kok yang bunyi cmn sebelah ya🥺😭 cas nya juga gk masuk wehh 😭,3,0
barangya bagus bgt kereng aq suka terimah kasih tokonya,5,0
yang kanan matii hmm,1,0
"baguss kak, real pict jugaa, makasiii yaaa",5,0
sangat bagus memuaskan dan tidak pernah boong,5,0
anjriiit ga mau ngecasss barang busuk begini lu jual anjg,1,0
bagus banget enakin basnya alus,5,0
nyalanya hanya satu,3,0
sangat memuaskan hasil nya,5,0
yang sebelah kiri ga bisa connect,2,0
kabel charger tidak bisa di gunakan,2,0
suara jelek cuma berfungsi 1 doang payah,1,0
goooodd sesuai pesanan terimakasih 😊😊,5,0
ini suaranya cmn 1 aja apa gmn ya,3,0
"baterai boros, hanya 45menit pemakaian",2,0
bisa nyambung tapi nggk ada suaranya,1,0
yg sebelah kiri mati earphonnya,2,0
"baguss, udh nyampe dan produk oke",5,0
pkonyah mantap banget ga kecewa,5,0
kualitas pengerjaan: sangat bagus,5,0
bagussssss😍😍😍😍😍,5,0
kualitas pengerjaan: sangat baik,5,0
bagus tapi kurang pas di tutup.a,2,0
"realpict, semoga awet. makasi banyak",5,0
headset nya nyala sebelah 😴,2,0
kaya bekas banyak baret baret nyaa😭,1,0
bagus sesuai gambar,5,0
bgus,4,0
"pengirimannya cepet bgt pls, baguuussss!!! 😍😍😍",4,0
baguss sesuai gambar,5,0
sangat bagus sekali sesuai pesenan,5,0
harga sama kualitas gak banget sih,3,0
"cepet , harga murah , semoga awet",5,0
bagus ka sesuai,5,0
kejernihan lensa: sangat bagus,4,0
barang yang datang cuma 1 yng hidup,1,0
"kurir tidak menelvon, hanya di titipkan ke warung, dan saya tidak mengetahui",1,0
bgus bngt barangnya kk .. suarana sangat jelas .... mkch kk 🙏,5,0
"buruuuuuuukkkkkkkkkkkkkkkkkk, tidak bisa tersambung ke hp sayaa. ga sesuai dgn ekspektasi",1,0
nyala nya cuma sebelah fuck you,1,0
2 minggu pakai dh rusak yg sebelah hh,2,0
gue kesell gak ada headset nyaa,1,0
barang bagus n mantan...murih guriihhh,5,0
"batre ga awet, satu yg bs nyaala nya",1,0
batre nya cepet abis tpi gpp lumayan,1,0
headset nya mana kecewa,1,0
kualitas pengerjaan: kurire lambt ngk tau apapa pesanan di batal kn tau tau di antr lgi,1,0
demi apapun g bisa di pake anjay😭,1,0
100/10,5,0
hensed e. mati siji enek ijole gak iki,1,0
barang sesuai mantappp,5,0
tws pro 6 keren banget 🤩🤩,5,0
agak aneh suaranya,4,0
"sesuai pesanan,suara jernih",5,0
kejernihan lensa: jernih suaranya,5,0
sesuai pesanan suara jernih,5,0
lumayan,3,0
sesuai pesanan barang oke terima kasih,5,0
bagus suara nyq g sember,5,0
barang sampai dengan baik ya,5,0
bagus banget 👍👍,5,0
ok sesuai pesanan,5,0
batre nya aga cepet abis,5,0
bagus suka suka,4,0
harga murah barang sampai dengan baik,5,0
gadapet kabel charger nya,4,0
bagus sesuai...,5,0
bagus cepet sampe nya,5,0
bagus bgt suara ngebass,5,0
performa: sangat bagusssssss bgttttttttttttttttttttttttttttt,5,0
baterai nya cepet habis',4,0
"sangat bagus, suaranya ok",5,0
suara nya agak brebet brebet,4,0
bagus suaranya jelas,5,0
bahannya plastik gimana ya,5,0
kondisi aman dan kualitas ok,4,0
batrenya tahan,5,0
bagus banget headsetnya makasih kak,5,0
not bad but not good,4,0
goodd,5,0
"sering drop,",4,0
"mntp, suaranya enak",5,0
nyaman saat digunakan,5,0
ga nyala sebelah,3,0
headset ny mati sebelah 🥺,3,0
cepet bgt abis batre nya.,4,0
kurang jernih,5,0
seler ramah. barang bagus,5,0
kejernihan lensa: jernih,5,0
bagusss bangett sukaaa makasiii yaa,5,0
harga murah kualitas bagus,5,0
rusak.sebelah,3,0
cuma 1 yang nyala,3,0
berfungsi dengan baik.,5,0
barang cepeeet sampai sesuai pesanaan manteep dh,5,0
suka tiba2 mati,3,0
batre nya boros sih,4,0
suaranya kurang bagsu,3,0
dah nyampe sesuai ma pesanan,5,0
terimakasih banyak barang sesuai,5,0
bagus fullll bass,5,0
gampang lowbet,3,0
ok bagus,5,0
suara bas nya keren,5,0
berfungsi dengn baik,4,0
ada yg bekarat tpi masih oke,4,0
sesuai harga,5,0
berfungsi dg baik,5,0
bass nya kurang ok,3,0
saya beli 2 warna hitam sama pink bener” bagus produknya,5,0
suara nya jelek pecah semua,1,0
terimakasih kak pesanannya sesuai bangat..sehat selalu yah kak🙏🏻☺️☺️,4,0
barang nya bagus banget,5,0
semoga mantep suaranya,5,0
suarnya kurang kenceng,2,0
cakeppp terimakasih ya,5,0
lumayan bagus ....worth it lah dgn harga segitu,5,0
mati sebelah,2,0
mati sebelah,2,0
"bagus, ga berisik",5,0
bagus barangnya sesui,5,0
kereeeen rilpict,5,0
produk gagal gak usah di jual,1,0
satu lagi ga nyala,2,0
"tws nya bagus, dan cernih",5,0
baguss tapi agak ngelag,4,0
kecewa nyalanya cuma sebelah,1,0
kenapa hidup sebelah minn,1,0
ga bisa nyala,3,0
tiba tiba mati,1,0
barang rusak dijual,1,0
earphone yg sebelah nya rusak,1,0
ga bisa di tutup rusak,5,0
"mantap, barang sesuai",4,0
beli hensed yg di kirim kok busa .,1,0
headset nya hanya hidup 1,2,0
yang satu mati,2,0
kualitasnya bagus,4,0
bagus dan cepat pengiriman,5,0
barangnya ga nyala,2,0
ada tws yg tidak bisa konek,2,0
alhamdlh bgus brang nya,5,0
lampu nya ga nyala minusan,1,0
kualitas pengerjaan: bagus,4,0
nyala nya sebelah doang,1,0
suara nya kresek kresek,1,0
gabisa dicas,2,0
nyala nya sebelah kecewa bgt,1,0
gak hidup sebelahh,1,0
kok gak hidup sist,1,0
rusakkk gabisa di pake,1,0
bagus bngett mksih kak,5,0
good😀🫰🫰,5,0
tdk nyambung bluetooth,1,0
bagusss💖💖,5,0
cuma case kirain tws juga,2,0
kualitas pengerjaan: sipp,5,0
agak kotor dalam nya,3,0
sangat bagus banget pokoknya,5,0
"gila sih recommend bgt buat yg oem ya hahaha beneran suaranya enak banget hampir seperti yg ori, mode transparan mode anc beneran work!! best lah kapan2 beli lg, thanks...",5,7
recommend banget buat beli disini. kualitas produk nya bagian suara dan mic jernih,5,3
terima kasih! respond dan pengiriman sangat cepat! ngga perlu nunggu lama. kemasan sangat aman! produk berfungsi dengan baik.,5,5
"barang diterima dengan baik, product tidak cacat. kondisi keseluruhan baik.",5,1
"produk 1:1, mantaplah, bass super jj, seller responsif, kurir mantap",5,1
"ini plek ketiplek sama kayak ori sih, sukak banget, bisa telepon juga, stable connection & budget wise 😊👍🏻",5,4
bagus banget! udah kayak barang ori. suaranya udah kayak earphone mahal padahal harga bpjs wkwkwkw. semoga tahan lama deh hehe.,5,0
bagus. semua berfungsi dgn normal. semoga awet,5,1
"terbauk dan tercepat pelayanan serta pengirimannya, barang diterima dalam kondisi baik.. thanks bos.. 🙏",5,1
kualitas suara bintang 5. pelayanan dan juga kurir bintang 5. over all worth it to buy☺️,5,6
"pesanan sudah sampai, sesuai ekspetasi. suara bagus jernih dan mic besar. pengiriman cepat. seller fast respon 👍",5,1
"pengiriman kilat, kualitas produknya mantap. gak bisa bedain ini original apa fake krn kualitasnya sebagus itu. kerenlah",5,0
puass bangedd. airpod gen 4 anc nya berfungsi baik. sepupu juga pada mau belii jadi saya rekomendasi kan karena bagus suaranya. tq,5,1
"bener bener bagus kualitas soundnya, bass nya mantep bangeg, suaranya gak cempreng, dan anc nya juga berfungsi, keren pokonya.",5,0
"harga segini oke banget sih. sejauh ini gaada signal drop atau apapun. suara jernih, mic juga aman.",5,1
"mantap ngebass semua fungsi dengan normal, biar bintang berbicara",5,0
"terimakasih, untuk pengiriman sangat cepat 👍🏻. kalau bicara tentang klaim ini mirip dengan yang asli big no, soalnya saya punya keduanya, beli ini hanya untuk test aja...",4,5
"nice, akan repeat order kedepannya😚 headset pods nya bagus berfungsi dengan baik",5,1
pengiriman cepat. fast respon. noise cancelling bekerja dengan sangat baik apalgi utk nonton.,5,0
"barang sesuai deskripsi,recommended seller",5,0
real sesuai dengan deskripsi dan kondisi,5,1
semua fitur berfungsi dengan baik,5,0
biar review yang menjawab saja ya kak. yg pastinya mic berfungsi juga,5,0
"bukan kaleng2, harga murah tapi semua fitur bisa berguna dengan sempurna",5,0
airpods sudah diterima. kondisi sangat bagus seperti jutaan punya,5,0
"mantap barang sudah datang sesuai pesanan, good quality dan harga terjangkau, terimakasih🙏",5,0
packing rapi tebal aman joss kwalitasnya ini bagus banget keren suka ☺☺,5,0
pertama kali beli di online..hasil nya memuaskan. terima kasih tokopedia,5,0
pembelian ke-2. mantab. smoga awet. jgn ragu buat yg mau beli. kualitas ud oke.,5,0
"kecewa, carger yang di kasih rusak ga bisa di pake, aku charge pake carger ori ip jg stuck isi dayanya. di tanyain ke penjual tapi slowres. kenapa di charge ga penuh2 seb...",1,7
suara jernih dan kencang,5,1
fitur peredam workit dengan harga segini,5,0
selamat sore. makasih min barang uda saya terima dengan kondisi baik. berfungsi baik. saya beli charger dan headset semua bagus2 dan berfungsi. langganan ya. thanks,5,0
"packingannya aman, berfungsi dengan baik mirip ori",5,0
untuk pertama kali belanja disini. pelyanan sangat bagus. seller ramah fast respon. paling penting lagi barang nya bagus berfungsi dengan baik dan ori. pemakaian normal d...,5,0
active noise cancelling alias suara peredam bisa fungsi. good fitur,5,0
"manteppp, belum dicoba pas telfonan semoga lancar. makasi banyakk seller",5,0
"packing aman, barang ok juga, suara bagus, semua berfungsi dgn baik. not bad lah buat harga segini. kalo muluk2 beli yg original aja bos.",5,0
pengiriman cepat dan seller nya fast respon👍,5,0
keren banget sih ini dah kyk original nya smua fungsi nya on ... mantappp,5,0
pengemasan baik tebal ada free bubble. untuk airpods nya saya rekomendasiin di lapak ini trust.,5,0
"mantab bgt nih barang bener mirip orig, anz nya berfungsi banget, semoga awet lamat terimakasih ya gan",5,0
always my gearrrrrrrrrrrrrrrrrrrrrralways my gearrrrrrrrrrrrrrrrrrrrrralways my gearrrrrrrrrrrrrrrrrrrrrr,5,0
makin lama makin mantap keluaran produk skrg. harga murah kualitas banyak fiturr. keren😎,5,0
untuk harga segini cukup bad bluetooth nya pendek jarak nya dll.,3,0
"bass sember, kualitas audio masih cempreng. unggul di ancnya aja",3,0
thanks kka. pods berfungsi dengan sangat baik☺️,5,0
bagus berfungsi fiturnoisse canceling peredam,5,0
kualitas bagus. jempolan pokoknya ini mah pods nya,5,0
keren imut suara okay,5,0
"pas lagi tlp suara kecil, ga bisa dengar cuma didalam ruangan hening baru bisa dengar",2,1
"pembelian kedua untuk pacar, barangnya mantap!!",5,0
terima kasihh. over all good banget dengan harga segini.,5,0
bagus banget ga ngecewai,5,0
beli airpod dapet hadiah kalung,5,0
good qualityy jempolan👍👍👍,5,0
"sat set sat set nyampe, highly recommend",5,0
ok juga nih audionya.,5,0
suara bagus baterai tahan,5,0
"buat harga segini, oke sih ini.",5,0
barang sudah sampai dengan aman dan sesuai thanks,5,0
baterai tahan,5,0
anc nyala 8/10 star!,5,0
barang berfungsi baik,4,0
suara bagus,5,0
suara oke,5,0
mantaaap persis sama kaya ori,5,0
manthab pokoknya,5,0
mirip yg jutaan. mending beli ini aja,5,0
okee banget 🙏,5,1
"harga segini, oke bgt",5,0
nice product,5,0
keren,5,0
anc on reall keren dong,5,0
fitur lengkap,5,0
bagus banget!,5,0
all good❤️😘,5,0
ok best,5,0
toppp,5,0
nice,5,0
mantapppp,5,0
terima kasih,5,0
👍😁,5,0
baguuuuus bangeeeet,5,0
thanks kka :d,5,0
"sudah terima, belum dicoba.",5,0
kualitas pengerjaan: baik bahan: worit pengiriman cepat barang sesuai pesanan packing rapi mantap worit poll sudah di coba awalnya bisa kemaren2 sekarang tiba2 ga bisa.,5,0
"mouse berfungsi dgn baik, semoga awet dan tahan lama",5,1
"ok, barangnya udh sampe. berpungsi dgn baik makasih seller🫰🏻",5,0
"kualitas pengerjaan: bagus aman bahan: bagus,nyaman di gunakan perakitan: bagus",5,0
"paketnya sudah datang dengan baik koridornya juga baik, dan tidak ada klesetan di barangnya dan barangnya juga berfungsi",5,0
bagus dan brfungsi buat proyektor hrga lebih murah drpda beli remot proyektor,5,0
"kualitas pengerjaan: bagus bahan: enteng bagus saat dipasang langsung berfungsi dengan baik, semoga awett.. pengiriman cepat, order sore besok sore udah sampai.",5,0
barang tidak sesuai deskripsi produk! pesan mouse jt-001. yg datang yp-01 (merk you pin).,3,0
"mousenya keren. cakep buat dipake di rumah, irit, karena gak perlu battery. packingnya jg tebel banget. keren seller nya. barang aman sampai diterima.",5,0
kualitas pengerjaan: sangat bagus sekali buat di laptop bahan: mudah di pegang,5,0
packing nya sangat rapih sehingga produk nya tidak ada yang lecet dan pengiriman tidak terlalu lama,5,0
"produknya tiba sesuai foto, produknya sesuai dengan deskripsinya, pengirimannya cepat, packingnya juga rapih. produknya aman.",5,0
"kualitas barang sesuai harga, sudah di tes berfungsi dengan baik.",5,0
sudah sampai bagus sesuai deskripsi pengiriman cepat semoga berfungsi dengan baik dan awet,5,0
sesuai pesanan langsung dicoba maknyos bagus lah buat kerja harian,5,0
"barang tdk sesuai dgn deskripsi saya, tdk bermerk dan tidak cocok dgn stb matrix",1,0
kualitas pengerjaan: ok bahan: yes ok bngt perakitan: joss top markotpp astaga ni harga murce bngt. tp mantap/ deh smoga aweet.,5,0
barangnya datang tepat waktu dan kualitas nya bagus sekali,5,0
"paket pesanan sdh sampai, alhamdulillah berfungsi baik mosenya mksh",5,0
"sesuai orderan,, blum di tes semoga berjalan dengan baik 🙂",5,0
"mousenya bagus, nyaman dipakai, responsif, dan gak terlalu sensitif, baguslah",5,0
kualitas pengerjaan: ceoat dan bagus,5,0
kualitas pengerjaan: baik bahan: kabel terlalu pendek perakitan: baik,5,0
"berfungsi dengan baik, cocok buat laptop atau pc all in one, tapibkalau pc komputer biasa(@kabel kurang panjang",5,0
"bagus, dengan harga segitu dan pemakaian normal (bukan buat coding atau editing) sih bagus",5,0
cpt bahan: mouse nya kecil perakitan: tinggal di colok,4,0
kualitas pengerjaan: bagus bahan: halus perakitan: rapi,5,0
"bagus dan berfungsi semua , model menarik",5,0
kualitas pengerjaan: bagus bahan: bagus perakitan: bagus,5,0
"terima kasih kak, walaupun harga tidak seberapa tapi barang nyampai dengan selamat, berfungsi baik dan tentu nya harga nya menarik dengan kualitas ok..",5,0
"barang sesuai ekspektasi, bungkus paket rapi dn berlapis.. bagus. barang berfungsi dg baik . thanks utk seller. smoga tambh laris dganganya, berkah rizki nya.",5,0
"cepat sekali datangnya ,belum di coba semoga berpungsi",5,0
barang kemarin datang alhamdulillah barangnya berfungsi dengan baik,5,0
"tks brang cepat terkirim, beli 3 hanya 2 yang bs ok ..semoga bs lebih dicek lagi bang..tks",4,0
barang sangat bagus tidak rbg dan pengiriman sangat cepat,5,0
"alhamdulillah sudah datang, ma'a bru kasih ulasan skrang, kl butuh lg, in syaa allah beli lg, pesan untuk penjual, terus tingkatkan pelayanan respon chat proses kirim...",5,0
"bagus barang nya .. keren, kuat dan awet batraynya. bravo",5,0
kualitas oke dan bagus buat harga mantullll,5,0
kualitas pengerjaan: bagus.. packing juga aman,5,0
assembly: good quality of work: good material: good,5,0
bagus lumayan untuk harga yang terjangkau,5,0
"produk is the best, kurir 👍👍👍👍👍 pengiriman cepat",5,0
kualitas pengerjaan: bagus perakitan: bagus,5,0
selalu puas belanja disini.. sellernya baik.. produknya berkualitas..,5,0
"alhamdulillah barangnya sudah keterima, real pict. terimakasih kk toko dan kk kurirnya, sukses selalu...",5,0
barang berkualitas,5,0
recommended seller deh pokoknya,5,0
"sangat bagus sekali, terima kasih",5,0
berjalan dengan baik,5,0
"bagus, barang sesuai pesanan",4,0
berfungsi,5,0
kualitas pengerjaan: baik,5,0
kualitas pengerjaan: baik,5,0
mantap barang nya ka,5,0
kualitasnya mantap,5,0
barang sesuai pesanan,5,0
barang bagus..!!👌,5,0
belum seminggu udah rusak.,2,0
bagus banget,5,0
pengirimannya cepat,5,0
semoga awet,5,0
bagus sekali,5,0
bagus sekali,5,0
keren cakep tokcer,5,0
bgus murah keren,5,0
pokoknya mantap,5,0
gacor,5,0
pokok nya mantap,5,0
mntap.,5,0
nice,5,0
"terimakasih,,..",5,0
"bagus, semoga awet",5,0
terimakasih,4,0
👍,5,0
👍🏻,5,0
👍👍👍👍,5,0
tengkyuuu,5,0
"fast respon, delivery and best quality, easy use",5,0
alhamdulillah mouse kabel usb optical/mouse laptopnya sudah diterima dalam keadaan ok dan berfungsi dengan baik. terima kasih tokped dan kurir 👍🤗,5,0
"baguss banget mousenya untuk harga semurah ini, ga ada minus samsek. packing nya aman 👌🏼",5,0
"barang lengkap sesuai pesanan,,, pengiriman ok overall good",5,0
alhamdulillah berfungsi semua 😎 sampai dengan aman juga 🤗,4,0
"terimakasih mousenya sudah sampai,,semuanya berfungsi dengan baik,,harganya murah tapi gak murahan",5,0
barang rusak tidak mau diam tanda panah nya,1,0
oke terpakai dan gak ada lecet.,5,0
"quality of work: excellent material: tough build assembly: compact ini mouse memang bukan merk terkenal tapi asli bagus banget, dah 2x beli di toko ini dengan kualitas yg...",5,0
"paket mendarat dengan selamat, produk sesuai berfungsi dgn baik 👍",5,0
"udh order ke 2x, barang berfungsi dengan baik",5,0
barang tidak sesuai males jadinya belanja online lagi,1,0
"penyok tidak dilapisi kardus , mouse untuk dijual.",3,0
"brg lumayan dan ekonomis cocok utk bonusan, thx bozkyuh",4,0
sudah dipasang dan berfungsi dengan baik,5,0
"kualitas cukup bagus utk kelas harganya, tombol empuk, dan responsif",5,0
mouse recommended sensifitas mousenya baik bagus untuk kerja sehari-hari mouse berfungsi dengan baik,5,0
"setelah dipakai kerja kualitas nya tetap bagus, nyaman digunakan",5,0
barang sudah sampai cm blm d cuba mdh2an bisa awet barangnya,5,0
barang sesuai pesanan aman tidak ada cacat,5,0
barang berfungsi dengan baik terimakasih pengiriman barang cepat,5,0
kocak yang datang wireless adapter...,1,0
alhamdulillah lolos bawah,5,0
sangat bagus bentuknya dan sangat smooth jalannya...,5,0
terimakasih mouse nya sudah saya terima dan enak di gunakan,5,0
bagussss bagettt ga mengecewakan kalian harus beli di toko ini yaaaaaa murce berkualitas produknyaaaa! tengkyuu advan.indonesia smoga berkah laris tokonyaaa,5,0
berfungsi dengan baik,5,0
barang nya bagus kurir nya rama toko nya amanah,5,0
pesanan sudah sampai...belum dibuka.. semoga sesuai dengan pesanan,5,0
kualitas pengerjaan: bagus bahan: bagus,5,0
barang sesuai terima kasih 🙏,5,0
harga murmer tapi kualitas bagus,5,0
"pengiriman cepat, blm smpt nyoba",5,0
produk bagus sesuai pesanan dan bagus,5,0
"kerenz dan mantap, semoga awet dan riskinya berkah slalu, amiiin yra🤲",4,0
berfungsi dengan baik .. trimakasih,5,0
barang sesuai pesanan semoga awet,5,0
lumayan bagus tapi lama nyampe,3,0
sesuai gambar bagus,5,0
"produk sesuai harga, lom di coba🙏",5,0
sesuai dengan pesanan,5,0
alhamdulillah sesuai dengan yang digambar,5,0
barang real pict,5,0
"bagus,murmer mantap",5,0
trimakasih n sukses selalu.... sesuai orderan...satset....baik chat/pelayanan.....,5,0
trims brg sdh sampai dlm keadaan aman,5,0
prosesnya lama dan dipaksa pake asuransi,1,0
mantap sekali ini barang pokoknya okehh,5,0
saya suka dengan warnanya bagus banget,3,0
mouse berfungsi dengan baik,5,0
ringan imut ..... mantab gan,5,0
barang cepat sampai trimakasih seller,5,0
pengiriman cepat kemasan rapi,5,0
iya barang nya sesuai,4,0
berfungsi dg baik terimakasih,5,0
okey,5,0
topp smg awet,5,0
terimaksih barang sudah sampai.,5,0
"baru dicoba 1,ok",5,0
sip,5,0
murah dan lumayan,5,0
👍👍👍👍👍,5,0
sesuai pesanan,5,0
sesuai pesanan 👍,5,0
matap barang berguna,5,0
okkkk,5,0
mantap pppppppppppppp,5,0
barang di ambil orang,1,0
produk baikkkkkkk,5,0
barang sudah diterima mudah mudahan awet,4,0
🫳🏻💸🤏,1,0
mantappp,5,0
bgs,5,0
good...,5,0
okee lah,5,0
nuhun,5,0
semoga aweeett,5,0
paket sudah diterima,5,0
mantab mania! terima kasih,5,0
"odor dari serum ini hampir nggak ada bau obat, terus ketika dioleskan terasa dingin di kulit. teksturnya ringan dan cepat meresap",5,1
alhamdulillah akhirnya barang sampai setelah beberapa hari tertahan. semoga kualitas produk tetap bagus dan bekerja dengan baik walau lama berada di luar ruangan. sorry p...,5,0
"serumnya sampai aman dikemas bubble tebal sama karton. fitur pump nya bisa mode kunci dan buka. warna serumnya bening, teksturnya kental dan agak lengket di kulit. cocok...",5,0
"pengiriman cepat, packaging rapi dan aman, expired masih lama, tekstur lebih weight namun ringan di wajah, hasil war di live dapat 2 hehe",5,0
"ingredient: bahan aktif nya bagus bgt untuk mencerahkan kulit product benefit: ga sampe pemakaian 2 minggu bekas jerawat pudar, bener2 sebagus itu serum nya skin type: al...",5,0
"ga usah ditanya lagi kenapa order ulang, karena produk nya emang bagus dan ampuh dan juga mencerahkan, mantap bahan: banyak, sesuai yg tertera di botol manfaat produk: me...",5,0
packing aman tapi agak lama. pengiriman cepat. pemakaian 3 minggu baru terlihat pie memudar sedikit. sayangnya agak bikin kulit kering di dry skin skin type: dry skin,4,0
"pertama kali dpt serumnya setelah nge war, semoga cocok, karna sebelumnya ngikut saran di vt tentang pie dan pih alhamdulillah ccok dan memudar",5,0
"bagus banget serumnya suka , berfungsi banget dikit dikit pih ku mengurang",5,0
"serum yang susah buat dapetin hahha tapi alhamdulilah baru coba satu botol kulit muka lebih cerah, bekas jerawat perlahan memudar walau gk instan kurang lebih 1 bulan",5,0
"barang sampai dengan selamat, pengemasan sangat aman dengan box dan bubble wrap juga, exp masih lama hasil ngewarr pertama aku dan alhamdulillah dapat produk gaib ini🤣🤣...",5,0
"alhamdulillah. hasil ngewar kemarin dpt 3 pics. walau cod semua, abis jari asal pencet ajah terserah mau bayar pake apa, yg penting bisa dpt ini produk. lumayan kan jd pu...",5,0
"bahan: txa 3% arbutin 3% niacinamide 5% manfaat produk: mencerahkan, menghilangkan flek dan hiperpigmentasi jenis kulit: semua jenis kulit bagus tapi ghoib!!! 😭",5,1
alhamdulillah kebagian war kemaren moga aja dosen bisa lbh banyak lagi produknya soalnya kita yg awan duitnya ga bsa stok banyak2 tp bisa merasakan manfaat dari serum nya...,5,0
"bahan: cair tidak lengket manfaat produk: untuk menghilangkan bekas jerawat dan merawat kulit berjerawat jenis kulit: acne prone order ke 2 kalinya, cocok bgt suka bgt, p...",5,0
"pokoknya sesuai sama klaim produknya & udah nyampe dgn selamat ya.. soal produknya emang wes gk perlu di ragukan lagi kualitasnya, krn ya bisa nyerahin walaupun gk bi...",5,0
"jenis kulit: kering & sensitif udah lama pengen beli aboveboard ini karna review nya bagus²,cuman baru kesampaian skrg hehe🤭, semoga cocok di kulit aku supaya next t...",4,0
"bahan: ada centella manfaat produk: mencerahkan dan meratakan warna kulit jenis kulit: kulit kering, normal dan berminyak",5,0
"hasil war wer war setelah selama 4 bln gak beli karna stok bnyk dan hari ini pas bngt stok hbs,ntah udh hbs brp botol,yg pasti udh cocok pake ini dari bln januari,sebulan...",5,0
sesuai pesanan pengemasan rapih pengiriman cepat cocok untuk semua kulit,5,0
jenis kulit: kusam tinggal ilangin bekas jerawat nya aja tapi kadanh on of jyga manfaat produk: manfaat bnget bahan: kenyel gitu tapi gampang meresap sumpah ini serum goi...,5,0
"pengiriman termasuk cepat, pertama kali coba serum aboveroad nya karena wajhku banyak bekas jerawat.. semoga cocok hihi makasih kak",5,0
"bahan: aktif manfaat produk: memudarkan pie & pih jenis kulit: all skin type semoga bisa restock terus tiap hari jadi ga harus nunggu war, dan ga nunggu 1bulan 😊🙏�...",5,0
suka sekali dgn serumnya.. udh brp kali purchase dan emg sengaruh itu sm kulit aku.. pemakaian 1 kali aja kulit sdh berasa cerah.. pdhal biasanya aku ga prnh cocok pake s...,4,0
"pokoknya serum the best, bekas jerawatku berangsur ilang... cuma memang pas beli dag dig dug der takut ngga kebagian... alhamdulilah dapet 2 walaupun 2x co... semoga bisa...",5,0
"hasil war wer wor kemarin 5.6, alhamdulillah dpt 7 yg 1 cancel yg 2 msh di jln,jngn dibully yah,karna udh 3 bln aku gak dpt sementara udh cocok 😭😭,jd bln ini sy borong,...",5,0
"ringan dan gak bikin perih sama sekali, semoga hasilnya bagus lah",5,1
pertama kali mencoba kata orang serumnya bagus untuk memudarkan bekas jerawat,5,0
"rebutan kemarin dapat 2pcs, awalnya beli ditoko lain 1 botol, ternyata lumayan bisa mencerahkan dan mengurangi bekas jerawat",5,0
"war kesekian kalinya cuma dapet 1, tapi gpp besok restock siap nge war lagi, serumnya mantul, cocok dimukaku, flek ku memudar, gacor pokoknya ni serum",5,0
"makasih pak dosen. serum nya udah sampe. makasih udah dikasih harga murce. walaupun harus nge war dulu. yg lain dapat banyak, eke cuma 1 wakakakakk. bulan depan abis payd...",5,0
"bahan: tranexamid acid, alfaarbutin,niacinamide manfaat produk: mencerahkan dan meratakan warna kulit, memudarkan bekas jerawat pie pih, memudarkan flek hitam dan melasma...",5,0
bahan: tidak terlalu cair manfaat produk: memudarkan bekas jerawat dan mencerahkan jenis kulit: all type terimakasih paket sudah sampai dan sesuai pesanan.,5,0
alhamdulillah akhirnya sampai juga bagian keduanya dari war aboveboard. barang datang dengan aman sentosa. datang sesuai perkiraan. tengkyuuuu.....,5,0
"akhirnyaaaaaaaa menang war serum ghaib allahuakbarr, mau nyoba ga kesampean akhirnya dapett, untuk produknya sendiri pasti bagus gus gus 100% cuma aku blum cobaa, klo ga...",5,0
"dapet war 79k udh sama ongkir wow pengemasannya aman ada box juga, saran aja g usah pake box dok kalo buble wrap nya udah setebel itu biar biaya packing nya bisa murah. a...",5,0
"bahan: terbaik, traximide acid, licorice, calendula manfaat produk: untuk pie & pih, glowing jenis kulit: all skin type",5,0
"bagusss, amann paket sangat aman. sesuai pesanan, dan dikirim proses sangat cepat. semoga cocok, ikutan war alhamdulilah untuk pertama kalinya auto dapet hehe. makasiiii...",5,0
"alhamdulillaahh dapat jua serum ghoib ini buat stok haha. gapapa deh cuma dapat 1, ngefek kok di aku cuma belum terlalu siginifikan juga. makasih yaa dok sudah ciptain se...",5,0
"seperti biasa produk nya super goib dan pengiriman nya bagus tidak ada yang cacat sama sekalii,plis kepada dodes ini mahh kalo produknya harus ready teruss nihhh",5,0
"terlope lope mukaku dah gak kusem, dan kinclong alami bukan karena kilang minyak",5,0
harus sabar nunggu produk ni karena bagus bangett,5,0
"kelewat live nya, gak ikutan wae, alhamdulillah kebagian, takut banget serum ku udah mau abis tapi aku gak punya lagi gegara kelewat nge-war .. udh deh pak dosen ... pun...",5,0
baru coba semoga cocok. karena banyak yg cocok juga. mendapatkan ini produk bener bener butuh kesabaran dan perjuangan. alhamdulillah dapat juga,5,0
sekarang dah pinter skincare an 😭 gak perlu layer banyak2 tapi segong ini hasilnya. makasih dok,5,0
"hasil ngewar 🤣😍 stock amaaan terkendali 😂 bru prtma coba kurang sukanya cuma agak lengket, semoga bekas jerawat hitam ku segera hempaas 😍 klo jos gandos ntar aku bali...",4,0
"selalu ga pernah gagal sama ini serum, mantep poolll... walau dptinnya kita harus ngewar",5,0
"baru mau coba, semoga cocok yaa biar ga sia2 nge war di live😭 liat review rata2 hasilnya lumayan sih, semoga di aku juga bagus🙏 bahan: gel ringan manfaat produk: mencer...",4,0
no debat!!! so perfect!!! jerawat langsung menghilang. suka dgn bahannya dan sudah pembelian ke2x. minusnya cuman harus war 🥲,5,0
yeeaaaayyy akhirnya dapat juga si aboveboard yg super duber susah harus ikut war..smoga cocok di wajah aku makasih ya kak sukses selalu dosen skincare stock yg banyak lag...,5,0
"pengemasannya cepat, pengirimannya juga, baru pertama kali beli sih, semoga cocok,",5,0
yeyy sampe hasil ng warrrr.... walaupun dapet 1 alhamdulillah banget yg penting dapet masihada stok 1 lagi aku ini ok banget serummm nya makasih doksin🤗,5,0
"alhamdulillah barang datang dengan selamat hasil nge""war"" yang bagian ini dapatnya cuma sebiji 😅. lumayan cepat nyampe dan packaging aman.",5,0
"alhamdulillah paket datang dg aman, semoga cocok utk bekas jerawat ku yg banyak pol, tekstur nya enak kyk moisturizer g l gitu jadi dikit aja udh cukup buat semuka",5,1
alhamdulillah paketnya sudah sampai dengan selamat. bismillah cocok dan selalu rezeki ketika sedang war warr. sukses seller dan ownernya.,5,0
"serum terbaik dan alhamdulillah cocok banget utk anak cowok sy, pengiriman terbaik dan tercepat dan di packing menggunakan bubble wrap beserta kardus, thx",5,0
jenis kulit: oily sensitive acne prone setelah sekian lama ikutan war akhirnya dpt jg😭 tp gk tau cocok apa nggk soalnya aku baru mau nyoba baut pertama kli,5,0
"bahan: tranemic acid 3%,arbutin3%,niacinamide 5%, hexylresorcinol,licorice,cica,phantenol,calendula,allantoin,beta glucan manfaat produk: mencerahkan dan meratakan warna...",5,0
"alhamdulillah paket sampe ini sudah pembelian ke 3 kali dan setiap beli 2 kali ini langsung beli 4 takut restocknya lama kyk kemaren, s mepet kehabisan jadi bingung pakai...",5,0
jenis kulit: kombinasi bahan: gue tahu tpi mls nulis manfaat produk: mencerahkan,5,0
yeeeeeee...akhirnya dtg jg hsl nge war yg penuh dgn drama..mksh dosen skincare yg ganteng.. bisa buat stok sampai ada nge war an lageeee,5,0
"gak nyangka cepet bgt datangnya padahal deket hari raya. semoga cocok, melihat perjuangan yang serasa war tiket konser kpop😞 next order mau rivew hasil pemakaian",5,0
ngikut war langsung beli 4 botol semoga ada hasil nya baru pertama coba,5,0
alhamdulillah dapet serumnya!!!! ikut war tanggal 28feb2025 dan sampai tanggal 6mar2025. baru pertama nyobain semoga cocok dan berhasil menghilangkan bekas-bekas jerawat...,5,0
alhamdulillah samoai dgn aman tnpa kurang satu apapun gk sabar nunggu moist nya kaunching di bkn 12 ini apa bsa seviral serum goib ini iya,5,0
serum terlengkap kandungan nya utk meratakan warna kulit.. asal rutin pemakaian nya ya bess..,5,0
alhamdulillah nyetok lgi serum andalan ku wajah jauh lebih sehat n juga cerah udah abis 6 botol secinta itu sma setum aboveboard ❤❤❤,5,0
"mashaallah tabarakallah alhamdulillah,,, tetap berpegang teguh menjadi seller koperatif dan jujur untuk membantu memasarkan produk serum aboveboard ✨💝💝 bismillah,, banj...",5,0
"order yg ke 2 kali ny, tidak ada ny purging saya pikir saya cocok sama serum ini, orderan yg kedua langsung saya beli 2 buat stock hehe",5,0
"bahan: tranex acid , niacinamade , arbutin manfaat produk: mencerahkan, menyamarkan bekas jerawat jenis kulit: normal baru pertama mau coba semoga cocok, uda ngincer dr l...",4,0
pesanan sudah diterima dg baik dan sudah jdi langganan krn sebagus itu productnya.. pkoknya klian hrus coba ga bkal nyesel deh 👍👍👍,5,0
bahan: aktif yang aman manfaat produk: mencerahkan kulit jenis kulit: semua packing rapi bubble wrap tebal pengiriman cepat,5,0
sesuai pesanan pengemasan sangat rapih kurirnya baik udah langganan,5,0
"alhamdulillah sampai juga serum ini bgus bnget pntesan viral co d live biar dpet diskon bkin wjh glowing , putih n glowing slhmdulillh jrwat ilng tinggal bks nya ja tpi u...",5,0
"bagus, lumayan udah kelihatan hasilnya, makasih seller",5,0
pembelian yg ke 2 kali karena merasa cocok,5,0
"ini serum bener-bener dahhh, aku harus war dulu untuk beli nya, untung dpt 2 (sebenarnya masih ada 4 lagi, tapi blom dtng) it's okay lah karna yang 2 ini udh dtng dul...",5,0
"alhamdulillah di aku cocok cuma emng fokusnya buat nyerahin, jadi bekas jerawat pih ku yg banyak pol kelihatan banget progress nya cuma ya harus sabar,tpi jerawat tetep m...",5,0
bahan: gel manfaat produk: memudarkan pie pih jenis kulit: all skin type bagus untuk mencerahkan.. tapi untuk pie masih butuh proses..aku udah punya 9 pcs..gak di foto se...,5,0
"bahan: bagus manfaat produk: untuk mengatasi pie dan pih jenis kulit: kering alhamdulillah hasil ngewar ku udh sampai jadi aman lagi stock aboveboard ku,ntar ready lagi b...",5,0
alhamdulillah paket nya udah sampai pengemasan rapi di bungkus pakai kardus kecil juga biar gk pecah toko nya sangat amanah dan produk nya ori,5,0
"produk dikirim 3 hr setelah di co. gpp walaupun rada lama yg penting barang sampe aman tentram. pemakaian pertama, semoga cocok dan berlangganan terus. pertama kali pake...",5,0
bahan: enak dingin dingin gitu manfaat produk: mengatasi jerawatku yg kemerahan jenis kulit: semua jenis kulit,5,0
"mantengin pas live akhirnya dpt jg wlau cma 1pcs ,, semoga cocok 😇🙏 mkasih",5,0
manfaat produk: hempas bekas jerawat jenis kulit: kombinasi bagus banget ini beli udah botol ke 2 ngilangin bekas jerawatnya jg cepet suka pol🫶🏻😘 ga sukanya cuma bagia...,5,0
"produk sesuai 100% original, harga terjangkau, stok nya tolong diperbanyak",5,0
"packaging aman, pake dus dan bubble wrap. barang lengkap sesuai pesanan. baru pertama kali coba serum ini, semoga sesuai klaimnya 🥹",5,0
"manfaat produk: menyamarkan plek dan bkas jerawat bahan: tranex, arbutin dan niacinemade 5% jenis kulit: kering sensitif bagus baget ini pemakaian yg ke 2 botol jerawat d...",5,0
"produk sudah sampai dengan selamat tampa ada kerusakan, ini pembelian pertama akuu setelah sebelumnya g pernah dpt. bru sekali coba teksturnya emng aga lengket tpi enk di...",5,0
"bagus ga bikin purging tapi untuk tekstur lengket dan aromanya agak kurang enak, bikin glowing baru 2hari pake semoga cepet ilang pih ku😭🥰 jenis kulit: oily skin",5,0
"tekstur ringan, wangi coconut oil bismillah bagus untuk bahan: tranexamic acid 3%, arbutin 3%,bl niacinamide 5% manfaat produk: bagus untuk mencerahkan dan meratakan warn...",5,0
"dipake ada bau bau asemnya gtu ya trs agak lengket, tp baru pertama kali coba. nnti kalo cocok beli lagiiiiii",5,0
warnya susah ternyata tapi alhamdulillah dapett semoga cocok di kulit aku makasihh,5,0
"cocok banget di kulit ku...percobaan baru dapat ini setelah sekian purnama engak dapet2.... pas di pake di kulit ku...engak ada terasi cekat cekit, seperti serum pada umu...",5,0
"bahan: oke banget sih buat bekas jerawat beneran sengaruh itu udah coba beli 1 doang pas war di live, trs kmrn masi ada stock 2 untung langsung co manfaat produk: bisa di...",5,0
"bagus dan berlangganan krn ud ada hasilnya,satu botol cukup di pakai 1bulan,dan stok aman masih 9pcs,packing jg aman",5,0
"alhamdulillah paketnya sudah sampai dengan aman. order serum ini,, mesti ngewar tapi emang segong itu pada wajah.",5,0
suka banget sama serum ini. akhirnya gak capek ngewar lagi. makasih stoknya sudah diperbanyak ya kak. semoga bisa keluarin varian body brightening serum..,5,0
"pengiriman cepat, ini pertama kali coba semoga cocok.",5,0
"pengiriman cepat, packing aman poll soalnya bubble warpnya tebel, baru pertama kali mau coba ini serum semoga cocok, barang juga udah bpom no overclaim pokoknya sip deh j...",5,0
"br smp dg keadaan dan pengemasan yg baik,tekstur lembab bgt cocok buat kulit kering,d pke sbg primer jg cocok,udah abis 2 btol tp perubahan blm siginifikan sih,cm ttp say...",5,0
"alhamdulillah akhirnya dateng juga sampai nya tepat wktu sblm lbrn fix mlm ne rutin lgi pksi serum nya above biar lbrn glowing ceunahsejauh ini ccok"" saja di wjh yg s...",5,0
"alhamdulillah mndarat juga pesanan ku emng serum ini bnyk di incar sna orang"" mkanya pas ngelive hrus gercep untung aku dpet udah abis1 botol ne lnjut btol kdua mudah...",5,0
bahan: gel manfaat produk: memudarkan pie pih jenis kulit: all skin type berhasil ngewar 6 pcs.. yg sebelumnya 5 pcs 🤭 semoga dapet lagi pas ngewar berikutnya..gak di fo...,5,0
"botol kedua, alhamdulillah cocok di aku, cuma untuk mengurangi pih ngaruhnya cuma dikit. tapi mencoba untuk tetap telaten. thank you pak dosen",5,0
"akhirnya dapet lg walau keberuntungan pas buka tiktok shop tengah malem, liat ada stok langsung co tanpa pikir panjang.. makasi pak dosen dan tim, serumnya ngaruh walau b...",5,0
"dpet harga 66rb di 11.11 kemarin. ini prtama kalinya nyobain dan baru 2 hari pake.. teksturnya gel thick, agak berat dikit. bau+lengketnya mirip bgt sma moist h*dal*bo me...",4,0
"pertama kali order 3 tapi yg di kirim cuma 2 , alhamdulillah pas komplain di tanganin dengan baik, pengembalian dana cepat, trus ga kapok ,chekout lagi 7 , tapi yg 3 akhi...",5,0
"pertama war aku lgsng beli 2 krna reviewnya sebagus itu jd penasaran coba. bau creamnya sm seperti bau toner avoskin miraculous retinol, tekstur creamnya lengket di wajah...",5,0
akhirnya bisa nyetock krna produknya emang ghoib pake serum ini bagus bngt sih cuma di aku blum ngefek krna pakenya jarang² soalnya takut cpt abis barang susah di cari,5,0
mashaallah tabarakallah alhamdulillah sampai detik ini tetap berpegang teguh menjadi seller trusted dari produk aboveboard official 💝🥹🥹 shopee / ig / tiktok shop @h...,5,0
bahan: enak manfaat produk: mencerahkan kulit jenis kulit: cerah,5,0
ikutan warr dan alhamdulillah dapet 2 pcs semoga cocok d kulit ku yang kuning langsat yang kadang cerah kadang kusam dan semoga bisa menghilangkan bekas jerawat ku,5,0
"gk ckp bli satu minmal 3, krn susah bnget ngewar nya",5,0
ᴅᴀᴘᴇᴛɴʏᴀ ᴋᴜᴅᴜ ɴɢᴇ ᴡᴀʀ dl🙈ᴄᴇᴘᴀᴛ sᴀᴍᴘᴀɪ sᴍɢᴀ ᴀᴊᴀ ᴄᴏ2ᴋ ʜᴀʀɢᴀ ᴍᴜʀᴀʜ ɴᴇxᴛ ᴜᴘᴅᴀᴛᴇ sᴇᴛᴇʟᴀʜ ᴘᴇᴍᴀᴋᴀɪᴀɴ,4,0
"manfaat produk: mencerahkan jenis kulit: all skin type selalu cocok sama produk satu ini, tapi emang segala sesuatu itu harus sabar, jalani prosesnya yg penting konsisten...",5,0
baru pertama kali pakai semoga cocok packing rapi bubble wrap tebal pengiriman cepat,5,0
"pembelian kedua dan hasilnya memuaskan banget, jerawat sudah mereda dan bekas bekasnya juga mulai tersamarkan. suka banget sama serum ini bener bener ampuh untuk mengatas...",5,0
"alhamdulillah..serum ini cocok juga di aku 😌 makasih pak dosen serumnya mantul bgt. baru semingguan udah keliatan cerahnya, bekas jerawat dikit² memudar. nanti sebelum a...",5,0
"finally i got these! sumpah yaa tiap kali mau war selalu gak dapat, penasaran banget sama review orang orang yang pada cocok makanya mau beli buat pudarin bekas jerawat p...",5,0
semoga cocok di kulit wajah dari kmren pengen beli tapi harga nya belum sesuai di kantong alhamdulillah dapat promo ambyar thanks dokter skincare,5,0
alhamdulillah saya sangat suka dengan produk ini bikin kulit wajah menjadi lebih baik daripada sebelumnya,5,0
baru mau coba semoga cocok ya dok dan hasilnya gong,5,0
aman nih stok ad cukup smpai pak dosen war lgi,5,0
serum kesukaan. kandungannya mantap mantap semua. semoga bisa muka makin kinclong dan glowing,5,0
"hasil war dari tgl 28 feb, belum nyoba sih tapi semoga cocok",4,0
jenis kulit: untuk semua jenis kulit manfaat produk: untuk mengurangi bkas jerawat bahan: kental,5,0
"looks good, packaging juga aman tengkyu seller",5,0
packing rapi bubble wrap tebal pengiriman cepat,5,0
"paket sudah diterima dlm keadaan baik,semoga serum nya emang bener2 bagus ya, krn selalu hbs terus... penasaran pengen nyoba semoga cocok. makasih 🙏",5,0
produk original🙏 packing nya rapih,5,0
"sudah cocok banget sama serum ini, bener² ngurangin masalah kulit dengan kandungan serumnya yg bagus. thank you aboveboard",5,0
"alhamdulillah akhirnya kebagian juga, pesanan berhasil dikirim,. udah pernah coba sekali kulit mulus lembut bekas jerawat pudar,. pori pori sedikit mengecil,.trus agak be...",5,0
cocok banget pake serum ini... ter nampol di kulit ....kaya bakal seumur hidup pake serum ini,5,0
"bahan: txa,a-arbutin,niacinemide manfaat produk: flek hitam jenis kulit: normal",5,0
ingredient: txa 3% product benefit: flek ilang skin type: normal,5,0
"dapet pas war ,seneng bgt kayak dpt harta karun, karna dpatnya 4 , aku racuni temen, semoga ngaruh juga di dia, di aku alhamdulillah ngaruh, jerawat ikut hilang",5,0
paket nya udah di terima kak ini pembelian ke 2 hasil ngewar hehehe😆,5,0
"akhirnya dapet juga setelah sekian lama ngewar ga dapet². baru pertama kali mau nyoba semoga cocok di kulit sensitif, berminyak dan berjerawatku iniii. udah capee banget...",5,0
pembelian ke 3. tidak perlu ditanyakan lagii kualitasnya good🤍,5,0
alhamdulillah aman kali ini gada yg pecah beli 2. terakhir war beli 4 pecah 1.,5,0
"barang sampai dengan aman dan rapih tidak ada kerusakan, sesuai pesanan belom coba semoga cocok terimakasih 👍🏻🙂",5,0
bahan: kental teksturnya manfaat produk: mencerahkan jenis kulit: for all skin type terima kasih seller barangnya telah sampai dengan aman,5,0
"yg dua ini nyampek yg 7 lagi waiting for courier ini sudah 11 hari,kirim pesan ke dokter skincare gag ada response,ke aboveboard juga gag ada response,comments di vt dokt...",1,0
"manfaat produk: bikin kulit sehat dan cerah jenis kulit: sensitive, dry ini udah botol ke empat. dan beneran ngaruh di kulit aku. yg tadinya kusam dan flek, sekarang sdh...",5,0
"beneran bagus, wajahku yg jerawat batu langsung kering pdhl br 1 hari pemakaian 🥰🥰. nyesel beli 1 gara2 takut g cocok, pas mau co lg stokx sdh abis 😭😭😭 pliiiiizzzz d...",5,0
"kulit kering berjerawat dikit,,, pakek serum in br semalam dah ngaruh top banget deh knp gak dari dulu ya 🙃",5,0
sangat bagus untuk kulit wajah manjadi bersih dan sehat alhamdulillah pelanggan suka saya juga pakai tidak bikin jerawat,5,0
aku kasih bintang 5 karna suka sama packagingya. untuk hasil belum tau karna belum di coba. semoga cocok ya allah 🤲,5,0
"pengiriman cepat, baru mau coba.semoga cocok. nanti klo cocok bisa buat langganan dan sekalian promosikan sama temen temen di kantor",5,0
"baru pertama kali order dan nyobain semoha aja cocok di muka ku smoga aja beli bukan krena fomo gr2 liat review org2 katanya bagus bahan: niacinamide, tranexamide acid ma...",4,0
"akhirnya kebagian co serum goib, semoga aja cocok tipe kulit kering dan kusam",5,0
"manfaat produk: untuk mencerahkan menghilangkan pie pih jenis kulit: kering maaf lambat kasih ulasan,serum aboveboard nya udah habis 4 botol dan alhamdulillah ada perubah...",5,0
pembelian kedua karna memang sebagus itu ! worth to buy pokoknya ! thank you !,5,0
coba coba ikutan war.. eh dapet walo cuma 1.. mdhmudahan cocok bisa ilangin pih dan bekas cauter.. klo cocok hrs ngewar lagi buat stock ...,5,0
"yuhuu stok nambah terus, sejauh ini alhamdulillah cocok. nyesel kenapa ga dari dulu pake above btw thankyou udah nyiptain above",5,0
"penasaran dengan serum ini,,pengen beli habis terus tp akhirnya bisa dapat juga ni serum..baru mau coba serumnya mudah mudahan cocok d wajah saya yang byk bekas jerawat d...",5,1
produk baik sesuai dengan ekspektasi dan kebutuhan semoga bermanfaat sebagaimana mestinya...,5,0
"baru sehari pakek jadi gabisa review banyak"" hehe. tapi setelah pake serum aboveboard ini muka cerah dan glowing, padahal kalo pake serum yg lain biasannya kan kusem...",5,0
baru pertama kali beli ini dan mencoba semoga bisa membantu menyelesaikan permasalahan muka aku,5,0
alhamdulillah 🤲 akhir dpt jgo nih serum hsil pejuangan rbtn sma puluhan manusia,5,0
"baru mau coba, smoga cocok. packaging bagus dan rapi. terimakasih",5,0
kecewa sama tim packingnya.orderan 2x di hr yg sama total 3pcs dikirim 1x dlm box yg sama tp yg dtg cm 2pcs. sedih krn almat kirim ke tmpt jastip djkt krn bakal lanjut ki...,3,0
"diliat dari komposisi gacor parah sih, baru pertama kali co ini, kalo cocok, mau langganan teroos",5,0
"barang sdh sampai, pengiriman cepat. barang original, thanks aboveboard",5,0
"prtama xnya ikut war , semoga cocok dengan kulit wajahku",5,0
iseng beli karena lagi diskon harganya 75.900..thanx seller,5,0
"akhirnya bisa ikutan war lagi. kali ini dapat 2. udah 2 minggu lebih pakai, serumnya aman di wajahku. pie dan pih juga semakin membaik. semoga war berikutnya bisa dapat l...",5,0
baru pertama coba langsung co 4 botol semoga cocok dan ada hasilnya nanti bakal repeat order lagi,5,0
serum udh dtg blm aku buka blm aku coba. baru pertamakali beli baru mau nyoba juga moga cocok di aku.biar nanti ngewar lg,5,0
ikut review karena hasil nya bagus bagus,5,0
"pemakaian botol yang kedua, beli buat membantu memudarkan pih ku yg membandel",5,0
alhamdulillah paket dah nyampe dan semoga cocok krn tuk dapatnya juga gk gampang harus sabar coba dan sll mencoba dan akhirnya dapat juga🥰🥰🥰🥰,5,0
cepat meresap. finishnya di kulit jadi lengket lembap. semoga efeknya sesuai sama viralnya,5,0
"mudah-mudahan cocok, nanti setelah seminggu pemakaian balik lagi kesini.",5,0
"bahan: cair kental manfaat produk: mencerahkan, melembabkan jenis kulit: dry skin",5,0
"paket tiba dengan aman dan utuh baru mau coba serum nya semoga aja cocok, insyaaallah jdi serum terakhir yang mempan di wajah, aamiin",4,0
"susah banget dapetin serum nyaaa, semoga cocok terimakasih",5,0
"akhirnya mendapatkan serum ghoib tiktok, semogaa cocok yah membasmi belang ku ini. mau ku coba after lebaran, pliz jgn ghoib2 kek nanti kalau aku cocok repoottt bgt😭😭😭...",5,0
bukan cuma aku yaah yg cinta banget sama abbove ternyata temenku juga cocok iih seneng banget bener² berkualitas loh serumnya sebaguus itu🥲😚😚,5,0
"botol ke 3 wkwk emang best bangett hasilnya mantebbb, walaupun harus war ga masalah deh😍",5,0
alhamdulillah saya suka pengiriman cepat penjual ramah barang datang sesuai dengan pesanan,5,0
alhamdulillah akhirnya dapet juga hasil warnya🤩 belum dicoba ke muka sih tapi semoga cocok yaa,5,0
"bagus banget ,wlpun war utk mendapatkan nya,gk prnh ada sale tp selalu sold out..tq seller",5,0
serum kesukaan walaupun beli nya butuh perjuangan😅krn hrs nge war tp setimpal dg hasil nya,5,0
"suka bgt sama serum ghoib ini.. tiap bln minimal beli 2 botol serum.. cuma krg suka sama pump nya aja, kdg msih bnyak isi nya tpi di pump kaya udh abis.",5,0
"baru kali ini dapet serum goib lewat jalur warrr, yg sebelumnya harus lewat seller lain. ampuuun susah bener.",5,0
"yeeyyy yg di tgguu, pketan ke 2 mendarat dgn cantik, co 2x dlm sehari yg pertma dh smpai, ini yg ke 2 nya.. pokok nya nyetok byak biar bsa smpai lama pke nya.. krna nie b...",5,0
"gausa di raguin lagi, ingredients nyaa mantep, di kuoit aku yg oily juga pas kok..nunggunya lama tapi untung kedapetan…sblm lanjut studi ke tiongkok pengen restock dulu s...",5,0
"barang mendarat dg aman,sesuai pesanan,semoga cocok",5,0
"karna overload jadi pengiriman lama, tapi gapapa sih yg penting barang aman, semoga cocokkk💅🏻",5,0
"bahan: tranexamic acid ,alpha arbutin, niacid manfaat produk: mencerahkan, menghaluskan, menghilangkan flek jenis kulit: berminyak",5,0
"makasih udah dateng, tapi pas aku cek kubuka pump nya, kaget…ngeliat sedotannya patah gitu padahal untuk segi packaging udah aman sih hm.. semoga bisa ditanggung jawabkan...",3,0
manfaat produk: mencerahkan kulit jenis kulit: oily,5,0
"paket nya sudah sampe belum dicoba semoga cocok yaa jadi langganan, packaging nya lucu suka makasih seller sukses selalu🥰🤗🙏🏻",5,0
di kombi sama clarien skincare lebih cepat dan lebih nampol hasilnya,5,0
"first time nyobain, klo cocok harus hunting serum ghoib ini lagi yg sepersekian detik lngsng abis omg😫🙌",5,0
cepet sampai nya semoga cocok dan kliatan hasilnya😌,4,0
mudah² cocok ya bekas jerawatku memudar 🥰,5,0
td siang paketnya dtg tp belum di coba krn serum yg di pakai skrg belum habisa. prnah coba beli 1x enak di wajah tp belom keliatan hasilnya. dan skrg baru co lg yg ke 2x,5,0
"paket udah ada sedikit di buka kecil seperti kaya di video terus inisiatif buat rekam krna kok ringan sedangkan aku pesannya 2, ternyata benar pas buka isinya cuman 1, mi...",1,0
akhirnyaaa yang di tunggu2 datang jugaa udah lama banget nyari yg goib ini 😅 akhirnya kemarin ready stok langsung dong co ini pembelian pertama semoga cocok di kulit kus...,5,0
yahh pipetttnyaaa ga beraturan bentuknyaaa jdi ga bisaa nge pump serum nya🤧 padahal udh nungguin bangett dri kemarin mna ga sempat vidio unboxing pula🥲 semoga ada tangg...,5,0
pengiriman agak lama tpi semoga cocok buat pie pih,4,0
"akhirnya dapaat setelah war 😫😫 belum di pakai, tp semogaa cocok yaaa",5,0
"baru pertama kali coba, bismillah semoga cocok untuk menghilangkan bekas jerawat",4,0
serum badas yang pesannya harus war,5,0
bagus bgt melembabkan bgt teksturnya thick bgtt,5,0
"alhamdulillah barang nya udh sampai, bru pertama belik semoga serasi",5,0
"beli 5 buat nyetok karena serumnya susah di dapetin, tapi ada yang pecah 1:(",1,0
alhamdulillah yg d tggu akhir ny dtg..smg cock dg serum ini..wlu berebut beli ny..berhrp sesuai dg ekpetasi biar jd lggnan..exp ny masih 1thn lebih lgi..senang dg kurir n...,5,0
sukaaa pake banget sama serum 1 ini penyelamat gw yaallah😭😍 udah ga kehitung lagi brapa banyak co serumnya😆,5,0
"bagus bgt serumny, kmrin smpt pake tp brhnti bntr krna bokek wkwk, skrg udh bli lg, alhamdulillah dpt war kmrin, smga hasilny bagus sprti prtma pake ya",5,0
"nampol bangettt, bruntusan ilang, jerawat pih ilangg dongg baru juga pake 2 hari",5,0
kren serum y pak dosen.. alhamdulillah flek ku sdh mulai memudar bru hbs 1 pot .. staip live slalu pantengin supya fot diskon 🥰😍😘🙏🏻,5,0
inj bgmn penyelesaian nya kak paket saya order 3 pc di kirim hnya 1.. penjual ga respon di chatttt ga di respon ga tgg jwb.,2,0
"alhamdulillah ikut war baru kali ini dapat, semangat smoga cocok dan beli berulang lagi 🤩🥰",5,0
"mantap jasa, semoga cocok di kulit ku tararengkyuuu",5,0
"di aku purging, kenapa ya? tp aku lanjutin semoga makin membaik dan ada hasilnya",4,0
ini udah pembelian ke 3nya aku.. serum nya emang the beast banget👍,5,0
alhamdulillah setelah ngewar di livenya dosen skincare akhirnya dapettttttt jugaa. semoga cocok pake serum ini,5,0
"alhamdulillah udh samppeeee🥳 baru pertama kali beli, excited bangettt semoga nanti bisa kebagian lagi serumnya please bangetttt ini mahh makin makin banyakin lagi stok n...",5,0
"baru pertama kali coba, nanti review lagi after pemakaian sebulan. semoga ada perubahan yaa",5,0
manfaat produk: buat hempah pie pih mantul poll,5,0
pemakaian pertamaaa semogaa cocokk yaaaa dan hasilnya membaikkkkk💗🥺,5,0
"serumnya sudah saya coba ±4 hari dan alhamdulillah tidak purging, dan aromanya tidak menyengat. semoga bisa membantu menghilangkan pih saya🙏",5,0
war nya udah susah mala pecah satu 🥲,5,0
"udah kedua kalinya pakai serum ini, alhamdulillah cocok, sejauh ini lumayan ngaruh sih, makasih seller",5,0
good seneng banget sampenya cepet,5,0
"baru mau coba, semoga cocok dan bisa order lagi",5,0
"ahirnyaaa dapet jugaa serum gaib ini, semoga cocok yaa, blm dicoba",5,0
"semoga bisa ilangin jerawat sama bekas jerawat bismillah, semoga aja cocok baru coba soalnya 😭",5,0
udah abis mw 2 botol ini dan alhamdulillah cocok di muka aku...,4,1
pakingan amann rapi👍🏻 smg cocok,5,0
"pertama kali beli,semoga cocok di wajah saya.kalau cocok pasti akan berlangganan.",5,0
serumnya sudah saya coba ±4 hari dan alhamdulillah tidak purging. semoga bisa membantu menghilangkan pih saya🙏,5,0
co lagi meskipun serum yang sebelum nya belum habis,5,0
udh sampay sesuway. pertama beli smg cocok,5,0
"datengnya agak telat, tapi gpp lahh,, untuk manfaatnya blm tau karena baru mau coba inii",5,0
"baru mau coba sih, smoga cocok dan mencerahkan wajah",5,0
ini pembelian botol ke tiga aku... alhamdulillah bintik flek ku sudah mulai memudar. next ngewar lagi buat stok di rumah. terima kasih pak dosen .,5,0
"paketan sudah datang dengan aman terimakasih dosen skincare,,,smg cocok di kulitku yg berflek,,,klo cocok akan order lg",5,0
"makasih dok, repeat order yg kedua langsung co 3 hehe",5,0
"udah bbrp kali beli, alhamdulillah cocok makasih seller",5,0
akhirnya dapet jg serumnya semoga cocok,5,0
pertama kali beli.. karena banyak yang bilang bagus.. semoga cocok..,3,0
udah yang ke 3 botol keren sih,5,0
serum goib akhirnya aku bisa memilikimu 😂🤭,5,0
paket dah sampai dengan aman sesuai pesanan perdana beli smoga cocok dan aman di wajah saya kurir ramah,5,0
paket sampai dengan baik. ini pembelian pertama. semoga cocok dengan permasalahan di kulit wajah ku.,5,0
"akhirnya kedapetan serum ghoib ini, belum sempet coba tapi semoga cocok",5,0
terimakasih kak serum aboveboard nya udah nyampe semoga cocok disaya dan komedo sama jerawat yg membandel terhempas,5,0
good.....kulit halus...bersih glowing,5,0
nunggu restock lama banget udh pengen cobain. bener bener serum ghoib,5,0
sudah tiba dengan selamat 2 serum yg war nya buseeeet semoga cocok di aku supaya glow up shining shimmering splendid ✨️,5,0
saya pesan 2pcs kenapa yg diterima hanya 1😭😭😭tolong dong ini gimana,3,0
dapet juga serum nya cuyyy. semoga cocok.,5,0
ini udh yg kedua kalinya sih co si serum ini 🥰 semoga cocok deh di aku and barangnya juga cepat banget sampe nya 👍🏻,5,0
"akhirnya dapett detik meskipun detik"" terakhir",5,0
"botol ke 2, selama pake aku gak tau ya ini purging atau gak cocok, atau malah rangkaian yang lain yang gak cocok. tapi masih mau usaha sama ini serum.",4,0
"pertama kali beli dan langsung coba ternyata kentel banget dan lengket di wajah, dari lama pengen beli tapi tak pernah dapat, kemarin pas live saya co langsung dua karena...",5,0
bahan: top cer manfaat produk: untuk menghilangkan bekas jerawat dan mencerahkan jenis kulit: dry to normal produk original alhamdulillah sampai rumah dengan selamat dan...,5,0
pemakaina menuju 3 botol mantull bgtttt weee,5,0
sampai dengan aman. bagus banget produknya. rasanya muka lembab pas pakai. kalo untuk cerahnya belum kelihatan soalnya baru pake sekali. tapi dipake enak banget. gada rea...,5,0
produk dengan kualitas yang baik next time beli lagi karna harganya murah tapi kualitas produknya ngak murahan,5,0
"bahan: gel manfaat produk: untuk mencerah kan jenis kulit: semua jenis kulit baru mau nyoba, smoga cocok soal nya di ipar saya yg muka nya jerawatan sekarang udh bersih b...",5,0
bahan: sedikit kental manfaat produk: bagus utk memudarkan bekas jerawat kehitaman dan kemerahan.. bikin wajah glowing jg.. jenis kulit: cocok buat semua jenis kulit beli...,5,0
"ini war ke dua langsung dr dosenskincare. produk sesuai deskripsi, agak blur cairan nya bukan yg bening. nyaman dipakai. sudah mulai agak cerah dan samar flek nya. tp lon...",5,0
bau obat melembabkan kulit jd lembut belum mencerahkan untuk kulit normal to dry agak pliket ya macam dilumuri putih telur tidak panas tidak gatal tidak bikin kelupas cuk...,5,0
"manfaat produk: alhamdulillah udah mau sebulan make serum ini awalnya keseringan lewat fyp akhirnya beranikan diri buat nyoba, soalnya kulit aku sensitif bgt dan susah ny...",5,0
baru sampai belum di coba dn baru pertama kali beli semoga cocok biar next nge war lagi. terimakasih,4,0
"alhamdulillah paketannya uda sampe dgn selamat, ini war yg kedua kalinya tp sayang cuma kebagian satu botol padahal kliknya sampe 3 botol sumpah susahnya minta ampun buat...",5,0
"pembelian kedua🥰 alhamdulillah cocok sama serumnya. kemasannya agak beda, yg ke2 tulisannya pakai bahasa indonesia, yg pertama pakai english. botol ttp kaca 👍",5,0
"kesekian kali beli saat live jd terjamin ori meski agak susah krn nge war jd cuma dapat 1 pcs, cocok dikulit, exp date masih lama",5,0
bahan: gel banget manfaat produk: mencerah kan jenis kulit: semua jenis kulit udh mendingan sekarang muka aku semenjak pake serum ini,5,0
"baru pertamakali mencoba serum ini semoga cocok, karena dapetinnya susah sekali, sering tidak lebagian",5,0
"di packing serapi itu dan bubble wrapnya tebel. dalemnya pun masih dikasih bubble wrap lagi. pertama nge war dan coba above, semoga cocok",5,0
"bahan: mantap manfaat produk: benaran terbukti jenis kulit: normal ini perjalanan kulitku, masih di botol kedua dr pesanan pertama, dah memudar donk bekas jerawatku yang...",5,0
"cocok banget di aku ini udah habis yg ke 4, karna susah juga dapetin produknya pih sama pie aku bisa memudar dan bahkan ada yg udah ilang, recommended",5,0
"bahan: tranexamic acid 3%, arbutin 3%, niacinamide 5% manfaat produk: kulit sehat jenis kulit: normal",5,0
"pengiriman cepat, dpt jg dri skian lama mau nge war. smoga cocok diaku.",5,0
"bagus banget hasilnya baru 8 hari pemakaian pemakaian tgl 20 november foto yang satu 28 nov banyak perubahan kalau bagi aku, wajah berkurang jerawatnya padahal jerawat ho...",5,0
"bahan: tranexamic acid 3%+á arbutin 3%+niacinamide 5% dan bahan bermanfaat dan aktif lainnya manfaat produk: mencerahkan dan meratakan warna kulit, memudarkan bekas jeraw...",5,0
"paket ori, kemasan baik, aman pakai bubblewarp... thk seller... semoga cocok di wajah dan bisa order lagi🙏",5,0
"produknya oke, cuma packingnya minim banget bubble selembar kecil dan maksa di kotak kecil. pas dibuka ternyata pecah gitu satu serum, sedih banget. please lah packingnya...",5,0
manfaat produk: menyamarkan bekas jerawat pertama kali mau coba serum ini semoga cocok dan beneran bisa menghilang bekas” jerawatnya untuk exp aman masih lama👍🏻,5,0
terima kasih babang glowing... karena udah buatin formula yang bagus ini... 🥰🙏🏼,5,0
"awalnya coba beli 2,setelah pemakaian rutin ternyata flek di wajahku berkurang, sering ketinggalan nge war, akhrnya pemakaian gk rutin karna sisa setengah botol, dan alha...",5,0
pengiriman cepat. packingan juga aman. nge war nya luar biasa. cepat ludes barang nya.makasih ya seller. ..cocok banget di kulit aku yg kusam ini. kecil kecil cabe rawit,4,0
"akhirnya dapet juga serum ini, kmren sempat war dan dapet 2 lgsg co dong, serumnya bukan yang rada cair gitu, lebih ke gel, warnanya keruh, setelah di layer pakai moist b...",5,0
"packagingnya sukak..aman. minusnya cuma 1, ini kan model pump. jdi mnurutku harus ada tutupnya si, soalnya lubangnya bisa kemasukan debu, apalagi kalau dibawa kamna². q...",5,0
"paket sudah sampe,,packing aman,,pake bubblewrap rapi barang ori harga ramah dkantong sukses makin laris seller🤩👍🏻",4,0
"finally ini sampe juga packingnya aman, exp masih lama, cuman baunya agak kurang ya wkwk terus teksturnya tuh agak kaya lendir mirip snail mucin, penggunaan 3 minggu lebi...",5,0
"serum goib,hasil nge war kemarin 😂 baru mau nyoba skincare nya pak dosen semoga cocok, dan bekas jerawat kehitaman ini semoga bisa perlahan hilang 😁 serumnya enak dipak...",5,0
"alhamdulillah setelah beberapa kali nge war ini produk akhirnya dapat juga, mudah2an cocok dan bener seperti yg sering diulas baik sama dokternya maupun yg sudah pernah p...",5,0
"ini pemakaian sudah 2 minggu. yang jerawatku on off sekarang sudah mendingan.. semoga cocok, ini aku co ke dua kali. pengiriman aman, makasih",5,0
"menurutku ini serum ter gong si yang pernah ku pake, baru pake setengah botol jerawat sm bruntus ngurang trs pih pie mudar",5,0
"serumnya bagus, bisa mencerahkan, langsung beli 2 karna serumnya susah dapat nya",5,0
"pagi barang sampai langsung dipakein ke wajah yg sdh skincare-an, bahan cairan kental, tdk ada aroma, malah lebih suka gini, 2 kali full pump ya sesuai instruksi pemakaia...",5,0
"jenis kulit: acne prone bismillah ikhtiar biar kulit sehat lagi dan ngilangin pie & pih, baru 2x pake masih aman, tekturnya gel dan agak lengket kalo udah di aplikasi...",5,0
"bahan: tranexamic acid 3% + á arbutin 3% + niacinamide 5% dan bahan lainnya manfaat produk: mencerahkan, meratakan, memudarkan bekas jerawat, memudarkan flek hitam dan me...",5,0
bahan: gel manfaat produk: menghilangkan pih dan pie jenis kulit: normal to oily yey udahh dateng serum gaib nyaaaa padahal aku baru pertama mau beli dan kemarin alhamdul...,5,0
"bahan: tranexamid acid 3%+â arbutin 3%+niacinamide 5% dan bahan bermanfaat lainnya manfaat produk: meratakan, mencerahkan, memudarkan bekas jerawat, memudarkan flek, mele...",5,0
"udah abis 7 pcs... untuk dapat hasil nya harus sabar prosesnya lama perlahan. kulit ku sensitif, sedikit flek & gampang jerawatan karna kerja outdoor alhamdulillah pe...",5,0
bahannya berkualitas dan manfaat produknya gak usah di ragukan,5,0
"masya allah, 2024 aku acne fighter, oktober konsul halodoc pake persalepan, 4 bulan sisa bekasnnya aja, sama ada 1/2 jeriwit. akhirnya kmren aku coba wa serum ini, semale...",5,0
"ini tipe serum yg lengket gitu finishnya, dipake skinprep mantep sih, buat aku baunya kurang enak & pait pas kejilat, tapi aku gatau ini sugesti apa gimana, baru seka...",5,0
"udah barangnya ghoib, nunggu lama juga pengiriman tapi gapapaa😭packing sangat aman🙌🏻 jenis kulit: kering manfaat produk: alhamdulillah tidak ada tanda-tanda tidak coco...",5,0
"penolong bgt, udh pemakaian 2 botol hasilnya udh keliatan bgt, udh punya stok 4 botol smg bener"" bersih, cmn waktu pembelian botol ke 2 selang pump nya pecah jdi ga h...",5,0
"produk sudah sampe dari kemaren , baru sempat ngasi ulasan , produk ori , tiap ngewar ga dapet , eh sekarang alhamdulillah dapet , ntar kalo uda ada hasilnya aku balek la...",5,0
barang ori alhamdulillah dapat gak usah war,5,0
"akhirnya dapet 👏 penasaran dari 3 bulan yang lalu, baru dapet sekarang. ampun jari kalian ya lihai benerr",5,0
"baru pakai 2x jadi blm tau hasilnya bagus atau ngga, tpi bismillah cocok, tp botolnya emg gada tutupnya kali ya?",4,1
"barang sdh diterima. pengiriman cepat. packing rapi pakai bubblewrap n kardus jg. isi sesuai pesanan.exp date des 2026. serum aboveboard pemakaian k 2x. cocok dikulitku,...",5,0
"wahh sebagus itu,,cocok diwajahqu,,padahal baru 2 x pemakaian kelihatan agak bersih,,knpa g tau dri dulu sih,,,cocok dikulit wajahqu,,",5,0
bahan: aman manfaat produk: untuk mencegahkan dan menghilangkan kehitaman bekas jerawat udh pesan kdua kali nya jenis kulit: semua jenis kulit,5,0
"baru coba smga jrwat on off nya dan bekasnya ilang, mau beli aja war nya susah bgt hrs klik berkali kali",5,0
"uda ikut war dari berbulan-bulan yang lalu tp baru dpet di bulan ini mna cuma 1 doang😭 beneran se-hebat itu sihh ini produk👍🏻, sekali pake ini jerawat/bekas jerawat...",5,0
"produk, asli, baru mau coba karena banyak yang cocok. dan alhamdulillah dapat",5,0
"packaging lucu, cocok, pengirimannya cepet",5,0
"kebetulan aku abis mantai kulit gelap. mulai pakai serum ini tgl 22 okt, berarti udah pakai selama 8 hari. menurutku ngaruh, dan membantu bgt mencerahkan, bekas jerawat s...",5,0
semoga cocok ya allah. yuk kembalikan kulit sehatku. sukses terus buat toko dan ownernya yaaaa. aamiin....,5,0
produk ori. teksturnya agak kental sedikit keruh dan agak berbau²...apa ya..kaya obat gitu. kalo aku pkenya di malam hari aja..krn kental. lebih nyaman aja dipke pas tidu...,5,0
kmren ada salah pengiriman....harusnya datang 3( 2 x co)..tapi cuma datang 1 pcs saja. sudah diajukan penggantian....tapi agak susah di tt dan lama prosesnya dan gongnya...,5,0
bekas jerawat mulai memudar.....saya pake sudah 2 bulan..kalau ada bekas jerawat saya sangat merekomendasikan buat yang punya bekas jerawat,5,0
sudah terima alhamdulillah setelah ikut war dapet 3. semoga bulan depan dapet lagi karena hasilnya bagus banget,5,0
"mau kasi testi sejujurnya. bru habis 1 botol otw botol kedua, uda ada bgt prubahannya. bs dilihat dr fotonya. (skrg agak gosong dikit krn br aj plg liburan) btw rangkaian...",5,0
finally i gotttt afterrr waaarrrrrr,5,0
pembelian kedua krn yg pertama terasa nyaman dikulit tidak ada reaksi alergi. semoga kulit wajah semakin sehat sesuai klaim produk,5,0
"packaging super duper aman, exp date masih lama banget. harga super duper oke",5,0
"masihhh ada stok 12pcs sm ini😁🤩utk 3bulan ke depan🫶,krn udah jatuh cinta sm serum aboveboard,,tinggal tggu moisturizer nya louncing👌🥰,,gak sabar ,bakal ku tinggalkan...",5,0
"bagus bisa membantu menghilangkan pih tapi lama ya guys. gk bisa langsung cepet ilang nya pertama udah agak memerah dari yg awal nya hitam lama "" mulai memudar. harus sa...",4,0
g nyangka sampai sebelum lebaran jenis kulit: oily manfaat produk: klaimnya mencerahkan ada wangi”nya dan agak lengket setelah digunakan,5,0
"alhamdulillah sudah dtg serumnya. sat set cpt bgt datengnya, bismillah cocok di kulit aku yg baru mau pertama kali coba dan pertama ikutan war lgsg dpt. kalau cocok bakal...",5,0
akhirnyaaa war serum ini dapat jugaaa 😍😍😍😍😍,5,0
"berharap bgt semoga bisa bikin cerah🥹 untuk packaging nya bagus, mendarat dengan baik",5,0
alhamdulilah hasil ngewarr tgl 25 dpt 2 pas banget serum habis. selalu langganan. karena udh cocok bgt pake serum ini jerawat langsung minggat sampe bekasnya juga. pengir...,5,0
"ga ikut war tp iseng cek keranjang ternyata restok akhirnya order tgl 3 agustus cepet bgt hari ini sampenya, akhirnya dapet serum ghoib ini🥳 baru mau coba semoga cocok m...",5,0
manfaat produk: masih di coba jenis kulit: kering packing sangat aman,5,0
"tak bs berkata², akhirnya berhasil jg dapet nii barang. & trasa sudah plupy niih muka. dibantu bahan yg lain flex aku mulai agak memudar",5,0
belum sempat cobain..tapi akhirnya bisa beli harga normal tanpa war..nanti akan di-update setelah pemakaian,5,0
"hasil ngewar tgl 21 kemarin 🥳 belum tau cocok atau gak. bagus / gak. ini baru pertama kali coba.. mudah2an cocok, mudah2an bnr2 bagus. nanti update lagi setelah serumnya...",5,0
"baru coba, tapi ini dapat kemasan lama yang bahasa inggris. btw ini ori kan yaaa, soalnya katanya yang baru kan kemasannya bahasa indo🙏🏻😭",4,0
"bahan: gel bagus dikulit manfaat produk: mencerahkan, menghilangkan jerawat jenis kulit: semua jenis kulit",5,0
"paket sampai sesuai orderan, packaging aman, kurir informatif, pengiriman cepat sampai tujuan. makasih",5,0
"skin type: dry (kering) ini kedua kalinya pake soalnya cocok di aku dan bekas pie pih ku beneran memudar, 1 botol hbsnya bisa 2 bulan klo aku. sungkem sih sm yg ciptain i...",5,0
"barang baik, pengemasan baik, semuanya baik",5,0
"alhamdulillah akhirnya yg d tunggu2 dtg juga.. sumpah ini susah bgt dptnya mau beli 2 aja susah, dpt satu juga udah bersyukur bgt..🤭 terimakasih semoga sukses selalu 🤲...",5,0
"beli untuk stok, pokoknya setiap aboveboard restok, saya juga ikut restok, meskipun punya saya masih ada😅… saya sdh pakai 2 bln, lumayan bisa mencerahkan & tidak ada...",5,0
udah sampe produk nya baru mau coba. semoga cocok co pas live sm dosen skincare dpt harga 80rb🥰 dicek ternyata produk asli dn udh bpom😍,5,0
"sudah sampai, packing aman, barang ori. belum dicoba, baru mau",5,0
hasil war kemarin alhamdulillah dapet 3 walaupun harus checkout nya satu2,5,0
"udah pernah cobain botol pertama kurleb 2 mingguan dan wajah jadi lebih cerah dan sehat. bekas jerawar juga tersamarkan. gak instan ya guys, butuh waktu dan konsistensi d...",5,0
"barang dikirim sesuai pesanan, kualitas bagus, exp 2026. pengiriman cepat terimakasih",5,0
first time ikut war serum ini dan dapet. belum dicoba si tapi pengiriman cepet. bismillah semoga cocok dan ngga bikin purging,5,0
"akhirnya dapet juga setelah ngewar, baru pertama kali beli. penasaran sih, semoga cocok. makasih ya",5,0
bahan: oke jenis kulit: berminyak manfaat produk: mencerahkan memudarkan bekas jerawat,5,0
alhamdulillah pembelian ke 3 kali muka sdh terlihat cerah dlm sminggu,5,0
bahan: serum manfaat produk: mencerahkan jenis kulit: semua jenis kulit,5,0
"bahan: cair manfaat produk: serum untuk wajah jenis kulit: semua jenis kulit udah kesekian kalinya setiap re stock ikutan war dan alhamdulillahnya selalu dapet, karena em...",5,0
bahan: kental manfaat produk: mencerahkan jenis kulit: normal to dry,5,0
"aku beli produk ini yang kedua kalinya,di aku lumayan membantu untuk mencerahkan,semunya butuh proses,namun sejauh ini baru kelihatan sedikit buat mencerahkan di muka aku...",4,0
kereeen pertama kali ikut war langsung dapat meski hanya 1🙏🥰,5,0
"paket sesuai orderan, packaging aman, kurir informatif, pengiriman cepat sampai. makasih",5,0
"bru smpat ngsih ulsan, udh hampir 2 mnggu, alhamdulillah ad perubahan mulai pudar sdkit pdhal bru seminggu lebih pakai",5,0
baru 2 hri pemakaian nyaman dikulit semoga cocok dikulit aku dan bsa buat wajah sehat live kmren aku langsung co 4 bisa hilangi flek,4,0
"lumayan dpt hrg 42/pcs pas payday kemarin🥰🥰,udh cocok bngt pake ini udh hampir 1 thn,ntah udh hbs brp botol, alhamdulillah wajah jd cerah ,mksh pak dos yg udh ciptakan...",5,0
alhamdulillah..ahirnya setelah sekian lama war dapat juga meski harus rebutan sama yg lain pas live nya.. moga cocok di wajah saya blm di coba serum nya baru datang..,5,0
"alhamdulillah cocok udh hbs 2 botol... sygny produk susah dptny.smg suatu saat nanti aboveboard dijual toko ky alfa indo jg 😁. utk packingan rapi ,aman. pengiriman ny aj...",5,0
bisa membantu mengurangi bekas jerawat dan mengurangi jerawat,5,0
"alhamdulillah... akhirnya dapet 2 biji, masih pakai satu botol belum abis, kulit semakin cerah",5,0
produk ori toko amanah kurir ramah...terimakasih seller dan abang kurir,5,0
"bahan: sesuai manfaat produk: sesuai review terbukti, bukan bru 1x pakai",5,0
"baru pertama nyobain dan semoga cocok,tapi pengiriman nya cepet dan di packing dengan sangat rapi",5,0
"alhamdulillah, setelah sekian purnama war wer world di tik tok, akhirnya dapat juga ini produk, sekaligus 2 botol, semoga cocok di aku dan hasilnya mantul😇, btw packagin...",5,0
"baru pertama beli dan dapet war biasanya susah dapetnya, semoga cocok di wajah aku",5,0
"barang sudah sampai, baru pertama beli semoga cocok. makasih",5,0
akhirnya bisa nge war juga doain cocok ya kak baru mau nyoba bismillah,5,0
"ini udah pemesanan ke2, di pemesanan pertama aman aman aja sampai dengan selamat, sya percaya sma brand ini jadi sya ga bkin vidio unboxing, pemesanan ke2 datang tanggal...",5,0
bagus. sesuai expactasi. hasil nge war. cuma dapat 1.,5,0
"terbaik, meski pernah marah gegara co dicancel seller 1x, live lagi langsung co lg best banget serumnya buat kulitku yg oily normal",5,0
bahan: sedikit kental manfaat produk: bagus utk memudarkan drakspot jenis kulit: berbagai jenis kulit,5,0
"botol kedua. padahal yg prtama blm abis. liat ada stock di toko lnsung co. males bat ngewar di life. cocok buat muka ku yg susah cerah, awlnya agak lengket. tp lm2 nyerap...",5,0
packing bagus rapi dan aman baru pertama pakai semoga cocok,5,0
"terimakasih sudah membuat produk ini, sangat cocok😿🙌🏻 makanya order lagi ini yg ke 2 btw maaf ya botol 1 nya aku copot ga ada maksud apa2 si hhe🙏😹",5,0
"teksturnya kental dan lengket,tidk ada bau yang mengganggu,sejauh ini dari tanggal 1 okt 2025 smpe 11okt 2025 cumn sedikit perubahannya. pie masih ada dan pih sedikit mem...",5,0
"yeeey...dpt 2pcs itu jg co 2 x,susah bener dptnya,dahlah semoga cocok muka tmbh sehat...thanks dosenskincare",5,0
"sampaii dengan aman dan sesuai pesanan. mantap alhamdulilah setiap ngewar dapet terus, beli tiap abis aja. cocok banget buat acne prone pun aman, bisa mudarin pie dan pih...",5,0
ga pake bubble warp tapi ga ppa ☺ baru nyoba semoga cocok ya,5,0
baguss banget jenis kulit: normal to dry manfaat produk: menyamarkan pih pie,5,0
"alhamdulillah serum ajaib nya manjur unk mencerahkan kulit wajah&menghilangkan bekas jerawat,xn jng ragu guys unk check out, walaupun pun produk gaib tapi layak buat...",5,0
real pict..meski agak bau tp manfaat nya bagus utk wajah sy.. terimakasih,5,0
belum nyoba pake serumnya tapi akhirnya dapet juga warnya. semoga cocok skin type: combination,5,0
yeyy barangnyaa udah sampee .. cape bgt nge warr tiap bulann . susah lagi buat dapetinnya 😭 tapi gpp aku akhirnya dapat 1,5,0
hasil war dapet serum ini katanya si bagus untik pih pie semoga cocok jenis kulit: kombinasi to oily cocok,5,0
"pket sudah sampai,, cpet bgtu dtgnya,, klo yg ini di jamin ori 💯 persen krn hasil war selama live nya dokter skincare 👍",5,0
manfaat produk: smoga bsa menyamarkn flex d wajah saya karna baru prtama coba... jenis kulit: kering pengemasan rapi,4,0
"paket sudah diterima dok,flek makin memudar bekas jerawat juga memudar,wajah lebih sehat&bersih,udah order kesekian kali nya,terimakasih",5,0
"diwadahin kotak kecil jadi kaget pas dateng 🤣 kirainn ditipu, ternyata packingnya proper. semoga bekas² jerawatku hilang semua ya allah 🤲🏻",5,0
dpet harga murah baru mau nyoba smoga cocok dimukaku dan bisa menghilangkan bekas jerawat nya trimakasih padok🙏,5,0
produknya udah sampai serumnya original cocok sama saya,5,0
"barang sdh diterima. serum aboveboard beli yg kesekian kali. tekstur serum light weight ,cepat meresap. dpt meratakan warna kulit,menyamarkan flex, melembabkan jg. dipak...",5,0
pesann sdh saya trima dan asli brangnya krn hasil dri war dgn bgtu byk pembeli lain di live dokter skincare dan akhirnya berhasil jg dptnya 😄🤗🙏,5,0
"serumnya dah sampe, alhamdulillah skrng bisa kebagian pas war di livenya, packing aman, pengiriman cepet, makasi pak dosen",5,0
"wahh nyampe juga,, ikut war juga kemaren saking susah nya di dpat,, aman stock dia bulan ini!",5,0
"pengemasan rapi, pengiriman cepat, baru mau coba si ini semoga aja cocok ✨",5,0
"beli 6 yg dtg 3, mungkin habis ya,, untung proses refundnya cepat & gak ribet,, 👍",5,0
manfaat produk: meratakan warna kulit dan bantu pudar kan bekas jerawat jenis kulit: oily,5,0
"alhamdulillah dapat nih serum goib 😂, langsung co 2.. tekstur nya pas dipakai thick banget sejauh ini nggak ada efek samping sih semoga cocok di aku",5,0
pesanan ke dua. alhamdulillah cocok sesuai hasilnya dg kalinya. bikin tekstur kulit lebih sehat dan cerah.,5,0
"alhamdulillah kebagian, awalnya coba2 eh ternyata cocok bikin wajah jd cerah langsung co 2pcs.",5,0
"paket sudah sampai, pengemasan baik dan pengiriman juga cepat. belum tahu cocok apa gk karna baru pertama kali beli.",5,0
akhirnya dapat juga setelah sering ketinggalan live nya. semoga cocok dan ngaruh dikulitku. tiap pake ini kulitnya jjadi lembab. good.,5,0
"bahan: kental manfaat produk: mencerahkan dan meratakan warna kulit jenis kulit: semua jenis kulit terima kasih, paket sudah diterima 😍 kali kedua order serum gaib ini,...",5,0
semoga memcerahkan kulitku. bahan: mild manfaat produk: mencerahkan wajah jenis kulit: sensitif dan sering kemerahan,5,0
maksse abang kurir yg sellu amananh anterin paketkuu..barang ori,5,0
bahan: mantap manfaat produk: mencerahkan wajah jenis kulit: all skin mashaallah tabarakallah alhamdulillah yaa allah. bismillah tetap konsisten untuk menjadi seller trus...,5,0
nyobain serum ghaib yang tiba2 habis aja penjualannya😍😍semoga cocok bikin muka cerah glowing pastinya..makasih seller sukses selalu,5,0
"manfaat produk: meredakan jerawat aktif, memudarkan kemerahan dan kehitaman bekas jerawat jenis kulit: acne prone skin terima kasih banyak aboveboard, ini pembelian kedua...",5,0
"baru pertama kali ikut ngewar, gilak bener2 menguji kesabaran. semoga cocok di aku. aku ada co 3x tapi paketnya ga bersamaan sampai, tapi its ok lah",5,0
"bagus,, smoga cocok seterusnya,, seller recommended ya kawan,, pokoknya good job,, memuaskan smuanya",5,0
"yeyy dapet juga!!! serum ter the best si!! aku udah cocok sama serum ini, baru dateng langsung di cobain happy! thank you!!!",5,0
beli 3 dua aman 1 pecah😭 isinya tinggal setengah,3,0
alhamdulillah paket sdh diterima..br pertama x co krn kemarin ga prnh dpt..moga cocok dan hasilnya bagus spt yg di riview org2..,5,0
alhamdulillah akhirnya yg ditunggu dtg juga..moga kulit wajah qu bs spt harapan qu...,5,0
"finally menang ngewar serum ghoib!! alhamdulillah pemakaian botol ke 2, serumnya bagus bgt.beli lg buat stok",5,0
"yey, udah pemakaian botol kedua. semoga gak ketinggalan war serum ghoib ini deh tiap bulannya. dah lumayan cocok, bingung kalau mau ganti yg lain",5,0
"akhir nya setelah sekian lama baru dpt, semoga cocok..makasih pak dos sukses selalu,makasi kurir yg baik",5,0
"mantap, barang sesuai pesanan dan lemgkap saya beli 10 pcs mweheheh, barusan pertama kali ikut war kemaren tgl 28 feb, karena barang ghoib, utk hasil belum dicoba y guys...",5,0
"hasil ngewar dapet satu juga alhamdulillah,baru pertama kali coba semoga beneran bagus dan ada hasil di kulit wajahku yg ada pie dan pihnya ini",5,0
"serum goib susah dapatnya, baru mau coba pakai smga cocok d wajah aku, bise memudarkan flek dan tidak kusam lagi",5,0
mantap barang nya sampai tanpa ada yg rusak,5,0
"baru pertama kali coba karna sliweran mulu di tiktok, semoga cocok deh, udh lama pengen coba cuma baru kesampaian sekrang",5,0
"finally i got this after the warrrr, pengiriman jg cmn sehari cepet bgt thankyouu",5,0
gong bgt sih serumnya . aku combi sma moist somethinc yg calm down mantep bgt hasilnya di akuu . bekas jerawat item lumayan berkurang . ini pemakaian botol keduaaa. terim...,5,0
yeeee dapat 2 hasil ngewar,5,0
akhirnya dpt juga..meskipun hanya 2...cocok banget diwajah...jadi lembab dan halus,5,0
paket sampai dengan selamat ikut war juga karna cocok di aku harganya murah tp harus rebutan 😭😭😭 tolong banyakin stok lagi min,5,0
semoga cocok sama produk best ini,5,0
"packingan aman, cocok pake aboveboard, tapi gemes sama war nya hiks, semoga bisa tanpa war ya",5,0
"gak ngerti lagi harus coment paa ,, co ke-2 , war pun ke-2 kalinya ,, dapat nya 2 , i'm very happy ... love serum ghoib",5,0
"pengemasan rapi dan aman, pengiriman cepat",5,0
"paket sampai dengan aman, produk dikemas sangat rapi dan aman",5,0
perdana dapat stlah war berkali² akhirny lsg dapat 2. mdh² an nampol mudarin bekas jerawat aku seperti klaim nya. maksih above board and pak dosen skincare.,5,0
"paket dah nyampe, ngga pp ak kasih bintang 5 dl, walaupun ak blm pernah coba serum in tp ak berani co 2 lo takut war2😁, semoga aj cocok ya dklt ak, bisa mudarin flek in",5,0
"semoga cocok deh ama serum ghoib ini, war cuma dpt 1 doang tapi gapapa sih coba dulu katanya sih bagus banget untuk mencerahkan kulit",5,0
"harus ikut war dulu baru dpt produknya, hadeh. moga aja cocok semuanya, terimakasih.",5,0
"dapat lagi setelah war waktu itu 🤣 di aku cocok, bekas jerawat memudar, aku oake pagi n malam, semoga serumnya ngga goin lagi ya ownerrrrr",5,0
"serum goib katanya😅, baru pertama kali beli masih belum aku coba yah kalau cocok susah nyarinya nih😂",5,0
hasil nge war . baru mau coba semoga cocok.,4,0
"barang sesuai pesanan.,semalam dicoba emang bagus mudah2n co2k gd iritasi...kurir ramah seller amanah....terimakasih",5,0
"alhamdulillah cocok pake serum ini, bekas jerawat perlahan memudar🥰",5,0
"baru sampe paketnya , blm di coba .. nanti gw balik lagi stelah coba combo sm retinal skinmurch .ini kondisi kulit skrg ,nanti update lagi stlah pemakaian",4,0
manfaat produk: mencerahkan pemakaian serum botol ke 2...dan ini buat stock...🥰🥰🥰,5,0
"saran aku: jangan lupa bikin versi night cream yang alpha arbutin 5% karena banyak yg mau ini sebelum pakai aboveboard tpi udh pke pke moisturizer phantenol, aku numpang...",5,0
"baru pertama kali pake serum ini, semoga cocok. pekingnya rapi dan tidak ada kerusakan",5,0
"mashaallah tabarakallah alhamdulillah yaa allah,,, bersyukur banget selalu rezeki ngewar🥹💐💝 alhamdulillah tetap bisa restock walau kali ini hanya sedikit,karna mau pul...",5,0
"war nya deg degannn beuhh, aku bary pertama kali coba sih semoga bisa ilangin bekas jerawar di muka dehh. dan supaya kalian gak kena tipu mendingan co di official aja dan...",5,0
br hbs satu botol sdh keliatan hasilnya. ini pesan 2 lg semoga flek kulit hempas,5,0
"sekarang baru bener2 bisa kasih bintang 5. wajah dg banyak flek berkurang. pdhl tau ga pak dosen, 2 bulan lalu wajah saya banyak bgt timbul flek. saya tuh rajin pake ski...",5,0
"gak dsiragukan dech produk dokter satu ini,,suka sekali wlw belum lama aq pake tapi beda aja kulit sekian hari aq pakai.",5,0
sudah sampe cukup cepat. makasih seler semoga cocok. ke depan mau update ulasannya buat before after pake aboveboard. ini titip yg before dulu bulan depan after ny,5,0
"alhamdulillah paket sdh sampai packing ok, pesanan sesuai dg yg ada di etalase, exp msh lama, serum mudah meresap ga lengket, bismillah semoga cocok di kulit wajah sy dan...",5,0
"barang sdh diterima. packing aman. pengiriman cpt. serum radiance dr aboveboard dpt mencerahkan kulit,menyamarkan pih,pie. ingredientnya bgs,no parfum, isinya 20 ml. utk...",5,0
"baru pake, semoga hasil nya gong kaya review org2, packaging super aman😀 jenis kulit: oily & flek manfaat produk: memudar kan flek",5,0
"udah sampe..ikutan war akhirnya dapet juga,seliweran mulu d tt karna bagus(katanya)akhirnya nyoba beli kena pgn nyoba pake.kita buktikan nanti yah,sebagus apa serum ini🤭",5,0
yeayy akhirnya pecah telor sekian lama pantengin live nya. bismillah cocok pake aboveboard. kondisi muka dah jerawatan banyak flek. abis bersih aamiin 🤩,5,0
"setelah mengikuti dosenskincer jd tertarik ikut ganti produk yg disarankan, jd masih tahap percobaan smoga cocok diaq.",5,0
"paketnya aman ya, krn yg buka langsung ini mamaku jadinya aku fotoin produknya ya. aman sentosa semua, thanks sudah dibantu yaa. semoga cocok sama produknya 😉👌",5,0
alhamdulilah sampai.. setelah aekian lama pengiriman n war,5,0
"iseng buka tiktok aboveboard eh stock nya masih ada, langsung cuss check out dechh. semoga cocok",5,0
serum aboveboard nya bagus dan udah habis 5 botol bisa mudarin bekas jerawat,5,0
alhamdulillah baru sekali war lgsg dapett btw ini penjelasan manfaat serum itu ada yg bahasa inggris dan bahasa indonesia kah?? walaupun beli di official tiktokshopnya su...,5,0
"hasil ngewar , trnyta bisa dapet juga serum gaib ini , blm di coba semoga aja cocok",5,0
"seneng banget hasil perebutan serum ghoib kmrinn,buat stok kedepannya karna ini bener2 serum ghoib dan mantul bet dijerawat sama bekas jrwat aku",5,0
"barang sampai dengan aman. belum terlalu keliatan bgtbgt hasil nya, krna memang baru -+seminggu. mudah-mudahan rutin pakai bisa bersihan, gak kusam dan sesuai dgn manfaat...",4,0
"bahan: cair manfaat produk: mencerahkan kulit jenis kulit: kering paket diterima dengan sangat baik, tidak ada kerusakan pada produk. sangat cepat untuk pengirimannya. se...",5,0
"bahan: ada bahan alpha arbutin nya jadi bisa hilangin jerawat uda menghitam sama ratakan warna kulit yang belang manfaat produk: mencerahkan,meratakan warna kulit,memudar...",5,0
"barang bagus gaada yang lecet atau penyok, pengiriman juga cepet. buat serum nya baru dateng blom di coba",5,0
"produk emang the best 😍 pemakaian baru 2 hari udah keliatan hasilnya bikin cerah dimuka, yang awalnya mukaku kusam jadi cerah, kenyall kulitnya 🥰 pokoknya produk bagus...",5,0
"bahannya ringan, gampang di serap, cocok bgt di aku, aku udh beli ke 6🤗🤗",5,1
"pengiriman nya sangat cepat dan aman, dan udh pasti oriiii ini bagus banget buat mencerahkan dan menghilangkan bekas jerawat",5,1
"pengiriman cepat, barang sesuai,tidak ada kerusakan,barang aman sampai tujuan terimakasih kak",5,0
suka banget sama ini produk ya. mencerahkannya dapat banget. dan buat kulit jadi lembap juga. makasih banyak ya agan.,5,0
"bahan nya ringan dan cocok di muka ku, semoga dapat hasil yang maksimal",5,0
manfaat produk: mencerahkan kulit jenis kulit: semua jenis kulit allhamdulillah serum glow fx nya sudah sampai dengan selamat ka. pesanan sesuai yang di pesan pengiriman...,5,0
"cepet banget sampainya!!!! kemarin pesen, hari ini sampai. baru mau coba, karna bekas jerawat pih pie ku gak ilang2, kebetulan produk ini seliweran di fypku, rate-nya sih...",5,0
bagus bgt belom dicoba sih bahan: berkualitas manfaat produk: untuk mencerahkan jenis kulit: berminyak,5,0
paket diterima sesuai dan cepat terimakasih semoga berlangganan dan cocok beru pertama kali sukses....kurir juga ramah terimakasih....,5,0
"manfaat produk: mencerahkan kulit, membantu meratakan warna kulit wajah, membantu mengurangi pie ( bekas jerawat ), membantu mengurangi hiperpigmentasi ( pih ) menjaga da...",5,0
kok kardusnya penyok + robek ya? dan pas mau dibuka serumnya gak terlalu kenceng jg tutupnya.,3,0
"packing nya bagus ,untuk hasil blom dipakai,semoga cocok,terimakasih",5,0
"bagus untuk mencerahkan wajah, memudarkan flek hitam. rekomend untuk kulit yang susah cerah. aroma produk tidak menyengat. tekstur mudah di aplikasikan di wajah.",4,0
sumpah makasih banyak seller. barang dikirim dengan cepat dan baik. suka banget deh. semoga ga mengecewakan ya.,5,0
"manfaat produk: untuk mencerahkan&menghilngkn bekas jerawat jenis kulit: berminyak baru pertama kali coba ,semoga cocok..",5,0
"gatau kenapa tp kaya sama sekali gada ngaruh apa apa di muka. iritasi engga, tapi mencerahkan juga engga. kek ga kerasa efek cerah nya, udh pemakaian satu botol sampe hab...",3,1
"baru pertama kali beli, mudah2an cocok dan ga ada masalah. udh berapa kali ganti serum kagak ada yang ngaruh sama sekali. semoga pake ini beneran ya kyk reviewer yg lain....",5,0
manfaat produk: mencerahkan kulit. jenis kulit: utk semua jenis kulit,5,0
"udah abis 1 botol, awalnya emg ada purging dulu, tapi kesananya aman & bagus, ngefek di aku yg kulitnya super badak",5,2
"lihat dr rekomen org² bagus semua. pertama coba, semoga cocok dikulit aku yg kering sensitif, kusam dan flek ini. cepat sampainya.",5,0
"real pick banget mantap, semoga cocok di kulit aku👍👍🥰 pengemasan rapi pake buble warp dan kardus mantul👍👍",5,0
"sesuai, baguss, pesanan cepat sampe, semoga cocok🥰😍 jenis kulit: all skin types",5,0
belom dicoba manfaat produk: mencerahkan dan membantu menghilangkan bekas jerawat,5,0
"okee untuk kulit badak kyk akohh skin type: oily skin, kombinasi",5,0
sudah sampai dengan aman tidak ada kerusakan dari ingredients bagus semoga aja cocok kalo cocok abis lebaran beli lagi terimakasih glow fx,5,0
"utk pemakaian pertama cukup ada hasilnya sedikit enak nyaman gak ada efek apa², semoga cocok serumnya",5,0
"belum di coba, hehe. tapi bubble wrap nya kurang tembel menurutku😞 mengantisipasi takutnya ada kerusakan barang kalau bubble wrap nya tipis, tapi overall udah ok kok! he...",5,0
"packagingnya aman, pengiriman cepat, 👍",5,0
asekkk cepet banget dateng 😝😝🫰🏻🤙🏻🤙🏻🤙🏻😍😍 gasabar pake gess 🤭🤭🤭,5,0
"gacooorrr bgt min, semingguan dahh mudarin dark spot, nyerahin juga huhuhuhhh, makasihh udahh nyiptain ni produk yaa🥺🥺🥺🤍🤍🤍",5,0
"barang sudah datang, original, paking aman dan rapi orderan ke2, lancar amanah",5,0
"sampai sesuai tujuan dan amann :3 pengirimannya lumayan cepatt. aku juga udah pakai kemarin malam, semoga cocok yaah !",5,0
"semoga cocok di aku, dan manfaat produkny bekerja dg baik di wajah aku",5,0
padahal beli di official store glow fx. tp gatau knp pd saat dicek di bpom app muter2 gini trs dan udh coba cek juga di website sama aja nihil. mohon konfirmasinya sgr ya...,1,6
alhamdulilah bagus produk serum nya ringan cpt meresap. double wrap packing aman. semoga cocok😍,5,0
udah pake botol ke2 ini dan sjauh ini cocok2 aja mgkn hrs ngabisin 3 btol bru bs kliatan bgt prubahanya tp so far so good sih,4,0
"bahan: cair manfaat produk: mencerahkan dan melembabkan jenis kulit: kombinasi semoga cocok dan hasil pemakaian nya sesuai klaim serum nya terimakasih, sehat selalu 🙏🏻",4,0
"manfaat produk: mencerahkan jenis kulit: kombinasi, kusam bahan: niacinamide, tranexamic acid, arbutin, genowhite, licorice extract aku udah coba make di leher dulu, semo...",4,0
bahan: lembut manfaat produk: mencerahkan kulit meratakan warna kulit jenis kulit: allahu skin types beru pertama kali nyoba semoga cocok dan langsung ada hasil seperti r...,5,0
bagusss bgt bisa bikin kulit mulus aku suka bgt😻,5,0
"br kasih ulasan, baru di pake 2x blm tau jdinya cocok apa ngga, tp semoga aja cocok biar repurchase trs, thx",5,0
bahan: cair manfaat produk: menghilangkan jerawat jenis kulit: normal dan oily,5,0
"produk aman dan tidak pecah,alhamdulillah dapat harga 50ribu di live 😅😅,terimakasih reseller",5,0
"pengiriman cepat, produk yg dikirim sesuai, maaf gapake foto produk",5,0
ka ini serum nya baru kan? pipet buat serumnya ko ada putih putih gitu atau emang gitu darisananya?,4,0
manfaat produk: jerawatku udh pada mulai kempes aku pake malam hri paginya glowing bnget saat ini belum kelihatan efek mencerahkannya,4,0
"baik broww manfaat produk: mencerahkan kulit dan menjaga kelembapan kulit, serta membatu mengurangi tampilan pie dan pih",5,0
"barang sesuai pesanan, semoga cocok di ak jenis kulit: berminyak dan berjerawat manfaat produk: menghilangkan bks jerawat bahan: -",5,0
"tekstur nya encer, agak lengket. belum di cobain tapi semoga aja cocokk, kalo cocok next beli lagiii",5,0
"udah sampai sampe tujuan, pengantaran nya cepat cuman 2-3 hari doang. awal"" pakai produknya aman"" aja kayaknya cocok di kulit aku, hari pertama pemakain gak tau k...",5,0
"alhamdulillah paketnya aman, pengirimannya cepet banget😍👍 pertama kali mau coba serum glow bomb ini, semoga cocok di aq dgn tipkul yg oily😬",5,0
"jenis kulit: bruntusan, belang manfaat produk: mencerahkan kulit meratakan warna kulit akhirnya datang juga, plss sukaa bangettt 😍",5,0
"barang aman sampai tangan, harga dpt 54rb ,semoga cocok belum dicoba",5,0
"datang dengan aman packaging nya juga amann, belum nyoba si tapi semoga cocok yaa 🫶🏻",5,0
baru pertama kali nyoba serum ini dan bismillah semoga cocok dan bekas jerawat aku memudar,5,0
lumayan untuk drag spot dan di aku cerahinnya 1mingguan aja yg penting pake sunscreen terus,4,0
"hii kaaa sorry bgt, aku dah setia sama glow bomb, udah pembelian ntah ke brpa, tpi ni kok di pipetnya ada putih putihnya yaa ga kaya sblmnya??, bau trus tekstur nya menur...",1,2
semoga cocok. pemakaian pertama,5,0
makasih kak serumnya sudah sampai baru pertama kali mau coba semoga cocok aamiinn,5,0
"akhirnya paketnya yang ditunggu tunggu datang juga bagus sesuai dengan pesanan ga ada yg salah,baru di cobain sekali enak dipakenya,semoga aja cocok ya trs ada perubahan...",4,0
"packaging aman, semoga cocok🤍🧚‍♀️",5,0
"alhamdulillah sudah sampaii belum cobaa sii mudah""an cocok adminnya juga ramah banget kita bisa konsultasi masalah kulit duluu❤❤❤",5,0
barangnya sampai tepat waktu dan tidak ada problem apapun😋👍🏻,5,0
"bismillah ad hrga ad kualitas🙌🏻smg ccok ya kl ccok bkl sy checkout lg🤲🏻pngirimnya lmyn y cpt 4 hri lebih sj,kurir jg ramah skli🤞🏻 bahan: gel cair (mudah meresap kek...",3,0
"paket mendarat dengan aman,nitip before nya dulu jenis kulit: berminyak",5,0
"pengiriman cepat, smoga cocok. thank u seller",4,0
tekstur bening beda sm yg acne,5,1
"paket sampai, repurchase berkali-kali karna emang bagus",5,0
"barang udah sampai, ini baru pertama beli sih belum tau hasilnya ke apa semoga cocok di kulit wajah aku dan glowing",5,0
pertama kali beli.. semoga cocok bisa memudarkan melasmaq,5,0
"belum nyoba, tapi semoga cocok dan baguss",5,0
cepet bgt pengirimannya..bismillah cocokkk,5,0
"pkt sdh smpe bismillah smoga ada perubahan dgn serum glow fx glow bomb ini ,",5,0
paket udah dateng paket juga aman semoga cocok ya di kulit wajah aku,4,0
botol ke 2 🥰 serum paling good🥰,5,0
barang sudah sampai dan sesuai pesanan..,5,0
goonggg bangett ini serumm saya sukaa krn ini serum impian saya bangett lope youu😘,5,0
"sampai sesuai dengan pesanan, semoga cocok dipakai yaa😻😻",5,0
udah aku pake satu mingguan jerawat jadi mereda alhamdulilah cck dikulit aku,5,0
sebelumnya aku uda beli 2 kali dan tulisannya tu tebel nah yang sekarang tulisannya lebi pudar gitu emang ada perbaruan atau gimana takut banget kalo palsu,4,0
barang dah sampe moga bagus ky yg di iklankan,5,0
"bru mauu cobaa ,semoga ajaa cocokk",5,0
"agak mengecewakan sih wadah paketnya penyok dan cuma dilapisi bubble wrap, trus agak cacat dikit di wadah serumnya sama botolnya kayak ada tumpahan tinta or something ngg...",4,0
bahan: bagus manfaat produk: bagus untuk mencerahkan jenis kulit: banyak darkspot dan kusam cocok nih pakai ini saya sampai stok dan habis beberapa botol,5,0
datang sesuai ekspedisi. 100% ori. serum agak keruh. botol nya bening. alhamdulillah,5,0
cocok untuk kulit kusam,5,0
"cepet pengantaran nya,tp packaging nya lumayan benyok dikit, gapapa maybe kena tumpukan paket lain, dalemnya aman,semoga cocok dikulit aku, first time coba juga nanti kal...",5,0
"barang orii dan dilapisi bubble wrap,namun pengiriman sedikit lama mungkin karena saya pesannya saat lebaran tp kenapa karet pipet nya bengkok gitu ya?... tp okelah gpp",4,0
"barang ori,baru pertama kali pakai semoga cocok",5,0
"beli ke2xnya sangat membantu, bekas jerwt mulai hilang, jerawat merah reda, semoga sllu cocok, thank you",5,0
udah 8hr pake habis setengah botol kagak ilang² sih bintik² hitam nya masih kusam muka tiap mlm aku pake tambah moist calm down juga pori² banyak dark spot banyak di hidu...,5,0
udah dtg paket nya bismillah cocok di aku🥰,5,0
"produk original walopun pengiriman agak lama, but its okeyy sangat worth to tryy 😍",5,0
udh ak pakai selamat 2 minggu dan hasilnya bagus buat nyamarin bekas jerawat dan bikin mukaku agak cerah,5,0
"bahan: bagus manfaat produk: belum tau jenis kulit: normal kombinasi alhamdulillah barang dtang dgn selamat & sesuai, br pertama mau coba klau cocok insyaallah bakal...",5,0
semoga cocok di aku nanti aku updated klo ada perubahan,5,0
"peckingan nya tidak rusak, paketan aman, semoga aja cocok buat aku, soal nya pertama kali coba perseruman lagi",5,0
"mantap produk asli aku udah make yang acne,habis 2 botol hasilnya udah keliatan banget,jerawatku udah mendingan sekarang mau coba yang ini",5,0
"packing bagus ✔️ yg disini pasti ori ✔️ ps di buka di dlm box glowbomb ny bnyk bgt penjelasanny manfaat produk: mencerahkan, dan menyamarkan bekas jerawat yg hitam jenis...",5,0
"barangnya cepat sampai, baru dipesan kemarin tapi sudah sampai besoknya. barang sampai dengan aman, dan tidak ada yang lecet. baru pertama kali coba, kalau cocok mau repu...",5,0
"baru pertama kali beli,bismillah semoga cocok",5,0
terimakasih🤗 barang sampai dengan selamat dan tepat pada tujuan,5,0
barang sudah sampai dan baru pemakaian 5 hari sudah terlihat memudar bekas jerawat nya the best 👍,5,0
bahan: asli manfaat produk: untuk meratakan skin barrier dan mencerahkan warna kulit yang tidak merata jenis kulit: all skin type,5,0
baru make sih semoga cocok di aku,4,0
"barang sampai sesuai pesanan, pengemasan aman dan rapi, baru pertama kali coba semoga cocok.. thanks ka..",5,0
baru pertama coba. semoga cocok untuk kulit yang sensitif dan banyak bekas jerawat,5,0
alhamdulillah paket sampai dengan selamat semoga mendapatkan hasil yang maksimal,5,0
"semoga cocok dimuka aku, yang susah putih dan banyak bekas jerawatnya",5,0
bekas jerawat banyak banget semoga pakai serum ini bekas bisa hilang dan muka kembali bersih,5,0
bahan: tekstur kental manfaat produk: mencerahkan wajah dan memudarkan flek hitam jenis kulit: normal,5,0
"serum nya beneran sebagus itu sukaa bgt serum dari glow fx aku sendiri udh habis tiga botol dan udah keliatan bgt hasil nya,noda pih nya juga hilang",5,0
"pembelian kedua, teksturnya enak poll lembut dikulit ngga bikun iritasi dan ketarik, cerahinnya nampol tapi tetep step by step jadi plssss rasain manfaatnya dulu after pe...",5,0
"baru mau coba, semoga cocok ya🤗 produk original",5,0
"sdh smpe....smga memuaskan hasilnyaa,,,blm di cb soalnya",4,0
"datang tepat waktu, produk dalam kondisi baik, semoga aja serum ini cocok dan buat bekas jerawat memudar",5,0
manfaat produk: mencerahkan memudarkan bekas jerawat merawat kulit agar ttp sehat bahan: niacinamide licorice extra,5,0
"alhamdulillah barangnya sudah sampai,smoga di aku cocok yaa dan smoga sukses slalu",5,0
bahan: gatau manfaat produk: mencerahkan jenis kulit: normal bagus” aja,5,0
"order yang ke 2x nya langsung beli 2 dong,soalnyq produk ini work banget di aku, pie mulai berangsur² menipis setelah 1 bln pemakaian",5,0
bagus banget baru sekali pake langsung ada perubahan nya🥰,5,0
manfaat produk: membantu mengurangi bekas jerawat dan mencerahkan,4,0
"pengiriman cepet bgt, semoga cocok di akuu yang banya pie & pih juga susah cerah iniii. dapet panduan juga yang bener’ lengkap mulai daripenjelasan ingresients dan juga s...",5,2
"bagus bangett, hari ke 3 udh keliatan hasilnya",5,0
"barang ori,semoga cocok next bisa order lagii🤗🤗❤️❤️",5,0
"paketnya sudah sampai,terima kasih banyak,sy suka skli krna pengiriman nya cepat packaging nya sedikit robek tapi tida apa apa krna isi di dalamnya aman aman saja lain...",5,0
"barang sudah sampe untuk all nya ok, tapi pengirimannya lumayan lama :) terimakasih",5,0
sangat bagus buat menghilangkan bekas jerawat & mencerahkan kulit,5,0
"baru 2malam pakai udah suka si, enaken bgt dikulit lembab pwol ringan jg, baunya jg enak, semoga bisa memudarkan pie dan pih ku deh, luv luv",5,0
"manfaat produk: mencerahkan kulit bagus, barang nya sesuai, cuma agak lama pengiriman nya, pkoknya bgus bgt 😻😻, n semoga cocok",5,0
paketnya dateng cepet. baru pertama kali pemakaian semoga cocok,5,0
12.12 dpt hrga 45rb langsung co.. sering2 ada potongan gde2an y,5,0
"belum dicoba,karna masih jerawatan lumayan banyak manfaat produk: memperbaiki skin barier,mencerahkan bekas jerawat pih dan pie karna belum boleh pake serum ini,aku pesen...",5,0
"manfaat produk: mencerahkan okee bangett, produk sampe tanpa lecet pengiriman mantap",5,1
"udah 3 kali pemakaian di malam hari, bangun bangun cerahan, glowing, manfaat produk: mencerahkan jenis kulit: normal to dry",5,0
"belii yang ke 2 kalinya karena sebagus itu woiii anjaii bagus bgt cookkkk, desember itu ak lagi parah""nya bruntusan, chicken skin, hidung badak sekarang pas uda pake...",5,0
"jenis kulit: all skin type manfaat produk: mencerahkan,mengurangi pie,pih",5,0
"baguss di aku cocok, untuk mencerahkan nya blm keliatan si ya tpi lumayan si jdi ga kusam, bkin glowing jg xixi",5,0
udah make 2x keknya alhamdulillah cocok✨ tpi kl utk perubahan blm terlihat,5,0
"cairanya putih agak butek, baru tau ada serum yang ada 11 ha dengan harga terjangkau",5,0
aku berani ngasih rating tinggi. sangatttttt bagus bngt buat redain jerawat dan bekasnya lofff❤️❤️sudah 3× pembeli ini semoga di notic di kiirmin se trukk aminn🤲aaaa asl...,5,0
"paket nya sampe dengan selamat gaada kerusakan sedikit pun pokonya ga nyesel deh beli disini, nanti klo cocok aku bakal repurchase lagii",5,0
"packing rapi dan bagus,,semoga cocok si aku",5,0
"bagus bnget buat ngurangin bekas jerawat, aku baru pake 8 hari udah keliatan perubahannya😍, yg penting rutin, makasihhh seller🙌",5,0
aman baru mau coba packaging nya biasa aja ya yang penting manfaat nya dh thankyou kuret 😎👌🏻 juga tiktok subsidinya 👍🏻🤙🏻,4,0
"blm pernah nyoba sih ini baru mau nyoba, semoga cocok bahan: tekstur lembut",5,0
"akhirnyaa kebelii jg serum glowbomb, mudah²an bisa menghilangkan pih pada wajah, ingredients nyaa baguss pwoll semoga hasillnyaa jga baguss yaww. exp nya pun masii lama a...",5,0
suka bgt sama serum nya hrganya murah kualitasnya juga nyata,5,0
aku baru pertama nyoba serum ini end semoga aku pake ini cocok-cocok aja deh soalnya seliweran mulu di fyp kayanya bener-bener bagus banget serum ini dan yap aku fomo sa...,5,0
"pengiriman aman dan cepat, baru pertama kali co bismillah cocok thanksss",5,0
semoga cocok ..presentase niacin nya lumayan tinggi..harga terjangkau dan sering diskon.terimakasihh banyak,5,0
semoga cocok dan barangnya juga asli beli di glow bomb official,5,0
"keliatan kann sebelum dan sesudah yg mana?? inii akuu foto ga pakee flash yaa, bener bener baguss bangett, padahal akuuu baruu 1 kali pemakaiann, untuk hargaa segitu wort...",5,0
"gatauu nii cocok atau gaa pengiriman cepatt, sampai dengan selamaaatt~😻🙌 jenis kulit: normal to oily skin",5,0
"bagus banget serum ini aku udh hbs 1 skrng beli lagi, pokonya jangan ragu² sma produk ini bagus banget trimakasih minn🤍🤍💗💗💗",5,0
"serum glow fx glow bomb,serum 19% glow booter 3% arbutin+ 8%niacinamide 2%tranexsmux acid 5%licoride extract + georgie with 11 ha mix + pga serum mencerahkan bagus bu...",5,0
paket ok datang dengan aman dan sesuai dengan pesanan packing rapih dan aman,5,0
manfaat produk: menghilangkan bekas jerawat dan mencerahkan warna kulit,5,0
"barang udah sampe, cepat sekali",5,0
moga aja ccok biar muka ku glowing biar ga insecure lagehhh kalau cck ntar refurcsh lagehhh mau dipake malem ini,5,0
"alhamdulillah bagus sesuai review, tapi balik lagi cocok²an ya guys, alhamdulillah aku cocok smg allah sllu lancarin rezeki kuu, supaya bisa co lagii aamiinn 💗🤲🏼 yang...",5,1
bagus sesuai sama yang di foto. semoga hasilnya bagus di kulit ku,5,0
"aku udh pake semingguan(?) kayaknya, tp hasilnya ok bangett",5,0
bahan: bau obat manfaat produk: buat jerawat dan bekas jerawat bisa mutihin juga jenis kulit: berjerawat dan flek hitam mantap original baguss,5,0
"barang ori,sesuai pesanan,packing aman,teksturnya cair,cepat menyerap nyaman dipakai",5,0
manfaat produk: menghilangkan bekas jerawat,5,0
"produknya belum di coba semoga memuaskan dan sesuai ekspetasi saya, pengirimannya terbilang cepat dan terima kasih untuk seller beserta toko pedia untuk diskonnya makin s...",5,0
"semoga ga kemakan iklan, bismillah cocokk",5,0
"barangnya suda sampaii,puass bgttt,kurirnya ramah,pokonya jangan raguu deh buat cek out",5,0
aaaa baru kali ini nemu serum yg bener' bisa ilangin bekas jerawat ga akan ganti' lagi sii😻😻,5,0
bahan: sesuai jenis kulit: semoga cocok baru mau coba,3,0
"bahannya ringan, tapi melembabkan. enak si so far. cocok meskipun untuk tipe kulit sensitif dan acne prone",5,1
"awal pemakaian bikin kusem parah, tapi setelah 4 harian mulai keliatan hasilnyaa, tapi baunya emang aga aneh gitu yaa ? atau cuman punya ku doang",4,0
baru pertama kali mau nyoba semoga hasilnya bagus sesuai🤲❤️❤️,5,0
"ga usah diragukan lagi yaa,udh pake yg acne 3 pot,lumayan ngaruh,sekarang tinggal bekasnya pie mau pake yg ungu,bismillah cocok,doain yaaa ngaruh biar beli lagi 🤍🤍💐💐�...",5,0
paketnya sudah datang dengan sempurna tanpa lecet apapun barang ori baru pertama kali nyoba semoga aja cocok .. next kalau cocok bakal order lagi,5,0
bismillah semoga cocok 1 bulan ntar aku kembali lagi gimana reaksinya kulit wajahku setalah pake ini🙃,4,0
"bahan: aktif manfaat produk: mencerahkan kan dan meratakan warna kulit jenis kulit: ance and sensitif aku udah coba kurleb seminggu, dan nyamam banget dikulit, paginya be...",5,0
"fisrt cobain , semoga ada hasil",5,0
keracunan tiktok si ini semoga cocok dan ngaruh d muka aku udh 2 kali pemakaian lembab bngt tpi kaya blm kelihatan prosesnya,4,0
"baguuss membuat kulit wajah halus cerah, cocok diakuu yang tipe kulit wajah berminyak, dipake malam hari paginya auto glowing, worth to buy guys, terimakasih seller",5,0
"lupa vidio unboxingny😔🙏, paketny udah sampai ya, moga aja cocok, soalnya baru pertama kali nyoba 😻",5,0
"manfaat produk: mencerahkan,memudarkan bekas jerawat jenis kulit: kombinasi baru coba 1x paginya si nggak ada jerawat tumbuh atau gimana jadi kayaknya cocok. teksture nya...",5,0
bagus banget si ori jenis kulit: sensitif oily,5,0
"katanya beli 1 gratis 1,,trnyata bohong dptnya cuma 1",3,0
"the bestt serum sii inii, awalnya cuma coba coba aja karna bekas jerawat kemerahan aku susah banget buat ilang, pas nyoba inii lumayan ngaruh banget sih, ini yang ke dua...",5,0
"tekturnya cair, cepat meresap, baru dipakai 2x semoga cocok bisa membantu mengurangi bekas jerawat dll,",5,0
"alhamdulillah puas pelayanannya juga ramah, sesuai harapan aku bisa dateng lebih cepet, dan emang secepet itu",5,0
jenis kulit: all skin type,5,0
sesuai pesanan🥰 semoga cocokkk🥰,4,0
"paket sampai dngn slamat, produk blum dicoba",4,0
"harga promo langsung co,pdhl masi ada,plis glowbom endors ak dong🤭🤭🤭",5,0
"produknya asli bukan yang kw,terimakasih untuk seller yang menjaga kepercayaan para customer seperti saya",5,0
terimakasih seller baru pertama order semoga pas dan cocok jd bisa langganan,5,0
"jerawat aku kering😭😭😭, baru pemakaian beberapa hari, kalu untuk pudarin bekas jerawat masih belum kelihatan",5,0
"barangnya udah sampai dalam keadaan basah, untungnya masih bisa dipakai.. nnti 2 minggu balik lagi, itu foto sebelum pemakaian..",4,0
bahan: bagus manfaat produk: mencerahkan memudarkan bekas jerawat merawat kulit jenis kulit: semua tipe kulit aku pake glowfx udah abis 4 botol yg acne pure baru kali ini...,5,0
membantu bgt memudarkan bekas jerawat pemakaian masih satu botol,5,0
barang datang dengan keadaan oke,5,0
"alhamdulillah sesuai pesanan.... baru mau nyoba,,, semoga cocok d aku 😊",5,0
paketnya langsung ku buka panas banget takut aksidasi😭,5,0
belum di coba klo bgus hasil bakal jd lngganan,4,0
produk ori dan dapet harga murah semoga cocok,5,0
"gampang menyerap, ori, mayan melembabkan, semoga cocok 😁",5,0
"alhamdulillah serumnya udah datang,barang dijamin ori krn beli di official storenya.semoga cocok di aku,bisa ngilangin noda2 diwajah & bikin cerah wajahku",5,0
"aku udah pakai 1 botol serum glow bomb ngaruh bgt di muka kuu, satu botol aja udah buat muka ku jdi glowing, jdi ku co lgi dech",5,0
"cara packing nya amann, cepet nyampee nyaa pliss, admin nya jugaa ramahh🤩 untuk produk nya juga cocok di aku yg punya bekas jerawat hitamm🫶",5,0
"bru smpe, blm tau cocok apa ga nya min🙏😞",5,0
belum nyoba semoga bagus karena bnyk yg bilang bagus+seliweran mlu di fyp,5,0
bahan: lembut cepat meresap manfaat produk: untuk kulit jenis kulit: normal semoga bener hasil nya gonk,5,0
"produk lengkap, packing baik, pengiriman cepat, aman tidak ada yang kurang",5,0
baru pertama kali mau coba ta kirain bisa di pake siang malam ternyata pas konsul sama admin katanya cuma di pake di malam hari😭,5,0
manfaat produk: mencerahkan wajah jenis kulit: kulit normal bahan: -,5,0
"amaan, cepett juga baru mau nyobaa semoga cocok",5,0
"baru dipakai sekali, nanti kalau udah ada hasilnya saya balik lagi",4,0
"paket nya udah sampe kaka, alhamdulillah serum nya ga ada kerusakan sama sekali, pemakaiannya cocok di kulit ku",5,0
udah beli ke 5 botol hasilnya gacor sih buat ilangin dan cerahin muka sukaaaaaa❤️❤️❤️,5,0
"suka bgt sumpah. aku udh pmakaian 3 hari, dipake tiap malam.. pas bangun pagi wajah ku jdi lbih cerah sukak dehhh. dan untuk hasil 3 hari ini jerawat kecil kecil ku mula...",5,0
"sampainya cepet, baru pertama beli semoga cocok. tekstur serumnya cair dan mudah meresap dikulit jenis kulit: kering dan sensitif",4,0
bahan: bagus manfaat produk: bagus jenis kulit: bagus semoga cocok biar glowing,5,0
"the bestt!!! aku pakai 2mingguan udah kelihatan hasilnya, next beli lagi dehh!! sampe temenku dan ibuku tanya skincare ku, makasih glowfx!! hari pertama vs 2mingguan",5,0
"semoga cocok,, soalnya ini pemakaian pertama kali 😊",5,0
udh sampai semoga cocok dan nggak ngecewain🥺🫶🏻,5,0
pertama kali nyoba pake serum glow bomb semoga cocok🥰,5,0
baru mau coba semoga emng cocok dan bagus di aku,5,0
"pake yg acne glow nya cocok jerawat langsung kering, sekarang tinggal bekas nya mau nyoba pake yg ini...",5,0
"bagus banget di aku juga cepat mencerahkan dan kalo ada bekas jerawat cepat ilang, ini udah pemesanan kedua tapi udah keliatan banget hasil pemakaiannya",5,0
"serumnya bagus bgt baru dipake 2 hari udh kelihatan hasilnya❤️😭 tp syg tdi pagi pas make lupa nutup karna buru"" kerja alhasil tumpah semua penasaran tinggal sebrapa...",5,0
"baguss bangett serumm nyaa pih sama pie aku mudarin+mutihin juga muka aku, suka banget deh pokoknya sama produk glow fx😍😍",5,0
barangnya ori dan bagus untuk mencerahkan,5,0
pakejinggnyaa lucu tapi ga tau ya bagus apa ga soalnya blum dipakek nanti kalo bagus produk nya aku bakal komen lagiii,5,0
paket baru nyampe smoga ajh cocok,4,0
bgus bnget udah pke 2 minggu di poto itu aslinya glowing cmn kamera hp ku matte jdi ngk kelihataan sumpah cera better,5,0
"perngiriman aman, cepat dan harga paling murah. terima kasih seller",5,0
"baru pertama kali pemakaian, bagus di kulit ku bikin kenyal & lembab, semoga mencerahkan juga",5,0
"semoga cocok plis, kulit ku sensitif bgt jenis kulit: sensitif parah",5,0
alhamdulillah paket sudah sampai. semoga cocok yak diwajahnya akuhh,5,0
"sudah sampai dengan aman, nggak sabar untuk peke nya krn aku masih coba produk lain jadi mau membandingkan mana yang bagus buat mencerahkan memudarkan pih dan meratakan w...",5,0
barang sesuwai pesanan respon cepat pengirimanya pun cepat mksh seller,5,0
cusss baru pertama beliiiu bisamillah cocokk kalo cocok otw beli lagiiiih🤩🤩,5,0
"botol kedua, lumayan naikin tone, ga cepet tapi better dr tranex nya war*** ini keliatan muka cerahan dan noda bekas jerawat mulai memudar",5,0
teksturnya aga cair tapi semoga cocok yaa,5,0
manfaat produk: cocok buat mencerah kan jenis kulit: buat semua jenis kulitt,5,0
"teksturnya pas di aplikasikan agak lengket sih,,mudah² an cocok ya baru pertama kali pake soalnya.. jenis kulit: dry to sensitif berjerawat juga sih",4,0
jenis kulit: smua jenis kulit manfaat produk: baguss,5,0
"aku udah pake 5 harian dan rasanya di muka keliatan kaya bersih gitu, tekstur nya cair dan gak lengket👍🏽",5,0
"baru bisa review setelah 2 minggu pemakaian, alhamdulillah cocok gk purging atau breakout cuma emang butuh waktu dan konsisten",5,0
"bagus banget semoga cocok, dan sesuai sama kulit aku yang sedikit sensitif",5,0
"udh smpe, bru prtma kali nyobain y smga aj ccok👍👍",5,0
"sesuai pesanan, packaging aman, pengiriman cepat. terima kasih seller",5,0
bagus tidak ada pecah semoga cocok,4,0
kedua kalinya beli emng bisa hempas bekas jerawat udah mulai pudar,5,0
"gemesh bgtt, hehe aku baru nyoba serum nya smg cocok di muka aku plis yeayy",5,0
"ini baguss banget plisss , sukaa nyerahinnya cepet bangett , ga ekspek 2 minggu pemakaian langsung keliatan. buatt kalian wajib banget cobain (no buzzer)",5,0
bagus jenis kulit: cocok untuk jenis kulit yang komedo,5,0
"baru dteng dan pertama kali mau coba , moga cocok dan hasil nya gongg sperti org org",5,0
bahan: bagus manfaat produk: untuk mencerahkan jenis kulit: oily,5,0
udh aku pake dan cocok di aku bekas jerawat mulaiemudar pokoknya best aku suka 🥰next order lagi semoga ttp amanah,4,0
masih proses pemakaian jd blm terlihat aslinya aku kirim 5 bintang krna pengiriman cepet bgt sukses ya,5,0
"blm dipake sih overall packing nya aman , barangnya lucu pngiriman std makasi",5,0
"paket nya sampai tepat waktu dan dalam kondisi baik/tidak rusak bintang lima buat kurirnya,semoga serum ini bisa ngilangin bekas jerawat ku yang membandel ini .",5,0
manfaat produk: mencerahkan jenis kulit: sensitif,5,0
"pertama kali coba langsung suka, hasilnya langsung terasa lembut di wajah",5,0
"barang sampai dengan selamat,tidak ada kerusakan sedikit pun semoga cocok,baru pertamakali coba😊",4,0
paket sudah sampai di rumah dengan aman baru pertama kali coba aku harap cocok di kulitku,4,0
"paket nya sudah sampai pengiriman nya cepat dan sesuai pesanan, pertama kali nyoba serum nya semoga cocok terimakasih💗",5,0
pembelian kedua karena emang cocok bikin muka cerahan,5,0
"kug ada tembelannya apa ini ya kak, semoga aja aman deh. soalnya aku baru ngeh kalau bisa di kletek.",3,0
"barang sangat 🤗sesuai terimakasih banyak kak. ini wishlist aku banget pengen coba serum ini maju mundur, akhirnya bisa kebeli juga. kalau udh habis next order lagi. teri...",5,0
"pembelian ke 2,udah cocok terus sedikit memudarkan bekas jerawat kemerahan mencerahkan juga",5,0
"serumnya bagus bikin wajah jadi cerahan, pek cukup sekali malm aja..",5,0
"masyaallah ini bagus bangetttt, setelah coba bbrpa hri ini udh lumayan ada efeknya",5,0
"bahan: cair manfaat produk: memutihkan wajah pesanan diterima dengan baik, semoga cocok. bakal repeat order kalo cocok👍🏻",5,0
seneng bgt baru kali ini nemu serum yg ngefek dimuka aku. pemakaian 7hari udh kelihatan muka agak lebih cerah plus aman buat busui jadi gak khawatir,5,0
bagus banget untuk jerawat dan dark spot sudah habis 1 botol,5,0
bahan: mencerahkn gk perih jdi lembut kenyel manfaat produk: mencerahkn memudarkn bekas jerawat hitam jenis kulit: sensitif kombinasi,5,0
serumnya belum di coba sih tapi untuk segi packaging nya sangat² aman,5,0
"udaa seminggu lebih, bikin cerah bekas jerawat lumayan mudar gongg bgtt pokoknya 😻",4,0
"seneng bgt sama glow fx ini. malem pakai paginya berasa sehat bgt wajahku. senengnya di kulit lembabnya pas manfaat produk: menyamarkan noda hitam, dehydrating jenis kuli...",5,0
jenis kulit: all skin,5,0
pemakaian baru beberapa hari tp alhamdulillah cocok . muka lebih glowing dan memudarkan bekas jerawat membandel. manfaat produk: memudarkan bekas jerawat,5,0
"bagus banget cepat juga nganter nya dan packing nya aman,aku udah beli disini 6kali jadi kalo mau pada beli jangan ragu dijamin amanah dehh",5,0
"pengiriman nya sangat cepet gk nunggu lama” ya gaes,semoga cocok kaya orang” biar gk gonta ganti terus serum nya makasih seller",5,0
"kemasannya oke, packing aman, pengiriman cepat",5,0
bahan: baru mau coba..semoga ccok..hasil nya seperti d iklan,5,0
bikin cerah dan glowing padahal baru 3 kli pemakaian udah cerah wajahku,5,0
"semoga cocok deh buat bekas jerawat ini, bukan nya purging malah makin ancur",5,0
"kurirnya ramah,baik bgtttt paket saya juga cepat sampai nyaa pokoknyaa mantull,semoga cocok yaa tipkul aku oil,bnyk bekas jewarat",5,0
produk asli. baru mau coba semoga cocok di kulit aku,4,0
"barangnya emng bagus,tapi pengirimannya lama bngt,sampe seminggu🥲",5,0
"packaging aman, baru mau coba semogaa cocok.",5,0
"alhamdulillah asli, baru pertama kali ini mau nyoba semoga cocok aamiin kalo cocok beli lagi dah insyaallah",5,0
"pengemasan baik, produk sampai dengan aman dan sesuai pesanan, semoga cocok dikulit aq, terima kasih kk 🙏🏻",5,0
sedikit penyok walaupun sudah bublewrap dan kardus. tapi tetap aman,5,0
bagus sekali bisa menyamarkan bekas jerawat asalkan rutin sudah 2 kali beli di sini pokokny is the best laah,5,0
"inii lucu banget plis detail juga, aku belum coba si semoga aja cocok hihie",5,0
"barang sudah sampai, packing aman, yang serum acne cocok untuk aku, semoga yang ini juga cocok, terimakasih mimin",5,0
"serum nya bagus banget, packing nya juga aman thanks seller😻🫰🏻",5,0
udah botol ke 3 dan beneran emang buat muka jadi glowing dan cerah,5,0
"produk palsu pesen glow fx glow, tetapi yg datang glow 2 glow mana expander udh 2024 udh coba saya retur tetapi seller tidak mau merespon sama sekali, awas aja jangan sam...",1,0
maaf pesanannya gk sesuai aku pesen serum tapi datang nya bukan,4,0
"jenis kulit: kombinasi akhirnya serum nya dateng, semoga cocok di aku🥰🥰",5,0
lumayan cerah kulitku padahal baru pakai 4x tp untuk meratakan wrn kulit mungkin butuh kesabaran karena blm habis 1botol 😃😃 tks buat seller dan tokonya pertahankan kual...,5,0
lumayan ringan trus bikin lembab meskipun afternua agak lengket dikittt,5,0
"baguss intinya mahh jenis kulit: oily manfaat produk: mencerahkan, memudarkan pie dan pih, meratakan warna kulit",5,0
"belom di coba semoga cocokkkkk, serum impian uda kebeliiii jugaa🤍🤍🤍 manfaat produk: mencerahkan jenis kulit: kombinasi",5,0
"luar biasa untuk pengiriman nya, exspres banget padahal kemarin baru aja pesan.... ini pembelian kedua aku, belum banget keliatan hasilnya cuma aku mau terus nyoba dan sa...",5,0
"sudah dipake 3hari belum ada tanda"" bruntusan di jidat, keknya cocok d kulitku yg susah nyari perseruman",5,0
sesuai pesanan baru mau nyoba semoga hasilnya memuaskan sperti di iklan,5,0
"bagus bgt pls???!!! mukaa aku jadi ga kusem lagi pake iniii, udah pake 3 botol boss😝🤙🏻🤙🏻",5,0
"tulisannya tertera dateng tgl 7 tpi datengnya tgl 8 kmrn mana ga dapet voucher, katanya klo pengirimannya tgl 7 blm nyampe bakal dapet voucher, tapi gpp deh yg penting ud...",4,0
semoga cocok.. jenis kulit: normal,4,0
semoga cocok dikulit aq yg bnyk bekas jerawat iniii 😌,5,0
murah meriah ga sia sia beli ni produk emang sebagus itu pleassee thank u so mach glow fx,5,0
pengiriman cepet. bismillah aja ya setelah pakai ini bener2 bisa mencerahkan wajah. biar ga kemakan iklan mulu heheh,5,0
bagussssss😭😭😭 dipake 1 botol juga udh lumayan,5,0
masi mau coba heheh,5,0
udh 3x pmkaian smoga cocok msih blum kliatan hsilnya mungkin 1 bln bru kliatan,5,0
akhirnya smpe juga nih serum stelah lama diperjalanan pdahal dirmh masih adabuat stok ja karna dpt harga murce.,5,0
"bagus banget, packing nya aman juga....semoga cocok dengan kulitku☺️🙏🏻",5,0
paket sudah sampai dan kemasan rapi aman. baru mau coba semoga sesuai iklan,4,0
udh abis 1 co lagi sengaruh itu di kulit ku beruntusan dan bekas jerawat tersamarkan bgt dpt harga 50k,5,0
bagus ini firts time pake serum ini moga cocok,5,0
adh 2 botol tp bekas jerawat belum jg pudar ya..!!,4,0
baru pertama kali pake produk ini semoga aja cocok bisa jadi langganan,5,0
pengiriman cepaaat packagingnya pun aman banget. thankyou banget seller,5,0
"sukaa,ak udah beli yg ke2×nya,xixixii,ingredientsnya nampoll bgt ihhh,sukaa",5,0
alhamdulillah paketnya udah nyampe dan ori juga,5,0
bener bener mantul 🥰bngt nih serum bikin muka aku jadi cerah bersih bekas jerawat juga udah ngga ada pokonya top bngt aku suka,5,0
"slalu repeat order, krna emg udh cocok pake serumnya hehe",5,0
"udah abis 3botol, jadi beli lagi 3botol, buat stok, solanya lumayan cepat pudarin bekas jerawat dan flek",5,0
"ini bener2 recommended untuk mencerahkan wajah, kulit terasa lembut dan plumpy pas bangun tdr.. mksh glow fx",5,0
"first time nyobain serum yg sering viral di tiktok dan kebetulan udh lama jadi whislist akhirnya keturutan juga beli hari ini , smoga makin bersih bekas jerawat ku dan ma...",5,0
"sesuai pesanan, ukuran 20 ml baru akan dicoba semoga sesuai dgn klaim nya",5,0
"baru sekali pake,, belum kelihatan sih.. tp wajah jd glowing.. bagus sih.. mudah2an pie bisa hilang",5,0
dah paling top lahh pake ini gk bisa kelainan hati,5,0
paket bru sampai semoga cocok di aku,5,0
"bagus, pengiriman aman karna ada bubble wrap nya👍🏻",5,0
"vidio nya tidak bisa dikirim, yang bisa hanya gambar saja",5,0
"alhamdulillah cocok di kulit saya,menghilangkan bekas jerawat nya cepet banget sama meratakan warna kulit yang tadi nya belang jadi rata kurir nya juga ramah pokoknya man...",5,0
"barangnya udah datang tadi pagi, pengiriman cepat, mudah mudahan cocok di kulit muka saya.",5,0
"produk tidak ada, total barang yg dipesan 2 yg datang hanya acne pure saja",1,0
kenapa bikin jerawat an yaa pemakaian udah 2 minggu sebelum nya ga ada lho,5,0
"sdh pake beberapa hari,, muka jd bersih lembut. semoga bs mencerahkan klo mau habis nanti di co lagi.",5,0
"pengiriman super cepattttt. tekstur cair cepat menyerap dikulit, semoga cocok dg serum ini.. thank you seller",5,0
"selalu stok terusss, belum habis 1 botol hasil sudah keliatan jelasss, riview jujur nih yaa gk bohong, semantul dan asli gini barangnyaa :) repeat order terus pokoknya ma...",5,0
"alhamdulillah cocok pke serum ini, wajah sudah mulai cerah",5,0
manfaat produk: untuk mencerahkan kulit wajah dan menghapuskan bekas jerawat,5,0
baru datang semoga cocok bisa mencerahkan wajah q yg susah cerah ini,5,0
"pengiriman cepet. packing aman, udah kali ke 2 beli. cocok di muka yang kering.",5,0
alhamdulillah ini pakai yang ke -2.. alhamdulillah cocok.. bekas jerawat hilang.. benar2 glowing,4,0
"alhamdulillah smpe jg.. smoga ccok bru prtama nyobain liat muka tmen bagus pke ini,klo ccok next order lg yaa..",5,0
"barang sesuai tida ada lecet, semoga cocok di muka saya yaaa 👌🏻👌🏻",5,0
aku udh pemakaian 2 botol ini yg ke 3 botolnya alhamdulillah cocok di akuuuu😍 terima kasih banyakkk🙏😍😍😍,5,0
semoga cocok yahh unboxing vidio udhaa ada,5,0
"akhirnya aq mencoba nya,setelah sekian lama hanya melihat review. semoga cocok. dpt hrga murah jg 49rb.",5,0
"bagus bgt ..ini serum,, pokok nya wajib punya serum ini...",5,0
"paket sudah sampai, dan belum dicoba barang aman gak ada yang rusak. semoga cocok",5,0
"pembelian yg ke 3x ny, cocok sama serum ny😍😍😍😍",5,0
pengiriman super cepat. pengemasan baik. semoga cocok dikulitku,5,0
semoga cpet putiknya cocok di ak,5,0
alhamdulillah paket sudah datang tq kurir & owner sukses selalu 🙏🏻,5,1
ini serum ajaib bener2 udah 2 botol bekas jerawat udah mendingan banget,5,0
bahan: no over claim bnyk yg review hempas flex smoga cocok,5,0
"baru pertama pake , smoga cocok👍🏻👍🏻",5,0
udah co ke 2 ini bagus bnget buat ngilangin bekas jerawat,5,0
serum mencerahkan untuk semua jenis kulit. mantap,5,0
manfaat produk: memudarkan pie dan pih jenis kulit: berminyak,5,0
"ngefek parah, kulit jd cerahan pih langsungg redah",5,0
"jenis kulit: kering kdng berminyak bgt semoga cocok di aku yaa, bismillah kalo cocok bakalan balik lagii🥰🤲🏻",5,0
"baru mau nyoba semoga cocok, tekstur cair cepet meresap",5,0
baru pertama kali beli dan nyoba semoga cocok,5,0
"udah habis 1 botol ini yg ke 2 asli ga hoax noda"" hitam di pipi memudar pke serum inii dan kulit jdi aga cerahan, mudah""an di botol ke 2 ini bikin lebih bersih gl...",5,1
"udah sampe alhamdulillah.cepet amat pengiriman nya,sukak deh.order tgl.15 jam 3 subuh sampe k rmh tgl.16 jam 5sore.cuma 1hari aja gaes..baru mau nyoba,sblm nya pake serum...",5,0
pertama kali belii semoga baguss di kulit aminn,5,0
suka bgt sm tekstur nya bikin ngelembapin wajah ku ☺️,5,0
"baru banget sampe, gak sabar pengen cepet nyoba.... ini pertama kali nya aku mau nyobain glow fx nanti klo sudah ada hasilnya aku review yah",5,0
"paketnya sudahh datangg barusan saya trima dan gatau hasilnya gmna semog saja cocok dimuka ku, aminnn",3,0
selalu langganan serum yg enak banget dan cocok di kulitku,5,0
"orderan kedua, semoga cepet hilang bekas2 jerawat ku",5,0
"bru pertama kali beli ,brng nyh sesuai",5,0
manfaat produk: untuk mencerahkan semoga cocok❤️‍🩹,5,0
"sudah sampe donga , semoga cocok ya dikulit aku",5,0
"brngnya sdah smpai sesuai, dan pengirimannya cpet, suka bngtt smaa produk ini👍🏻👍🏻👍🏻👍🏻",5,0
pembelian ke 6 yg botol prtama udh kebuang produknya ok bngt,5,0
"datang aman dan selamat, semoga cocok untuk aku yg fungal acne, jerawat on off dan close comedo",5,0
"alhamdulillah paket nya aku sudah sampai, pertama x nya mau coba serum glow bom ini. bismillah semoga cocok.",5,0
"akhiiirrrnyaaaa ke beliii jugaaaaaa, kalo menurutku si baguuss yaa, baru beberapa kali pake komedoku udah lumaayaann berkurang anjay looovv deeehhh❤️❤️❤️❤️",5,0
"dtngnya cepet bgt plss semoga covok ya aku,msi pemula ni,klo cocok nnti order yg bnyak dh🥺🥺🥺🥺",5,0
belum dicoba tapi semoga aja cocok.. soalnya harga cukup affordable dan banyak reviewer yg bilang ini works di kulit mereka semoga aja juga works dikulitku ☺❤,5,0
pemakaian pertama blm kerasa efek signifikan tp bangun pagi muka jd lebih cerah.,4,0
"belum coba sih semoga cocok,untuk kemasannya sangat aman",4,0
"dari sekian banyak review serum buat mencerahkan, glowbomb ini paling banyak direcommend. semoga bisa cocok dan works di akuu",5,0
belum coba sihhhh yaaa penasaran bgttt bnyk yg review asli fomo hehehe bismillah smga emg bagus☺️🙏🏻,5,0
"maaf baru kasih ulasan krna nunggu hasil nya dann yappp baguss bangett pliss di kulit akuu,ngaruhh banget,bekas jerawat aku yng dlu nya bnyaaaa jdi sedikitt🤏🏼🤩🎀",5,0
baru mau nyoba semoga okee kalo udah ada hasil nya ku ulas lagi pengiriman nya cepet dan packing super aman,5,0
ini botol yg ke 4 dan bener2 buat glowing,5,0
"aku dapat di harga 150 dpt 4 pcs, seneng bgt langsung nyetokk aku nyaa😭😭",5,0
"untung beli di official store jd gak kw,puas bgtt cuyyy",5,0
"terimakasih, pengiriman cepat, pengemasan oke. semoga cocok",5,0
"barusan datang, baru mau pakai, smoga cocok & mkin glowing🥰",5,0
ini salah satu produk wishlist ku (⁠≧⁠▽⁠≦⁠) teksturnya enak dan cepat meresap ke kulit semoga cocok ꒰⁠⑅⁠ᵕ⁠༚⁠ᵕ⁠꒱⁠˖⁠♡,5,0
oke dicoba smga cocok seliweran di fyp tiktok reviewnya bagus2,5,0
"paket sudah sampai, pengemasan sangat aman. belum coba semoga cocok 👍",5,0
"yeeee paket aku udah sampai somoga cocok di kulit wajahku,pekejingnya juga rapi",5,0
"barang sampai dg selamat, udh cocok sm serum satu ini puas banget pokoknya 🙏 mksh",5,0
barang telah sampai dengan baik. kemasan bagus dan semoga cocok buat kulit saya,5,0
"kemasan nya keren, teksturnya juga enak",4,0
alhamdulillah barang bagus dan sesuai dengan pesanan,5,0
"barangya udh sampai, bru pertama kli coba semoga cocok dan pengirimannya cepat mksihh",5,0
"ini baru mau coba, semoga cocok dan hasil memuaskan",5,0
"bener²mantullll,sengaja ga kasih ulasan pas datang mau liat hasilnya dluu ehhh baru pake seminggu udh cerahhhh dan lembab muka akuu🥹 makasih glow bomb serum♥️",5,0
beli yang kedua kalinya. emang beneran bagus banget banget...,5,0
manfaat produk: bagus bgt buat kulit akuuu,5,0
"serum nya akhirnya datang juga. masih belum sempat kupakai juga, tertarik krn membaca dari review2 nitizen kalo serum ini mantulita.. semoga benar2 sesuai ya.. kalo udah...",5,0
"pengirimannya lumayan cepat, semoga cocok dikulit aku",4,0
manfaat produk: maaf baru kasih ulasan. barang sudah sampai udah aku pake juga semoga terlihat hasilnya kalo udah habis maw co lagi,5,0
"kecewa pipetnya bermasalah, gabisa digunakan semestinya, kok bisa kaya gini lolos qc, smoga bisa dijadikan pelajaran kedepan",2,0
"ini mah udah pasti asli, beli di toki yang pasti pasti aja, langsung di sini, baru pertama kali coba dan semoga cocok, biar lebaran jadi glowing",5,0
jenis kulit: all skin types smoga cocok,4,0
"udah dateng,semoga cocok yaa di kulit wajah aku,udah dari 2020-2023 jerawatan,trs2024-2025 skrg tinggal pie nya aja,mangkanya aku beli ini,semoga kali ini cocok dan bisa...",5,0
"udah sampai paketnya aman, semoga cocok sama seremnya🥰",5,0
"uda sampeee semoga aja cocok di aku buat redain bekas jerawat, nnti aku balik lagi klo cocok, aku kasih review lagi pas pembelian kedua kali nya tengss",4,0
ada kayak wangi blueberry nyaa,5,0
baru nyoba serum ini emng lumayan udh ga cerhan pake serum ini,4,0
makasih. produk sudah diterima dengan aman sesuai pesanan. proses dan pengiriman cepat. terbaik ❤,5,0
alhamdulillah trimakasih sesuai pesanan semoga cocok untuk kulit muka ku,5,0
"maaf telat review, untuk ulasan update nya nunggu 2-3 minggu kemudian",5,0
"pipet nya jelek, bengkok kaya mau patah!",2,0
"bagus ,datang cepat ,aman dan semoga cocok yah😘",5,0
gatau coi udh berapa kali beliii trs sekarang nyobain varian lain sesuai ekspektasi plisz enak bet,5,0
13 pcs mendarat dgn baik... bahan dan jahitan baguss bgd. thankyou,5,0
"yeyy paketku datengg, seneng bgttt bismillah mukaku cerah bekas jerawat ku memudar🤍",5,0
baru nyobain produknya jadi belum bisa review. pengiriman cepat cuma sehari aja,4,0
belum 7 hr rutin pkai stiap mlm wajahku tonenya naik dan kulit wjah sgt lembut,5,0
baru mau mencoba teksturnya lembut cair,5,0
"complain, karena cairannya keruh respon cs nya kaya nyari2 kesalahan gada solusi wkwx, paketnya emg baru di buka sminggu setelah pesanan selesai, ya karna gue habisin ser...",1,0
"nyampe dengan baik dan aman, semoga cocok dan bener an cerahin",5,0
benerann asliii ni serum buat mencerahkan 👍👍👍👍👍cepatt tiba,5,0
"produk sudah sampai dengan cepat, gak nyangka secepat ini",5,0
bagus serumnya pasti repeat order sampe tua inimah,5,0
baru pertama kali nyoba. semoga cocok seperti orang orang bilang,5,0
barang sampai cepat aman bagus,5,0
belum dicoba mudah mudahan cocok dipake anakku,4,0
sangat bagus dan dapat memudarkan jerawat dalam waktu singkat,5,0
"bohong!! kemarin di live kaka siapa gitu dpt 2pcs, ini yg datang 1pcs aja lho",4,0
barang sdh sampe ... exp masih lama . semoga cocok di kulit aku,5,0
"barang sampai dg selamat, ini order ke 2x dan cocok di wajahku, sudah cerahan🥰",5,0
repuces berkali keli deh dengan serum yg satu ini 🤩🤩,5,0
"good, semoga cocok di muka aku",5,0
"baru coba semoga cocok dan ada perubahan, pengemasan aman bngt bngt terimakasih",4,0
sudah coba...sejauh ini bagus banget..melembabkannya okay bgt..recomended,5,0
sangat baguss,5,0
barang sudah sampai... semoga cocok... 😍😍,5,0
baru nyampe tadi pagi semoga aja bagus dan barangnya ga ada kerusakan sama sekali 🥰,5,0
"paket udah dateng, baru mau nyoba semoga cocok,, klau cocok neck order lg",5,0
"baguss bgt, dapet di harga 56 ajaa",5,0
bismillah smoga cocok baru pertama kali pakai..,5,0
barangnya udah sampai semoga cocok yaa mciwww,4,0
sudah diterima. smoga cocok dan keliatan hasilnya. thanks ya kak,5,0
"puassslah dapet harga yg murahh.. syuka belanja di sini banyak vocer diskonnya, dan di jamin keasliannya sukaa..thank you tiktok",5,0
"datengnya lumayan cepet, ngepacking nya aman bangetttt",5,0
"aaaaaa ga nyangka bakal cocok padahal maju mundur bgt beli inii, suka bgt plss 💗💗",5,0
bagus sesuai ekspektasi 😻✨,5,0
"yeayy akhirnya yg ditunggu"" datangg, baguss bangett",5,0
"bagus, barangnya sesuai terimakasih 🙏🏻",5,0
bru pertama kali coba smoga ngaruh buat pih,5,0
bru prtma kli coba sih tp lmyan bkin agk cerahhan sdkit,5,0
"keren, emang bau nya aga aneh ya",5,0
setimnya bagus dapat harga promo,5,0
"semoga cocok yh doainn, nnti klo cocok gas co lagii",4,0
"barang nya udah sampe👍🏻☺️, belum di coba semoga kulit wajah aku ada perubahan setelah pakai serum ini, terimakasih 😍",5,0
sukak banget lucu worth it bangettttt+adminyaa ramahhh bangettt sukaaa🤍😻,5,0
"barang sudah sampai, semoga bisa cocok dengan kulit💖💖💖",5,0
"sampe nyaa cepet bgt, akuu belum coba si semoga aja cocok 😻😻",5,0
barangnya sesuai dan aslii belom di coba sihh tapi aku harap di aku cocok,5,0
"brngnya smpe dengan aman,baru kli ini pkek,semoga ccok😭🙏🏻",5,0
barangnya ufh sampe mudah2an cocok dan beneran bagus biar bisa order lagi,5,0
paket nya sudah sampaiii... belom di coba. semoga serum nya bagus dan cocok di kulitqu.,5,0
ckepp poll buat nyerahin sm mudarin bkas jrwat,5,0
"cakeepp polll, baru pemula mau pakee semoga cocok, terimakasih kakk🙏🏻😍",5,0
banyak yg riviuw klo serum ini bisa menghilangkn bekas jerawat semoga ccok d aq dan bisa bli lg,5,0
baru pertama kali beli semoga cocok di kulit wajah aku...biar bisa co lagih di sini...,5,0
"bagus ,semoga cocok",5,0
memang gacor produk glow bomb ini udh jadi langganan saya🤩,5,0
untuk yang kedua kalinyaaaaa🤭 benerbener bikin cerah ke mukaa yeee❤️❤️❤️,5,0
"kecewa sih karna yang di pesen serum, yg datang moisturizer 🥲",1,0
semoga cocok nanri kalau cocok di testi pembelian selanjutnya,5,0
"bagus, langsung menyerap dikulit semoga cocok yah nanti bisa order lagi",5,0
baru pertama nyoba semoga aja cocok nanti beli lagi,5,0
"pengiriman cepat,ini pertma x coba semoga bekerja dengan baik yaa di mukaku",4,1
"semoga cocok ya allah , aku pejuang kulit kusam yg pengen cerahan . aku ber nadzar jika aku cocok dengan produk ini aku akan repeat order",5,0
"bagus produknya tapi blum coba, baru pertama kali semoga cocok",5,0
nice banget serum nyo buat kulit muka mantep,5,0
pengemasan baik packaging aman ada bubble wrap pengiriman cepat produk sesuai,5,0
bahan: bagus manfaat produk: untuk wajah jenis kulit: semua jenis kulit,5,0
"dr bentuk nya jg bagus bgt elegan, dan di lengkapi bubble wrap, murah bgt cm 20k kalo di tempat lain udh di atas sgtu,",5,0
"brg yg kami pesan sdh kami terima dlm keadaan yang baik, pengiriman terhitung cepat, packing termasuk baik, pelayanan & respon toko pun baik. terimakasih 🙏",5,0
udh lama pake produk ini n cocok nemu ditoko ini harganya murce exd masih lama,5,0
"alhamdulillah dpt produk ini dengan hrg yg murah bgt, dan pengiriman yg cepet banget. makasih seller baik. sukses selalu yaa 🙏💖",5,0
"isinya banyak, bakalan awet bgt ini, blm di coba sih, semoga cakeeppp ⭐️",5,1
sy sangat suka krna produknya sesuai dgn yg digambar,4,0
yey pngriman super kilat bagus bestieeeeeeeeee gx nyesel beli disiniiii,5,0
"bagusss dann orii yaa, terjamin semoga amanah selalu mwahhh",5,1
"baguss banget, packaging nyaa juga aman banget, kardusnya ga penyok. sunscreen nya jugaa ga bikin abu abu dan ga bikin kusam, cuma untuk kulit berminyak kayanya kurang co...",5,0
"asli, pas siang dilihat masih di jakarta eh sore-sore udah nyampe di rumah 😭. gak ada rusak sama sekali, bagus banget. exp juga masih lama 👍🏻",5,0
packaging nya rapih bubble wrap nya tebel jadi aman dan pengirim nya cepat,4,0
bagus bangettt tekstur nya rada cair tapi ringan dipake,5,0
"paket nya sudah datang, packaging nya sangat rapih dan kotak nya tidak ada penyok",5,0
"sudah sampe dg selamat dan beneran 40 rb dpet 2,,thanks",5,0
pengiriman cepat pengemasan rapih oke banget aman deh barang sesuai rekomen bgt deh toko ini amanah,5,0
"bahan ringan cepat menyerap dikulit, baru bbrp hari pakai semoga cocok ya, ga timbul jerawat dan lain nya. .",5,0
barang sampai tepat waktu tidak ada lecet manfaat produk: melindungi dari sinar matahari,5,0
bagussa kemasann nyaaa rapih juga packaging nyaa tapi sunscreen nya belum tauu cocok atau engga di mukaa ku baru pertama kali cobaa soalnyaa overall baguss sih,4,0
"paketnya udah datang, pengiriman cepat biasa 3 hari, ini cuman 2 hari langsung nyampe, pengemasan bagus dan sangat rapi, seneng banget beli 2 hanya cuman 20.000 karna dpt...",5,0
kardus nya penyok dikit si..tapi gpp ini cmn gbut,5,1
"pas dateng agak penyok sedikit tp aman sih, makasi seller smoga bener",5,1
"cocok sy pk merk ini. harga nyaman d kantong. safety, bungkus nya rapi dan tebal thx",5,0
"bahan: kosmetik manfaat produk: suncreen jenis kulit: semua jenis kulit prodknya sesuai yg dpesan, tanpa ada kekurangan dan semua lengkal. double buble wrap buat sunscren...",5,0
baru pertama coba ternyata top di muka ringan bgt..kemasan rapi dn super aman..kurirnya juga garcep,5,0
"paling suka belanja d toko ini, sangat amanah sekali, kemasannya rapi, sukses belanja ya kk",5,0
paket sampai.pengiriman cepat harga murah tp kualitas bagus.,5,0
"tekstur nya ringan dan ss nya wangi banget!, cuma pengiriman nya agak lama.",5,0
"ini yg ke 2x nya make, bahannya gmpang d serap..",5,0
pengemasan nya bagus si tapi sunscreen nya bocor,3,0
"bagus banget, udh langganan make sunscreen ini, emg se-enak itu woyy...you have to try, aku suka banget..",5,0
"pengirimnya cepet banget😭😭, bagus jg aku suka",5,0
"yg dijual mbanya sama yg di kirim ke saya ko beda ya,udah gitu texturnya encer🤔???",5,0
sesuai pesanan terinaksih seller sudah amanah,5,0
"this implora sunscreen is good to protect our skin from uva and uvb, good scent. more important things is its so affordable.",5,0
"barang ori, ss paling murah tapi tidak murahan.",5,0
"bahan: yang sebelah kiri itu beli online baru sampe dan yang sebelah kanan aku beli dari indomaret, antara kiri dan kanan itu beda banget itu yang baru co itu kw atau ori...",1,0
ini bagus bisakah saya bekerja sama memasarkan produk2 implora,5,0
"baguss bangett ss nyaaaa,sukaa bangett arna nya baguss kaya kelihatan mahal padahal murang bgtt,aku dpt hrg 24rb,pengiriman standar",5,0
paket sudah sampe.pengiriman rapih n aman paket bubble warp.semoga aja cocok semua d aku,4,0
bahan nya ringan gampang diserap dan cocok oleh kulit kering aku dan melembabkan,5,0
kemasan produk bagus. semoga cocok buat kulit muka utk perlindungan dari panas matahari. kalau cocok bisa berlanjut pakai produk ini.,5,0
"produk aman, gaada kerusakan, kualitas original. bakal langganan beli ss disini. thank u seller.",5,0
"bagus bangett, packing barang nya amann bangett",4,0
produknya original packingnya super safety pengirimannya juga cepet exp-nya masih lama thanks you saller and kurrir!,5,0
"bagus bangett cuyyy cepet bgt pesanan sampai pedahal baru kemarin co, ditqmbah lagi emang ccok sama barang nya",5,0
alhamdulillah barang nya udah sampai bagus banget dapat harga 19rbu 😋 packing rapi dikasih bubble wrap juga,5,0
"sebenarnya ada video unboxing nya, cuma nih tiktok shop cuma bisa kirim foto kagak video. utk barang oke dibungkus make kardus dan bubble wrap.",5,0
packaging nya aman pake kerdus kecil dan bubble warp,5,0
"brg ny sesuai dg yg kita pilih, di bungkus dg rapi👍🏻👍🏻👍🏻",5,0
"jenis kulit: normal cenderung berminyak ini bagus banget, ga bikin kusam ke muka, ga ada whitecast, thank uuu💗💗",5,0
ss nya enak gk dempul kaya air gampang di bl..harga sangat murah,5,0
"biasanya kalo jajan skincare di olshop tuu malesnya bungkus nya penyok² ga masalah si tapi kurang puas aja, inimah alhamdulillah jarang² dus nya aja masih bagus banget",5,0
"pengirimannya cepat, kemasannya mantep, kardusnya juga nggak peot (?) wkwk aku pake ss ini mantep sih. ini murah dan orang orang kayaknya masih nggak percaya ss ini emang...",5,0
"pengiriman nya cepat, barang nya tidak ada yg lecet sedikit pun💯❤",5,0
baguss paket nya rapi amann semoga cocokk buat ke sekolahh tapi pengiriman nya lma gpp lah,4,0
"cuma saran aja sih, buat segel yg safety, biar tau produk ori. agak khawatir oplosan. thanks..",4,0
masyaallah tabarakallah terimakasih pengiriman nya cepet barang nya aman karna packaging nya pake kardus+bubble wrap berkah buat seller nyaa dimudahkan usahanya aamiin✨,5,0
packaging aman paket juga sampe tepat waktu makasii 🥰🥰,5,0
jenis kulit: cocok buat kulit kering kayak aku,5,0
bahan: lembut manfaat produk: melindungi kulit dari paparan sinar matahari jenis kulit: normal,5,0
multifungsi untuk wajah kering dan sensitif,5,0
"paket sampai dengan selamat tidak ada yang cacat ss bagus banget ringan banget di muka, suka deh pokoknya, harganya juga murah",5,0
kaget kirain palsu ternyata kemasan baru😭,5,0
"bener bener bagus, gampang nyerapnya dan ringan bgt dipakainya",5,0
bagusss👍🏻tapi kok tutup tube nya miring ya😭😭apa emang miring gatauu soalnya pertama kali pake implora ss 😭😭 tapi yg overall baguss yg lain nya,4,0
packaging nya lucu bgt tekstur nya creamy hasil nya jadi matte gtu wangi nya enak kaya bedak padat untuk dimuka belom coba sih semoga cocok untuk sy yg oily skin,5,0
"bahannya ringan dan cepat meresap, mantap👍",5,0
"baru sekali pemakaian,ringan banget sih, kirimannya capet banget",4,0
"alhamdulillah udah sampai, terima kasih seller, boxnya agak penyok dikit tapi dalamnya aman kok",5,0
baguuus paking rapi isi nya pun banyak bgt beda waktu dulu sy beli di toko yg lain kardus rusak isi sedikit tp ini mah rekomended bgt deh 🥰,5,0
"product benefit: ampuh di aku sebagai sunscreennya, formulanya ringan dan gampang nyerep",5,0
barang nyampe sesuai dengan orderan... dipacking dengan sangat rapi dan aman .. terimakasih seller...terimakasih kurir,5,0
"bagus, teksturnya gampang di blend, hasil nya matte, bagus nuat oily skin",5,0
knp segelnya di ganti solasi? apa memeng dri pihak tokonya atau gimana?,4,0
"bahan: kemasan bagus, okee dan pengiriman juga okee lah👍",5,0
"packaging aman, kurir ramah. alhamdulilah cocok, semoga sampe seterusnya cocok, baru pemakaian ke 2",5,0
bahan: cair manfaat produk: melembabkan jenis kulit: semua kulit,5,0
"produknya ori, pengiriman cepet banget thxx",5,0
"barangnya sampai, karna pesan sekitar malam minggu, jadi sampainya baru hari selasa sore. packing an aman bubble wrap nya tebel",5,0
"packaging oke aman, repurchase yang ke 2x hehe",5,0
"seneng banget produknya sampai dengan lengkap dan aman, dapet free blushnya juga🥰",5,0
harga murah tapi original bangettt.... terimakasih,5,0
barang ori dan dpt hrga yg joss sekali...maksih min♥️,5,0
"cepat pengiriman nya, sesuai pesanan.... packing nya super rapih n aman.... sukses selalu buat toko nya n tik tok",5,0
"sunscreen nya ringan banget, ga ninggalin white cast. bagus, terimakasih.",5,0
"mantap sudah berulang kali belanja di tempat ini selalu amanah pertahankan, dan pengemasan jga sangat rapi dan aman. thanks lacos pertahankan.",5,0
"whort it banget untuk harga segitu, ukurannya sedang, blm dicoba siih, tapi semoga cocok :d",5,0
baru mau coba semoga cocok jenis kulit: normal manfaat produk: melindungi dari sinar matahari,5,0
"barangnya sesuai, eks aman. tapi sayangnya, kemasan prduknya ada yg cacat. jadi pas di pincet keluar lewat bawah, bukan lewat tutup.. 🥲 pengecekan produk lebih detail h...",3,0
bagus itk kecelatan pengiriman dan kualitas profuk di dalam semgoga cocok untuk saya,5,0
tube ke dua pake ss ini. lumayan ramah di kantong,5,0
"pengirimannya cepat, ss-nya gampang di bland",5,0
"pertama kali pake smoga cocok yaa. wanginyaa enak bgt ternyata kaya biskuit gtu, packing aman.",5,0
barang sesuai pesanan pengemasan bagus dan aman terima kasih,5,0
"aku beli lagi udh 2 botol, bagus bngt, pas buat muka yang berminyak",5,0
"packing rapi, pengiriman cepat, barang sesuai, abang kurir ramah",5,0
"pengiriman cepat packing aman pol, bubble wrapnya berlapis lapis",5,0
"barang sydah tiba,sesuai pesanan,pengemasan bagus",4,0
awal cm nyobain punya anakku ternyata enak dipakenya wangi.. jd ikutan beli juga..🤭,5,0
mang dah cocok pake ini sih paketan juga cepet nyampenya,5,0
"udah nyampe,,serius se rapi itu packaging nya..mantaapp trims..auto langganan",5,0
"semua pesanan komplit , pengemasan aman bgt, pengiriman jg cepat.. bakal jd langganan udah 2x co disini.. mksh seller & tiktok",5,0
mksh ka paket udh nympe sllu suka produk n pngirimannya insyaallah next order lg 🙏🏻🤗🌹,5,0
baguss!! barang aman packaging tebell pengiriman cepettt,5,0
"bagus bnget, pengiriman nya juga cepet, semoga cocok yaa😘",5,0
"puas banget sama pelayanan toko ini, fastrespon, gk order kardus d kasih kardus, barang sesuai pesanan , bakal order lagi, recommended banget pokok ny",5,0
baunya enak dan ringan bgt mudah di blen di muka,5,0
"barang cepat sampai, packing sangat safety!",5,0
bagus... tapi kalau buat kulit berminyak sebelum pake sunscreen nya jangan pake moisturizer biar ga terlalu becek,5,0
bahan: 𝙨𝙪𝙣𝙨𝙘𝙧𝙚𝙚𝙣 manfaat produk: 𝙪𝙣𝙩𝙪𝙠 𝙢𝙚𝙡𝙞𝙣𝙙𝙪𝙣𝙜𝙞 𝙠𝙪𝙡𝙞𝙩 𝙙𝙖𝙧𝙞 𝙨𝙞𝙣𝙖𝙧 𝙪𝙫 jenis kulit: 𝙨𝙚𝙢𝙪𝙖,4,0
"alhamdulillah sudah sampai pengiriman cepat, exp date 2029 best 😍",5,0
"suka sama tokonya, packing bener aman pake buble wrap luar dalam... pengiriman jg cepat. mksh seller",5,0
"packing rapi, pengiriman cepat, semoga cocok",5,0
"pengiriman cepat sekali, barang aman keren deh pokonya",5,0
baru coba sunscreennya dan aku suka. tokonya rekomen juga. gak perlu ragu belanja disini ya gaesss,5,0
"agak kaget pas datengnya 2 soalnya prasaan pesen 1, pas diliat ternyata saya yang emg pesan 2 😁",5,0
"baru pertama kali coba ss implora ,semoga cocok dan gak bikin kusam....",5,0
sesuai pesan dan pengiriman nya rapi dan cepat sampai... sukses terus 👍,5,0
bahan: melindungi muka dari sinar ultraviolet,5,0
alhamdulillah paket sudah datang kemasan rapih bgt harga nya murah poko nya top dah bintang lima 👍👍👍👍👍👍,5,0
"bagus kaya biasanya, bikin glowing trus lembab suka bangettt",4,0
paketnya sudah sampai..sunscreen nya bagus finishing nya bikin glowing muka dan bikin muka cerah ga dempul 👍👍💯🔥🔥,5,0
"rekomendasi bangett, ngga whitecast di kulit akuu",5,0
"alhamdulillah sampai dg selamat, packing nya aman poll berlapis²",5,0
"tengkyu toko nya amanah, pengiriman nya juga cepat.",5,0
produk implora emang udah cocok banget sama aku... tadi nya aku cuma pakai sunscreen nya aja tapi kupikir² lagi ku lengkapin aja dh biar gk kumel muka ku kalau keluar......,5,0
"nympek dgn selamat,kemasannya aman dan rapi,bkln jadi langganna",5,0
"mantaaaapp semoga cocok sama saya, pengiriman nya cepet packing nya juga bagus rapih",5,0
pengiriman sangat cepat dan barang sesuai. terima kasih,5,0
barang sudah sampai di rumah pengiriman lumayan cepat barangnya sampe dgn selamat packaging bagus rapi josjis!!!!,5,0
"packaging nya super aman, mantapp",5,0
the best deh pokonyaa👌👌👌😁 cocok banget di kulit ku,5,0
"barang sampai dengan aman, dan sesuai orderan. kurir nya jg baik.",5,0
"sudah terima. makasih, pengiriman cepat, rapih packaging nya 👍🙏🌹",5,0
"maaf baru bisa kasih ulasan,, barangnya bagus ok dapet dikon pula",4,0
first time mau cobain semoga cocok yaaa🥰🥰🥰🥰,5,0
tekstur nyaa mudahh bngtt di blendd trs jugaa after nya ga bikinn kusemmm btww pengirimann nyaa cepet bngtt woiii,5,0
"alhamdulillah paket nya udaa nyampe,dan packingan nya rapih bangett🥰, bentuk sunscreen nyaa lucuu bngtt🫰🏻🫰🏻,sesuai expetasi pokonya",5,0
ori rilllllll gaisss gada whitecase juga masa keren bgtttt🤩🤩🤩 wangi lagiii mau nangisss😭😭😭😭😭😭😭,5,0
sesuaiii packingnyaa jugaaaa amannn bgttt,5,0
cocok bgt pake sunscreen dari implora love bgtt🤩🫰✨️,5,0
packing nya rapih bgt woiii mana cor beton jadi aman😁,5,0
worth it to buy! packingnya super aman pake bublewarp👍🏻,5,0
"barang realpic.cepet nyampenya,kurirnya dah langganan.makasih🙏🙏",5,0
"cepat sampainya,, dapat harga 11ribu 🥰",5,0
"semoga cocok deh ya, sebenernya bisa aja aku kasih bintang 4/5 cuma gasuka banget sama pengirimannya lele banget mau seller mau kurir",3,0
"sunscreen nya kaya wangi yg pernah dicium di wewangian bayi' gituuu, sukaak deh",5,0
"bagus banget, packaging nya aman banget",4,0
"baru pertama kali coba, smoga cocok yaa sama aku, packing nya super duper rapih 🫰🏻🫰🏻",5,0
paket sudah saya terima dengan keadaan baik. next bakal order lagi di toko ini karena penjual amanah.,5,0
"barang sesuai dengan pesanan, thx seller 🥰",5,0
"bagus, packaging rapi dan cpt sampe",5,0
"bagus produk nya, cocok dimuka juga",5,0
suka cocok sama kulit aq yang normal,5,0
"barang nya udah nyampe,sukaa banget sama produk ini",5,0
sudah terima 2 pcs ** ** ** *** *** ** ## ### ## ## $$$ $$$$ %%%,5,0
sangat bermanfaat untuk melindungi kulit dari kekeringan,5,0
kaya nya bagus belum pernah coba soalnya tapi liat review bagus semua,4,0
"cepet bgt sampainya!! bagus, terimakasih!! skin type: combination",5,0
"brg sdh sampai , br mencoba semoga cocok, thanks seller",5,0
"bagusss bngett, sesuaii pesenan 😍😍😻😻💗",5,0
barangnya sesuai kurirnya juga ramah,4,0
gk perlu di ragukan lagi..dah top bgt,5,0
"barang sudah sampai dengan selamat , tidak ada kerusakan",5,0
"pengiriman cepat💐 semoga cocok, trimakasi!",5,0
baru coba implora smga cocok dikulit,4,0
"pengiriman cepat, good👍🏻👍🏻👍🏻",5,0
"bagus kok, orii.. pesanan sampe cpet, pesen kemaren skrg udah dateng ajaa. thankyouuu",5,0
"produk original, paket sampai dengan aman dan dipacking bubblewrap tebal serta dimasukkan ke kardus, jadi produk tidak rusak.",5,0
"ringan di muka, ga bikin panas juga, murah, dan bagus juga. bakal jadi langganan disini deh..",5,0
"pengiriman cepat banget, gak rusak di bagian packing an nya, aman",5,0
barang nya sesuai dengan pesanan terimakasih 🌼🌼🕊️,5,0
"bagus pengiriman cepat ,semoga cocok",5,0
"baru kasih ulasan krn pengen tau hasilnya dulu. ternyata produknya ringan saat dipakai di wajah, gampang meresap ga white case, mudah diblend,cocok untuk kulit wajah ku y...",5,0
"bahan: bagus,ketika di pakai dingin2 dan tidak lengket",4,0
bahan: bahannya lembut gampang nyerah k kulit cocok sm kulitku yg berminyak,5,0
"sukaa bgt order disini, packing nya pake bubble wrap tebel bgt jadi barang nya aman semua gak ada yg pecah atau bocor. makasih seller🥰",5,0
bahan: creamy manfaat produk: untuk anti uv jenis kulit: semua jenis kulit,5,0
"packing rapih , pengiriman cepet , tapi kenapa ya sunscreen nya dipake panas apa karna kulit saya? atau gimana? soalnya baru pertama pake sunscreen implora hehe",4,0
"bagus banget produk nya, pengirimannya juga cepat, pelayanan nya juga ramah",4,0
produk original dan sesuai padahal harganya murah dibanding toko lain,5,0
"mantul banget, enak dijadiin sunscreen di bawah make up!! oil controlnya nyata banget, ga bikin makeup cpt longsor. bakal jdi andalan banget udh mah murce pula",5,0
manfaat produk: sesuai pesanan,5,0
jenis kulit: semua jenis kulit ringan dan nyaman di pakai,5,0
uwawuwauwuwauuwawuwawuwawuwauwauwuauwuauw,5,0
bagus ringan di pake nya,4,0
"bagus bgt , sukaaaaaaa bangettt 😻😻😻😻😻",5,0
"toko nya amanah alhamdullilah paket gak lecet atau rusak bgus dah ,aku berkata benar beli disini aja",5,0
"bahannya ringan, cocok di jenis kulit saya",5,0
"sesuai, semoga ga bikin kusem yaa",5,0
bahan: sesuai deskripsi manfaat produk: melindungi dari paparan sinar matahari jenis kulit: semua jenis kulit,5,0
"aaaaaa bagus banget cocok dikulit aku,g bikin kering jenis kulit: kering",5,0
packing an nya rapih dan barbereape nya tebal sangat bagus dan tdk ada kendala apapun cpt banget sampai nya,4,0
"bahan: belum tahu manfaat produk: dapat melindungi kulit dari paparan sinar uv a dan uv b, mencerahkan kulit dan noda bekas jerawat jika rutin, mencegah timbulnya jerawat...",5,0
"barang ya bagus ,barang ya engga ada yang rusak ,barang ya sesuai sama pesanan saya",5,0
manfaat produk: melindungi kulit dari sinar matahari dan terasa jdi lebih kenyal jenis kulit: segala jenis kulit termasuk acne juga bisa pakai,5,0
sukaaaaaa bangedddd lov dapettttt harga 13ribu aaa seneng,5,0
jenis kulit: semua jenis kulit manfaat produk: mencerahkan wajah bahan: bagus,4,0
"bagus banget, packaging juga aman. barang sampai dengan aman dan cepat 👍",5,0
packaging nya oke pake bubble wrap + box juga aman banget,5,0
"sumpah pas barangnya dteng excited bnget🥺🥺, soalnya packaging nya rapih, kardus nya g ada yg penyok, pkknya best lah, pengiriman jga cpet, tq❤️",5,0
"udah datang dong,mudah2an keren dan glow'up ke wajah,makasih min dan tiktok",5,0
pengiriman cepat+kurir ramahhh ⭐⭐⭐⭐⭐,5,0
bahan: lembut d wajah manfaat produk: kulit wajah twrasa segar jenis kulit: cocok untuk kulitku yg kering,5,0
alhamdulillah mudah²an cocok biar bisa langganan🤗🥰,5,0
produk y bagus cpt pengirimany tetap waktu makasih maa kurir,5,0
"kualitas pengemasan bagus,pengiriman cepat",4,0
"bagus gk whitecas, dan gk bikin kulit kusam",5,0
manfaat produk: menjegah d sinar matahari jenis kulit: smua jenis kulit,5,0
my favorit sunscreen ringan di pake ga lengket recomend banget,5,0
"bguss,pertama x pakee,semoga cocok",4,0
baagus jenis kulit: untuk kulit berminyak juga cocok,5,0
enakk di apply cocok buat muka kering udah abis 4 botol,5,0
"kurirnya ramah dan baikkk. packingnya aman and rapiii jugaa sukaa, barangnya dateng dengan kondisi baik. ga nyangka bakalan dapet sunscreen yang bagusss banget dengan har...",5,0
suncreen merk implora ini dipake nya lgsg ngeblend..dan tdk perih dimata,5,0
"sesuai pesanan. pengemasan maximal bagus, rapi dan aman.",5,0
manfaat produk: banyak sekali manfaatnya bahan: lembut,5,0
barang nya bagus dan pengiriman barang nya cepat 👍,5,0
"packing rapih, barang cepat sampai, barang pesanan sesuai tdk ada penyok samsek",4,0
"rekomendasi buat kulit berminyakk, dan tentunya harganya sangat murci cocok untuk pelajarr",5,0
manfaat produk: good bahan: good jenis kulit: good,5,0
sesuai pesanan terimakasih pengiriman cepat,5,0
"bagus sesuai pesanan, udah berkali kali pake suncreen ini emng cocok banget di kulit aku yang kering jadi lembab meratakan warna kulit juga",5,0
packaging nya super amann bgt ga sempet foto pokonya the best lah,5,0
"paket udh sampai dan mendarat dg cantik, pengiriman cepat dan kurir ramah jg udh langganan,jdi besty. slalu nyaman pake ss implora ini. next pngen order lagi. trimakasih...",5,0
"baguss barang nya tidak ada kerusakan apa pun, cocok di ak 🤩 nex order di sini lgi deh 😁",5,0
"cukup ringan dikulit, untuk ketahanan lumayan, yg jadi plusnya ga bikin berminyak di aku😆",5,0
bagus banget untuk kulit yang berminyak wajib beli sih untuk yang suka keluar rumah pokoknya bagus banget dah jangan lupa beli 👍🏻,5,0
"entah udh brp byk bli produk ini, cocok bt sndiri n anak",5,0
ckep bngett ss nya gada kerusakan sama sekali semoga cocok y min,5,0
"buat kulit aku yang berminyak parah, ini bagus bgt sihh. wanginya ngga ganggu, pokoknya cocokk!!",5,0
"aman barang utuh, barang di bungkus dengan baik, kurir baik",5,0
"bagus,rapi juga packingnya,sesuai di gambar juga,makasih..👍👏",5,0
"cocok di wajahku yg kering, sekarang jadi agak lembab & terlindung dari paparan sinar matahari.",5,0
"bagus sekali, gak white case teksturnya cair",5,0
"suka banget sama packaging nyaaa. tingkat keamanan 100000000/100, terimakasih juga sudah menyertakan notenya min",5,0
pengiriman cepat ori,5,0
produknya oke. sesuai. tapi saya ga suka sama kurirnya. kurang sopan dan ga sabar. kalau bisa untuk kurirnya diganti kalau saya pesan lagi.,5,0
barang nya baguss cocok jugaa+sesuai sama di gmbar,5,0
"barang dah sampai cepet banget sampenya,,kurir juga ramah,,,moga cocok biar bisa order lagi",5,0
bagus bngt cocok di kulit aku bikin glowing,5,0
"kalau dari ingredients ok, packing ok, overall makasih sudah amanah kak.. berkah selalu untuk usahanya. aamiin. 🖤",5,0
"ini bagus banget, packing nya juga rapih, aku sukaa!!!! intinya mah 1000/1 hahahaha",5,0
sunscrean nya bagus banget apalagi dapet harga promo beli 2 harga nya cuma 37.900 udh 2kali beli dapet diskon terus pokok nya debest deh,5,0
barang sudah sampai dan dikemas dengan sangat rapih dan baik,5,0
"produk orii, pengiriman jg secepat ituu, cuma ini tube sunscreen nya asimetris aja siih, tp yaudalah gpp karna emg resiko mau barang diskonan 😭 thank you!",5,0
pengiriman cepet bgt dan packing nya aman bgt,5,0
"bgus, bkin cerah, bisa ngilangin belang kulit sama hati kalian🥰",5,0
"packingnya aman bgt, pengiriman cepat. dan barangnya bagus",5,0
"ya,lumayan tpi kalo di kulit ku agak kusem jenis kulit: kombinasi",4,0
"cepattttty bngeeeeeeeeeeeet sampe,, packingnya jga bagus dan aman. hargaaaaaaaaaaaaaaaaaaaaaaaaaanya jga bguuuuuuuuuuuuuuuuuuuss. makasihyaaaaaa.... rekomendasi deh beli...",5,0
bagussa polll packaging nyaaa sangat sangat amannnn,5,0
alhamdulillah pesanan sesuai trimakasih seller🙏🙏🙏,5,0
selalu suka dengan produk ini..,5,0
"sesuai pesanan, belum dicoba semoga saja cocok, packingnya rapi bgt bubble wrap nya doublee walaupun cuma sunscreen doangg, thanks seller tetep amanah yaa💗💗",5,0
"pengiriman cepat, triple keamanan, pokoknya rekomd belanja disini, harga juga murah karna lagi diskon🤭",5,0
bagus dan sesuai pesanan hargaa nya juga oke,5,0
"bbrp kali co disini cepet bgt sampenya, ekp jg masih lama best lah",5,0
udah coba beberpaa hari. baguss. nyerap dengan cream rutin yg biasa sya pakai. malah buat wajah cerah ternyata👍👍👍👍,5,0
pkemasan rapi dan pengiriman cepat.. good. 👍,5,0
original. tengkyu!,5,0
packingnya rapih pakai bubble warp dan kardus,5,0
"maaf ga sempet foto, tapi goodjob banget buat semua nya 🥰🥰🥰🥰",5,0
"barang bagus, cepat nyampe...cocok dikulitku",5,0
"bagussssss bgtt, dteng dengan selamat packing ny jg bagus ko, jgn raguuuuuuu untuk beliii",5,0
"semua produk yg dpesan sesuai dan bgus2, nanti psan lagi d toko ini👍🏻",5,0
mantappp psanan mendarat dngan semangat.psanan cpat kurir ramah,5,0
"sdh dtrm dgn baik,cpt dtg nya baru 3hari apa 3hari dh dtg,mksh seller n kulir",5,0
demi apapunnnnn cocok banget dikulit aku apa lagi habis di pake kaya semi mate bakal beli lagi,5,0
bagusssssssssssssssssssssssssssssssss,5,0
maap baru kasih komentar untuk produk nya aku suka banget kapan2 mau beli lagi,5,0
"bagus bgttt. ga whitecast, cepet deliverynya, paketnya amannn",5,0
dapat mencerahkan dan ada tone up nya bagus bangett,5,0
"barang telah d terima,pengiriman cepat,sesuai deskripsi",5,0
suka bgt..murah barang asli,5,0
udh pke ini dari lama cocok bgt buat oily skin,5,0
baru nyoba karena ba nya lyodra 💗 moga cocok,5,0
gilaa ini toko safety parah.. cepett dan murah bggtt gakuatttt.. syangnya tiktokshop udh tutup hiksss,5,0
"ngiriman nya cepet, bagus sukaa🥰👌👌",5,0
"semoga cocok, pengiriman lumayan cepat",5,0
barang bagus packing aman mantap deh🫶🏼🫶🏼🫶🏼,5,0
pengiriman ekspress .. udh hampir 1 th pake ini . alhamdulillah cocok,5,0
tukar maaf barukasih nilai barang ok pukknya ok deh ...,5,0
"pengiriman lumayan cepat, produk ori",5,0
sesuai sama yang di foto tanpa lecet,5,0
"barang aman sampai tujuan, baru pertama kali pake sunscreen dari implora semoga cocokk😍",5,0
"bagus, aga lama ya soalnya malem datengnya tpi gpp, kurirny rmh btl",4,0
"bagusss bangetttt produknya, langsung lumer di blend trs ga lengket dan murah!! mwah pokoknya!",5,0
jenis kulit: kombinasi manfaat produk: sebagai sunscree,5,0
"terimakasih banyak kak,, barang datang dgn selamat,kemasan jg ok😍",5,0
barangnya nggak datang atau nggak di kirim sedangkan saya pesen 2 barang yang datang cuma 1 itu pun barang nya tidak sesuai yang di pesan,1,0
bguss gaada yg lecet,5,0
packing rapih barang aman selamat kurir udh langganan,5,0
sesuai pesasnan barang nya cepet sampai💯,5,0
"bagus, pengemasan rapi",4,0
sesuai pesanan terimakasih seller..,5,0
barang di terima dgn baik udh 2 hari pake alhamdulillah cocok,5,0
se suka itu dama sunscreen implora enak top bgt pokoknya,5,0
"packing nya rapi,bible warp nya tebel",4,0
"barangnya udah sampai, aku belum coba, tapi kata kakakku ini bagus banget, pengirimannya juga aman bangett",5,0
"bagus,tidak lengket,gampang menyerap",5,0
barangnya sesuai dengan digambar semoga setiap aku mesen disini selalu amanah,5,0
"mks prodak ny sdh sampai dengan selamat kurir ny jg ramah, makasih y",5,0
"murah,, dan emang cocok sihh",5,0
"pengiriman nya lumayan lama, tp barang oke",5,0
"paketan implora nya sudah sya terima, semoga cocok di kulit wajah sya 🙏",4,0
"akuuu sukaa bangettt hehe, emang sebagus ituu 😍",5,0
"paket datang dgn selamat. baru pertama kali coba, semoga cocok!",5,0
murah sih..cocok di anak aku yg msh remaja,5,0
seperti biasa produk aman sampai ditangan,5,0
jenis kulit: semua jenis kulit,5,0
bagus aku cocok di kulit sensitip jerawat kombinasi,5,0
cepet banget sampe nya seneng banget sih ❤️,5,0
"belum pernah coba smoga cocok dikulit akuu,packing rapii",5,0
"cepet bgt plissss nyampeenyaa. baru kemarin order, hari ini udh samoe lagi. makasih seller. wajib repeat order!!!",5,0
gak nyangka sunscreen imploran bakal sebagus ini di muka aku,5,0
sampai dateng aman gk ada yg robek dan peking nya pakek kardus👍👍👍,5,0
"baru pertama nyoba, moga cocok",4,0
"harga murah, pengiriman cepat",5,0
"baguss, cepat, amann packaging nya",5,0
bahan: sunscreen,4,0
produknya ori semua cuyy dn murah meriah,5,0
alhamdulillah udh nyampe paketnya ... kurirnya ramah,4,0
kak ss nya ringan bangett aku suka banget lovyu buat sa implora dehh🤩♡♡,5,0
cuma pesen ginian aja tp packingnya luar bisa aman wkwk terimakasih yaa❤️,5,0
packingan nya baguss banget pokoknya lovee bangett dehh🤍🤍,5,0
sesuai pesanan baru mau coba semoga cocok,5,0
pliss pengirimannya cepett bangetttt💯,5,0
"barang bagus, lama pengirimanya dr tgl 26 baru nyampe tgl 2 agustus respn pe jual jg lama",1,0
dpt harga promoooooooooooooooo😜,5,0
bagus packing amann dan premium,5,0
bgus sesuia pesanan cepet lgih datangnyah kurir ramah ok dej,5,0
"produk sesuai, pengiriman nya cepat",5,0
mksh sis dh nyampe pketannya bgus sesuai pesanan,5,0
"suka bangettt, teksturnya lembut dan wangii☺",5,0
paket udh sampek semoga cocok!!🎉,5,0
packingnya bagus bangettttt,5,0
sesuai minus bpk paketnya jutek,5,0
suka bangett sama ss ini bakal jadi ss favorit aku sii💝💝,5,0
"pesananny sampai dengan aman, tapi di kulitku bikin close komedo, tipkul kombonasi",2,0
"produknya bagusssse z,👍👍👍👍👍👍👍👍🥰🥰🥰🥰🥰",5,0
manfaat produk: mencerahkan,5,0
alhamdulillah produk sangat bagus banget,5,0
waktu co dapet harga promo jadi langsung gass beli 2 wkwk... mantapp,5,0
bru mencoba,5,0
cocok banget di kulit ku yang oily,5,0
selalu suka dengan sunscreen implora.,5,0
baru nyampe paketnya semoga cocok,5,0
"kesekian kalinya, selalu puas belanja di @lacos beauty . terima kasih 🙏",5,0
alhamdulillah barang nya udah nyampe 🥳,5,0
"bagus bangeeeeeeeeeet, semoga cocok ya di muka gue. 😁",5,0
"nyampenya cepettt bgtttt ga nyampe 2 hari,pengirimannya aman bgttt 😩😩😩🙏🙏🙏",5,0
barang nyaa sampai dan juga sesuai,5,0
sampe dengan aman tidak kurang apapun,5,0
harga nya murmer manfaat produk: bagus,5,0
"pesanannya sesuai, terimakasih👌🏼☺️",5,0
bahhahisbsvshsjsjksisishshjsjsjsjjsvshhdhdisisjjdhdhdjdjs,4,0
pengiriman cepat baramg dang sampai dengan aman,5,0
"udahh makee dari duluu, jadi percaya bangett sama sunscreen ini. untuk paketnya sampai dengan aman",5,0
pengiriman sgt cepatt.. paket sampai dengan aman😻thnkyoouuu,5,0
sudah sampai semoga aja cocok ya,5,0
udah sampe pesenan nya mudah2an cocok...terima kasih seller terima kasih abang kurir...,5,0
sukaaaaaaaaaaaaaaaaaaaaa bangett5t5ttttttttttttttttt,4,0
packaging nya cakeppp aman bgtt dehh,5,0
nggak akan pernah mengecewakan kalo repeat order disini,5,0
mantap.... kurir baik sudah langganan👍,5,0
"barang samapai dengan aman , baguss",4,0
"udah baguss, murah lagi❤😍",5,0
"dah sampaii, barang sesuai pesanan",5,0
makasii karena datang nya aman banget,4,0
sunscreen nya baguss bangettt sukaa😍💗,5,0
bagus bgt ss wangi maaf telat kasi ulasan,5,0
bagusss bangettt asliii,5,0
"baru pertama beli,,mudah²n cocok🤗",5,0
bagus banget 👍👍👍👍👍👍👍👍👍👍👍👍👍👍👍👍👍👍👍👍,5,0
terimakasih sudah mengirim pesanan dengan baik,5,0
terima kasih seller,5,0
paket nya udah sampai terimakasihhh,5,0
paket sampe dg aman ex jg lama 2028,5,0
mantap saya dapat expired sampai 2027,5,0
cepet bangettt pengiriman nya,5,0
pas datang tempatnya udah kebuka,4,0
paket dateng dengan selamat pengiriman cepat terims,4,0
sudah di terima dan pengirimannya cepat.,5,0
bagus dan cocok nyaman,5,0
"baru nyoba, semoga cocok dimuka sy",4,0
bagussss banget produkkk nyaaa,5,0
paket sudah datang.. pesanan aman..,5,0
pengirimannya cepat bgt ❤️,5,0
suka sama produk ini,5,0
"wangiii bangett plisss ,sukakkkkkkkk🤩🤩🤩",5,0
sesuai pesanan 👍👍,5,0
juaraaa...🤩🤩🤩🤩🤩,5,0
w beli milk cleanser 200ml dikasi 100ml,1,0
pemgirimannya cepat,5,0
"realpick bat dah... aman semuanya,thx🤍",5,0
bagus pakek banget ⭐💯😘,5,0
bgussss 10/10,5,0
cepet bgt datengnya ✨,5,0
produk ori mkshh😍,5,0
fast respon pengirimannya🤩,5,0
pokokna woke mantap,5,0
pemgiriminnya cepet,5,0
barang bagusssss,5,0
"alhamdulilah gapernaa kecewa belanja di toko ini, next order lagi!!",4,0
"belum dicobain,moga aja cocok",4,0
pengiriman ny cepet dan bagus,5,0
"bagussss, orii, wangii, kurir ramahhh",5,0
oke pwol belom dicoba tapi pengiriman guudddd,5,0
alhamdulillah barang aman👍👍👍 terimakasi yaa lacos beauty,5,0
"barang sampai dengan selamat, makasih seller 👍🏼",4,0
bagus cepat sampai dan murah,4,0
baru mau coba,5,0
"bagus, no white case",5,0
brangnya bgusss sesuai,5,0
packingnya mantep banget. aamaaaan,5,0
mantap is the best,5,0
"barangnyaa sudahh sampee,amann koo makasihhh",5,0
barang sampai dengan aman👍,5,0
bagus semua produk,4,0
gak white cast sama sekali. top,5,0
paketnya udah nyampe 🥳🥳🥳,5,0
udah smpe mbk paketnya...makasih...,5,0
bahan: implora spf 40 pa++++,5,0
blm dicoba produknya tpi brangnya aman,5,0
great product!,5,0
mantap sih mudah²an cocok,5,0
cocok dan sesuai pict,5,0
barang sesuai bagus,5,0
bagus lah,5,0
"barang sudah diterima, terimakasih untuk hadiahnya",5,0
belum di coba,4,0
cocok di muka aku aku udah beli 2× di toko inii makasiiiii,4,0
mantap 👍🏼,5,0
bagus & cocok,5,0
sukaaaa bangett,5,0
manfaat produk: untuk melindungi kulit dari paparan sinar mataharii,5,0
mantul paketan sampe,5,0
sudaaaahhhhh... nga tau brp kali order...terimakasih seller.. terimakasih kurir yg baik,5,0
bagusss,5,0
👌👌👍,5,0
jenis kulit: berminyak,5,0
semoga cocok,4,0
asli,5,0
🫶🏻🫶🏻🫶🏻,5,0
manfaat produk: bagus,5,0
manfaat produk: bagus,5,0
ok bgt,5,0
"bagusss, pengiriman cepattt👍👍",5,0
sesuai produk,5,0
bagus cocok,5,0
"baguss banget, maacii",5,0
udah nyampeeeee thanks yaaw,5,0
cepett bngt dteng nya,5,0
manfaat produk: mantap jaya,5,0
bagus sesuai pesanan,5,0
"baru beli mau coba dulu kalo cocok kita beli lagi, semoga serasi dikulit saya, bagus kok pemaketannya, tidak ada yg rusak rapi juga , terima kasih 🙏",5,0
baru abis sepaket jalan yng ke 2 hasilnya masyaallah 😍😍😍,5,0
cinta bat sama si pink satu ini😍🫶🏻 udh mau jalan dua paket dan bener bener mantul bat hasil nyaaa🫶🏻cus guys buruan di order ga nyesel pokok nya,5,0
"first time cobain produk gloglowing smg cocok yaaa, konsultasi sm owner nya emg bener' fast respon bgtttttt+packaging jg jgn diragukan lg hheee🥰🥰🤗",5,0
packingnya oke. tpi moist pecah kaget bnget pas buka moistnya udah kecampur ama beling😭😭🥲🥲🥲🥲🥲klo bisa moistnya ganti aja pake plastik juga ky day dn night creamny...,3,0
produk nya ori dan kualitasnya bagus nice bu owner🥰🥰,5,0
"baguss,wangiii😍 nanti saya kirim hasil nya gimana",5,0
"suka banget sama produknya, baru kali ini mau nyoba yang paketan karna sebelumnya pake basic aja udah cakep banget, semoga cocok😇🥰",5,0
pemakaian pertama semoga cocok yaaaa pasti bakal langganan hehe,5,0
ini first time nyoba cocok engga ny nnti balik lgi perbarui ulasan,4,1
"udhh beli 2 kli , lumayan lh ad perubahan",4,0
"udah habis 5paaket tapi kok masih muncul jerawat yaaa,apa saya salah pilih dosis yaa,tolong dong admin kasih solusi udah boncoss bangetttt nihh tp masih jerawat muncul😭�...",4,1
"admin nya baik bangettt,pengirim nya juga cepett bngt😘❤❤",5,0
sesuai pesanan .semoga cocok baru pertama kali coba,5,0
"pengiriman cepat, semoga cocok ya baru pemula soalnya",4,0
sesuai pesanan semoga cocok di aku🥰🥰🥰,5,0
"bahan: premium manfaat produk: mencerahkn kulit wajah semoga cocok bru pertama coba jenis kulit: normal,berminyak",5,0
baru pertama kali cobak semoga cocok di kulitku hanya saja agak kecewa barangnya pas sampai ada yang rusak kardusnya penyok dan tonernya tumpah tinggal setengah botol😭�...,4,0
uda paket ke 3 cocok dia aku bikin kulit makin glowing dan cerah😍😘 manfaat produk: membuat kulit lebih cerah dan glowing jenis kulit: normal,5,1
"alhamdulillah paket nya sesuai dgn pesana saya ,",4,0
"semoga cocok di wajah aku yaaa,nanti aku bakal update kondisi wajah aku selama 1 bulan pemakaian kyak gimna,nitip before wajah aku sebelum pakai glowglowing, nanti ku aka...",5,0
"aku baru pertama kali pake skincare paketan, alhamdulillah ini cocok di akuu😍✨✨ fix bakal beli lagi manfaat produk: mencerahkan, menyamarkan noda hitam, menghilangkan be...",5,0
"paket smpai dengan aman , tnpa kurang satu pun . blum dicoba bru pertama kali beli nnti blik lgi aq spil hsilnya yaa . kurir baik dan ramah . terimakasih seller bahan: l...",5,0
"baguss, barang cepat sampe👍🏻",4,0
barang sesuai baru pertama kali pakai smoga cocok d aku manfaat produk: mencerahkan jenis kulit: normal,5,0
puji tuhan produknyaa sesuai dan tidak ada yang rusak semuanya dalam keadaan bagus terima kasih seller dan mas kurir,5,0
paket nya udah dateng bagus banget sesuai sama harapan.dan ini pertama kali nyobain semoga cocok.kalo cocok bisa datang ke rumah 🤭,5,0
pertama order semoga cocok di muka saya😍,5,0
"baru pemula,uda tak pake 2 minggu allhamdulilah cocok diaku bikin glowingg pula",5,0
udah habis 1paket hasilnya lumayan dah ada perubahan semoga makin lancar rezekinya ya barang juga semua ori kok thx you 😍,5,0
baru pertama kali nyoba semoga cocok 🤗 jenis kulit: berminyak bahan: lembut,5,0
"barang datang dengan aman ya, semoga cocok baru mau pemakaian pertama😉",5,0
manfaat produk: .blm tahu baru pertama jenis kulit: sensitif,5,0
"bismillah cocok, pengiriman cepat barang aman",5,0
"awalnya pakek emang bruntusan dulu , tapi aku sabar aja , ni udah mulai halus juga muka nya , sengajaga juga kasih ulasannya nunggu berapa hari , mau liat perubahannya ,...",5,0
"maaf bru ksih ulasan, pket ke 2x 🥰🥰 bnr² bgus bgt nightt cream sama day cream nya semoga toko nya lancar terus dan berkah selalu sukses terus buat gloglowing🤍❤️‍🩹❤️‍...",5,0
sayang bgt harganya mahal bgt...kmaren ps sdh co harga ambyar di live...emm yaa sdh yg penting asli gk pp meski sdikit mhl yg penting bpoom,5,0
"paketnyaa mantep bangettt lohh , packingnya aman gada yg rusak pengirimannya super cepat banget kurirnya ramah langganann jugaa 😄🥳 apalagi klo kena cahaya beuhh mantep...",5,0
jenis kulit: normal berminyak semoga cocok di aku ya,5,0
udah dateng moga cocok pakejing nya rapi,5,0
aku baru make semingguan ini udh keliat putih soalnya kulit aku berminyak dan ada flek hitam dikit sekrang udah gk terlalu berminyak dan flek hitam juga udah hilang pdhl...,5,0
"barang sudah saya terima kaka semoga cocok diwajahku yang kusam, merah, komedo, bekas jerawat dan berminyak ini. ini aku kasih foto sebelum pemakaian.",5,0
wihh paket nya sudah dateng udah nyoba beberapa kali udah cocok sama produk ini the best sekali 😇😊,5,0
"paket nya bagus banget,barang nya sampai ketempat dengan aman.",5,0
baru aja pemakaian 3 hari udah se bagus ini😭😭😭 tunggu skincare ku habis aku co di sini lagi 😘,5,1
manfaat produk: mencerahkan melembabkan bkin glowing jenis kulit: oily dan ada bekas jerawat bahan: aman ga panas cekit2 d kulit wajah,5,0
ini uda paket ke 2 lumayan cerahan sekarang makin glowing juga,5,0
"kemasanya lucuu warna pink dan wanginya jga buah , semoga aja cocok d kulit saya",5,0
bagus sekali nyatu di kulit aku bagus sekali deh pokoknya 😘😘,5,0
"paket ke 3, bagus bngtt sumpah😍 btw yang afternya udah jalan 3paket yaah",4,0
"bagus, first time semoga cocok, klo cocok aku pasti langganan",5,0
"alhamdulillah paket udah sampai,, produknya dibungkus rapi,, baru pertama kali coba semoga cocok🤭☺️",5,0
kog punyaku yang satu warnanya kek gitu ori gag ya tapi belinya disini,5,0
jenis kulit: berminyak bagus pakcgic ny gk ada licet sma sekali,5,1
"baru nyoba, baguss hasilnya semoga aja cocok 🥰🥰",5,0
paket ke 2 .mau d rutinin smoga makin keliatan hasilnya,5,0
"paket nya udah sampai ini paket yang ke2 kalinya,ada satu tapan nye bonyok tapi gak papa yang penting isi nye ☺️ 🫶🏻",5,0
baru nyampe kemaren. dan lngsunnyoba skincare an pas mlm.. dan gong bngt pas paginya liat muka kenyel+ cerah 😭 mo nangis akhirnya dapet yg cocok sm kulit aku yg badak in...,5,0
"alhamdulillah barang sudah sampai dengan slamat, pliss saya suka banget sm produk ini good lah pokoknya.",5,0
"paket aman,belum di coba si masih nunggu 1 minggu semoga cocok",5,0
"bismillahh masih pemula semoga cocok😍🥰 jenis kulit: berminyak,kusam,susah cerah",5,0
"semoga jodoh sama skincare nya, udah cape banget ganti ganti skincare mulu tapi gada yang cocok🥲",5,0
baru pertama kali coba dan moga cocok di aku,5,0
sangat puas dengan produknya aku jalan 2 paket ini semoga cocok trus 😍produk aman tidak lecet sekalipun,5,0
"maaf baru kasih ulasan,soalnya saya coba dulu dan ternyata sebagus itu ya gloglowing🥰bikin wajahku gak kusam lagi dan cerah pemakaian 2minggu udah kelihatan cerah dan te...",5,0
"mksh sdah dteng barangnya, sesuai... & amanah bismillah smoga cocok 🙏🏻🥰",5,0
"bru make wkwk,tpi udh keliatan bagus nyaaa🤏 jenis kulit: kusem,susah putih",5,0
paket aman peking rapi tapi kok beda sama facel was nya apa emang kalo paket 3 kaya gini ya soalnya baru pertama kali beli kalo essence tulisan nya lebih jelas tapi cre...,4,0
"alhamdulillaah semoga cocok sama cream ini m,sy udh pake selama 3 hari alhamdulillaah perubahannya bagus banget. kalau makin glowing aku dan ada rejeki pasti udh setia di...",5,0
barang sampai dengan rapi tanpa cacat sedikitpun kurir pun sangat ramah saya suka pelayanan mereka 🥰🥰,5,0
"baguss, tapi sekali jatuh langsung pecahhhh😭",5,0
bahan: premium manfaat produk: mencerahkan wajah dan glowing jenis kulit: berminyak iki paket yany ke 2,5,0
"barang sesuai deskripsi, bisa buat langganan",5,0
bahan: semua nya baguss pokok nya smoga cocok di aku. bakal pesan lagi,5,0
maaf kak aq kasih bintang 3 dulu nanti kalo udah ada hasilnya aq kasih 5 bintang kak😄produknya bagus sesuwai harga pegemasanya juga bagus .,3,0
"hihii akuu udaa sempett belii yang basic, karnaa baguss akuu co lagii tapii baruu sekarangg soalnyaa harganya gaa pelajar friendly ☺☺",5,0
"realpic , kemasan rapi semua d segel 1 1 pkoknya mantul . pgriman cepat",5,0
titip foto sebelum pemakaian..pembelian k 2 aku spil lg hasil nya semoga cocok,5,0
"udah dateng biasanya kalo udah nyampe bagus aja kemasannya, tapi ini essence nya bocor udah abis sisa 1/4 tan",1,0
paket ke 2 lumayan ada perubahan sedikit semoga cepet glowing 🥰 pemakaian paket ke 2 semoga cocok dan cepat glowing hihi supaya langganan sama glo glowing ❤ jenis kulit:...,5,0
jenis kulit: normal manfaat produk: glowing,5,0
"pertama pake yang basic udah cocok, sekarang yg dosis 3 kinclong bismillah semakin bagus dan cocok",5,0
bagus tapi day cream nya kok nggak ada lebelnya ya,5,0
bru pke 3 hari muncul bintik2 apa memang awalnya bgni🫠,1,0
bru dtng barang nya dn pertma kali beli moga aja cocok di muka aku .. aku ksih bintang 5 krna paketan ku smpe nya cepet.. untuk reviu jujur nya nnti aku spil ya,5,0
kuntii bogell ternyata mini sekali tpi gpp si yang penting efek ngaruh nyaa,4,0
kak di bio kemasan tutup pink yg datang kok putih emng baru ya kemasannya?,5,0
"baru pertama kali pemakaian, semoga cocok",5,0
barangnya sudah sampe datangnya tepat waktu,4,0
mantap barang ori semuaaaaaa. udh 2x order disini🥰,5,0
ini dy crem luminos kok beda ya kemasan nya sama yg day crem luminos+ bantu jawab saya takut ini yg kw 🥺🥺,4,0
"paket sudh sampai dengan selamat, ini pertama kali pakai semoga cocok manfaat produk: mencerahkan jenis kulit: normal",5,0
mudah mudahan cocok dan keliatan hasilnya,5,0
"jenis kulit: berminyak, kusam, flek bekas jerawat paket pertamaku di glo glowing semoga cocok pindah pake glo glowing",5,0
pemakain baru 3hari🥰semoga cocok nanti kalau cocok beli lagi,5,0
bahan: smg cocok manfaat produk: mudah di blend krim siangnya jenis kulit: komedo beruntusan kulit badak testi tgl 5juni nanti aku kembali lagi dgn kondisi berbeda atau s...,5,0
paket sdh sampai dengan aman da rapih... makasih untuk sellerny... maaf bru smpat ksh ulasan 😁,5,0
"maap banget ini mah baru ksih ulasan biar bisa bandingin muka nya ,muka gue jadi beruntusan trus tmbah berminyak,gua beli buat menghilangkan bukan buat nambah berminyak d...",2,0
"alhamdulillah sampe, semoga cocok pertama kali pakai, packingannya baguss dann tapii😍😍😍",5,0
"bagus, cuma ada yg pecah kemasan creamnya",3,0
"gilaa sih packing nya rapi, produk nya mantulll bett harga segitu dapet nya segaban😭",5,0
"smoga cocok ya,krn baru pertama make skincare ini",4,0
"pengiriman cepat, packing aman, order yang kesekian kali🥰",5,0
"paket nya udh dtng otw paket ke 2, sukses terus dan lancar terus buat toko nya pokok nya the best buat toko ini 😇🙏🙏😍",5,0
"paket nya datangnya cepet, packingnya rapih juga, terima kasih amanah selalu,",5,0
"plisss baru pertama kali pake semoga aja cocok,btw kalo boleh tau ini dipake kapan saja yaa??",5,0
"walaupun harusnya co daycream no plus gapapa yg pntg bgsss😭 manfaat produk: mencerahkann jenis kulit: kering, berminyak di area tertentu",4,0
alhamdulillah paket pertama saya semoga bisa cocok seperti orang² amin..,5,0
paket ke 2 udh keliatan hasil nya,5,0
baru dibuka malah ada yang rusak wkwk kacau😂,3,0
alhamdulillah cocok dan bagus di kulit wajah,5,0
bissmilahhh cocokk yaaa aku banyak mikir banget sebelum beli takut ga cocok pertama kali pake paketan setelah pake basicc😭💋💋🫰🏻🫰🏻,5,0
order kedua x.. udh hbis 1 paket bekas jerawat udh mendingan,5,0
barangnya sudah sampai semoga cocok tapi sayang 1 krimnya peccah donk🥲,4,0
"sesuai pesenan tpi nyesel mesen ny jtu udah kemas mlhn bu owner nya live udah mana harga nya anjlok bgtt, tp gpp mahl pun aku ttp cinta sma produk glowglowing 😻krna bgus...",5,0
alhamdulillah paketnya sudah sampai cara pekingnya jga rapi dan semoga cocok di aku,5,0
"semoga bekas jerawat hilang dan wajah cerahan, soalnya kemarin order basic jerawat agak mendingan",5,0
"jenis kulit: bruntusan, belum dicoba. semoga aja cocok karna gk pd kalo ada jerawat",5,0
paket sampai dengan cepat dan sangat aman. terimakasih seller 😍 sudah order dan pemakaian ke 5 paket 🔥,5,0
berharap cocok udah capek gonta ganti skincare,5,0
"pertama kali nyoba skincare ini, mudah mudahan cocok di wajah àku, udah capek gonta gànti krim wajah😞",5,0
bedaknya meledak sampe tutup kemasannya pecah,1,0
"udah dtng,kmren coba yg dosis 1,tapi ga cocok,skrng coba yg dosis 3 semoga cocok🥰",5,0
"cocok bngt, mana reseller nya baik bngt minta night cream 2 jadi cream siang ganti mlm ishhh luvv pokonya🫶🏻😚😍",5,0
baru percobaan pertama klau cocok nnti beli lagi,5,0
"baru pemakaian 3 hari, smpai saat ini alhamdulillah gak purging, smga cocok yaa oh iyaaa klo boleh saran adain pouch nya pliss, spya lebih enteng gak kececer hehe",5,0
baru pertama kali coba semoga cocok deh ya di mukaku yg sulit putih,5,0
"suka banget aku jalan 2 paket udah ada perubahan, bakal langganan sihh 💕",5,0
sudah habis 3paket bukan tambah glowing tapi tambah kusem+hitam ini paket yg skrng 2pkt yg sblm ny wadahny udh ku buang huhuuu😭😭,1,0
"paketnya sudah sampai dengan selamat, semoga cocok sama kulit akuuu,, terimaa kasihhhh😍",5,0
beli yang ke dua kalinya semoga hasilny sesua ekspetasi🤲,5,0
"first time pake gloglowing setelah mncoba basic, pindah ke dosis 3 smoga cocok yaa💗",4,0
"ini kemasan udah lama kayak nya, bau toner nya juga menyengaat, di cek bpom nya juga gk muncul. kek nya ini gak bpom atau produk palsuuu",1,0
"paket sudah d terima,toko sangat amanah ini pemesanan yg pertama,semoga cocok d aku ya min,pengiriman cepat klau cocok next order lgi ya",5,0
"ini udah pjett ke 2,andd brng nya aman""aja,pengriman juga lumayan cepet",5,0
pengiriman cepat dan aman ori juga,5,0
bagus sudah bpom isi nya 6 aku coba dulu semoga cocok di wajah kalo cocok beli lagi,5,0
alhamdulillah sudah sampai semoga cocok and tidak ada kendala,5,0
"yuhuuui pket kedua nich, smoga mkin glowing wajahh akuu 😍💗",4,0
"paket kedua di toko ini, amanah, kurir ramah🫠",5,0
semoga cocok yaaaah next beli lagiii🫶🏻🫶🏻,5,0
"udahh datengg, belom dicobaan gegara mau netralin wajah duluu, awalnya takut mau coba skincare ini, tadi tetel memberanikan diri buat coba, dan akhirnya co yg ini dehh, s...",5,0
"packing nya amn bnget, baru 2 hari pake semoga cocok di akuu😍",5,0
barang sdh datang aman dan semogah cocok d mukak qu ☺️,5,0
"bagusss bangettt sumpaa😍 gauusahh raguu mau belii,langsung co ajaaa 😍😍😍",5,0
"alhamdulillah paket udh smpai paket , semoga cocok.. nitip ya wajahku pemula, klo ampuh glowing ak balik lagi. trimakasih 🙏",5,0
enak dipkenyaa n lmbut wangii halus,5,0
aku baru make mudah2an cocok packingan nya aman,5,0
"baru nyoba pakai si, smoga aja cocok yaa",4,0
alhamdulillah sampai.baru mau coba semoga cocok diaku..sama nitip foto sebelum makai gloglowing☺️,5,0
sudah habis 5 paket cocok banget,5,0
suka bgt. . btw ini 2 nya lg di kamar y gaes. yg kefoto cmn segitu doang,5,0
barangg nya bagusss dan peking anya juga rapi 🥰🥰🥰,4,0
realpict🥰 semoga cocok di aku soalnya baru pertama kali belii 🤏🏻,5,0
"bagusss🤩🤩 pink"" gtuu lucukkk,wangi jugaaa😍😍",4,0
"udh pket yang ke 3, smoga makin sehat kulitku dan semakin glowing",5,0
"udah ke 3x nya pake ini, cocok banget",5,0
first time nyoba semoga hasilnya memuaskan,4,0
semoga cocok d kulit ku termakasih bonus nya,5,0
sesuai pesanan jangan lupa chekout gesss 🤩,5,0
"baru mau coba, bismillah semoga cocok☺️",4,0
sesuai ak jg udh masuk pkt ke-3 ini,4,0
"pket sudah datang kak dengan selamat,,ini emang gada day creamnya atau emang salah packing ya kak kok night cream ny 2 gaada day creamnya?",5,0
semoga cocok baru nyoba pertama kali🤲,5,0
"barang datang dgn baik , semoga cocok di akuu biyar co lagii ✌️🤭👍",5,0
"hatii2 ya klo bli,sya udh bli mahl2 nunggu lama,tapi yg dikirim barang palsu,klo lht live nya di tutup nya kya ada gambar,giliran sampe pket nya,yg dikirim malah palsu,to...",2,0
udh habis 2 paket emang se baguss ituuu 👍👍,5,0
"aku kasih bintang 4 dulu ya. karna baru mau nyoba, semoga aja cocok dikulit aku",4,0
beli sepaket malah yanh di kirim day semua gimana sih ini kalo gini bisa tanggung jawab ga?,1,0
sukaaaa bgttt😍😍peckingnya sangattt rapiiii semogaaa coco ya next bakal order lagi,5,0
barang yang di tunggu² datang juga meskipun salah pilih dosisnya,5,0
barang bagus sesuai di aku cocok,5,0
bismillah allahummashollialasaiyidina muhammad cocok aamiinn🤲,5,0
"bintang 4 dulu, nnti klo bagus cocok balik lagiii",4,0
baru pertama nyoba semoga cocok,5,0
orderan 3 hasil nya bagus bangett,5,0
lucuk wangi mcam escrim🤏 blm di cba bismillah smoga cocok,5,0
semogaaa cocok buat owner bagussss packingnya baguss pink,5,0
alhamdulillah paket sudah sampai sesuai pesanan. paket k 3 kali nya.,5,0
terima kasih kak sudah di kirim dan diantar paket nya pakingan nya aman kak☺️🙏smga cocok dikulit ku🤭🙏,5,0
"paket ke 2, alhamdulillah cocok di wajahku🥰",5,0
"bangus bgt ni skincare, tquu minn❤️‍🩹❤️‍🩹🥰🥰😚",4,0
katanya pengirim atas nama dkt tapi apa..?,1,0
ini gimana pesen nya 2 paket kok yg dtg cuma 1 paket,1,0
semoga ccok ya diaku aku lagi pertama kali soalnya hehe ❤️,5,0
baru mau pake satu paket semoga cocokkk,5,0
thank you seller suka banget dech... next order lagi🫰🏻🫰🏻🫰🏻🩷🩷🩷,5,0
baru pertama kali pakai semoga aja cocok😁,5,0
"baru pertama kali, semoga cocok💗",5,0
baguss sesuai sama yang dipesan 😍,5,0
"paket aman packing rapih , terimakasih",5,0
paket sudah datang... q kasih bintang 4 dulu ya kak soalnya baru pertama kali nyoba..kalo cocok lanjut beli lagi,4,0
pengiriman cepat dan sesuai☺,5,0
bahan: creamnya gak lengket gampang di blen manfaat produk: mencerahkan sekaligus bikin muka glowing jenis kulit: cocok dikulit aku yg susah putih,4,0
baru pertama pesen mudahan cocok,4,0
kecik bgt 😭,4,0
"bismillah aja cocok nnti klo udh ada prubahan aku balik lgi ksi bintang limaa 🥹🗿,baru aja tadi nyampe , kemasannya lcu bgttt,semoga aja cocokk",4,0
bakal langganan terus makasih gloglowing makin cintaaaaaaa,5,0
bagusss bangettt review jujurrr😘😘😘,5,0
alhamdulillah pket nya udah sampe kmaren dengan harga 282 rbu udah di coba smlm alhamdulillah cocok,5,0
sesuai cocok nnt aku spil hasilnya beberapa minggu kedepan. so kalian jngn ragu lagi kalok mau co produk ini. baru pertama pake ajh udh ada hasil nya apa lagi pake bertah...,5,0
"bahan: bau'y harus wangi'y enak manfaat produk: blm tau, baru mau coba jenis kulit: berminyak",5,0
paket nya sudah datang semoga cocok,5,0
manfaat produk: bisa mencerahkan,5,0
semoga cocok🥰 respon admin sangat ramah dan membantu,5,0
kemasannya lucu baru nyobak semoga cocok,5,0
terimakasih sudah langganan disini,5,0
paket amanah sesuai dengan yg di fto next order lagi🥰,5,0
jenis kulit: kusam berminyak biasa manfaat produk: bisa mengurangi kulit kusam dan berminyak produk nya sangat amat baguss😍😍,5,0
baru mau coba nanti kalau ada perubahan aku balik lagi,4,0
"barang ori, tapi toner nya tumpah tolong dong packaging ny lbih safety lagi yaa😣🙏🏻",4,0
"barang nyaa sangattt bagusss sekaliii, buat kalian yg pemula jan takut takut nyobain produk inii plisss inii bagus bangett aku baru pake 2 hari udah ada perubahan bener b...",5,0
semoga cocok ya baru pertama beli nanti aku kasih tau before after nya,4,0
"suka banget barang cepat sampai, packaging aman, sesuai",5,0
sumpah gw cuman habis satu paket langsung cerah dan kinclong,5,0
kok yg datang ini ya?.. nangis bngt kecewa berat💔😂,1,0
"baru pertama coba moga cocok,pekingan rapih sesuai di foto",5,0
"paketnyaa sesuaiii,kurirnya kurang ramah",5,0
masi beli semoga cocok 🤗 semogaaa cocok,5,0
paket yg ke2 emng mantul bnget,5,0
sudah paket ke 3 cocok banget,5,0
pertama kali nyoba semoga cocok❤️,5,0
bagusss manfaat produk: mencerahkan kulit jenis kulit: normal,5,0
pertama kali nyoba semoga cocok🥰,5,0
baru coba.. semoga cocok,5,0
alhamdulillah cocok dengan produk yang 1 ini🥰sudah beli yang ke sekian kalinya,5,0
smoga mkin cerah dan glowing 🥰🥰,4,0
"produk aman, semoga cocok di aku",5,0
manfaat produk: mutihkan jenis kulit: normal bagus,5,0
pinky pinky kesayangan akuuuuu💕💕💕💕💕💕,5,0
mendarat dgn aman packingannya rapi semoga cocok di wajah ku 🤍🥰,5,0
sudah pemakaian yg ke 5 hari lumayan bagus namanya juga proses kan...sebenarnya mau buat ulasan 1 minggu tp gak apa² sih...dia aq aman² aja cuma belom ad perubahan ya lan...,5,0
"pengemasan agak rusak, tapi alhamdulillah barang nya selamat",5,0
bahan: baguss banget suka deh😍 jenis kulit: berjerawat dan berminyak,5,0
baru pertama nyoba semoga cocok,5,0
alhamdulillah udah sampai.. ini paket ke 2 pake ini,5,0
semoga cocok ya baru mau coba’ hhe,4,0
"barang sampai dengan aman, semoga cocok💗",5,1
paket nya baru sampe baru nyoba semoga cocok,5,0
suka dengan produk ini....alhamdulillah sudh pemakaian beberapa kali hslnya cocok...flek saya juga sudh memudar...,5,0
pemakaian h-4 muka langsung cerah dan bersih😭😭🤎🤎🤎,5,0
"baru seminggu pakai hasil udh lumayan bgus bgt apalagi make berbulan"" 💋",5,0
allhamdulilah pengiriman cepat dan amanah baru paket pertama semoga ccok di aku neks before dan after one day cumn pake dulu fw sama moisturizer udah kelihatan bgini hasi...,5,0
alhamdulillah akhirnyaaa bisaa kesampaian beliii skincare gloglowing🥹💗 paketnyaaaa udaaa nyampeee belommm akuuu cobaaa mogaaa ajaaa cocok diaa akuuu🙆🏼‍♀️🙆🏼‍♀️,5,0
"alhamdulillah bangett banyak perubahan,beruntusan lada hilang,bekas jerawat ilang,dan makin cerahh🥰🥰🫰",5,0
bagus bgt bikin bersih alhamdulilah yalloh ahkirnya nemu yg cocok,5,0
difotonya ada day cream nyaa kokk malahann gaadaa sihh inii gimnaa inii?penjelasnnyaa,2,0
"produk berkualitas, gaya kekinian, produk sesuai yg dipesan",5,0
bagus sih.. kalo pemakaian awal kusam dulu ya semoga udah habis 1 paket ada perubahan.,5,0
baguss bangett ihh aku baru pake pertama kali langsung bagus di kulitt pokok nya baguss dehh emg glowglowing ter favorittt ihhh,5,0
"sengaja baru kasih penilaian pengen liat dulu hasilnnya,baru seminggu pake lumayan udah ada perubahan,merah merah jga mudar tapi mash ada jerawat on of tapi ga lama langs...",5,0
cepet bgt dtangnya sukses selalu ya seller makasih mamang kurir juga,5,0
"baru pertama coba,,semoga cocok👍",5,0
"ga perlu kasih ulasan bagus apa ngga ya, pasti bagus aku uda pake 3 paket jangan di tanya lg💗💗💗💗💗💗💗💗💗💗💗💗",5,0
"terimakasih paket mendarat secepat kilat , paket yg kedua ini smoga cocok trus",5,0
"paket datang dengan selamat tidak ada kerusakan,belum dicoba semoga cocok",5,0
"manfaat produk: blm dicoba jenis kulit: kasar,kusam,komedo,kulit tidak merata",5,0
dari awal launcing ini produk cock di aku dlu sempet ganti eh malah break out skrng netap sm skincare ini aja🥰🥰 luv bangett buat produk ini,5,0
secinta itu sm goglowing udah kelihatan hasilnya smg sll cocok🤲🥰🥰🥰,5,0
"baru pertama kali, semoga cocok",5,0
"skincare favorit ak udh lama make ini gk pernah berpaling pokokny, bagus bnget pokokny bnyk manfaatny",5,0
bikin kulit jadi lebih cerahan sama bikin glowing jugaa suka bangettt,5,0
belangku jadi hilang bagus banget bikin glowing jugaaa,5,0
bismillah br mau coba mudah2an cocok 🤲,5,0
"sangat membantu untuk mencerahkan kulit wajah, melembabkan kulit dan glowing jugaaa",5,0
baru pertama kali coba semoga cocok👍👍👍,5,0
terima kasih paket nya udah nyampe semoga cocok dan glowing di muka aku,5,0
gatau dah abis berapa paket suka banget dengan hasilnya,5,0
kk maaf ya sebelumnya kok paket ku gk dpt tonernya ya,4,0
"barang sesuai pesanan, packingan rapih mantep pokonya mah🤙🏻🤙🏻",5,0
barang nyampe dengan selamat tanpa ada goresannn baguss bangettt,5,0
"barang nya mendarat dengan selamat pekingan nya rapih baru pertama cobaa mudah""an cocok🤲",5,0
baguss bnget saya udh pke jerawatan nya langsung berkurang mntp bnget produknya,5,0
ini sabun cuci mukanya kemasan ya ganti yaa?,5,0
"bru pertama kali blk gatau ni bgus apa engk , nntk blk lgi kalau cocok",5,0
"paket ke 3 ku pake gloglowing. suka banget, tiap 6 bulan beli lagi..",5,0
"terima kasih banyak,,paketnya datengnya cpt bgt kurirnya jga baik,,ramah bgt. semoga cocok dimuka aku🙏",5,0
"semoga cocok yah, soalnya biasa ya oake basic sekarang mau coba yang dosis 3 bismillah cocok sama kulit",5,0
baru pertama kali coba semoga aja cocok🥰,5,0
jenis kulit: normal,5,0
jenis kulit: normal,5,0
barang nyaa baguss sesuai baruu pertamaa kalii nyobaa semogaa ajaa cocokk yaaa😊,5,0
"alhamdulillah beli lagii yg ke2 kalinyaa, semogaaa cocokkk terusss😍😍",5,0
bagus sampaii semoga ajh cocok🙌🏻,5,0
"lagi otw pake paketan ini, belum terlihat ada perubahan sih, tp utk melembabkan bagus",5,0
pengiriman cepat dan barang sesuai yang di pesan,5,0
"alhamdulillah barangnya udah sampe baru pertama nyoba moda2han bisa glowing, walaupun nunggunya lama☺️",5,0
"udah co yng ke 2 x,kemarin baru nyoba yng basik,sekarang pakai yng 1paket...insya allah bakal langganan terus...",5,0
baru cobain produk nya sih tapi semoga cocok dikulit ku mantap,4,0
cocok udah ada perubahan pemakaian udah habis 2pkt,5,0
baru habis 2 paket sama yg sekarang tapi lumyann ada sedikit perubahan,4,0
"baru sampai . pertama kali pake ini,semoga hasil nya bagus ...",5,0
alhamdulillah udh nyampe semoga cocok di aku maaciwww banyaakkk,5,0
pelayanan kurang baik adminnya pun tidak mau membantu,1,0
"bintang 3 dulu semoga cocok, kalo cocok order lagi ku kasih bintang 5 🥰",3,0
"sangat bagus,, sesuai pesanan 😍 semoga cocok💗💗",5,0
tutup essence nya pecah pas di buka malah kebuang beleber,2,0
masyallah gak rugi beli e hari dah bersih wajah gue best bakalan langganan,5,0
semoga cocok baru pemakaian 1pkt sii sedikit perubahan mh ada lah😅,5,0
baru mau coba semoga cocok ya nanti beli lgi,5,0
"sesuai dengan pesanan, mau nyoba semoga cocok",5,0
produk udh diterima makasih kk bismillah semoga cocok biar bisa jadi langganan,5,0
barangnya bagus semoga cocok diaku baru pertama pake soalnya,5,0
bagus banget makasih pesanan sesuai,5,0
bahannya ringan dan gampang menyerap,5,0
suka banget sama gloglowing skincare ini bikin muka glowing dan cerahh,5,0
"bagus banget sesuai pesanan,semoga cocok soalnya baru pertama kali beli",5,0
jenis kulit: berminyak manfaat produk: mencerahkan dan mengglowingkan,5,0
"baguss bangett,paket nya selamat sampai tujuan",5,0
"barang sudah diterima ,semoga aq cocok ya,",3,0
"bismillah cocok, kenapa facial wash ku gak berbusa ya",4,0
"bagus tpi kurirnya yang pertama bangkak jahat tidak sopan sama pembelinya, saya tidak suka kurir yang pertama, terus di kirim lgi kurir kedua mlah baik kurirnya yang kedu...",5,0
bahan: sesuai,5,0
"mudah mudahan cock di q , baru pertama kali mau pakai",4,0
paket nyampe dengan cepat ini pembelian ke2 di aku cocok banget,5,0
"baru pertama kali pakee glogowing, semogaa aja cocokk 🥹🥹",5,0
kenpa gk putih putih ya abis berapa tuh paket juga 🥹,3,0
paket sudah sampai baru pertama kali coba semoga cocok ❤️,5,0
1 minggu pemakaian,5,0
"alhamdulillah,smoga cocok dikulit aku",5,0
udah nyampe smga cocok soal ya baru pertama,5,0
"paket datang dengan baik,semoga cocok dikulit ku🥰",5,0
"baru pertama kali beli semoga cocok , dikasih bintang 4 dulu ya",4,0
"aslii,pakingan rapii,dan kurirnyaa ramahh",5,0
"maaf baru kasih ulasan,,aku mau coba dulu 3 hri ini,,dan waw,,,aku suka bgt sama cream2 nya,,apalagi cream day nya,,iiihh nyatu bgt sma kulit aku,,jd langganan kayanya,,m...",5,0
baru pertama kali beli semoga cocok,3,0
produkk nya sesuai dan bagusssssssss dan pesanan dikirim lumayan cepettt,5,0
"baru coba,mudahwan cocok packing aman kurir baik",5,0
day cream nya bagus polll bessss,5,0
pertama kali coba bismillah haa semogaa cocok hhii,5,0
paket ny rapi dtg ny brg bgus blm di coba saja,5,0
"ini paket 2 ku lumayan ada perubahan tp aku pake paket 1 bli di klinik langsung sklian perawatan nya,,",5,0
manfaat produk: mencerahkan wajah yang susaj putih jenis kulit: normall,5,0
sesuai pesanan 🥰🥰 bagus sekali 😍😍😍,5,0
gloglowing dosis 3 paket perawatan kulit untuk mengatasi jerawat dan mencerahkan wajah,5,0
manfaat produk: sangat berfungsi,5,0
"baru sampe semoga cocok , nanti kalau ada perubahan bakal balik lagi macihhh",5,0
sumpahh cinta bngttt ama gloglowinggggg😭😭😭😭😭😭 saking mahalnya ak awetin awetin sampe 2 bulanan karna ak anak kost😔 pkknya cntaa bngtttt sm produk iniii🫶 muka ak j...,5,0
kecintaan sama produk ini 🥰,5,0
"semoga cck,,,, paketnya sangat aman sangat rapiii ,,,",5,0
semoga cocok soalnya masih pemula,5,0
"bagus trus mudah di blwnd, smoga cocok pakai iini aamiinn",5,0
makasih barangnya ok dan nyampek dengan bagus. jika kurirnya ridho memang tidak diragukan lagi amanah pokoknya trbaik di j&t gapura cuma ridho makasih ya,5,0
"saya kasih rating 4 dulu ya min,karena baru pemulaa🙏🙏",4,0
pket ke 2 pket 1 belum hbis sih tpi bgus bnget buat stok,5,0
beli paket lengkap gada night creamnya,1,0
udh habis 5 paket ini emg bnr2 ngaruh bgt untuk mencerahkan kulit wajah,5,0
makasih skincare aku udah sampai. aku pengen glowing harus sabar dan konsisten..buat kurirnya terima kasih.,5,0
"baru pertama kali make semoga cocok,,nnti klo ccok bkl beli lagi🥰",5,0
baru prtama kali coba smoga cocok dan jdi langganan 🥰,5,0
"pesanan sesuai, kualitas bagus",5,0
i love thissssssssss ‼️😻😻,5,0
sangat tidak cocok di kulit saya tambah hitam,3,0
tutupnya ga rapet🥲,4,0
masih proses,4,0
mendarat dengan sempurna padahal baru pesen kemaren tpi sekarang dah sampai,5,0
semoga cocok ya di kulit aku🫶🏻,5,0
bagus bikin kinclong,5,0
paket k 3 ini glowing mantap betul,5,0
jalan 3paket🥰😍,5,0
pengiriman sangat cepat semoga cocok biar bisa beli lagi amin,5,0
"ya gak bisa berkata"" ini sangat bgus manfaatnya juga banyak, wangi, lembut, pokoknya baguss bangetttttttt",5,0
cocok!! cakep banget🥰,5,0
"bagusss bangedd day cream nyaa,,,udh paket ke 3",5,0
barang bagus cpt sampai anak pun suka.,5,0
baru mau coba semoga cocok..klau cocok beli lagi,4,0
sudah 5 paket cocok banget,5,1
ngak dapat esence pdhal pertama order dapat tp orderan ke dua sya ngak dapat,1,0
paket sampai dengan aman ya🥰 semoga cocok di wajah aku🥰,5,0
"barang sesuai, packingan juga bagus",4,0
paket yg kesekian kalinya,5,0
"baru pemakaian seminggu muka langsung muncul jerawatan parah, padahal muka aku sblmnya ga pernah jerawatan kek gini, ga recomendedd!!!!",1,0
"baru pertama kali coba smoga cocok, nanti aku bakal co lgi🤩",4,0
𝙈𝙣𝙩𝙖𝙥 𝙥𝙚𝙨𝙖𝙣 𝙮𝙜 𝙠𝙚2𝙭 𝙣𝙮𝙖 𝙜𝙤𝙠𝙞𝙡,5,0
udh jalan 2 paket tapi belom ada perubahan semoga ada dech nanti,5,0
"moga cocok, soaalnya kmrn 2 pket dosis 1 kinclong hheh",5,0
barang bagus,5,0
baru pertama kali nyoba skincare gloglowing semoga cocok di kulit aku ..,4,0
wih bgs bngtt udh ke 3 kalinya emng the beast 😍😍👍👍,5,0
paket ke 3 akuu💗,5,0
sudah sampaii.. trimakasih sudah langganan selalu amanah,4,0
"kedua kalinya beli d toko ini, tp yg kedua paketnya datang tidak sesuai, mosit nya tempatnya putih, serum nya pink pekat dan gak sebesar yg pertama beli, gk sama kayak pe...",1,0
mau di coba dlu klo cocok bakal di ksi bintang 5,3,0
baru mau coba paket aman 🥰🥰🥰,5,0
knp jdi beruntusan gini ke muka,1,0
bismillah semoga cocok🙏🏻,5,0
toko nya ngak amanah aku pesan nya dengan moisturizer eh di kirimnya tanpa moisturizer jujur kecewa sih,1,0
puas bgtt kemasan nya rapi,5,0
barang sesuai semoga cocok,5,0
semoga cocok pengmasan aman,5,0
sukaaa suka bgt sm glowglowing cintaa bgtt akuhh💗💗💗,5,0
produk sangat bagus,5,0
"barang baru sampe , semoga cocok .",5,0
baru pertma mau coba semoga cocok☺️,5,0
"kemasanya cantik, semoga cocok di kulit aku",5,0
bismillah semoga saya cocok amin🤲😘,5,0
semoga cocok yahh di kulit sensitif ini,5,0
baru nyoba siapa tau cocok,5,0
"bagus baru pertama nyoba, semoga cocok",5,0
bikin gatal dan bruntusan skincare jelek!!,1,0
aku udh habis 3 pkt agne sama 3pkt booster konclong masyaallah puass bgt🥰😍,5,0
"barang sudah sampe,peking rapi,tapi blum dicoba,mudah²an cocok sama kulit aku",5,0
pesennya sama moist tapi moist nya gk ada,3,0
semoga cocok ganti paket ini soalnya udah hbs 4paket retinol dosis 2,5,0
semoga cocok ya di aku baru pertama kali bli,5,0
sdh sampai pertama kali nyoba semoga cocok,1,0
"bgus,pertama coba langsung cocok",5,0
aku kasih bintang dua dulu mau coba kalo cocok beli lagi tapi ko serumnya kuning emng ia y kak?,2,0
"alhamdulillah paketnya dah sampai dengan selamat, suka banget sama glow glowing next order lagii 😊",5,0
paket sudah di terima mantap lah pokok nya semoga cocok,5,0
baru pertama kali coba semoga cocok dan jadi langganan,5,0
"sudah dateng paket aman,semoga cocok yaa",5,1
baguss aku sudah habis 3 paket alhamdulillah sudah ada perubahan,5,0
paket sampe dgn selamat .semoga bisa memutihkan dan aman amin kalo terbukti next order lagi,4,0
"semoga cocok, klo cocok bakal langganan",4,0
aku suka banget alhamdulillah udah sampai udh pemakaian 2 paket,5,0
alhamdulillah paket nya sudah sampai mudah mudahan cocok 🥰,5,0
bismillah semoga cocok dikulit badakku,5,0
udh smpe kk pengiriman cepat ini buat cwe saya!,5,0
barang bagus sesuai dengan pesanan,5,0
semoga cocok baru pake 1 minggu ini,5,0
co nya kinclong booster yang datang malah acne booster,3,0
sangat bagus .. cocok banget di aku,5,0
"pemula,mudah²an cocok🤲🏻",5,0
"nya bagus,sesuai dengan pesanan",4,0
udah nyampai semoga cocok di akuu 😁,5,0
udh datang paket x. mudah2 yang pesen sama saya cocok.. jadi bisa beli lagi,5,0
baru cobak semoga cocok,5,0
angkat aku jadi ba mu gloglowing secinta ini sama gloglowing,5,0
"semoga cocok ya, baru pertama kalian",5,0
baru pakeee semoga cocok yayaa,5,0
manfaat produk: bisa memutihkan wajah,4,0
"paketnya sudah smpek mudah"" an cocok",5,0
maaf kk ini yg asli apa bkn produk ini,3,0
baru dteng mau cobaa semogaa cocok🥰,5,0
"alhamdulilah sampe, ketiga kalinya beli produk ini semogaa cocokk terusss+tambah glowing 😚😚😚🫰",5,0
barang sesuai dan tidk mengecewakan,4,0
"i like, good job.",5,0
bismillah semoga cocok🥰,5,0
jenis kulit: bagusss bngtttt⭐️⭐️⭐️⭐️⭐️⭐️,5,0
cepett ternyata dari indramayu,5,0
bagusss banget produk nyaaa...🤍💞,5,0
barang lengkap semoga cocok,5,0
bagus banget 😣😣ini paket ke 3 gilaa sii lopyuu banyak banyak 🤍😣😣🥺,5,0
baru nyampe nih pketnya semoga aja cocok🐣,4,0
nexs bakalan order lagi😍,4,0
"gkda efek sama skli muka makin burik nyesel belii ah buang"" duit😭",1,0
thank pketnya uda sampe semoga ccok,5,0
barang sesuai 🤩,5,0
alhamdulillah barang sudah sampai semoga toko selalu amanah thank you,5,0
produk nya sesuai semoga cocok,5,0
baguss tapi kurirnya yang ngantar ga bagus,2,0
baru mau coba. nanti klo ada perubahan aku balik lagi,5,0
baru aja sampe . semoga cocok soalnya pemula,5,0
langganan terbest,4,0
setia dengan produk satu ini😍😍,5,0
paketnya sudah datang. sesuai pesenan.,5,0
masih pemula kalo cocok beli lagi,3,0
paket sudah datang mau coba dulu semoga cocok,5,0
belum dicoba semoga aja cocok☺️,5,0
titip bifor,4,0
pengiriman super cepat,5,0
mudah² an cocok kak,5,0
baru coba sempga cocok,4,0
kemasan baru kah ini ?,4,0
"sudah sampai, terimakasih🤍🤗 semoga cocok",5,0
habis 1 pakett,5,0
skincare gloglowing aku udah sampai😍 buat kurirnya makasih.,5,0
belum coba tapi rekomendasi temen bagus,5,0
bagus dan semoga cocok di kulit aku,5,0
paket skincare gloglowing aku udah sampai ..😍😍 buat kurirnya makasih ya.,5,0
bismillah semoga cocok di aku 🥰,5,0
mempercantik jenis kulit: memutihkan,4,0
"𝘗𝘢𝘬𝘦𝘵 𝘴𝘶𝘥𝘢𝘩 𝘴𝘢𝘮𝘱𝘢𝘪, 𝘣𝘢𝘳𝘶 𝘱𝘦𝘳𝘵𝘢𝘮𝘢 𝘬𝘢𝘭𝘪 𝘮𝘢𝘶 𝘤𝘰𝘣𝘢 𝘴𝘦𝘮𝘰𝘨𝘢 𝘤𝘰𝘤𝘰𝘬 𝘺𝘢",5,0
"baru mau coba pakai ini ,mudah²an cocok",5,0
baru pertama kali pakai semoga cocok,5,0
baru sampai semoga cocok di aku,5,0
cream siang diblad susah😭,4,0
"barangnya udah sampai, packingannyaa 👌 semoga cocok di kulit saya☺️",5,0
barangnya sudah sampai semoga cocok,5,0
"barang datang sesuai, semoga cocok di aku",3,0
bru prtma kali coba yg dosis 3,4,0
bagusss bangettt udaa abiss duaa pakett,5,0
blm dcba smgaa ada prubhannn,5,0
bagus banget🥰🥰🥰,5,0
belum ada perubahan kalo ada nanti di ganti ulasan nya,5,0
baruu mau cobaa semoga cocok,3,0
bismillah mudah-mudahan aja cocok,5,0
bagusss bangettt😍😍😍😍😍😍,5,0
"sudah sampai, aku pemula semoga cocok",5,0
barang aman smpe rumah,5,0
ad si tpi spray nya ga dikirim,1,0
suara sedikit keras. tapi overall oke. admin seller responsif sekali. pengantaran sangat cepat.,5,0
"mantapp lah pokok na mah,kemasannya juga di jamin aman pake bubble warp yang super duper tebel jadi gak mungkin bakalan rusak di perjalanan. dan juga menurut ku minus nya...",4,7
kejernihan lensa: bagus kualitas pengerjaan: baik suara bagus packing aman pakai bubblewrap gk ada yg rusak semua nya aman barang bagus tokonya amanah sempat ragu takutn...,5,0
"bagus mini speaker nya jalan semua cuma ya menurut saya agak kurang ng bass aja beda sama yang produk awal viral terus agak ringan juga bahan nya ya, tapi bagus sih anak...",4,0
"kualitas pengerjaan: bagus aman tapi ya menurut aku bagus sudah bagus ya tali ya gak ada bas nya gak bisa nyetel dangdut gitu, gimana ya tali ya bagus aja nyala semua",4,1
bagus sekali … suaranya pun jernih👍👍👍,5,0
barang ssuai lengkap kuwalitas ok lah aga sember dikit ajah.kurir ramah sopan.cpt sampenya baru kemarin pesen hari ini sampe,5,0
"peking aman dan rapih tidak ada yang kurang satu apapun,tapi sayangnya mix yang satunya gak nyala di cas juga gak ngisi gimna donk.coba penjelasannya ya🙏",5,0
kejernihan lensa: sesuai harga lah ya kualitas pengerjaan: bagus sih suka sma warnanya ... cuman mixnya gk nyalah lampu indikatornya performa: akah jembret suaranya,5,0
performa: baik pengiriman cepat harga terjangkau seller gercep dan amanah packing rapi dan aman,5,0
"performa: bagus suara jernih kualitas pengerjaan: sangat rapih dan simpel bisa di bawa kemana2 tidak nyesal beli ditoko ini,,,,, barang datang 100% dan berfungsi",5,0
a alhamdulillah barangnya sesuai dengan gambarnya bagus suaranya keren mini lucu imut gemes,5,0
"packing aman, sempet takut karena enteng barangnya, habis dicharge 1jam, langsung dicoba dan aman suaranya keras salah satu mic sempet gak bisa dicharge tapi ternyata bu...",5,0
alhamdulilah salonnya nyala mic nya pun 22 nya nyala tp ada kendala casannya tidak nyala/tidak bisa untuk mengecas salon&mic tsb🙏🏽,4,0
"pengiriman cepat...barangnya bagus banget, meskipun kecil tapi suaranya mantap, terimakasih kurinya jg ramah",5,0
paketnya sudah datang pengirimannya lumayan cepet..barusan udah di unboxing...minesnya ngga dapet charger..atau emang ngga dapet ya ? tapi gapapa lah worth it untuk harga...,4,0
thanks ya ka paket ku sudah sampai sempet kecewa karna dikirain barangnya rusak ternyata gak 😁😁seller nya gercep banget pas kita komplain karna mic yg satu nya gak nyal...,4,0
"mantap banget ini speaker bluetooth nya, kecil2 cabe rawit, terimakasih seller puas belanja disini pengiriman nya jg cpet bngt smpe barang nya bagus dan realpict",5,0
kejernihan lensa: suaranya jernih terimakasih kakak seller,5,0
bagus mini speaker+microphone nya berfungsi dgn baik suara nya jg oke lah utk hrga sgtu..murce sesuai diskripsi ktka live👍👍👍,5,0
"paket sdh datang, mksih kurir dan toko semoga sukses selalu. walau ada kendala dilampu led nya nggk nyala tpi ya sdh lah tdk masalah semoga awet dipakai",5,0
"alhamdulillah paket nya udah datang, pengiriman cepat, kurir baik, speaker bluetooth nya bagus,suara nyaring.terimakasih",5,0
alhamdulillah sampai dengan cepat dan sesuai dengan pesanan 👍👍👍👍 harga dan kualitas masih sesuai 👌👌👌 suka dengan model yang lucu dan warnanya cantikkk 🥰🥰 sudah d...,5,0
"alhamdulillah seller amanah, packing aman, speaker berfungsi dgn baik. anak sy suka sekali. kurirnya ramah, terima kasih jg tokopedia 🙏🏻🙏🏻👍🏻👍🏻",5,0
"barang sdh sampe sesuai pesanan,suara nya bagus bangat.",5,0
barang nya sesuai dan berfungsi dengan baik..,5,0
"baguss sihhh sukakk bangett, pas nyampe juga aman gd yg rusakk tp emg ini mic nya gd isi dilubangnya ya buat ngecas? kirain emg ky gitu pas dicoba cass eh gabisa. buat ya...",5,0
"mantap, pengiriman nya cpt dan packingnya aman bgt. berfungsi dgn baik dan tdk pecah sound nya. keren ☺️👍",5,0
bagus lo. packing rapih. pengiriman cepat. dapat canger. makasi banyak ya. puas banget. sukses selalu,5,0
kualitas sesuai harga.yg pnting bisa semua dan cukup untuk hiburan. kualitas pengerjaan: bagus kejernihan lensa: bagus,5,1
lumayan bagus tapi baru disetel langsung habis batunya kayaknya harus dicas dulu,5,0
"kemasannya rapih,barang bgs suaranya jg ok cma mix yg satu g nyala 😀🙏",5,0
kejernihan lensa: bagus kualitas pengerjaan: bagus performa: bagus,5,0
"suaranya udah mantap cuma mic nya satu gak nyala,, cari solusi bisa dong? padahal udah ngecas belum nyala ,, ini dm dmna ya kalau belum percaya?",3,0
alhamdulillah barang sampai dengan slamat . walawpun agak sember.pengemasan rapi mantap,4,0
"beli seharga mic 2 tapi yang nyala nya cuma satu,,,respon dong komplain nya",3,0
"allhmdulilah,, paketnya udh smpay bentuknya kcil mungil tpi suaranya pas dcb buat karokean aku langsung suka pokonya oke bngt suaranya tokonya jg amanah prtahankan trs da...",5,0
belum di coba masih di cas tpi micnya ko yg satu gak nyala waktu di cas,3,0
"pesen nya kemarin, nyampe nya sekarang, bener bener cepet banget. udah gitu bagus pula, kurir nya juga ramah + dapet buku panduan juga.. bestt bngtt",5,0
"barang bagus banget, suaranya jga bagus. tapi syg mic-nya nggak nyalah😥",3,0
bagus barang nya suara bagus jernih udah beli 2×🤩 cuman kurir nya ya gak sopan tolongg ini mah🙏🏻,3,0
"baguss, suarapun enak walau lagi serak serak basah🤭🤭",5,0
"akhirnya datang juga, wuis keren ....sesuai harapan,cocok dengan yg dipesan, terimaksih resseler.., semoga semakin laris manis jualannya & amanah terus y..",5,0
"kualitas pengerjaan: lumayan lah ,, untuk harga sesuai kwalitas nya",5,0
"paketku udah sampai & aku terima dalam kondisi baik semua👍🏻 performa: bagus👍🏻 dengan harga segitu udah dapat barang sebagus ini, mantap banget👍🏻 terima kasih ow...",5,0
mic 1'nya gk berfungsi 🥺 tp suara kenceng,3,0
paket da dateng tapi sayang ces sax g ada tpi salon dan mikx bagus cuman cesana g ada dan paket bukusax terbuka ....,3,0
kualitas pengerjaan: sangat baik dan aman,5,0
"alhamdulillah paket sampai dengan selamat,berfungsi dengan baik,bagus terimakasih",5,0
langsung di carger tp blm di coba suaranya...,5,0
paket udah di terima. sesuai pesanan. 1 barng keren habis. 👍pengiriman cepat. 👍kurirnya baik ramah 🙏. semoga selernya tambah baik rezekinya dan sukses terima kasih🙏,5,0
barang bagus mendarat dengan selamat tapi mic nya mati satu ka😭 di cas pun gak ada idup sama sekali,4,0
mf baru kasih ulasan pengiriman cepat kondisi barang sesuai bagus suara jernih ga nyesel si murah tapi ga murahan pokonya mantap 👍,5,0
packing rapi.. sesuai pesanan.tp kenapa speakernya seperti bekas pakai..pada lecet dan berdebu..entah..di sini yang nakal siapa?? tapi masih bisa dipergunakan.,4,0
bagus bgt y ampun rekomended bgt ank q suka,5,0
kejernihan lensa: alhamdulillah gak ada cacat suaranya bagus ngebas kualitas pengerjaan: ok gak nyesel pesen di sini,5,0
speaker bluetooth sudah datang barang aman cuman belum nyala masih di cas speaker bluetooth nya terimakasih toko tiktok shop dan terima kasih juga selle makasih buat ban...,5,0
kejernihan lensa: bagus kualitas pengerjaan: rapih performa: sangat baik bagus banget speaker karaoke nya harga segitu dapat kualitas bagus suka pokok nya mah jadi tiap h...,5,0
alhamdulillah sudah sampai. semuanya berfungsi dengan baik tapi ada lecetnya sedikit tapi gak papa semoga awet.,5,0
"speakernya copot anjir, mic nya dua duanya ga nyala! udah di cas lebih dari 6 jam dan kabelnya beda beda tetep ga nyala. pas lapor ke admin jawaban nya ngulang ngulang te...",1,0
"barang nya bagus baru sampai,, tapi belum di coba semoga sesuai",4,0
"produk lampu nya, nga nyala tombol volume di mic,nga berpungsi",2,0
"barang sampai dengan selamat, mic yg 1 ga bisa nyala, pas mau di cas kabel kebakar, mau tambahin video pas kebakar tpi ga bisa, sumpah ini mah ga bohong, kabelnya knpa ke...",2,0
"barang sudah sampai sesuai pesanan,,suara juga ake,,berfungsi semua.",5,0
"allhamdulillah paketnya sudah sampai, semuanya berfungsi dengan baik, speker + 2 mic hidup semua.. packing bagus aman pengiriman juga cepat rekomendasi untuk yang lain",5,0
"alhamdulillah paket dh sampai tapi sayang blm bisa nyala skrng lg tk cas dulu mudah""n nanti menyala",3,0
bagus cman magnya yng stu engga hidup rusak berfungsi cman stu,4,0
"paket sudah datang, tapi mic nya gak nyala gak tau abis batre gak tau gimna, aku coba cas dulu mudah2an nyala",2,0
"barang lengkap, pengirimannya cepat, suaranya jernih, micnya juga berfungsi baikk",5,0
boleh berfungsi dgn semestinya. hihihihi cantik rekomen ya gaess🧡🧡,5,1
"barangnya sesuai gambar,mungil lucu .suaranya lumayan besar,pengiriman cepet.",5,0
suara jernih dan baik..hanya saja mic yg satu mati 😬 😬 tidak hidup dan pas di cas tidak bisa juga,4,0
"kejernihan lensa: baik kualitas pengerjaan: baikk performa: baik mantapp saya kira mic nya rusak ternyata harus di cas dulu 1 jaman , lebih lama lebih awett oke mantap su...",5,0
"kejernihan lensa: lampunya keren kualitas pengerjaan: imut2 tp suaranya seruu performa: kerennn, ini bisa jadi hiburan buat bocil",5,0
barang sampek dan berfungsi normal,5,0
allhamdulillah barang mndarat dgn selamat gak pecah gak minus mksih seller.mic jernih dan jls,5,0
beneran dach speaker blouetoothnya kecil2 cabe rawit suaranya bagus ngebas lg sukses buat tokonya makasih jg buat abg kurir,5,0
"bagus banget barangnya sesuai,suaranya enak di dengar,kecil2 cabe rawit ini maa...",5,0
"kejernihan lensa: suara nya bagus jernih kualitas pengerjaan: sangat mudah di gunakan suara speaker bisa di rubah2 unik tokonya ramah , chat selalu di balas dan pengirima...",5,0
"sangat di sayang kan,,pesan yg 2 mic,untuk 2 ank. tau"" nya cuma satu mic yg berfungsi.. sangat kecewa..",2,0
"barang bagus suara jernih lengkap, pengiriman cepat, packing rapih pertahanin minnnn💋💋",5,0
bagusssss. belom di coba cek sound nya . tapi ini mic satunya dicas belom bisa. gk ada tanda lampu merah menyala nya,5,0
"paket sudah sampai, semua normal mic berfungsi speaker berfungsi kemasan rapi 👍🏻👍🏻",5,0
menurut aku ini bas nya kurang kenceng volumenya jga tpi suaranya nyaring gpp deh daripada g pnya speaker makasih ka,4,0
barang real pick.. tapi kog sayang baru di pakai batre cepet habis,4,0
"bagus suaranya keras bening,,nga kecewa deh👍👍👍",5,0
tadi lupa cara idupin ny gmna ternyata pnct tombol on/of agak lama dikit,5,0
"pengiriman cpt , kurir baik , suara ngebass, mic berfungsi dg baik tpi agak kecewa ada yg retak bagian bawah .....",4,0
kk suara music y kok gk masuk y blutut y udh masuk di hp ku pun udh masuk tp suara di lespeker y gk ad mic y idup 22 cmn suara lagu y aj yg gk masuk,4,0
suara nya lumayan ngebass tapi mix nya mati gk nyala,5,0
kejernihan lensa: baik kualitas pengerjaan: sangat bagus bekerja dengan baik performa: bagus,5,0
"barangnya udh sampe, bagus gak ada yg lecet, semuanya juga nyala",5,0
"beneren bagus bgt suaranya d cobaa, bassnya kedengeran ... suaranya jernih jelas, top bgtt, alhamdulillah dapet harga promo 20 an ...",5,0
bagus brng nya sesuai suara speker nya berpungsi dengan baik mksih seller,5,0
"suara jernih nih ,mic nya jga ngebas ok banget pokok nya",5,0
alhamdulillah brng smpai dngn baik sesuai dngn pesenan.suara lumayan bagus lh dngn hrga sht.mic nya alhamdulillah nyala semua.sya puas smg awet,5,0
"suka sangat realpict puas bgt suara jg enak, thx seller",5,0
"tadiny sempat kecewa krna mic ny tdk menyala dan aq chat sellerny trus alhmdulillah skrng sdh bisa, ni tokony bener2 amanah bngt dan respony jg cpt blsny.. smoga makin la...",5,0
"bagus banget harga murah, kualitas bagus, ceoet lagi datang pesenannya",5,0
"baik tidak ada kerusakan, pengiriman lumayan cepat, layanan seller baik, kurir ramah, packingan aman, semoga sukses selalu 👍",5,0
bagus aman cuman mix nya belum nyalah aku coba mungkin batre nya habis,5,0
kualitas pengerjaan: bagus alhamdulillah. suara bagus🤩,5,0
untuk microphone nya kok tidak bisa nyala ya,4,0
cepat banget yg dteng ke marin yg co nyampek y tdi siang semua berfungsi tampa ada kendala langsung di coba enak😁😁,5,0
agus suarara barang bangus mantap suara bagua,5,0
baguss suranya kenceng bgtt full bass enak di dengerr mic nya jg mayan bagus suaranya bisa gonta ganti jdi lucuuu🥰🤭👍,5,0
"barang udah sampe peking keren.. hanya ada satu kekurangan.. mic nya gak bisa di pake, suara gak masuk ke speaker.. mohon kalo mau kirim di cek satu persatu ya ka biar ga...",3,0
pket dh sampai dngan baik pengemasan rapih,5,0
"alhamdulillah barang nya udh smpe,tpi blm d coba,nnti baru d coba mudh""an hasil barang nya bagus",5,0
punya ku mic ny satu gak nyala udah di cas gak bisa lmpu ny juga gak nyala,3,0
ok kak mantap. tapi kaya tidk ngebas ya... kemarin coba punya tetangga agak ngebas suaranya.,5,0
speaker dgn harga segini sudah cukup memuaskan! thankyou,5,0
barang nya bagus gak ada yg cacat semua berpungsi dengan baik 👍👍👍,5,0
terimakasih paket nya udah sampai dan barang sesuai pesenan .. dan bagus banget ga kecewa beli disini .. terimakasih toko dan kurir nya ..🙏🏻🙏🏻🥰,5,0
butuh mix nya tpi maalah g nyala😭,4,0
pengiriman ke ambon tapi mic satunya ga bisa nyala yg satunya bisa .. kecewa sih tapi ya sudah lah lain kali kalau mau pengiriman tolong dicek dlu mic nya🙏🏻,3,0
performa: mantul banget toko amanah cepat chekout barang kualitas nya mantap,5,0
kejernihan lensa: ok kualitas pengerjaan: slernya sangat ramah dan ramah den komitmen sangat baik 👍👍👍👍👍👍👍🙏 performa: ok,5,0
paket udh dateng dan lengkap aman..smg berfungsi dengan baik,5,0
barang bagus cukup puas mantap pokoknya untuk resellernya,5,0
bagus pengemasan juga aman berpungsi dengan baik,5,0
barangnya bagus real pick tapi blm fi coba semoga sesuai sama,4,0
performa: baik kualitas pengerjaan: bagus kejernihan lensa: baik,5,0
alhamdulillah sudah nyampek tp mic nya yg gak bisa kak 🙏🏻 dan sudah saya cas seharian lohhh spiker okey hanya di mic yg belum conek,4,0
mic nya gk bunyi di pencet lampunya gk nyala.,3,0
kecewa sih..suara speaker nya pelan bas nya jga kurang.. trus mic nya gk nyala meskipun udah d cas jga.. kapok belanja d sni,3,0
"lagi galau pngen nyanyi jadinya beli speaker+mic cakeppp👍cuma bergema aja overall bagussss buat nyanyi pas galau,,🤣😭",5,0
mantap suarany kecil2 cabe rawit❤❤❤,5,0
alhamdulillah uda sampek meski lama dikit hasil puas thx uda amanah reseller nya,5,0
"saya sangat puas dengan produk nya barang bagus sesuai pesanan,semoga laris terus 🙏",5,0
"bagus bgtt, walaupun awalnya g ngerti ama buku panduannya..",5,0
paket udh nyampek puas banget sesuai gambar bungkusnya jg rapih banget terima kasih semoga sukses dan amanah👍👍,5,0
"sumpah ga nyesel ternyata sebagus ini warna biru nyaa suka bangetttt dehhhh kak, terima kasih😊",5,0
"paket sudah sampai, sesuai dengan yg di pesan dan berfungsi dngn baik, semoga awet",5,0
"pesanan sudah sampai dengan cepat, alhamdulillah bagus normal semua. semoga awet ya... langsung dicoba sm anak buat nyanyi 🤩🤩🤩",5,0
kejernihan lensa: baik kualitas pengerjaan: baik,5,0
"paketnya udh smpai kak,, makasih hehe udah dicoba bisa nyala...",5,0
alhamdulilah paket nya udh sampe dan cepet banget jdi suka banget sama spikernya🥰,5,0
cakep banget ternyata warna nya juga lucuu pink packingan nya juga aman gaada kerusakan sama sekali 🫰🏻🫰🏻,5,0
alhamdulillah paket nya sudah sampai.. bagus dan berkualitas berpungsi dengan baik alhamdulillah ga ngecewain,5,0
terimakasih suka banget mungil lucu bagus banget ...pengiriman cepat..sukses selalu kak ..,5,0
barang nya sudah smpe cepet bngt baru kemrn pesen udh smpe aja bagus bngt abng kurir nya ramah dan amanah terimakasih,5,0
"alhmdulilaah speakernya udh dateng blm di coba,mudah2'n bner bagus,trima kasih🤭🙏",5,0
"mantuull bisa karokean tiap hari🥰 barang berfungsi dengan baaik.. makasih admin, 🫰🫰",5,0
bagus dg harga segini. tp mkin lebih jernih yg harga nya mahal x ya.,5,0
"barang sesuai dgn pesanan,kurir ramah n toko amanah 👍👍",5,0
"alhamdulillah paket sudah sampai terimakasih,,kurir nya juga baik ,,suaranya mantuull pokoknya",4,0
gimana ni paket baru datang udh di cas jugak gak bisa hidup musik dan mic nya kalau rusak jangan di jual lhaaa bozz bener bener nyeles belik di toko ini,1,0
"speakernya tak bisa di cas,sudah di suruh ganti kabel pun tak bisa. yang bisa di cas cuma mic nya saja sayang sekali cuma 1 jam saja terpakai. tidak ada solusi dari admin...",1,0
kejernihan lensa: jelas dan bagus sesuai prsanan,5,0
gimna si ini mic nya malah mati di cas pun lampunya gak nyala padahal salonya mh idup,2,0
"alhamdulillah udh nyampek tadi kurirnya ngasih 2 padahal aku messen 1 ,tapi alhamdulillah kurirnya baik ,dan speaker nya baguuuusssss banget suaranya bestttrtt",5,0
"speaker berfungsi tapi mic nya tidak berfungsi, lampu mic nya nyala tapi gk konek ke speaker setelah liat vt vt org suruh di buka dalam mic nya yap betul punya ku beda ga...",3,0
barang nya ada rusak nya baru jugak di bukak mic nya jugak ngk bisa nyala satu,1,1
"alhamdulillah akhirnya paketan mendarat dengan baik,semoga aja awet ea gaes maaf baru kasih ulasan karna di test dulu berfungsi dengan baik apa g 🤭🤣",5,1
"mic nya dah berkali kali di cas, sesuai arahan adminya ngecas 4-6 jam tp malah suaranya ke ubah2 sendiri 😭",2,0
"yg dikirim barang rusak micnya tdk bisa nyala suara speakernya mendem dan cepat lowbet,pengirimannya sangat lambat jujur sya kecewa banget",1,0
"sesuai dengan di gambar makasih kak,pengiriman aman dan kurir ramah",5,0
"dari pertama beli gak bisa hidup kalo ga di cas, dan pas di cas pun hidup tapi tibatiba berhenti sendiri. barang yg dikirim ini emang barang rusak ku rasa. kalo gak niat...",1,0
mix ga nyala satu udh di coba di cas tetep ga nyala tpi yg satu nya nyala dan suara nya pun ga kenceng sudah chat admin ga ada respon,1,0
kejernihan lensa: 👍 kualitas pengerjaan: 👍 mantap 💪 semangat semangat,5,0
suaranya jelek suara nya mendem nyeselll banget yg lain pada bagus tolong dong,2,0
gak bisa dipake sama sekali... udah di cas tetep aja malah suaranya kyak gitu.. barangg rusak gausah dijual dong minn...,1,0
"mic nya yg satu tidak bsa d cas n tdk bs nyala.toko tdk amanah,brg rusak kok dkrim",2,0
"tokoh gk amanah, barang tidak berfungsi, mix tidak berfungsi mati, mengecewakan",1,0
kecil mungil mantab bngt lumayanlah buat mainan anak2,5,0
kejernihan lensa: bagus banget,5,0
di cas kok gak hidup ya kk lampu nya.. kyk nya rusak yg di kirim,2,1
"speaker nya tdk bisa di gunakan,tidak ada suara sama sekali cm lampunya aja yg hidup",1,0
payah mic satunya mati gmn nii min...sengaja cek out yg 2 mic malah mic satunya mati,2,0
baguss berpungsi dengan baik.. harga segituu,5,0
"baguss poll sukaa, the best pokoknya makasih seller end kurir🤩👍",5,0
pengiriman kemasan lumayan bagus cm di syg kan pas begitu mau di coba barang nya gk mau hidup,1,0
speaker nya bagus cuman mic nya tidak berfungsi jdi tidak dapat karaokean 🤦🏻‍♀️😔😭 jadi saya tidak puas dan kecewa saya kasih bintang 2 kejernihan lensa: bagus kualita...,2,0
"mikrofon satu nya rusak dan satunya lagi baik"" aja trus gimn ini kok kirim barangnya yng rusak satu si kk",1,0
"maaf aku kasih bintang 1 krna bener"" kecewa micnya mati 1 suara gak bagus",1,0
barang nya bangus cuman minusnya kenapa ga ada mic nyaa,2,0
"bagus,berfungsi dengan baik,semoga awet",5,0
maaf baru kasih ulasan toko ny amanah relpik poko ny bgs bngt 🙏,5,0
"alhamdulillah, udah nyampe paketnya,,suka bangett kualitas ok,,, pokoknya top👍👍👍❤",5,0
mantap packing rapih kualitas oke,5,0
packing nyaa tidak rapih sehingga barang nya datang tidak dgn kondisi baik,1,0
"suaranya jernihhhhh, keren pokonyaa!!",5,0
barang bagus packaging rapi semoga awet,4,0
"mani bagus bangetttt,,wortit bangetttt aku mau co lagiii 💞❣️❣️❣️❣️",5,0
cantik imut suara luman kencang mksi,5,0
paket sdh sampai dengan aman dan sesuai dengan pesanan,5,0
"paket dah sampai alhamdulillah moga awet yaa, buat klo lgi sndiri di rumah.....",5,0
barang sesuai mntap pecking rapih,5,0
mic tidak bisa hidup di cas jga gk bisa,1,0
barangnya sudah saya terima sesuai pesanan 🫡,5,0
"realpick,suara bagus, tapi batrenya ga begitu awet di cas 3 jam di pakai 2 jam habis batrenya",5,0
"barang sesuai deskripsi, suaranya bagus nge bass",5,0
sengaja kasih ulasan bru d pake sekali..tombol alot semua rusak ga bisa nyala saking alotnya tombol dan sudh ga bisa d pake ga fungsi alias buang duit,5,0
kecil² cabe rawit kenceng juga suaranya alhamdulillah anak seneng bgt di tes ke dua mic hidup dan conect mantap,5,0
"sangat imut dan suara oke,, berfungsi dengan baik",5,0
untuk suara bagus sesuai dengan harga tapi sayang barang nya banyak lecet untuk mic aman,4,0
"barang sangat bagus,semoga amet",5,0
"alhamdulillah paket sudah nyampai barang bagus sesuai pesanan,suara tidak diragukan lagi..toko amanah..tadinya saya bingung cara pengoperasionalnya karena pakai bahasa ci...",5,0
barang bagus sesuai kualitas bagus jernih. suara baik,4,0
"barang sampai dengan selamat, packing aman. tapi satu mic belum bisa nyala. udah dicharge 30 menit belum bisa nyala juga. mic yg satunya aman.",5,0
bagus tapi sayang micnya mati satu ga bisa dicas juga ga idup,4,0
produk rusak...volume suara kecil..dan ada bunyi kresek2,4,0
"performa: berfungsi dengan bagus semua nya, mic nya dua” nya oke, speaker nya juga bisa di pairing ke hp, niat beli buat anak ku aja buat dia ngoceh” tapi aku pun senang...",5,0
"barang sesuai dan berfungsi sebagaimana mestinya,spekernya kecil tetapi kencang dan ngebas enak di kuping,packing aman,terimakasih...",5,0
"kejernihan lensa: jernih kualitas pengerjaan: baik kecil"" cabe rawit, bagus suaranya, ga nyesel beli, pengiriman cepet",5,0
barang bagus,5,0
kejernihan lensa: bagus kualitas pengerjaan: bagus performa: baik paket berfungsi dengan baik👍tapi ada lecet sedikit. terimakasih 🥰,5,0
"jernih suaranya kualitas pengerjaan: bagus performa: ok semuanya bagus packing super aman ..tak ada yang rusak, sudah cek ok semua tak ada kekurangan,terimakasih seller",5,0
mantap suara jerni tapi batreinya kurang awet,5,0
"bagus, semuanya berfungsi,, uda dibanting beberapa kali mic nya sama si bocil tp masi berfungsi",5,0
"sesuai harga,bass nya nendang minus mic nya mati 1",4,0
alhamdulillah sudah sampai dengan baik dan amanah terimakasih seller ❤️❤️😍😍,5,0
"sebenarnya bagus cuma mic nya ga nyala, uda di cas pun masih sama, trs suara speakernya kresek"" ga jernih",4,0
"semua aman, okelah pokok nya, emg bener diawal kalo ngecas mik nya harus pake cas hp yg punya daya besar cepat dia kalo pake cas bawaan lama hidup lampu nge cas mik nya",5,0
"paket di terima dengan baik dan tidak ada yg rusak, speaker dan mic nya suaranya yaa lumayanlah bagus buat hiburan di rumah sama anak..👍🏻",5,0
"pengiriman cepat , semuanya berfungsi tp sayang mic yg satunya tidak bisa dicas",4,0
"masyaaallah alhamdulillah paket mendarat dengan baik, suara jernih, best pokoknya, terima kasih seller, berkah selalu, cocok banget buat yg suka nyanyi/karokean nih😍",5,0
kejernihan suara nya joss kualitasnya bagus seller responden mantap lah gak nyesel si beli di sinih... thanks min,5,0
"untuk speker nya bagus kak gak ada masalah , cuma untuk mic nya gak berfungsi padahal sudah di carger tp gak berfungsi 🙏",4,0
"seller ramah, packing bagus👍🏻 barang berfungsi dengan baik,barang sesuai semoga awet👍🏻",4,0
mantap suaranya ngebass..harga murah gak tapi gkmurahan😁,5,0
"bagus speakernya sesuai pesanan,di charger juga bisa ,vido unboxing durasi nya kelamaan jadi tdk bisa upload",5,0
"mantab spiker nya buat musik, untuk karaoke sekedar seneng aja bisa karaoke hehe, nyala semua mic,lampu oke",5,0
"bagus,tapi satu tombol untuk lampu nya agak kedalam",4,0
bagus tapi ada mines nya minesnya kalo kita nayanyi suaranya kaya anak kecil,4,0
barang bagus dan sampai dengan rapi,5,0
kk mic satu gx hidup..dicas juga gx hidup lampu nya.gimana itu masak saya dikasih barang rusak.tolong direspon ya kk,4,0
"alhamdulillah barang oke tapi mic-nya mati satu tapi gpp lah kasih bintang 5 apresiasi sudah merespon chat dengan baik,untungnya ambil yg dua mic jadi tertolong bisa nyan...",5,0
speaker bluetooth nya bagus..suaranya juga jernih..terimakasih,5,0
paketnya dh nyampe produk bagus dan dicas dlu sampe penuh dan kualitas suara dan bass nya oke..,5,0
barang sudah sampai dan suka sama barangnya tapi agak kecewa soalnya mic 1 mati ngga mau nyala,4,0
udah sampe lumayan tp kok baru dipake cepet bgt mati di cas mulu,5,0
suara oke bagussss keras dengan harga segini not bad. microfon bisa nyala semua aman.,5,0
bagus nyala suara juga gede pengiriman cepat bgt lucu,5,0
"suaranya beh mantep meskipun uk kecil tapi suaranya ngebasss jernih juga, aku dapet di harga 26ribu💓. so buat kalian yang mau beli jangan ragu lagi cus langsung cekout",5,0
speaker nyala bagus mix nya belum dicoba karna masih di cas ..mudah2an nyala juga tidak ada cassan,5,0
produk nya bagus tapi tombol nya agak kedalem gituh gak papa kan yah? semoga barangnyah awet,4,0
bagus suara ny kenceng cuman cepet abis batre nya tp bagus kok,5,0
kejernihan lensa: bagus sekali performa: mantap ngebass kualitas pengerjaan: sangat bagus bagus banget harga semurah ini dibawah 50ribu dapet mic sama speaker ngebass bgt...,5,0
kenapa gak ada suaranya di tekan tombol + gak ada juga suaranya tolong jualan nya yg jujur,5,0
"produk sesuai ,gak ada yang kurang , untuk kualitas nya oke ,sudah dicoba dan berfungsi.",5,0
"sangat sangat sangat memuaskan, pengiriman cepat barang bagus pengemasan pun sangat rapih,ayo jangan ragu untuk membeli produk di toko ini,semoga selalu amanah 👍👍❤️",5,0
"barangnya udah sampai ke papua,,sangat bagus suaranya jernih sangat puas harga murah",5,0
"sesuai pesanan warna cantik, dan sudah di coba spaker dan mic berfungsi dgn baik, dpt hrga promo yg murce bgt best lah packing jg aman thanks youu seller",5,0
"paket udh sampai tokonya amanah,smua baik cuma hru d ces dlu tdi bru d coba udh lemah,mau lobet.smoga klw udh d cas smuanya baik suaranya bagus itu yg k hrapkn",5,0
"baguusss bgtt.. sesuai harapan, suara jernih, tombol on/off berfungsi dengan baik.. mantullsss pokonya👍",5,0
"berfungsi dgn baik, suara ny bagus, packing ny aman bgt, makasiih seller",5,0
"semua aman normal, fast respon estimasi waktu saja yang cukup lama 4hr smp tempat saya. recommend, langsung checkout aja",5,0
"barangnya udah datang spikernya bunyi , nyala cuma mic nya mati udah di cas lama juga gk masuk charger. sayang banget padahal bagus spikernya suara juga agak jernih tadin...",4,0
"pesanan sudah sampai berfungsi dengan baik.. packingnya juga aman jangan khawatir dijamin barangnya sampai, tanpa kendala dan berfungsi dgn baik",5,0
kejernihan lensa: jernih kualitas pengerjaan: bahan na sesuai dgn hrg performa: lumyn dgn hrg segtu,4,0
"barang sesuai pesanan,penggriman cepat,suara music y wooh ajib..mik berpungsi dengan baik,kurirnya ramah,dan tokonya amanah,sukses sll buat bang kurir dan penjualnya aami...",5,0
"kejernihan lensa: bagus kualitas pengerjaan: bagus benar"" berfungsi semua recommended beli disini saja seller juga cepat tanggap",5,0
"sesuaiii,suara kerass ,tapi mic nya satu ngk bisa hidup? udah d cass tetap ngk hidup juga😌",4,0
"pengiriman cepet, pengemasan baik, jd produk sampai nya aman... ga lecet,, bagus, komplit... coba as berfungsi... moga suara nya bagus... thanks seller ... sukses terus",5,0
maaf ya tidak sopan ulasan nya. brang yg di kirim soalnya brng rusak.🙏🏼,1,0
"seller ramah, packing bagus 👍🏻 barang berfungsi dengn baik semog awet 👍🏻",5,0
bagus tapi sayang micnya satunya gk bisa nyala,4,0
"barangnya sudah nyampe sesuai pesanan, tapi sayangnya mic nya cuman 1 yang menyala nya🥹. suka sama speaker nya ngebas 🥰🥰🥰",4,0
sesuai pesanan baguss tpi mix satu nya tidak bisa di pakai karna yg satu tombol nya terlalu kedalam,5,0
alhamdulillah paketnya udh dteng sesuai pesanan bagus banget suaranya juga jernih kalian wajib sii coba,5,0
barang nya bagus real pitc.... suara nya kenceng jernih...,5,0
"bagus sih tapi kok micnya gak bisa nyala walpun q dah teken tombolnya berkali2,lain kli di cek dulu ea kk sblm dik kirim🙏",4,0
bagus sampe dengan keadaan bagus suaranya juga jernih terimakasih,5,0
"alhamdulillah pesanan sy udh sampai, barang bagus suara jernih, pengiriman cepat, respon penjual jg cepat, puas pesan disini, makasih abng kurir sdh antar pesanan sy 🙏🥰",5,0
barang nya sangat bagus apalagi packaging nya rapih dan safety,5,0
"mantap suaranya oke bungkus nya rapi,, puas pokoknya 👍👍",5,0
barang sudah sampai dengan baik dan tidak ada yng rusak maupun kurang.admin sangat ramah sekali terimakasih 😊,5,0
"cakep bgt lucu . suara mic nya kecil"" cabe rawit 😁 lumayan lah buat dikamar😁",5,0
"barang nya udah nyampe tpi belom di coba lagi di cas dulu dan aku belom ngerti.cara ngidupin nya apa ,,,🤣 kasih tau dong pencet tombol yang mana dulu di kertas bahasa in...",4,0
"pesanan sesuai, barang berfungsi dgn baik cuma utk speakernya blm nyala mgkin hrs dcas dulu, suara mulus, maksih yah udah amanah sukses trs...",5,0
mix nya bagus suara nya kenceng .. bagus .. terima kasih🙏,5,0
amat bagus ternyata... suaranya jernih pokoknya 👍👍,4,0
"bagus banget ini berfungsi dengan baik, packing nya juga rapi ☺️",5,0
bagus 👍 cmn ad yg kurang dikit sih klau di video lain micnya bisa ganti2 suara kalau yg ini gk bisa.,4,0
"tu ya lumayan la ya, tpi dtg ny agak lumayan lama juga😌barang sesuai harapan tpi spikernya agak kasar suaranya dh gtu pas dtg penyok2 kerdusnya udh kebuka smua🫩😓tpi gp...",5,0
"sudah datang speaker karaoke nya, alhamdulillah dikirim komplit semua, blum bisa kasih ulasan dari kualitas suara blum dicoba baru dicas",5,0
"kejernihan lensa: suara jelas kualitas pengerjaan: bagus performa: nge bas bagus. cakepp warna pinknyaa. lucuuu kecil""",5,0
salon bagus bnget suara mntap cuman mik ya 2 ya ga nyala gimna donkkk kk,5,0
performa: ada satu mick ngk menyalah,4,0
enga bisa di koneksikan ke bluetooth,1,0
"barang sampe aman,baik tidak ada yg rusak or eror semua ok",5,0
kejernihan lensa: semua bagus kualitas pengerjaan: semua bagus performa: sangat sangat bagus,5,0
"barang nya sudah sampai, barang nya bagus , gaada yang rusak sama sekali , dan pengiriman nya cepat , salut sama yang jual ini 🙏🏻👍🏻👍🏻",5,0
barang nyampek dg selamat & barang sesuai 😍,5,0
"alhamdulillah barang sudah sampai, dan barung nya bagus dn suara nya juga bagus pokoknya gk mengecewakan deh. terima kasih banyak 🙏👍.",5,0
realfict bguss kecil² cabe rawittt suara nya juga ngebass bgt pokok nya recommended bgt,5,0
"barang bagus kecil2 cabe rawit suara nya mantap, smga aja awet,,, pengiriman cepet bngt baru kemrn pesen hari ini udh dtng,, kurir sangat2 ramah, top lah👍",5,0
"mohon maaf kk ini kok tdk bs dicas ya bru sampai trs sy cb cas tp tdk msuk""🙏",4,0
bagus lumayan kencang suaranya sesuai harga 👍👍👍,5,0
pengiriman cepat dan aman terimaksih,5,0
"bagus sekali suaranya mantul, kuriernya jm 7 mlm ngantrin, pkoknya jos",5,0
"recommended banget. sehari langsung sampe, donk. anakku suka. semoga awet, ya. terimakasih",5,0
barang bagus sesuai pesanan dn berfungsi dgn baik... smoga ini awet dn tdk cpt rusak..trima ksih.. tokonya amanah,5,0
datang dengan keadaan baik.charger jg bagus,4,0
barang sesuai pesanan warnanya blue bagus sekali anakku suka berfungsi dengan baik okelah,5,0
kejernihan lensa: sangat jernih kualitas pengerjaan: sangat bagus performa: jos,5,0
kejernihan lensa: bagus kualitas pengerjaan: bagusuara lumayan kencang semua berpungsi dengan aman,5,0
"mantap paket mendarat dengan selamat ,kurir nya baik dan ramah,harga nya juga terjangkau,sangat memuaskan untuk kalian"" yg pada mau co jangan ragu"" lagi langsung...",5,0
bisa konek ke tv imut² semoga awet..mksih seller & abang kurir,5,0
alhamdulillah bagus bnget alhamdulillah semua nya pada hidup pokok nya bagus keren,5,0
"sesuai gambar, kualitas oke, anak suka banget",5,0
bagus aman sangat bagus kecil2 cabe rawit,5,1
"mic yg satu lagi ga bisa nyala. di cas lampunya ga idup,😩 tau gitu beli yg 1 mic saja",3,0
paketnya dh sampe pengiriman cepat pekingny rapih barang aman trimksh ya seller semoga usahanya semakin sukses lancar abang kurir ny juga baik dn ramah blm aku cek tpi mu...,5,0
"speaker nya bagus bangat, abaikan suaranya yah teman""",5,0
kejernihan lensa: baik kualitas pengerjaan: mantap deh performa: oke juga semuanya baik dan untuk aku jual lagi di pasar,5,0
allhamdullillah pesanan paket saya sudah sampai terima kasih...,5,0
"halo kak barangnya udah nyampe dengan baik.. tapi kenapa ya susah dinyalahin speaker nya apa harus dicas dulu kak, dan ini memang tidak ada cas nya ya kak atau gimana",4,0
suaranya bagus lumayan jernih tapi kualitas barangnya agak kurang sesuai ekspektasi,3,0
"mantaapp!!!! suaranya jerniih bangett,, ngebass.... aku sukaaaa 😍😍😍😍 harga murah tapi kualitas nggak murahan 🥰🔥❤️",5,0
"trimakasih.. packingan aman, pengiriman juga sesuai estimasi.. bass nya bagus.. performa: bagus",5,0
paket nya telah dikirim. cuman 1 mic nya gak bisa hidup. yg di pesan 2 mic cuman 1 mic nya gak bisa hidup dan sudah di cas kan pun gak bisa hidup,3,0
mic yg satunya gabisa di cas dan ga nyala,3,0
nyesel kenapa harus beli !! nyesel knp beli yg 1 mix harus nya yg 2mix!!!!!! barangnya bagus dan berfungsi kenceng bngt suaranya kecil² cabe rawit,5,0
"barang sudah sampai sesuai deskripsi, harga murah tapi yang didapat lebih dari harganya, mantablah lumayan buat hiburan nyanyi anak saya",5,0
pengiriman nya sangat cepat packing rapi banget barang nya top banget,5,0
alhamdulillah paket sudah datang sesuai pesanan toko amanah..barang bagus.sudah dicoba. cima sayangnya bateray tidak tahan lama.tapi ga papa bisa diganti dengan voltase y...,5,0
suara speaker bagus hanya saja mic 1nya tidak masuk di cas hanya 1 saja bisa dicas,3,0
sesuai barangnya pengiriman cepat .. awalnya tak kira mic gk bisa di pakai ternyata aku yg gk faham hrsnya di cas juga selama 3jam😂😂 makasi semoga amanah trs ❤️❤️❤️❤️❤️,5,1
"pengiriman cepat, penampilan cakep, barang sesuai discriptian",5,0
"packingan terbaik selama beli speaker portable, pengiriman luar biasa cepet, barang bagus banget, gokil udah ditest muantep banget",5,0
eh lucu lo ada efek di mic nya😁 beli cuman coba² aja ternyata bagus bgt,5,0
bagus suaray keras dan jelas kualitas pengerjaan: bagus,5,0
baguss... kirain agak besaran dikit ternyata mungil sekali lucu tp swaranya best bnget..trimakasih kakak...,5,0
sangat baik dan puas dengan packing y barang y jg bagus sesuai thanx kk semoga sllu lancar rezekinya amin,5,0
"agak kecewa soalnya barang ada yang retak,, padahal suara nya bagus dan jernih",3,0
"barang sdh nyampe dengan selamat n aman tanpa kerusakan, sangat kecewa karena suaranya ga begtu keras padahal sdh dengan volume full n suaranya lebih keras suaranya hp, s...",3,0
"barang sangat bagus,tapi siap bagi saya mic nya ga bisa di cas😥",3,0
suara ngebasss cuy bisa dengerin solawat setiap hari,5,0
sayang kali baru sampai barangnya tapi mic ya satu tidak bisa hidup,3,0
"bagus,suaranya jernih",5,0
sdh bisa nyala tp mix yang satu blm hidup,5,0
lucu imut bagus sesuai lah harga segitu kejernihan lensa: bagus kualitas pengerjaan: baik,5,0
mic nya cuma 1 yang nyala gimana sihh kok gak di coba dulu sebelum packing,3,0
alhamdulillah barang sudah sampai barang sudah dijajal suaranya mantap terima kasih untuk kurirnya dan tokonya sukses selalu,5,0
"speakernya oke banget , tapi sayang micnya 22nya gamau conect , udah di cas padahal , kalau lihat di tutorial tinggal pencet langsung conect , kenapa punyaku gak conect c...",3,0
barang udah dateng tepat waktu untuk speaker nya sih nyala tapi mix nya ngga nyala udh dicoba di charger juga tetep g nyala tapi gpp aku suka ko sama barang nya,3,0
paketnyaa udahh sampaii gadaa yangg rusakk suaranya juga kencengg,5,0
"ko mik nya mati nggak bisa idup ini dari tadi udah di p ncet nggak idup"" gimana ini",3,0
"mantap pokoknya kecil2 cabe rawit bagus banget,",5,0
"mantaaaaapppp.... paket mendarat dengan aman, packing super. berguna sebagaimana mestinya. terima kasih",5,0
"sudah di tes, alhamdulillah semua berfungsi dengan baik..., terimakasih banyak...👍🙏",5,0
ok barang sudah sampai berfungsi semua sesuai gambar pengiriman cepat moga froduk awet ya makasih untuk toko yg amanah dan kurirya,5,0
"kurang respon mic nya engga bisa nyala, komplein chat toko malah disrh dicas ketauan sdh dicas smlman,tetap engga bisa nyala, mhn di perbaiki lagi sebelum pengiriman di t...",3,0
"dengan harga terjangkau,bisa buat hiburan,semoga awet",4,0
"packingnya rapih, barangnya juga oke, sesuai gambar. terima kasih..",5,0
"barang sudah sampai , aman meskipun pas dateng yang bawah udah ke buka masih belum di coba",4,0
kualitas pengerjaan: bagus performa: bagus kejernihan lensa: bagus,5,0
"barang sudah smp lengkap, tapi mic 1 nya tdk bisa d cash. pdahal di cash sama kabel c yg lain jg tdk bisa . agak kecewa",3,0
"bagus cuma yang satu mix nya mati ga bisa di ces/ ga bisa nyala,,,",3,0
micnya yg 1 ga nyala. mic yg nyala suaranya kresek²,3,0
"mic ny ngga nyala , udah di cas dari awal dtg paket",3,0
"paket mendarat dg cepat, paling rapi . barang sesuai pesanan. semoga awet dan tokonya amanah terus",5,0
alhamdulillah paket sudah diterima aman tidak lecet sama sekali,5,0
kejernihan lensa: sangat bagus basnya oke👍,5,0
terimakasih faket sudah datang bagus langsung bunyi tapi tetap aku cs dulu pengiriman aman dan cepat kurir langganan,5,0
pakingan nya bagus rapi moga barangnya juga bagus,5,0
"maaf yaa kasih bintang segitu , berfungsi sih tapi mic nya suara nya kecil banget ga ada bas2 nya 🙏🙏",3,0
bagussss bangettttt muraahhh suaranya ngebas n,5,0
baik kejernihan lensa: biak kualitas pengerjaan: baik performa: baik,5,0
"packagingnya rapi aman , barangnya bagus worth it sesuai pesanan",5,0
"mantap banget dengan harga 50rb sudah dapat soun dan mix nya, lumayan buat karaokean🤭 gausah ragu² langsung co daripada kehabisan kejernihan lensa: bagus kualitas penger...",5,0
"mendarat dengan selamat,makasih kk ok banget,berpungsi dengan baik tp sayang mix yg satunya ga nyala tp yg lain nya ok",5,0
"wkwk mantab nyaring suaranya, cobak sekalian nyanyi deh😂👍🏻",5,0
lumayan sayang mic nya tidak berfungsi 1.,3,0
pokoknya tidak kecewa peking nya pun bgs dan aman,5,0
barangnya sudah sampai dengan cepat. produk nya cukup worth it untuk harga segitu. anakku happy dibelikan barang ini,4,0
kejernihan lensa: lumayan lah bagus kualitas pengerjaan: bagus worth lah dengan harga segitu saya sukaa😊👍🏻,5,0
barang bagus.sesuai pesanan kualitas pengerjaan: sangat baguus,5,0
pengiriman nya cakep ada plastik pelindung. pokok nya mantul n utk harga segitu wortit lha bagus kok. suka 👍smga lncr trs jualanya kak ☺,5,0
"sumpah cepet bgt tanpa basa basi pesen kemren hari ini nympe tp lom di coba... smoga bagus z penjual,a gercep banget terima kasih",5,0
mic yg 1 mati..tpi yg lain ok..warna jga ssuai pesann..video'a yg lain g bisa dkirim..,3,0
"alhamdulillah barangnya bagusss... gk ada kerusakan,cmn ada baret sedikit gpp lah...yg penting berfungsi aja .... dapet harga murah lohh aku 🥹😇 adek aku beli diharga 55...",5,0
kejernihan lensa: bagus kualitas pengerjaan: semua nya ok,5,0
cepet bgt sampainya.. udh dicoba dan bagus barangnya.. murah jg aku belinya,5,0
mixnya yg bisa di cas dan hidup cm 1 yg satu mati,3,0
tmpat masukin memori card-nya miring. mic yg satunya koyak,3,0
alhamdulillah barangnya sesuai pengiriman nya juga cpt sekali,5,0
bagus..tpi sayang mic nya yg satu tdk berfungsi,3,0
"bagus packing aman bgt rapih,harga murah cuma 27rban saja.mksh seller.mau order lagi sdh habis stock nya hadeeeh",5,0
alhamdulillah paketan nya udah sampe dlm keadaan utuh pengiriman cepat pesan kemarin skrng udah nyampe terimakasih semoga berkah barokah🤲🤲🤲,5,0
baru nyampe dicash ga mau nyala padahal di cash lama,3,0
"maaf baru kasih ulasan,,,speakernya bagus,,,sesuai pesanan,,,terima kasih kak,,,tokonya amanah,,,tidak mengecewakan,,,sukses terus,,,",5,0
performa: barang sampai lbih cepat kualitas bagus mantapp,5,0
"brang udah sampe,,pngiriman cpet bgt bru psen kmaren hri ni udah nympe,,ga da yg ca2t sma skali,,smua ny brfungsi dg baik,,dlem ny pke glembung astik jd amat,,recomended...",5,0
kejernihan lensa: lumayan bagus 👍👍 kualitas pengerjaan: ok wlou kecil sura ya ok mksih kk👍👍,5,0
kualitas pengerjaan: bagus barangnya sesuai dengan pesanan👍👍,5,0
"barang nya datang tdi siang , bagus barang nya memuaskan , kurir nya jga udah langganan baik lagi",5,0
alhamdulillah paketnya sudah sampai tokonya amana tidak kurang satu apa pun ab ay ng kurirnya baik sopan,5,0
kka paketnya sudah nyampe sesuai pesenan pengiriman sangat sangat cepat kmarein cekot tadi siang dah dateng berpungsi baik pengemasan rapi trimakasih seluler terimakasih...,5,0
pengiriman cepat dan bagus bngett barang nya,5,0
kejernihan lensa: bagussssssss kualitas pengerjaan: packing aman banget bagus banget jos banget,5,0
"bagus si mudah "" an awet buat jam'iyah,mungil,tapi muantap suaranya ,rekomended deh , terimakasih tokonya dan abang kurir nya dah langganan",4,0
barang sesuai dan pengiriman cepat puas bgt belanja ditoko ini,5,0
beh mantap pokoknya anakku cowok tapi suka bgt speaker bt nya langsung unboxing langsung nyanyi mbak host nya maacih yah recommended nya mantullll,5,0
"alhamdulillah sudah sampai, barang sesuai, bagus.. rekomendasi tokonya amanah, the best pokoknya👍👍👍👍👍👍👍👍",5,0
alhamdulillah barang sdh sampai kak kejernihan lensa: baik kualitas pengerjaan: baik performa: baik,5,0
barangnya udah sampai warna sesuai tp microfonnya g tersambung sama speakernya,4,0
mendarat dengan selamat suara nya bagus kencang mudah² awett 👌⭐⭐⭐⭐⭐⭐,5,0
"kak, kok casan nya gak bisa masuk ya? di spiker & mik nya🤭",3,0
kejernihan lensa: ok kualitas pengerjaan: ok,5,0
"paket nya sudah sampai pekingan nya bagus, sudah di tes dan hasil nya sesuai🥰 terimakasih",5,0
produk memang bagus bugas gabus gubas sabug subag mantaaa10000 x,5,0
yalain ya gimana belum di coba performa: apa harus di cas dulu,5,0
"suara jernih dan mic berfungsi dengan baik,selama perjalanan sambil karaoke di mobil bareng suami",5,0
"kejernihan lensa: bagus kualitas pengerjaan: bagus performa: bagus mantap suaranya jernih,,puas banget bagus",5,0
sampai dengan aman speaker n mic sementara berfungsi dengan baik. semoga awet n anak q suka,5,0
"performa: lumayan lah buat isi kegabutan,, untuk suara mic rada nga bas tapi y oke lah",5,0
"sesuai pesanan dengan harga promo semurah itu , packing bagus suara salon juga bagus lengkap dengan mic nya , pengiriman cepat tidak ada yang lecet",5,0
"berfungsi dengan baik, suara jernih, tampilan oke",5,0
"pengemasan baik, seller respon cepat, barang komplit, suara mini speaker mantap👍",5,0
alhamdulilah sampai dengan selamat.. pertama datang mic yg satu mati gak bisa dicas.. terus setelah dicas teruss alhamdulilah nyala makasih seller. semoga selalu lancar j...,4,0
barang jelek baru datang tombol pada rusak gabisa di pakai,1,0
"kecewa baru beli di toko ini,sekalinya beli baru dateng mic nya rusak ganyala,padahal baru dateng langsung aku charger tapi ga nyala rusak",1,0
mic nya rusak tidak bisa hidup toko gak amanah kirim barang rusak di chat mintak solusi malah kayak gak peduli,1,0
"pengiriman cepat, speaker nyala kadang suaranya error, tp kalo dimatiin power trus dihidupkan bisa lagi, sedangkan mic nyala dengan baik",5,0
"mantap,, berfungsi dengan baik, suara ngebas packing aman tidak ada lecet sedikitpun mic berfungsi dengan baik terimakasih sudah amanah",5,0
semuanya berfungsi dengan baik .. suaranya juga jernih .. makasih tiktok,5,0
"seller amanah mantap packing aman pula, suaranya joss, fast respon, recomended banget ini 👍",5,0
"imut lucu gemesss, lumayan buat hiburan di kamar. volume cukup lah kalo utk sekedar karaokean di kamar😁👍 betah bgt karaokean pake ini",5,0
mikropon satunya rusak dan engak bisa digunakan selainnya ok semoga kedepannya di cek/ tes dulu baru di jual makasih,2,0
"ini miknya ga bisa nyala padahal baru dateng,gimana bisa di retur ga?",2,0
barang bagus berfungsi degan baik awal sebelum pemakaian harus di cas lama dulu mic nya,5,0
"performa: buruk, cuman bisa di pakai dalam waktu 20 menitan doang, itu pun kalau sampai, batre cepat habis microphone nya pun ga kuat barang yg datang retak, respon admin...",1,0
"salahnya memang pas buka paket gk saya vidiokan,buang2 duit krn sama sekali gabisa hidup,uda dicharge tetap g bisa,toko gk amanah barang rusak kok dikirim",1,0
"suara oke lah cuma di full volume di hp ngerebek , pencetan atas kotor",4,0
kejernihan lensa: suaranya jernih kualitas pengerjaan: oke,5,0
"beli yang mic nya 2 eh mic satunya rusak , dichat gak dibales sangat kecewa , padahal harga nya lumayan kalo ambil mic 2 tapi mic satunya dikasih yang rusak",1,0
mic gak bisa hidup di kembalikan juga gak bisa kecewa banget,1,0
"awalnya waswas karena mic tidak nyala, dicoba charges dlu keduanya nyala. paket aman, puas",5,0
paking rapih dan aman. amanah seller ny. bagus speaker dan suaranya gede banget untuk ukuran semini ini. semoga awet barang ny. dan sukses terus untuk seller ny,5,0
barang sudah sampai bagus cepat juga pengirimannya,5,0
tidak sesuai ekpetasi datang nya lambat seminggu rusak lagi kertas petunjuk nya lecek kaya itu mah udah di pake terus dia nya beli itu tapi rusak malah di jual klo gk...,1,0
"knapa ya ?gk bisa di cas ,mati hidup ,mati hidup?trus gk bisa di nyalain",1,0
mic-nya ga berfungsi ngga bisa hidup kalau speakernya berfungsi aktif,2,0
barang tidak sesuai pesanan mikrofonnya mati tidak bisa di nyalakan spiker nya tidak bisa cas saya minta pengembalian karna barang sudah rusak,1,0
pas di cas nggak mau ngisih batreinya malah tetap 90%gak nambah-nambah,1,0
"suara nya lumayan keras barang nya bagus sesuali pesanan,minus nya batrai nya cepat habis",5,0
"sayang mic yg 1 nya rusak padahal packing rapi dan aman ,, seharusnya di cek dulu apakah barang cacat atau tidak 🙏",2,0
"barang datang sesuai deskripsi,,berfungsi dengan baik,,dan imut2,suka banget",5,0
barang sesuai pesanan. berfungsi dengan baik. seller fast respon dan ramah.,5,0
dengan harga segini udh bisa buat karaoke habis dicas speaker dan mic langsung befungsi dengan baik alhamdulillah noken.,5,0
"jelek gak bisa dipake ,barang rusak ko dikirim",1,0
toko ini baru niat jualan packingannya juga rapi aman lagi nggak ada yang pecah sama sekali bagus lagi datangnya berfungsi dengan baik tidak mengecewakan pokok mah bagus...,5,0
barang baguss suara jgk baguss tp sayang.x mungkin waktu d kemas kurang rapi jadi ada sedikit pecah,4,0
"bagus suara jernih, tapi mic nya 1 tidak berfungsi",4,0
"pesen 2 mic yg bisa cuma 1, dan saat di cas pun lampu indikator tidak mau menyala",2,0
"packing rapih aman pake buble warp,semua berfungsi,pelayan mantap sukses terus seller pertahankan",5,0
"warnanya lucu, suara lumayan bagus cuman sedikit menggema",5,0
"seller nya fast response, pengiriman cepat, packingan rapi. berfungsi dengan baik. terima kasih",5,0
"kejernihan lensa: jernih,suara'y kualitas pengerjaan: gampang",5,0
kualitas pengerjaan: suara jernih performa: sangat baik,5,0
"kejernihan lensa: lumayan bagus. anak ku senang sekali,lumayan buat belajar nyanyi. moga awet barangnya👍 amanah tokonya,kulirnya juga ramah lingkungan😁",5,0
bagus barangnya sayangnya ternyata suaranya gak terlalu keras,4,0
"suaranya bagus jernih, enak buat karaoke",5,0
"barang komplit, kualitas bagus, speaker keras normal. tapi mic nya yg 1 mati. tidak bisa nyala..",4,0
"barangnya sesuai dengan apa yang di pesan, suara speaker jernih dan kuat, mic nya juga jernih tapi minus nya mic satu lagi tidak hidup, di cas pun tidak menyala lampu mic...",4,0
realpict .bagus barangnya. oke banget..terima kasih,5,0
"gak di cek mungkin ya sebelum dikirim, speaker nyala tpi gk ada suaranya padahal udah konek,volume juga udah full di hp+speaker, mic juga sama gk ada suaranya,udah di cas...",1,0
tolonglah saya gak tau ini speaker nya rusak dari mana nya apa dri toko atau dri pengiriman nya tpi yg saya bingung kok bisa mic yang satunya rusak juga apa jangan2 emng...,1,0
"speaker mini, kipas and hendsead sudah sampai dgn baik saya sudah order ini 2 kali dalam jangka dekat itu untuk stok saya keluar rumah",5,0
"maaf cuman kasih bintang 4 , soal nya barang nya ada lecet (pecah ) . tapi masih bagus kok digunakan 🤗",4,0
"son speaker mini y dah sampe,untuk suara son y ok,cuma suara mic y kecil,sesuai harga sih.untuk proses pengiriman cepat dan penjual sllu konfirmasi pengiriman,trims",4,1
"bagus, suaranya jelas , cepet bgt kalo di chas, kualitas juga bagus",4,0
mantaplah suara jernih mic bagus,5,0
baru kok mic nya ga nyala ya udah di charger pake chargeran hp udah 3 jam tetep gamau nyala giliran nyala ga ada suara aneh.,1,0
jgn pesan mic nya saran aku karna jelek minimal klo jelek 1 ngk papa lah ini jelek ke 2 nya,1,0
"overall bagus kok buat harga segini, mic gaada trouble, speaker kenceng kalo bass wajar lah ya balik lagi ke ada harga ada kualitas 👌🏼",5,0
"speaker nya tidak nyalah udh di cas semalam tetap ajah gak bisa lain kali kalau mau di kasih ke customer harus di cek dlu ,.rusak atau tidak nya kalau kaya gini kan rugi...",1,0
"sangat mengecewakan ngak rekomended, produk yang dikirim, 1 mic nya ngak berfungsi, di charger pun ngak respon . sebaiknya shoopee black list toko yang ngak amanah kay...",1,0
"mic yg dikirim tidak berpungsi sama sekali,disuruh kirim video amboxsing,e..gk bisa lebih dari 60 detik,sangat kecewa karena mic tidak berpungsi,beli ada mic nya gak tau...",2,0
"speaker nya rusak, ga bisa di pakai.. mau saya kembaliin lagi, kecewa beli di toko ini.",1,0
masih di coba cas dulu buat mic nya,4,0
kejernihan lensa: suara sangat jernih.. kualitas pengerjaan: pengemasan sangat aman krn dilapisi bubble wrap... pokoknya sangat amanah sellernya...yang mau order silahkan...,5,0
"pesen 2 mic tapi yg satunya ga nyala, sama aja boong kaya pesen yg 1 mic, rugi",2,1
"bagus semuanya berfungsi, ke 2 mic juga berfungsi, cuma kalo buat nge musik lewat hp, kek nya gampang nge drop deh",5,0
bagus cuman mic nyaa udh d cas trs d cobain mau d cas lagi doll yang buat ngecas y mna mic y beli satu😭,4,0
kejernihan lensa: lumayan bagus kualitas pengerjaan: oky boleh performa: ywsss,5,0
ini pencetanya gimana kali pada kedalem semua tolong dong ini gimana info kirim lagh barang yah,1,0
"quality of work: very bad, its no use because i already charge it, then not until 1 hour its already low so i cannot use it properly. so damn anoyying performance: bad on...",2,0
barang di kirim dengan selamat dan pengiriman cepat sekali barang berfungsi dengan normal dan baik,5,0
"kakak ko mic nya rusak ya gak nyala,gimana sih, bisa tukar gak kaka",1,0
"kejernihan lensa: mohon untuk tanggung jawabnya ka,saya udah beli 71.000 yang dikirim malah rusak gimana sih ka, spikernya tidak bisa isi daya lalu kabel carger juga tida...",1,0
suara nya mantul banget mic nya lucu mungil juga suara nya mantull,5,0
barang sesuai dengan difoto bagus tapi harga nya tidak sesuai. suara jernih packing barang rapih tidak ada kerusakan. semoga lebih amanah lagi iya dan maju terus jualan...,5,0
"kecewa banget.. awal buka mic nya dua dua nya nyala, setelah 1 hari pemakaian salah satu mic mati.. padahal mic nya aman ditaruh di dus hanya 1x pemakaian gaada kebanting...",2,0
bagus mulus cuman kurang keras aja suaranya,4,0
"mengecewakan bgt pas dateng bareng nya rusak.. ga bunyi sama sekali.. sanggahan didalem speaker nya patah, kabel nya juga copot di dalem... mohon diperiksa yang bner bara...",1,0
berfungsi dengan baik suara bagus top pokoknya,5,0
barang datang cepat pesen kemari sore sekarang udh nyampe lgi.. cuman sayang aja kalau lgi ngecas gak ada lampu buat ngasih tau lgi ngecas ataw penuh gtu,5,0
"speaker bagus,mic 2 juga bagus semua berfungsi dgn baik",5,0
ini suaranya jembret jadi suaranya kayak hewan,1,0
"bagus barang nya, suara nya pun bagus..harga murah meriah ga nyangka kirain ga bagus ga tau nya beeeh mantepp...ga nyesel beli disini",5,0
"tolong klo mau dikirim dicek semuanya, ini sudah dikirim soundnya gak nyala dan mic nya juga ga bisa satu, emang salah saya ngga bikin vidio unboxing, tolong di croscek l...",1,0
sangat kecewa ternyata barang yg dikirim rusak sudah tak cas ternyata tetep nggak nyalan,1,0
"paket nya udh sampe , tapi mix nya gak berfungsi padahal udh di cas juga pas di unboxing lampu mik nya udh nyala , aku nnya2 pas live malahan di bisukan komentar ku😶 aku...",3,0
"paket sudah datang dilokasi, secara keseluruhan mantap dan elegan speaker nya, cuman bagian belakang nya ada goresan seperti yang saya foto di bawah..., semoga gpp ya min...",5,2
"barang sudah saya terima,kondisi barang baik pokoknya sesuai dgn iklan trs suara ok lah, cuman sedikit telat datang tp tdk masalah terima kasih🙏",4,0
"nyampek nya cepet banget, admin nya jugaa rama, suara nya jugaaa jernih bangett",5,0
alahmulilah barang udah smape cuman blm bisa di cek soal nya batre nya abis kaya nya,4,1
barang bagus sesuai gambar dan ulasan packing juga rapi bgus mantap sesuai harapan pengiriman cpt,5,0
"barang tiba dgn mantap, memenuhi harapan dgnkualitas top dan berfungsi dgn baik. terimakasih..",5,0
mantap pokok nyah bas nyah harga sangat murah segitu dah dapet kaya yang mahal pull bas pokok nyah... pengiriman cepet kemaren pesen hari ini datang dan peking pun aman,5,1
"performa: berfungsi dengan baik, dann semogaa bisa awet wkwkwk",5,0
mendarat dengan aman kejernihan lensa: mantap kualitas pengerjaan: cepat rapi,5,0
brang sampai dengan baik kk dan kualitas juga bagus kk🙏,5,0
kualitas pengerjaan: sangat cepat kejernihan lensa: keren,5,1
"kualitas pengerjaan: bagus kejernihan lensa: bagus performa: baik harga segitu bagus udah di coba belum tau kualitas batre nya soalnya baru di coba, kalau suara mah lumay...",5,0
kualitas pengerjaan: sangat bagus dan suara nya besar bisa karaoke teman-teman,5,0
"packing bagus, cuman miss paint, cover agak longgar semoga bisa lebih di perbaiki lagi",5,0
toko selernya amannah hitam v8 puas bingit sesuai pesanan suara bass mantap boss,5,0
kejernihan lensa: ok kualitas pengerjaan: o,5,0
speaker mendarat dengan aman sentosa.. sesuai pesanan.. harga terjangkau.. biarpun mini bass'y lumayan.. cocok buat desain jadi rilex thakss,5,0
"mantap sesuai pesanan, dan suara bass speaker nyah joss 👍👍",5,0
ga bakal rugi udah suaranya bagus cakep pula dan paking rapih aman,5,0
"barang sampai dengan selamat dan sesuai,suara juga bagus 👍👍",5,0
"spiker nya bagus"" aja sih kak tapi suara bass nya yg agak gx kedengeran terlalu kecil",4,0
barang sesuai pesanan suaranya bagus dan mantul,5,0
barang murah tapi bagus dan berkualitas,5,0
"kualitas sesuai harga, cukup untuk dengerin musik dari hp",5,0
"kualitas di harga 100k udah mantep banget, bass nya kerasa",5,0
"awalnya bisa di pake nyala, pas udh di cas mau di paket lagi, trs ga nyala nyala😏",3,0
mantap sesuai di gambar sesuai juga datang nya harga murah kualitas bukan murahan mantap 👍👍👍,5,0
paket dah sampai pengiriman cepet..yang jual ramah banget selalu respon..pakeng aman banget gak ada yang cacat..sukses tokonya..semoga speker blututnya awet..aminnn,5,0
barangnya bagus sesuai ekspektasi dan packing aman banget,5,0
sesui kejernihan lensa: bagus kualitas pengerjaan: bagus,5,0
"wajib beli, d sini, barang mantap, sesuai dengan iklan, batrei tahan lama, bunyi mantul",5,0
"barang reels pick,, kondisi baru,,,",5,0
kualitas baguss bas nya juga bagus,5,0
"okeh banget fulk bass, mantap deh",5,0
"mantap gaann, tidak di ganggu lgiii, lang aja cekot, pengiriman aman bagus banget rekomendasi, nge bazz bangett dahhh lumayan",5,1
sesuai dengan gambar dan bgus bisa buat suro an,5,0
"barangnya sampai dgn selamat, tpi tadi ku kira 13 wat ternyata 10 wa",5,0
bagus barangnya sesuai pesenan dan kurir nya ramah,5,0
barang mendarat dengan amannn packingan di jamin aman yahesyaa btw mampit ke tiktokku kak di @tennnn slwly. tadi sempet ke live mimin juga🤙🏽,5,0
kualitas pengerjaan: pecking bagus performa: mantul,5,0
performa: semoga awet dan sesuai di live pas co,5,0
barang memuaska pengiriman sangat tepat waktu👍,5,0
performa: bagus dan sesuai mksih buat tokonya moga awet😇,5,0
speakernya jos kak say puas banget pekingan rapi next time say beli lagi kak,5,0
suwaranya bagus jernih mantul bass nya,5,0
"pesen speaker v8 yg datang malah kipas mini, tolong saya mau return barang ini",2,0
"mantap bang,suara jernih",5,0
performa: kereen sesuai expektasi,5,0
pengiriman cepat barang sesuai 👍👍,5,0
sangat bagus banget suaranya jernih trs bar nya enk di dengar bakalan langganan ama toko ini pekingan nya rampi barang ama sulaiman pokoknya debas banget,5,0
barang bagus.kurirnya juga ramah. barang bagus suaranya juga jernih pokoknya sesuai keinginan 👍,5,0
"jangan ragi buat beli, walaupun harga terjangkau tapi memuaskan, bagus poll suara bernick dan ngebas pokonya suka poll👍",5,0
kejernihan lensa: kulaitas bahan bagus kuat kualitas pengerjaan: suara jelas bas kenceng performa: baterai awet bas kencang suara jernih kerrnn,5,0
"mantap barangnya, kualitas bagus..suaranya memuaskan, volume juga keras.. sukses terus buat tokonya",5,0
"barang sudah sampai suaranya menggelegar satu rumah kedengeran, suara nya pas gak kebesaran bass atau trebel nya",5,0
ok packingan rapi barang aman fungsi normal suara bas mantap terimakasih ya kak,5,0
"performa: sangat bagus paket sudah meluncur dengan selamat, tidak ada kelecetan sama sekali, dan barang masih mulus, untuk bass nya sesuai dengan harga",5,0
performa: joss kualitas pengerjaan: rapih mantap suara bass,5,0
"barang nya sangat bagus dan tidak ada lecet,layanan kurirnya sangat baik dan ramah",5,1
"paket sudah mendarat dan sesuai dgn yg di iklan kondisi mulus tanpa lecet, recommended buat di pesan.",5,0
"real pick banget sumpah enak banget buat santai"" pas hari libur ,ini sih aku rekomendasiin banget best suaranya full bass kecil"" cabe rawit 🤘",5,0
"mantap sesuai pesanan,bagus,di bungkus rapih,amanah. suaranya ngebas banget 👍",5,0
mantaap..?! suaranya dan bass nya lumayan puas lah👍👍,5,0
barangnya bagus tapi blututnya ngga masuk ke hpku kalo ke hp teman mah masuk,5,0
model atau modifikasi speaker nya bagus cuman saja yg buat saya kesal cepat habis daya batre nya 100% batre cuman 15 menih dah habis power off bikin saya kurang percaya l...,5,0
"barang sudah sampai dengan baik packingan rapi kualitas bagus suara oke seller ramah ,,puas sih dengan barangnya terimakasih 😊🙏",4,0
"barang tiba dengan aman .. bagus,suara ngebass & jernih ... semoga awett 🙏🙏",5,0
produk ya mantul suaranya jernih 👍👍👍,5,0
"barang bagus, sangat rapi n aman kendala di paket tertulis barang yg datang warna hitam pas di buka warna putih terus barang lama sampe karena pihak ekspedisi salah kirim...",4,0
"barang bagus, kemasan nya bagus, bunyi nya juga 👌",5,0
"bingung tidak bisa berkata kata ..barangnya sangat bagus tidak mengecewakan , pokonya saya sangat puas dengan pelayanan dan produknya yag sangat bagus .. pengiriman ny ju...",5,0
speaker nya bagus sudah dicoba dan berfungsi dengan baik suara nya juga ok... terimakasih....,5,1
"allhamdulilah barang bagus, mulus,, bas mantap, suwara jernih, ok,, 100%👌🏻👌🏻👌🏻 cepet barang nya nyampek.. tiba²paket ku udh di depan pintu kakak.. 🤭🥰trimakasih y...",5,0
mau tanya bang ini 10wat . ya bukan 13.6w bang semua bagus blm di tes suaranya,4,0
berfungsi dengan baik sesuai pesanan tokoh amanah banget recommended pokoknya,5,0
"mantap aman sesuai, rekomended poko nya buat kalian yang masih cari cari spiker bluetooth disini tempat nya. good",5,0
"barang sesuai pesanan kualitas suara sesuai dengan harga mantap, tapi di bagian samping ada yang retak,saran lebih di perhatikan kembali untuk pengiriman atau pengecekan...",3,0
"barang sesuai pesanan dan sangat memuaskan,seller amanah pengirimannya juga cepat! buat yg mau beli jangan ragu beli di toko ini recomend pokok nya",5,0
"packing aman, tebal, warna sesuai, berfungsi semua. cuma yang jadi masalah suara bass nya kurang keluar, kurang greget jadinya.. kalo tampilan ok lah.",3,0
"barang sudah di terima dgn baik sesuai di iklan sudah di coba berfungsi dg baik, saya puas belanja di toko anda, kurir juga ramah terimakasih 🙏",5,0
"baru datang, ehh belah atasanya. tapi suara bagus kenceng juga, minus itunya aja si patah",3,0
kualitas pengerjaan: foto yang bicara kejernihan lensa: packing super extra bubble recommended seller rapi packing,5,0
barang sampai dengan selamat dan suaranya dhe best lahh,5,0
the best pkok nyo suara nya menggelegar☺☺,5,0
paket saya terima dgn aman tidak ada cacat sedikit pun wlwpn paket sempet jalan ke tujuan lain akhirnya paket semalem dikirim balik lg ke alamat tujuan saya toko nya aman...,5,0
brang bgus penggiman cepat tapi syang tdak sesuai di toko daya batre 1800mah smpek di sini cuma 1200 mah trus di dosnya kmren liat 13 wat yg dtang 10 wat,3,0
barang mulus paking aman+ kurir nya juga ramah,5,0
sesuai dengan pesanan dan peking rapi dengan di kasih penangaman harga murah tpi gk murahan.,5,0
"kualitas pengerjaan: bagusss terampil terus full respon, semoga awet yahhh🥰🥰",5,0
"realpict banget, keamanan barangnya juga bagus, barang sampe dengan selamat,.maaf ya baru kasih ulasan sekarang",5,0
"barangnya bagus skali,,,puas banget. sdah di pake kan stiker 😁",5,0
mantap dgn hrg segini.. hanya saja pengiriman agak lambat selebihnya puas banget dgn speakernya.. josss,5,0
barang sesuai dengan realita sangat memuaskan kan,5,0
barang ny mantap suara bagus,5,0
"performa: gak ada kata kata , adanya bukti nyata jozz",5,0
alhamdulillah barang sesuai dan kuwalitas sangat mntap rekomendasi banget pokok nya 🙏,5,0
mantap barangnya kereen sesuai pengiriman juga cepet,5,0
"kualitas pengerjaan: baik banget,barang good",5,0
paket sangat bagus 👍👍👍,5,0
kereeeeeeeeeen suaranyaaaa ngebassss banget,5,0
"pengiriman tepat waktu, suara speakernya jernih dan bentuknya elegan. pokok sesuai deskripsi, mantap suaranya",5,0
packingnya rapi dan barangnya sesuai. bagus top 👍,5,0
paketan ny sudah datang pengiriman cepat d pekingan ny rapi,4,0
"speaker ini cepat lobet betre nya saya cas selama 3 jam ,saya pake ha nya 30 menit betre nya langsu ng habis kurang bagus",1,0
mantap barangnya sesuai dengan pesanan dan pengiriman sangat cepat terimakasih,5,0
kejernihan lensa: bagus kualitas pengerjaan: oc,4,0
"suara nya enak banget,bass nya jedag jedug pokonya mantap.makasih.kecil² cabe rawit.kurir langanan,ramah banget",5,0
cocok sesuai pesanan. pengiriman cepat dan mendarat dengan selamat.👍,4,0
barang sesuai pengiriman juga cepat 👍👍👍👍,5,0
is the best 🤗👍,5,0
"ngeri menggelegar 😁 keren bagus bat, barang sudah sayah terima dengan aman, pengiriman cepat",5,0
barangnya mines pecah di bagian atas pengisian daya,1,0
"pengiriman cepat, aman, barang bagus, suara jernih dan ngebas,ok mantap",5,0
"bagussss,berfungsi dengan baikkk,anak aku sukakkkk🥰🥰🥰",5,0
barang nya bagus mantap,5,0
"agak kecewa sih pas dibuka udah patah mungkin karna perjalanan nya jauh kali ya, atau ke timpa barang, suaranya jernih banget ngebass, bagus",5,0
"kualitas pengerjaan: kurang rapi pas di angkat, daleman nya ada yg lepas mungkin ada suara seperti spiker nya lepas dari tempat nya #semoga awet, untuk harga segitu wajar...",4,0
"jangan sampai beli di toko ini, karna baru 2 minggu kurang udah rusak barang nya. gakkk bisa sama sekali jalan, gak tau kenapa. jatoh nggak di banting nggak di injek2 ngg...",1,0
ka speaker nya ga nyala d cas juga ga mau,1,0
kecil cabe rawit suara nya ngebas juga jernih,5,0
"sungguh mengecewakan, baru 2 hari yang lalu beli..sekarang sudah mati total ga bisa di pake",1,0
"mantap, suaranya mantap, kemasan bagus,",4,0
keren banget musik box nya. suara super nge-bass. cocok banget dah buat yang suka musikan,5,1
barang sesuai pesanan kualitas suara bagus,5,0
sangat puas dengan sipkernya suaranya bagus dengan harga yg terjangkau 👍,5,0
minta warna putih malah di kirim warna hitam.....🤔 untung suara sama build quality nya ok... performance: suara nya bagus,5,0
terima kasih barang telah sampai dengan bagus & rapi barang juga bagus sesuai harga semoga sukses,5,0
bagus suaranya lembut ngebas gk kecewa deh berfungsi dengan baik,5,0
mantap harga bersahabat suara bass nya dapet .. rekomendasi dah..👍👍,5,0
"barang sudah sampai bagus sesuai gambar dan suaranya bersih, anak saya senang sekali,,",5,0
"mantap suara memuaskan,cukuplah buat harga segitu,makasii admin workit barangnya...👍",5,0
"terimakasih pesanan sudah sampai dengan aman,, pengemasan baik pengiriman cepat..",5,0
"barang nya jos, cepet nyampe nya, semoga ga kaya toko sebelah🔥🔥",5,0
tidak baik saya dapat yang mati gak bisa di pkek,1,0
"suara mantap, bass oke, keren lampu rgb 👍👍",5,0
barang nya cepat sampai pekingan nya sangat bagus tapi ada minis pecah sedikit,4,0
ok lahh dengan harga segitu suaranya tidak bisa di bilang jelek lumayan lah buat di kamar👍,5,0
"kejernihan lensa: bagus kualitas pengerjaan: keren abis keren pokok'a suara mantap bass mantap kualitas oke bngt, trmksh y,",5,0
pengiriman: dua hari sampai kwalitas:lumayan bagus sesuai pesanan.. cuman belum tau kekuatan batre belum di tes berapa jam pull batre&pull musik..,5,0
"barang udah sampai, kualitas audio okee lahh buat dengerin lagu kayak yg butuhin bass sprti a7x, slipknot, dll. so far so good",5,0
suara nya lumyaan sesuai harga...harga 100 g usah pgn spek tinggi bass kenceng...sgni mah udah terbilang cukup bagus harga sgtu...,4,0
mksih mendarat dengan aman...tp pesanya hitam...datengu putih...gk ap2...yg penting fungsi dengan baik...moga awet,5,0
"barangnya bagus, dan tidak ad lecet sm sekali",4,0
"bagus barangnya berfungsi dengam baik, packing aman",5,0
gila speaker nya keren abis suaranya mantap gak nyesal beli di sini,5,0
kecil kecil menggelegar.. awal ragu . pas barang sampe.. luar biasa mantul dah,5,0
wau sanagt mantul sanagt sesuwei sangat oke barng fuuuul suara y sayang baas y kurng kalah sama tribel y.tp oke lah harga jga trjangkau wah mantap lah oke bnget toko y am...,5,0
alhamdulillah barang udh ready walaupun telat estimasi nya .. barang bagus da gak ad cacat sedikit pun... mudah2n bisa berfungsi dgn baik...,4,0
mantap barangnya bagus sesuai yg di harap kan dan pengiriman nya oke pokok nya mantap bass nya enak,5,0
barang datang sesuai dengan gambar mulus...mantapp,5,0
sangat baik sampai ke tangan konsumen dan keamanannya sangat menjajikan,5,0
mantap sesuai pesanan tidak kecewa pokoknya,5,0
"oke bng ,barang suda sampai tujuan,barang sesuai bagus,packinge rapi.tidak ada kerusakan jos lah , pengiriman nya cepat .oke trimakasih warna.white",5,0
barang bagus tapi sayang batri cepat abis (lemah) k e c e w a,1,0
"barang nya bagus dan sesuai💯💯💯,pengirimanya cepat, packing nya rapih dan aman banget lah pokonya, pkonya the besttttt worth it bgt ini toko nya ga nyesel dehhh thanks,...",5,0
"barang rusak tapi gak mau di retur.., minta video unboxin terus , jangan beli disini",1,0
kecewa suwaranya jelek macet2 hilang2 sungguh kecewa,2,0
baik kurirnya ramah lecet di bagian belakang pengirimannya lambat,3,0
"ini knapa baru 1x dipake ndak knapa"" kok udah nggak bisa?.... b1 dlu",1,0
"barang udah sampai dengan dengan selamat,sangat bagus speker nya..normal suara nya bersih ngebas mantapppp",5,0
kualitas pengerjaan: bagus keamansn sangat lengkap performa: jernih,5,0
terimakasih bang... barangnya sudah datang dgn aman pekingnya rapi.. kurir ramah. suaranya mantuul bang,5,0
"udh smpe brg nya sesuai pesanan, bgs berfungsi dgn baik, packing aman gk ada yg cacat,pengiriman cpt,mksh untuk seller and kurirnya 🙏😊",5,0
"alhamdulillah pesanan sudah sampai dengan aman, dan barang berfungsi dengan baik, terimakasih buat toko dan juga mas kurirnya",5,0
"mantap lumayan bagus untuk harga segitu,cepat sampai berfungsi dengan baik",5,0
makasi kk barangnya bagus suaranya juga bagus😍😍😍,4,0
ga nyala nya anj percuma nunggu lama kalo ga nyala kontol,1,0
kejernihan lensa: bagus banget kualitas pengerjaan: bagus dan baik,5,0
wahh mantap joss spikernya kk sesuai pesanan makasi untuk kurirnya dangan tokonya selalu amanah,5,0
suaranya bagus tdak mengecewakan mantap dah pokoknya,4,0
"oke produk nya, cocok untuk di ruang, mantap lah pokoknya, tapi yang datang warna putih padahal pesannya warna hitam tapi gakpp",4,0
"barang nya sudah sampai dengan aman, tpi saya minta warna putih yg dikirim warna hitam.. untung suami saya mau warna hitam nya",5,0
suara ok mantap sangat puas makasih banyak 🙏,5,0
"oke barang mantap, sesuai di foto oke bnget",5,0
mantap mas barang nya bagus harga murah pengiriman cepat mantap mas,5,0
"mantap packing rapi dan pengiriman super cepat, baru pesan kemarin hari ini sdh datang.",5,0
kejernihan lensa: sangat cerah penuh warna kualitas pengerjaan: ok performa: bagus ngebasss buruan beli matappp,5,1
kejernihan lensa: baik kualitas pengerjaan: baik performa: baik,5,0
kualitas produk sangat baik 👍,5,0
suara nya mantap melebihi s220,5,0
mantaaap bos poko.a gk bakalan kecewa belanja di toko ini barang real poko.a mantap bos ku,5,0
"barang bagus sesuai pesanan,jangan ragu ges amanah ni toko mantapp..",5,0
kejernihan lensa: suaranya bgus,5,0
sangat puas dengan kualitas spikernya mantap,5,0
kualitas pengerjaan: bagus performa: bagus untuk harga under 100k udah bisa di bilang bagus sih,5,0
pakenya udah tiba..pekingan rapih..terimakasih,5,0
"bagus banget barangnya, sesuai dengan gambar. pokoknya beli di sini aman dan berkualitas💖🥰🥳🥳",5,0
bagus produk nya gk kecewa mantap pokok nya sesuai pesanan,5,0
"bagus ,barang nya real bgt 😊 blm d coba sich lagi di cas dulu barang nya sesuai pesanan😊",5,0
barang sesuai gak mengecewakan asli suka bgt rekomend dah..... buat yg lain,5,0
barang dah sampai semoga awet barangnya kualitas oke lah,4,0
kualitas bagus,5,0
alhmdulilah barang telah mendarat dengan selamat.langsung di coba dan berfungsi dengan baik.,5,0
barang nya mantappp tapi buat bas nya kurang ngebass tapi mantap lahhhhh good,5,0
"lumayan. sesuai harga dan pengiriman dikasih buber warp.. makasih seller dan sedoyo mawut, sampean tiang tiung🥴",4,0
baterai tidak awet cuma 2 jam udah habis kalau 70% 4 jam,3,0
"bagus, harganya ok",5,0
"barang sesuai bgus, suaranya mantulllll 👍😍😍",5,0
"paket aman,,,suara luman sesuai harga👍👍👍",5,0
mantap sesuai gambar pengiriman juga cepat kurir ramah the best lah 👍,5,0
real pick tpi belum dicoba nyala tdk nya,5,0
alhamdulilah pesanan sudah tiba dengan aman kualitas bagus,5,0
sumpah sih packingan nya aman banget barangnya baguss,5,0
"mantap pokoknya, peking ya rapi aman dah, nggak bakalan yesel dah",5,0
cepet smpe...trus barang dibungkus sangat aman dan clean,5,0
trimksih pket udah nympe bru smpt ksih ulasan alhamdulillah..normal suara jerni semoga awet,5,0
"kecewa tidak sesuai yang dipesan , malah yg dikirim merek armour sungguh disyankkan",2,0
paket sudah smpai bagus suara mantap,5,0
ini gimana maksudnya...kok pesan nya gak sesuai ...kecewa sangat,1,0
kualitas pengerjaan: bagus kejernihan lensa: ok,5,0
"barang cepet sampai, baru kemaren pesen, dan barangnya pick dan reel sesuai yg di iklankan",5,0
"barang suda sampai,mantap boss suara joss",5,0
"kurir amanah tokonx amanah, dan tiktok nx juga amanah mksh semuanya",5,0
"pecah , pada lepas semua ,tidak sesuai",1,0
brg sdh mendarat dgn selamat suara ny mantap,5,0
kualitas pengerjaan: ok kejernihan lensa: ok,5,0
suara jernih murcep speaker gak kaleng2,5,0
pekejing nya baguss saya suka dan cepat di antarnya enggak mengecewakan 👍,5,0
"pket sdh d trima dgn aman realpic sesuai iklan..., sdh d coba mantab...smga awet ...,jaya buat seller dan sehat trus buat kurirnya ...goodjob",5,0
suara sepeker nya pecah..suara nya gember,1,0
bosku kenapa speaker rusak gak mau sambing dengan bluetot,1,0
mantap kk barang sesuai pesanan toko amanah udah duakali belanja di toko ini amanah memuaskan,5,0
"barang nya tiba di lampung agak rusak bungkusnya, dan lecet sedikit",2,0
cara hidup kan blutut spker gimana,5,0
"barang sampai di lokasi, pas mau di cek tidak bisa nyala, saya kira batray'nya habis, saya colok kabel, setelah lama ternyata tidak bisa nyala, nyalanya harus pakai k...",1,0
review jujur ini speaker sedikit aneh dalam abis batre nya lsg 10% 10% gtu yah,3,0
sesuai pesanan barang bagus 👍,5,0
quality of work: baru seminggu sudah rusak,1,0
koq baru seharian nie d cas koq gk hidup hidup mau hdup harus d cas dulu aneh.... kecewa jelek barang nya,1,0
kualitas bagus suara nya ngebas mantul,5,0
ka ko sepikr blututnya mati gimna ini ka,1,0
bluetooth nya ngg bisa connect,4,0
"mantap barang sesuai pesanan,.👍👍👍",5,0
mantap barang sesuai pesanan peking rapih kurir baik,5,0
saya kecewa suaranya terputus2,1,0
"barang tidak sesuai, yg dikirim 10w, 1200mah baterai",1,0
sangat worth it semoga awet di buat kedepannya 👍👍,5,0
kejernihan lensa: mantab kualitas pengerjaan: keren performa: okey,5,0
produknya sesuai pesanan min bagus,3,0
paket sampai dengan aman...kurir ramah n cepat....terima kasih,5,0
barang nya bagus,5,0
sangat amanah semoga sukses sll tokohnya,5,0
suara enak dak bisa ringan untuk dibawa,3,0
"speaker nya dah sampai kk,amanah pokoknya👍",5,0
produk aman kemasan bagus rapi,5,0
ok marang mantappp sesuay pesanan pokok nya 👍👍👍,5,0
waw bagus dan keren,5,0
kejernihan lensa: bagus performa: keren,5,0
"lumayan,,cm bass kurang keluar",3,0
makasih buat semua barang bgus banget,5,0
sempat kecewa soal pengiriman nya yg gk jelas. tapi alhamdulillah paket mendarat dengan selamat,5,0
"keren, suara mantap dan rela pict",5,0
bagus barang nya.. amanah kurir nya ok udah langganan,5,0
realpick.. batre nya awet seharian,5,0
"alhamdulillah paketnya udah sampai dngn selamat, terimakasih bnyk kpada kurirnya dn tokonya smoga jaya selalu amiin yrb...😊👍👍",5,0
"bagus sekali spekernya,saya suka banget",5,0
amanah toko nya sesuai semoga berkah ters,5,0
"trimakasih, barang sudah sampai dengan keadaan baik-baik saja🙏",4,0
"kok bas nya ngk ada, mna pelan banget, ngak sesuai.",1,0
barang baguuss sesuai .sangat realpic sekali..mantaaap,5,0
"kurang memuaskan saya gak pas sama yang di pesen pesen nya 13, 6wat yang datang 10wat nyesel banget gak lagi lagi beli di toko ini.",1,0
baik ² aja sih tp saya pikir ngebass,4,0
"barang palsu, barang rosok dikirim",1,0
mantap recommended banget sih ini,5,0
ada yang tau harus di cass berapa jam dulu sebelum di pakek,3,0
"meskipun barang selamat sampai tujuan biar pun tidak sesuai makasi sudah mngecewa kn costumer nya,, kakak celr baik kurir nya ramah😇",1,0
sangat bagus suaranya,5,0
baru kali ini aku pesan barang di tik tok packingannya luar biasa bagus,5,0
"pesenya warna hitam, dusnya warna hitam yg dtng wrna putih pdhl pngen yg hitam",5,0
baguss sekali .. suara ngebas,5,0
bagus..,5,0
barang nya bagsu kali sesuai dengan pesanan makasih bang kak,5,0
oky mantap,5,0
namun bass-nya kurang jelas,5,0
bos tombol ga jalan g nyalah ni,1,0
di pesan 13 w yang datang 10 w tidak amanah,1,0
mantap suaranya,5,0
"halo kak barangnya sudah sampai, sesuai pesanan dan bgus terimakasih.",5,0
kecil kecil cabe rawit,5,0
barang ok bagus....kulir ramah..gooodt,5,0
bgus barang nya sempurna terimksih,5,0
barang sesuai dengan ekspektasi,5,0
remomendasi banget,5,0
kabel usb nya penyok,4,1
"paketnya udah datang, 3 hari sampai , keren bagus mantap, jaya terus tokonya",5,0
kak maaf ini sepekernya. rusak sebelah,1,0
"performa: bagus,cuman sember sedikit kualitas pengerjaan: baguss kejernihan lensa: baguss cakep dan untuk harga cocok",5,0
performa: mantap suaranya jernih bagus ga salah pilih speker.kecil kecil cabe rawit ini mah,5,0
lumayan bagus juga baterai juga gak gampang habis dan suara nya juga jernih dan kuat gak kalah sama suara speaker besar,4,0
"agak lecet di bodinya wakru pengiriman seperti tertusuk benda tajam seperti pisau entah dari expedisi atau sananya, overall yg penting berfungsi dengan baik",4,0
mantul bangett bagus banget suaranya kenceng bangett pokonya the best,5,0
speaker nya relpick dan suara bass nya bagus banget dan kurirnya sangat ramah,5,0
bagus buat kerja dimalam hari good job 👍👍,5,0
kualitas sesuai tapi lampunya nggak ngikut lagunya,5,0
produk ori suara oke bas oke desain kerenn bgt sangat recommended,5,0
spiker sangat bagus jangan ragu beli produk ini toko nya amana sesuai pesanan spikernya suaranya sangat memuaskan kurir nya sangat ramah jangan ragu belanja ditoko ini,5,0
"bagus, berfungsi semuanya,,ngk ada cacatnya",5,0
bagus suara juga jernih bagus sesuai pesanan,5,0
"barang nya bagus,oke aja dengan harga yang terjangkau..untuk pengemasan paketnya juga baik,gak bakal nyesel buat beli. recommend buat dibeli",5,0
mantap sesuai,5,0
"mantap bass kenceng, cuman batre nya ga gede",5,0
"paket sudah mendarat,,kualitas oke,suara oke dan barang sesuai gambar,,bagus banget sy suka,terima kasih",5,0
puas banget dengan kualitas nya.. packing nya pun rapi banget ... recommended banget buat kalian yang cari speaker bluetooth,5,0
"paket sudah diterima,tp begitu di on kok nggak mau nyala. apa mungkin mau dicas dulu",4,0
"sudah ditrima dlm keadaan normal semua, suara ok bagus smua kejernihan lensa: bagus kualitas pengerjaan: bagus performa: bagus",5,0
pesenan telah tiba kualitasnya bagus suaranya jos bass ya mantul,5,0
"barang sampe dengan selamat, suara mandep ngebass produk sesuai rekomend dah, pengiriman jga cepat soalnya saya sndiri kurirnya:v",5,0
"seller fast respon , pengiriman cepat , packing rapih , kualitas speaker joss",5,0
alhamdulillah barang tiba dan tidak mengecewakan speaker mininya jernih dan mantap . hanya saja carjer terlalu pendek susah di manfaatkan . terima kasih atas spekernya m...,5,0
"barang bagus kak full bass kecil"" cabe rawit",5,0
produk sesuai ekspetasi... suaranya bagus dan jernih,5,0
"kok gak sesuwai pesanan ya pesanan saya yg 13,6w kok yg sampe 10w",1,0
"kumayan bagus la dari produk yg sblum nya saya beli baru juga umur 2 minggu son nya ud.putus kontak mati sendiri.ya gitu la naman no produksi abal""aq si gmrasa rugi j...",5,0
"barang bagus sesuai pesanan doble speaker enak didengar untuk semua lagu ,,,seller baik",5,0
seharus nya. dual 13.6 w speaker sama batray 1800 mh. tidak sesuai looo,2,0
kejernihan lensa: biasa aja kualitas pengerjaan: bagus performa: suaranya kecil gk bisa lebih besar,4,0
oky bahan nya bagus banget suara nya juga enak denger nya,5,0
kejernihan lensa: jernih merdu mntul,5,0
"speaker nya full bass banget, barang nya sesuai dgn yg qu pesan, menggelegar di telinga sampe kawan mau beli juga!...",5,0
"suara mantap ,model bagus ,cepat pengiriman",5,0
bagus..suara mantap..cuma batre tahan skitar 2 jam....tp ttp bintang 5..,5,0
"kualitas pengerjaan: barang bagus, pengiriman cepat, suara nya mantapp walaupun harga murah kualitas tetrp oke 🥰😍😍😍😍",5,0
"barangnya bagus, cuman kualitas bass nya kurang",4,0
"kwalitas produk sangat bagus,pelayanan oke",5,0
mantappp pengiriman cepat dan aman,5,0
terimakasih barang sesuai pesanan dan lancar serta berfungsi dengan baik.,5,0
kualitas pengerjaan: sangat baik suaranya ngebas,5,0
produk nya sangat bagus sekali suara bas nya juga ok,5,0
barang sesuai pesanan suaranya juga enak didengar terima kasih,5,0
suara nya aja kurang kencang walaupun volume udh full,4,0
"sip lah mantep cuman minus sedikit, minusnya terlalu enak sampe di pinjem abang gue mulu akhirnya gue beli lagi 😒",5,0
salon nya mantul bgt suara nya menggelegar anak q lgsg suka bner2 horeg tp sayang casan nya bagian lubang nya penyok jd tidak bisa di pake tp gpp di rumah bnyak casan,5,0
luar biasa kecil tapi suaranya mantep betul.. enak pake rebahan di sawah🥰🥰🥰👍👍👍,5,0
kereeeenn.... suaranya bagus ... packing nya rapih pokoknya bakalan nyesel beli speaker ini,5,0
bagus sih cuma suara ny kecil batre nya mudah habis juga gk sesuai dgn kapasitas,5,0
model baguss suaran amann maksihh,5,0
"vidio unboxingnya ada tapi syaratnya bikin ribet jdi udahlah begini aja, kualitas body tema neon rgb bagus, suara nggak sejernih karna ini sesuai harga tapi untuk bass ud...",5,0
bagus. cuman lampunya tidak bisa di matiin.,4,0
"mantul..... barang aman, tapi masih dicas blm dicoba, dan lampu nyala 👍👍👍👍👍👍",5,0
terbaik 🔥 bass adem gak cempreng tidak diragukan lagi,5,0
"alhmdllh udh dtg , pakingx bgs dan rapi, brang bgs suarax keras anak sy suka skli, kurir baik dan sopan",5,0
mantap sesuai dengan deskripsi nya.. suaranya mantul dan bass menggelegarrrrr,5,0
di pake 1 lgu langsung mati ga masuk cesan,4,0
bagus sesuai gambar....suara nya juga lumayan keras,4,0
"sangat"" bagus suara nya mantap dan sangat keras",5,0
"brang sudah sampai dengan selamat ,dan sesuai pesana",5,0
kereeen suaranya ky dangdutan,5,0
kualitas pengerjaan: sangat elegan cocok untuk di bawa bawa,5,0
"paket bagus, kualitas pengiriman dan packing keren.. fast respon dan pengiriman cepat.. the best pokoknya",5,0
barang dah sampai terima kasih,5,0
suka suka. barang berfungsi dengan baik. maaf gk sempet unboxing langsung di buka anak ku gk sabaran,5,0
barang nya cepat sampai tapi aga lecet barang nya sampai,4,0
badassssssssssssss pokonya packingnya aman suara bass okeee. kecil kecil cabe rawit lumayan buat nyetel lagu 𝙟𝙖𝙗𝙡𝙖𝙮 josssss,5,0
bagus dan aman pengemasannya paketnya makasih😍😘🥰,5,0
mantab suaranya bagus pokoknya nggak nyesal blnja disini,5,0
"sesuai bass nya cuma kurang cakep,,, tp ok lah",5,0
barang sudah nyampai semoga aman.dan kurirnya ramah,5,0
performa: jernih kualitas pengerjaan: cacat dibagian bass,3,0
"alhamdulillah barangnya bagus nyala ,pengiriman cepat ,terimakasi sehat banyak rezeki ,barokah untuk semua. 🤲🏼",5,0
bagusss bngettt... suara jernih.. top pokoknya,5,0
"bagus , barang sesuai dengan harga , pengiriman cepat ,mantap semoga awet.",5,0
barang datang bagus tidak mengecewa jan,5,0
bagus nya tpi kekecilan ngx sesuai foto nya ke brang nya itu aj salah nya,5,0
alhamdulilah paketan udah sampai pengemasan rapi bangett....,5,0
kualitas dan fforma speaker nyaa tidak diragukan,5,0
"barang bagus, mulus, tdk ada yg rusak, packingnya jga mantap. josss",5,0
belum dicoba packing nya josjis beda dari yang lain bublewarp nya,4,0
suara jernih ngebas pulang pokoke mantapppp lah jos gandos,5,0
"good, packing sempurna terbaik pelayanan dan kualitas barangnya.",5,0
kejernihan lensa: bagus kualitas pengerjaan: cepat performa: baik,5,0
bagus sesuai di gambar ini recommend sih batrenya juga awet 1800mah tidak clickbait guys mantap pokoknya *10,5,0
paket yang diterima lengkap dan berfungsi dengan baik.,5,0
kejernihan lensa: bagus kualitas pengerjaan: rapi performa: bagus,5,0
sesuai pesanan bagus tapi sayang y 2 hari aku pakai eeeeh malah gk aktif/mati total tombol on off ya,3,0
sangat bagus. suara jernih,5,0
keren mantap dan puas,5,0
"nice barang sampai dengan aman,, packing nya sefty kualitas barang bagus gk rugi lh pokonya",5,0
pengiriman cepat..pengepakan barang rapi aman smpe tempat barangnya bagus puas bangttt belanja di sini,5,0
barang bagus sesuai gambar dan untuk suaranya mantul 👍🏻👍🏻👍🏻👍🏻👍🏻👍🏻,5,0
"spiker nya sangat mantap dan mulus banget, intinya keren mantap😍",5,0
bagus ga ngecewain puas banget suara joss,5,0
"mantap suaranya kak,gak sia sia aku pesen ditoko ini",5,0
kerenn banget bassnyaa,5,0
kejernihan lensa: bagus😍 kualitas pengerjaan: lancar dan rekomented performa: amat sangat bagus😍😍😍,5,0
paket ya cepet sampe kualitas bagus harga murah pokonya engk kecewa beli sepeker ini,5,0
"barang bagus ,tpi caro tukang kirim paket ny tdak bgus,klau yg ngirim barang ade dri j n t aku tdak mau lgi mesan barang ,,tolong cari yg beraklak dikit kryawan tu bpak...",5,0
"mantap, pwngiriman cepat ngk nyampe 2 hari. suara juga okeyy.",5,0
paket mendarat dengan selamat dan sya sudah cobak barang berpungsi dengan normal,5,0
barangnya bagus sih... udah itu aja🤭,4,0
barangnya sih oky minusnya di batre aj cepet habis dan paling”mines adalah di pengirimannya terterannya tgl berapa dikirimnya kapan,3,0
"good product, good service & good courier... recommended...!!!",5,0
barangnya sesuai harapan..bagus banget jirr... terima kasih banyak,5,0
bagus. tidak mengecewakan barang nya . paketan nya bagus pengiriman cepat juga,5,0
"terimakasih speker bluetooth sudah saya terima spekernya bagus, cuman sy pesan 13w yg dateng 10w.. ( boleh bandal bukan bohong)..!",5,0
"mantull👍👍mantap betull pokok nya, sesuai pesanan bagus dan awet baterai nya jossss lah pokoknya",5,0
kejernihan lensa: bening kualitas pengerjaan: cepat,5,0
kualitas pengerjaan: barang dah sampai dgn aman kualitas bagus trimakasih untuk toko dan kurirnya,5,0
mantap sekali suaranya 🥰,5,0
mantap suara nya nge basss...,5,0
barang sesuay kualitas bagus tidak mengecewakan bas lumayan,5,0
"sesuai pesanan dan warnanya,,udah dicoba berpungsi dengan baik mudah2an awet mkasih👍👍👍",5,0
kejernihan lensa: bagus kualitas pengerjaan: rapih,5,0
kualitas pengerjaan: bagus banget sesuai performa: bas nya angkat banget,5,0
barang nya bagus dan sesuai 😉. the best pokonya🤗,5,0
masyallah bagus sekali barangnya. kurirnya jugak ramah banget. gercep pokoknya. bakalan order lagi nih,5,0
sudah kedua kalinya saya pesen mantap tokonya gk sia sia mesen di sini barangnya pas sesuai dengan pesanan dan packingan nya bagus kali 🙏👍👍makasih kak/abang,5,0
kualitas pengerjaan: bagus kejernihan lensa: memuas kan,5,0
bagus sesuai cuma kurir yng pertama kurang suka pngrimn gagal terus ini baru sampe sma kurir yng ke 2,5,0
udh ditrima pketya suara bgus ngebass pokoknya bgus deh nanti order buat yg ke dua kli,5,0
barang sesuai sih tapi ada yang copot di dalam sound,3,0
pekingan bagus barang normal,5,0
"barang sesuai dengan pesanan, pengiriman cepat dan kurirnya ramah",5,0
tidak bisa nyala,1,0
barangnya bagus kurir ramah dan packing rapih,5,0
"kirain yang datang 13,6 w ternyata 10 w , padahal di gambar nya 13,6 wt.. barang nya bagus sii",4,0
terbaikk pengiriman cepat gk bikin kecewa,5,0
alhamdulillah barang nya udah nyampe pengemasan nyajuga rapih dan pengiriman nya juga cepet dan abangkurirnya juga ramah maksih tiktoksop,5,0
"sangat puas, barang sangat berkualitas, terimakasih...",5,0
"kualitas pengerjaan: sangan bagus banget , dengan harga segitu sih",5,0
bagus sangat puas pengiriman cepat barang aman,5,0
"barang sangat bagus ,anak saya sangat sangat senang makasih kak",5,0
mantap brang sesuai penasan..pengirimannya cpt ..terima kasih,5,0
bagus sesuai gambar cuma salah diwarna aja pesen putih yg dateng hitam🤔 blum dicoba masih dicas,4,0
kualitas baguss,5,0
barang mantap pengiriman cepat good joblah,5,0
barangnya bagus sesuai sma yg ad di videonya,5,0
barang sesuai bosque maaf gak da foto soalnya untuk didaerah,5,0
suaranya josjiss🤩,5,0
biarkan bintang yang berbicara👍👍,5,0
joosss bass nnya rumah tetanggga sampe robohh,5,0
mantap minn,5,0
alhamdulillah barang bagus dan sesuai dengan yg digambar,4,0
kadang error .. kadang lama mau hidup,4,0
salonnya bagus dan sesuai makasih seller tik tok,5,0
sayang nya kendor semua,5,0
"keren,packing rapi, aman , performa: luar biasa",5,0
"performa: mantap, bassnya merdu kali lah pokoknya",5,0
suara tidak seperti d vidio.suara asli jembret,2,0
terima kasih barang sudah sampai aman karena packing yang bagus..sesuai dengan ordernya,5,0
dari tampilan nya bagus cuma nggak bisa nyala jadi sia sia beli ga bisa buat dengerin musik. mau di retur juga udah terlanjur di unboxing. lain kali tolong di pastikan ba...,1,0
pakingnya.. mantap barang sesuai trima ksh kk,5,0
harga terjangkau suara bass oke,5,0
paketnya cepat nyampai cuma 3 hari ke makassar. pekinganya sangat aman wajib di contoh. dan terimakasih untuk kurirnya yg ramah dan sopan,5,0
suaranya pecah tombol off sma on nya juga rusak,1,0
"batrai gua cepat bnget abis dari 90persen cuma sejam mati lagi, nyesal gua katanya sekian² mah apaan,",1,0
speaker bagus dan keren semoga amanah selalu,5,0
barang sudah sampai trimakasih,3,0
kenapa spiker jadi bahasa inggris dan tidak ada suara ? kualitas pengerjaan: tidak ada suara,1,0
barang nya ok dan sesuai banget mantep poko nya,5,0
mantap jossssss suarane gede banget,5,0
kualitas pengerjaan: cepat keren kejernihan lensa: mantap,5,0
barang original dn bagus,5,0
performa: sangat bagus dan sangat ngebassss,5,0
bas sangat bagus sura oke pokonya mantul deh dan ga nyesel,4,0
"ngecas lama baterai cepat habis ,,masa 1jam dah habis ,,gimana gan ada pertanggung jawaban gak",1,0
barangx bagus udah sesuai phi batrai gak sesuai dengan postingan promosi katax sampek 8 jam penuh diputer 1 jam drobb wez batre lemah pengisian cepet penuh,2,0
bagus speakernya cocok seperti pesanan. suaranya bagus.,2,0
lumayan suara basnya masih kurang,5,0
barang datang sesuai gambar😍,5,0
barang sesuai pesanan makasih kk saya suka,5,0
"kemasan packing bagus, suara enak",5,0
masya allah bgssss sekali kak😍😍😍😍,5,0
terbaik🤩🤩,5,0
bagus suara nya besar bas nya kuat,5,0
alhamdulilah barang sudah di pasang bagus👍makasi bos,5,0
tidak hidup kayak gimna ini gabener harusnya di cek dulu sebelum di kirim ini mati kek mana,1,0
sangat mengecewakan brng tdk berfungsi tdk bisa di cas coba di betulan ternyata mesinnya mati baterai mati pertama beli barang bagus udh percaya bgt sma tokonya baru beli...,1,0
mantap kak bagus sesuai gak nyesel beli di toko ini murah berkualitas joss😁🙏,5,0
mantap sesuai di gambar +amanah lgi👍🏻👍🏻👍🏻👍🏻,5,0
"puas dengan barang nya,,, peking nya sangattt rapi dan aman mantull 👍👍👍👍❤️❤️❤️",5,0
"barang bagus sangatttt bagus sxli saya suka suarannya juga begitu nge basbasss apalgi dbwa buat ngecam pasti g akan nyesel, pokokknya 👍👍👍👍👍👍",4,0
maaf sepiker nya tidak bagus basnya gak ada bunyi cumak mik nya aja kami kecewa mahal nya ada barang nya gak bagus kami betul kecewa terimakasih,2,0
"kurang baguss bass nggak ada, datangnya lama",1,0
bass ok treble ok mantap dg harga segini 🔥,5,0
mantap suara nya,4,0
barang bagus toko amanah tidak mengecewakan konsumen 👍👍,4,0
"sukak,barang nya sm kayak yg di promosikan,",3,0
sangat berfungsi,5,0
sangat puas bagus dan suara bagus,5,0
buat dalem ruangan enak bet,5,0
walaupun kecil suaranyaaa jernih baguss,5,0
alhamdulillah barang'nya udang datang puas banget sesuai dengan pesanan.. kurir'nya pun ramah..,5,0
kejernihan lensa: ok suara halus,5,0
bagus banget the best suara nya poll,4,0
bunyi nya gak jernih...gk bisa full volume,1,0
kualitas bas nya sangat bagus,5,0
"bentuknya kerenn, sesuai dengan pesanan🔥",4,0
gue kecewa..memorynya rusak..prduk gagal..,1,0
suaranya mantap performa: bagus,5,0
barang baguss aq gx rugi. suara jernih,5,0
bagus suaranya sesuai dengan angan2..,5,0
terima kasih barang nya sudah sampai bagus bos,5,0
"mantap , sesuai pict dan tidak mengecewakan",5,0
barang dah nyampe se suwe pesanan makasih buat kurir nya,5,0
"enak bgt suaranya, tapi kalau full volume suaranya jadi mulai pecah².ada sedikit baret di belakang, tapi gpp lah yg penting suaranya mantap.",5,3
"overall suaranya mantep sih, bass nya cukup bulat di kuping. cuman kalau udah volume mau full agak pecah. didukung twitter speaker yang clean juga bisa dapetin detail. ma...",5,0
harusnya sy kasih bintang 5 karena barang yg dikirim ada cacat di 2 tempat jadi sy gak kasih bintangnya full (boleh dilihat di notes yg sy kasih di invoice bahwa sy minta...,3,0
"sesuai harga, kayunya bagus, suara oke, pengiriman cepat",5,3
"packing aman, fungsi baik, suara juga enak",5,1
"barang dikemas dengan packing yang tebal. meski boks sedikit penyok karena pengiriman, produk diterima tanpa cacat. untuk kualitas suara yang dihasilkan baik, dapat lan...",5,0
"baru beli besoknya discount 🫠, gpp deh yg penting barang datang ok, meskipun agak rough di bagian pinggirannya macam baret2 kasar tajam tapi ga terlalu banyak untungnya....",5,4
suaranya lumayan buat nemanin kerja... 👍👍,5,1
"forte stereo wooden desktop soundbar speaker by press play bagaimana kualitas produk ini secara keseluruhan? rating 1, sangat buruk rating 2, buruk rating 3, cukup rat...",5,3
"suaranya okelah untuk ukuran kecil segini, perlu di setting ulang sama volume di device inputnya",5,0
"suara busuk,driver speaker bengkok jadi box ga rapet suara amburadul harus diakalin biar bener kualitas driver speaker juga murahan bgt pure jual tampilan",1,1
untuk kelas harganya suaranya standar si ya... namun secara penampakan estetiknya ini oke banget,4,5
"barang sampai, suara bagus, & berfungsi dengan baik",5,0
"pengiriman cepat, kualitas oke, cuma mungkin itu di gambar ada sedikit sobek ya pas di cek, tapi ga ngaruh ke kualitas suaranya. jadi worth lah buat harga segini, ditamba...",4,1
lens clarity: suaranya enak bass nya juga enak,5,0
"nice, versi terbaru kabel sudah pindah ke belakang",5,2
"build quality lumayan, sound bagus untuk harganya",5,1
"bagus sih walaupun suara gak sebagus speaker 200k lain, ok lah ini simple kelebihanya",5,0
"kualitas. oke, gak punya banyak ekspektasi buat 10w speaker. sayangnya usb nya built-in, jadi kalo usb rusak, unit harus diganti. gak rekom kalo serius pengen dengerin mu...",5,1
"speaker works just fine, i love the sounds quality. it’s small but mighty",5,0
"pengiriman cepat, sayang packing seadanya dan kurang aman dengan dus yg kurang tebal dan penyok2, untung barangnya aman.... suara sih okok aja, tidak spesial, yg menarik...",5,0
"ga ngeh sekecil ini sih tp suaranya cukup kencang dan buildnya solid, speaker yg lebih besar aja kadang gak seberat ini, nice",5,0
"klaim pabrik frekuensi bawah adalah mulai dari 100hz, tapi ternyata realitanya woofer sudah respon mulai dari 60hz, buat di harganya sudah sangat oke 💯💯",5,5
"kualitas pengerjaan: seperti ga lolos qc pas, karena di bagian volume ada tambalan. dari jauh memang ga keliatan tapi dari deket mengganggu mata. tolong perhatikan lagi y...",3,0
"dengan harga dan kualitasnya sangat mantap, apalagi estetikanya dapet banget",5,0
"cukup jelas untuk kualitas speaker 200ribuan, saya puas",5,0
"untuk harga segini mantablah soundnya, ga nyesel beli disini",5,0
"puas dengan produk, pelayanan, pengiriman, dan pengemasannya. very well done 👍🏼",5,0
sesuai. pengiriman cepat. barang bagus!,5,0
"phenex senar pancingku, pressplay speakerku",5,3
mantap pokoknya. rekomended seller,5,0
"model keren, ukuran compact, plug n play.suara lumayan (sesuai harga). kalo volume diperbesar mendekati maksimal agak menurun kualitasnya. cocok untuk daily: nonton youtu...",4,0
"suaranya kurang bass, bukan untuk dengerin lagu tapi lebih ke dengerin podcast. tapi overall buat aesthetic dan suaranya udah oke banget dengan harga segini. overall puas...",5,0
suara nya bagus.. bass nya keren banget.. untuk speaker dengan harga segini ini sangat bagus..,5,0
"kualitas barang oke, cuma ada yang kebentur dikit jadi agak penyok dikit. kalo kualitas suara sih 4/5 ya, untuk klasik sih okee, pop baguss, tapi untuk yang banyak bass n...",5,0
"versi terbaru knob volume nya di depan, kabel nya dibelakang, mantap design pas banget sama setup gw yg warna kayu. suara yaa cukup lah buat nonton youtube sama main game...",5,0
design barang bagus suara bagus tapi punya saya mati² kayak nya karena kabel nya sensitif,4,0
"barang bagus, berfungsi baik kualitas sesuai harga",5,0
"untuk suara, dengan budget segini udah bagus, suaranya deep, bassnya juga lumayan, cuma kalo udah di volume 75-80% keatas, suaranya udah pecah, tapi bukan masalah besar m...",5,0
sound ok sesuai dengan harganya. tidak terlalu bass.,5,0
"kualitas speaker tidak sesuai harganya, suaranya mendem",3,1
"sering putus nyambung, ""pc mode"" nau komplain males bolak balikinnya",5,0
"ok untuk harganya looks nya bagus cocok jd pajangan, tp kalau untuk speaker high end belum ya",5,0
"barang sudah sampai, dan belum di cek fungsi, kemungkinan aman karena sudah ada solasi segel yg menyatakan bahwa sudah di test",5,0
"suara kurang ok, volume relatif kecil saja suara sudah agak distorted.",3,0
pas sampe ujung nya patah yang warna hitam tapi masih working,3,0
lens clarity: good quality of work: good performance: good,5,0
suara mantep,5,1
performa: sering konektivitas terputus.,3,0
nambah estetik meja aing,5,1
suara sesuai deskripsi,5,0
suaranya sesuai ekspetasi,5,1
kecewa 🙏🏻🙏🏻🙏🏻🙏🏻🙏🏻🙏🏻🙏🏻🙏🏻🙏🏻🙏🏻🙏🏻🙏🏻🙏🏻🙏🏻🙏🏻🙏🏻🙏🏻🙏🏻🙏🏻🙏🏻🙏🏻🙏🏻🙏🏻,1,1
lens clarity: greate,5,0
🫡🫡🫡🫡🫡,5,1
"mantap gan, perfect.",5,0
ok banget,5,0
lens clarity: good,5,0
sesuai harga👌🏻,5,0
nicee,5,0
"sesuai harga, dan cocok untuk setup minimalis",5,0
...........,5,0
